relative_path,area,extension,size_bytes
quality_check/decision_mock-24591-46c1eb90-dec-000000_request.txt,quality_check,.txt,4899
quality_check/decision_mock-24591-46c1eb90-dec-000000_response.txt,quality_check,.txt,3445
quality_check/decision_mock-24591-46c1eb90-dec-000001_request.txt,quality_check,.txt,6469
quality_check/decision_mock-24591-46c1eb90-dec-000001_response.txt,quality_check,.txt,3330
quality_check/decision_mock-24591-46c1eb90-dec-000002_request.txt,quality_check,.txt,6113
quality_check/decision_mock-24591-46c1eb90-dec-000002_response.txt,quality_check,.txt,6022
quality_check/decision_mock-24591-46c1eb90-dec-000003_request.txt,quality_check,.txt,5448
quality_check/decision_mock-24591-46c1eb90-dec-000003_response.txt,quality_check,.txt,3288
quality_check/decision_mock-24591-46c1eb90-dec-000004_request.txt,quality_check,.txt,7192
quality_check/decision_mock-24591-46c1eb90-dec-000004_response.txt,quality_check,.txt,3198
quality_check/decision_mock-24591-46c1eb90-dec-000005_request.txt,quality_check,.txt,6708
quality_check/decision_mock-24591-46c1eb90-dec-000005_response.txt,quality_check,.txt,3600
quality_check/decision_mock-24591-46c1eb90-dec-000006_request.txt,quality_check,.txt,6288
quality_check/decision_mock-24591-46c1eb90-dec-000006_response.txt,quality_check,.txt,3571
quality_check/decision_mock-24591-46c1eb90-dec-000007_request.txt,quality_check,.txt,7935
quality_check/decision_mock-24591-46c1eb90-dec-000007_response.txt,quality_check,.txt,3808
quality_check/decision_mock-24591-46c1eb90-dec-000008_request.txt,quality_check,.txt,6684
quality_check/decision_mock-24591-46c1eb90-dec-000008_response.txt,quality_check,.txt,21633
quality_check/decision_mock-24591-46c1eb90-dec-000009_request.txt,quality_check,.txt,8445
quality_check/decision_mock-24591-46c1eb90-dec-000009_response.txt,quality_check,.txt,9244
quality_check/decision_mock-24591-46c1eb90-dec-000010_request.txt,quality_check,.txt,8767
quality_check/decision_mock-24591-46c1eb90-dec-000010_response.txt,quality_check,.txt,3940
quality_check/decision_mock-24591-46c1eb90-dec-000011_request.txt,quality_check,.txt,7397
quality_check/decision_mock-24591-46c1eb90-dec-000011_response.txt,quality_check,.txt,5598
quality_check/decision_mock-24591-46c1eb90-dec-000012_request.txt,quality_check,.txt,8107
quality_check/decision_mock-24591-46c1eb90-dec-000012_response.txt,quality_check,.txt,8339
quality_check/decision_mock-24591-46c1eb90-dec-000013_request.txt,quality_check,.txt,8583
quality_check/decision_mock-24591-46c1eb90-dec-000013_response.txt,quality_check,.txt,11225
quality_check/decision_mock-24591-46c1eb90-dec-000014_request.txt,quality_check,.txt,8841
quality_check/decision_mock-24591-46c1eb90-dec-000014_response.txt,quality_check,.txt,3503
quality_check/decision_mock-24591-46c1eb90-dec-000015_request.txt,quality_check,.txt,8790
quality_check/decision_mock-24591-46c1eb90-dec-000015_response.txt,quality_check,.txt,4650
quality_check/decision_mock-24591-46c1eb90-dec-000016_request.txt,quality_check,.txt,9429
quality_check/decision_mock-24591-46c1eb90-dec-000016_response.txt,quality_check,.txt,6471
quality_check/decision_mock-24591-46c1eb90-dec-000017_request.txt,quality_check,.txt,9892
quality_check/decision_mock-24591-46c1eb90-dec-000017_response.txt,quality_check,.txt,3366
quality_check/decision_mock-24591-46c1eb90-dec-000018_request.txt,quality_check,.txt,10155
quality_check/decision_mock-24591-46c1eb90-dec-000018_response.txt,quality_check,.txt,4589
quality_check/decision_mock-24591-46c1eb90-dec-000019_request.txt,quality_check,.txt,10693
quality_check/decision_mock-24591-46c1eb90-dec-000019_response.txt,quality_check,.txt,3649
quality_check/decision_mock-24591-46c1eb90-dec-000020_request.txt,quality_check,.txt,10685
quality_check/decision_mock-24591-46c1eb90-dec-000020_response.txt,quality_check,.txt,3133
quality_check/decision_mock-24591-46c1eb90-dec-000021_request.txt,quality_check,.txt,10294
quality_check/decision_mock-24591-46c1eb90-dec-000021_response.txt,quality_check,.txt,3458
quality_check/decision_mock-24591-46c1eb90-dec-000022_request.txt,quality_check,.txt,10173
quality_check/decision_mock-24591-46c1eb90-dec-000022_response.txt,quality_check,.txt,3572
quality_check/decision_mock-24591-46c1eb90-dec-000023_request.txt,quality_check,.txt,11694
quality_check/decision_mock-24591-46c1eb90-dec-000023_response.txt,quality_check,.txt,6420
quality_check/decision_mock-24591-46c1eb90-dec-000024_request.txt,quality_check,.txt,10068
quality_check/decision_mock-24591-46c1eb90-dec-000024_response.txt,quality_check,.txt,12656
quality_check/decision_mock-24591-46c1eb90-dec-000025_request.txt,quality_check,.txt,11798
quality_check/decision_mock-24591-46c1eb90-dec-000025_response.txt,quality_check,.txt,13312
quality_check/decision_mock-24591-46c1eb90-dec-000026_request.txt,quality_check,.txt,10601
quality_check/decision_mock-24591-46c1eb90-dec-000026_response.txt,quality_check,.txt,3399
quality_check/decision_mock-24591-46c1eb90-dec-000027_request.txt,quality_check,.txt,12234
quality_check/decision_mock-24591-46c1eb90-dec-000027_response.txt,quality_check,.txt,4004
quality_check/decision_mock-24591-46c1eb90-dec-000028_request.txt,quality_check,.txt,10890
quality_check/decision_mock-24591-46c1eb90-dec-000028_response.txt,quality_check,.txt,4921
quality_check/decision_mock-24591-46c1eb90-dec-000029_request.txt,quality_check,.txt,10877
quality_check/decision_mock-24591-46c1eb90-dec-000029_response.txt,quality_check,.txt,4640
quality_check/decision_mock-24591-46c1eb90-dec-000030_request.txt,quality_check,.txt,12250
quality_check/decision_mock-24591-46c1eb90-dec-000030_response.txt,quality_check,.txt,3927
quality_check/decision_mock-24591-46c1eb90-dec-000031_request.txt,quality_check,.txt,11066
quality_check/decision_mock-24591-46c1eb90-dec-000031_response.txt,quality_check,.txt,12600
quality_check/decision_mock-24591-46c1eb90-dec-000032_request.txt,quality_check,.txt,11430
quality_check/decision_mock-24591-46c1eb90-dec-000032_response.txt,quality_check,.txt,3767
quality_check/decision_mock-24591-46c1eb90-dec-000033_request.txt,quality_check,.txt,10375
quality_check/decision_mock-24591-46c1eb90-dec-000033_response.txt,quality_check,.txt,5061
quality_check/decision_mock-24591-46c1eb90-dec-000034_request.txt,quality_check,.txt,11323
quality_check/decision_mock-24591-46c1eb90-dec-000034_response.txt,quality_check,.txt,5760
quality_check/decision_mock-24591-46c1eb90-dec-000035_request.txt,quality_check,.txt,11770
quality_check/decision_mock-24591-46c1eb90-dec-000035_response.txt,quality_check,.txt,11725
quality_check/decision_mock-24591-46c1eb90-dec-000036_request.txt,quality_check,.txt,12113
quality_check/decision_mock-24591-46c1eb90-dec-000036_response.txt,quality_check,.txt,2957
quality_check/decision_mock-24591-46c1eb90-dec-000037_request.txt,quality_check,.txt,11790
quality_check/decision_mock-24591-46c1eb90-dec-000037_response.txt,quality_check,.txt,7010
quality_check/decision_mock-24591-46c1eb90-dec-000038_request.txt,quality_check,.txt,12630
quality_check/decision_mock-24591-46c1eb90-dec-000038_response.txt,quality_check,.txt,3481
quality_check/decision_mock-24591-46c1eb90-dec-000039_request.txt,quality_check,.txt,12156
quality_check/decision_mock-24591-46c1eb90-dec-000039_response.txt,quality_check,.txt,8259
quality_check/decision_mock-24591-46c1eb90-dec-000040_request.txt,quality_check,.txt,13278
quality_check/decision_mock-24591-46c1eb90-dec-000040_response.txt,quality_check,.txt,11563
quality_check/decision_mock-24591-46c1eb90-dec-000041_request.txt,quality_check,.txt,13404
quality_check/decision_mock-24591-46c1eb90-dec-000041_response.txt,quality_check,.txt,6331
quality_check/decision_mock-24591-46c1eb90-dec-000042_request.txt,quality_check,.txt,10817
quality_check/decision_mock-24591-46c1eb90-dec-000042_response.txt,quality_check,.txt,5172
quality_check/decision_mock-24591-46c1eb90-dec-000043_request.txt,quality_check,.txt,12340
quality_check/decision_mock-24591-46c1eb90-dec-000043_response.txt,quality_check,.txt,4647
quality_check/decision_mock-24591-46c1eb90-dec-000044_request.txt,quality_check,.txt,11603
quality_check/decision_mock-24591-46c1eb90-dec-000044_response.txt,quality_check,.txt,3730
quality_check/decision_mock-24591-46c1eb90-dec-000045_request.txt,quality_check,.txt,12961
quality_check/decision_mock-24591-46c1eb90-dec-000045_response.txt,quality_check,.txt,20831
quality_check/decision_mock-24591-46c1eb90-dec-000046_request.txt,quality_check,.txt,12432
quality_check/decision_mock-24591-46c1eb90-dec-000046_response.txt,quality_check,.txt,7417
quality_check/decision_mock-24591-46c1eb90-dec-000047_request.txt,quality_check,.txt,13161
quality_check/decision_mock-24591-46c1eb90-dec-000047_response.txt,quality_check,.txt,11836
quality_check/decision_mock-24591-46c1eb90-dec-000048_request.txt,quality_check,.txt,12862
quality_check/decision_mock-24591-46c1eb90-dec-000048_response.txt,quality_check,.txt,6355
quality_check/decision_mock-24591-46c1eb90-dec-000049_request.txt,quality_check,.txt,13318
quality_check/decision_mock-24591-46c1eb90-dec-000049_response.txt,quality_check,.txt,8641
quality_check/decision_mock-24591-46c1eb90-dec-000050_request.txt,quality_check,.txt,11937
quality_check/decision_mock-24591-46c1eb90-dec-000050_response.txt,quality_check,.txt,12098
quality_check/decision_mock-24591-46c1eb90-dec-000051_request.txt,quality_check,.txt,13273
quality_check/decision_mock-24591-46c1eb90-dec-000051_response.txt,quality_check,.txt,12195
quality_check/decision_mock-24591-46c1eb90-dec-000052_request.txt,quality_check,.txt,13722
quality_check/decision_mock-24591-46c1eb90-dec-000052_response.txt,quality_check,.txt,4703
quality_check/decision_mock-24591-46c1eb90-dec-000053_request.txt,quality_check,.txt,13661
quality_check/decision_mock-24591-46c1eb90-dec-000053_response.txt,quality_check,.txt,12724
quality_check/decision_mock-24591-46c1eb90-dec-000054_request.txt,quality_check,.txt,12484
quality_check/decision_mock-24591-46c1eb90-dec-000054_response.txt,quality_check,.txt,3570
quality_check/decision_mock-24591-46c1eb90-dec-000055_request.txt,quality_check,.txt,13835
quality_check/decision_mock-24591-46c1eb90-dec-000055_response.txt,quality_check,.txt,11845
quality_check/decision_mock-24591-46c1eb90-dec-000056_request.txt,quality_check,.txt,13233
quality_check/decision_mock-24591-46c1eb90-dec-000056_response.txt,quality_check,.txt,4658
quality_check/decision_mock-24591-46c1eb90-dec-000057_request.txt,quality_check,.txt,14427
quality_check/decision_mock-24591-46c1eb90-dec-000057_response.txt,quality_check,.txt,6007
quality_check/decision_mock-24591-46c1eb90-dec-000058_request.txt,quality_check,.txt,13567
quality_check/decision_mock-24591-46c1eb90-dec-000058_response.txt,quality_check,.txt,5034
quality_check/decision_mock-24591-46c1eb90-dec-000059_request.txt,quality_check,.txt,12243
quality_check/decision_mock-24591-46c1eb90-dec-000059_response.txt,quality_check,.txt,3855
quality_check/decision_mock-24591-46c1eb90-dec-000060_request.txt,quality_check,.txt,13853
quality_check/decision_mock-24591-46c1eb90-dec-000060_response.txt,quality_check,.txt,14735
quality_check/decision_mock-24591-46c1eb90-dec-000061_request.txt,quality_check,.txt,13521
quality_check/decision_mock-24591-46c1eb90-dec-000061_response.txt,quality_check,.txt,5050
quality_check/decision_mock-24591-46c1eb90-dec-000062_request.txt,quality_check,.txt,14163
quality_check/decision_mock-24591-46c1eb90-dec-000062_response.txt,quality_check,.txt,9935
quality_check/decision_mock-24591-46c1eb90-dec-000063_request.txt,quality_check,.txt,14491
quality_check/decision_mock-24591-46c1eb90-dec-000063_response.txt,quality_check,.txt,17740
quality_check/decision_mock-24591-46c1eb90-dec-000064_request.txt,quality_check,.txt,13090
quality_check/decision_mock-24591-46c1eb90-dec-000064_response.txt,quality_check,.txt,4522
quality_check/decision_mock-24591-46c1eb90-dec-000065_request.txt,quality_check,.txt,14614
quality_check/decision_mock-24591-46c1eb90-dec-000065_response.txt,quality_check,.txt,6547
quality_check/decision_mock-24591-46c1eb90-dec-000066_request.txt,quality_check,.txt,12563
quality_check/decision_mock-24591-46c1eb90-dec-000066_response.txt,quality_check,.txt,4736
quality_check/decision_mock-24591-46c1eb90-dec-000067_request.txt,quality_check,.txt,14065
quality_check/decision_mock-24591-46c1eb90-dec-000067_response.txt,quality_check,.txt,4250
quality_check/decision_mock-24591-46c1eb90-dec-000068_request.txt,quality_check,.txt,14224
quality_check/decision_mock-24591-46c1eb90-dec-000068_response.txt,quality_check,.txt,5836
quality_check/decision_mock-24591-46c1eb90-dec-000069_request.txt,quality_check,.txt,14080
quality_check/decision_mock-24591-46c1eb90-dec-000069_response.txt,quality_check,.txt,4952
quality_check/decision_mock-24591-46c1eb90-dec-000070_request.txt,quality_check,.txt,13594
quality_check/decision_mock-24591-46c1eb90-dec-000070_response.txt,quality_check,.txt,7236
quality_check/decision_mock-24591-46c1eb90-dec-000071_request.txt,quality_check,.txt,13709
quality_check/decision_mock-24591-46c1eb90-dec-000071_response.txt,quality_check,.txt,11179
quality_check/decision_mock-24591-46c1eb90-dec-000072_request.txt,quality_check,.txt,13346
quality_check/decision_mock-24591-46c1eb90-dec-000072_response.txt,quality_check,.txt,5345
quality_check/decision_mock-24591-46c1eb90-dec-000073_request.txt,quality_check,.txt,14577
quality_check/decision_mock-24591-46c1eb90-dec-000073_response.txt,quality_check,.txt,10922
quality_check/decision_mock-24591-46c1eb90-dec-000074_request.txt,quality_check,.txt,14155
quality_check/decision_mock-24591-46c1eb90-dec-000074_response.txt,quality_check,.txt,11388
quality_check/decision_mock-24591-46c1eb90-dec-000075_request.txt,quality_check,.txt,13005
quality_check/decision_mock-24591-46c1eb90-dec-000075_response.txt,quality_check,.txt,6674
quality_check/decision_mock-24591-46c1eb90-dec-000076_request.txt,quality_check,.txt,14507
quality_check/decision_mock-24591-46c1eb90-dec-000076_response.txt,quality_check,.txt,10576
quality_check/decision_mock-24591-46c1eb90-dec-000077_request.txt,quality_check,.txt,12989
quality_check/decision_mock-24591-46c1eb90-dec-000077_response.txt,quality_check,.txt,3711
quality_check/decision_mock-24591-46c1eb90-dec-000078_request.txt,quality_check,.txt,14324
quality_check/decision_mock-24591-46c1eb90-dec-000078_response.txt,quality_check,.txt,5357
quality_check/decision_mock-24591-46c1eb90-dec-000079_request.txt,quality_check,.txt,13546
quality_check/decision_mock-24591-46c1eb90-dec-000079_response.txt,quality_check,.txt,13942
quality_check/decision_mock-24591-46c1eb90-dec-000080_request.txt,quality_check,.txt,13560
quality_check/decision_mock-24591-46c1eb90-dec-000080_response.txt,quality_check,.txt,2673
quality_check/decision_mock-24591-46c1eb90-dec-000081_request.txt,quality_check,.txt,13555
quality_check/decision_mock-24591-46c1eb90-dec-000081_response.txt,quality_check,.txt,23435
quality_check/decision_mock-24591-46c1eb90-dec-000082_request.txt,quality_check,.txt,14857
quality_check/decision_mock-24591-46c1eb90-dec-000082_response.txt,quality_check,.txt,44974
quality_check/decision_mock-24591-46c1eb90-dec-000083_request.txt,quality_check,.txt,13421
quality_check/decision_mock-24591-46c1eb90-dec-000083_response.txt,quality_check,.txt,9104
quality_check/decision_mock-24591-46c1eb90-dec-000083_retry1_request.txt,quality_check,.txt,13602
quality_check/decision_mock-24591-46c1eb90-dec-000083_retry1_response.txt,quality_check,.txt,13413
quality_check/decision_mock-24591-46c1eb90-dec-000084_request.txt,quality_check,.txt,15342
quality_check/decision_mock-24591-46c1eb90-dec-000084_response.txt,quality_check,.txt,11006
quality_check/decision_mock-24591-46c1eb90-dec-000085_request.txt,quality_check,.txt,15769
quality_check/decision_mock-24591-46c1eb90-dec-000085_response.txt,quality_check,.txt,14095
quality_check/decision_mock-24591-46c1eb90-dec-000086_request.txt,quality_check,.txt,13907
quality_check/decision_mock-24591-46c1eb90-dec-000086_response.txt,quality_check,.txt,11567
quality_check/decision_mock-24591-46c1eb90-dec-000087_request.txt,quality_check,.txt,15484
quality_check/decision_mock-24591-46c1eb90-dec-000087_response.txt,quality_check,.txt,13162
quality_check/decision_mock-24591-46c1eb90-dec-000088_request.txt,quality_check,.txt,14133
quality_check/decision_mock-24591-46c1eb90-dec-000088_response.txt,quality_check,.txt,9194
quality_check/decision_mock-24591-46c1eb90-dec-000089_request.txt,quality_check,.txt,15993
quality_check/decision_mock-24591-46c1eb90-dec-000089_response.txt,quality_check,.txt,9940
quality_check/decision_mock-24591-46c1eb90-dec-000090_request.txt,quality_check,.txt,15442
quality_check/decision_mock-24591-46c1eb90-dec-000090_response.txt,quality_check,.txt,4801
quality_check/decision_mock-24591-46c1eb90-dec-000091_request.txt,quality_check,.txt,14250
quality_check/decision_mock-24591-46c1eb90-dec-000091_response.txt,quality_check,.txt,8442
quality_check/decision_mock-24591-46c1eb90-dec-000092_request.txt,quality_check,.txt,16048
quality_check/decision_mock-24591-46c1eb90-dec-000092_response.txt,quality_check,.txt,13726
quality_check/decision_mock-24591-46c1eb90-dec-000093_request.txt,quality_check,.txt,15606
quality_check/decision_mock-24591-46c1eb90-dec-000093_response.txt,quality_check,.txt,13719
quality_check/decision_mock-24591-46c1eb90-dec-000094_request.txt,quality_check,.txt,14062
quality_check/decision_mock-24591-46c1eb90-dec-000094_response.txt,quality_check,.txt,6158
quality_check/decision_mock-24591-46c1eb90-dec-000095_request.txt,quality_check,.txt,16235
quality_check/decision_mock-24591-46c1eb90-dec-000095_response.txt,quality_check,.txt,13658
quality_check/decision_mock-24591-46c1eb90-dec-000096_request.txt,quality_check,.txt,15367
quality_check/decision_mock-24591-46c1eb90-dec-000096_response.txt,quality_check,.txt,6670
quality_check/decision_mock-24591-46c1eb90-dec-000097_request.txt,quality_check,.txt,16363
quality_check/decision_mock-24591-46c1eb90-dec-000097_response.txt,quality_check,.txt,12405
quality_check/decision_mock-24591-46c1eb90-dec-000098_request.txt,quality_check,.txt,14790
quality_check/decision_mock-24591-46c1eb90-dec-000098_response.txt,quality_check,.txt,7383
quality_check/decision_mock-24591-46c1eb90-dec-000099_request.txt,quality_check,.txt,16699
quality_check/decision_mock-24591-46c1eb90-dec-000099_response.txt,quality_check,.txt,15005
quality_check/decision_mock-24591-46c1eb90-dec-000100_request.txt,quality_check,.txt,16054
quality_check/decision_mock-24591-46c1eb90-dec-000100_response.txt,quality_check,.txt,4597
quality_check/decision_mock-24591-46c1eb90-dec-000101_request.txt,quality_check,.txt,16910
quality_check/decision_mock-24591-46c1eb90-dec-000101_response.txt,quality_check,.txt,18040
quality_check/decision_mock-24591-46c1eb90-dec-000102_request.txt,quality_check,.txt,16340
quality_check/decision_mock-24591-46c1eb90-dec-000102_response.txt,quality_check,.txt,5590
quality_check/decision_mock-24591-46c1eb90-dec-000103_request.txt,quality_check,.txt,14540
quality_check/decision_mock-24591-46c1eb90-dec-000103_response.txt,quality_check,.txt,33363
quality_check/decision_mock-24591-46c1eb90-dec-000104_request.txt,quality_check,.txt,16143
quality_check/decision_mock-24591-46c1eb90-dec-000104_response.txt,quality_check,.txt,11876
quality_check/decision_mock-24591-46c1eb90-dec-000105_request.txt,quality_check,.txt,15146
quality_check/decision_mock-24591-46c1eb90-dec-000105_response.txt,quality_check,.txt,8890
quality_check/decision_mock-24591-46c1eb90-dec-000106_request.txt,quality_check,.txt,17209
quality_check/decision_mock-24591-46c1eb90-dec-000106_response.txt,quality_check,.txt,14403
quality_check/decision_mock-24591-46c1eb90-dec-000107_request.txt,quality_check,.txt,15592
quality_check/decision_mock-24591-46c1eb90-dec-000107_response.txt,quality_check,.txt,19866
quality_check/decision_mock-24591-46c1eb90-dec-000108_request.txt,quality_check,.txt,17561
quality_check/decision_mock-24591-46c1eb90-dec-000108_response.txt,quality_check,.txt,16107
quality_check/decision_mock-24591-46c1eb90-dec-000109_request.txt,quality_check,.txt,17450
quality_check/decision_mock-24591-46c1eb90-dec-000109_response.txt,quality_check,.txt,13989
quality_check/decision_mock-24591-46c1eb90-dec-000110_request.txt,quality_check,.txt,15492
quality_check/decision_mock-24591-46c1eb90-dec-000110_response.txt,quality_check,.txt,10152
quality_check/decision_mock-24591-46c1eb90-dec-000111_request.txt,quality_check,.txt,17507
quality_check/decision_mock-24591-46c1eb90-dec-000111_response.txt,quality_check,.txt,14456
quality_check/decision_mock-24591-46c1eb90-dec-000112_request.txt,quality_check,.txt,16212
quality_check/decision_mock-24591-46c1eb90-dec-000112_response.txt,quality_check,.txt,26917
quality_check/decision_mock-24591-46c1eb90-dec-000113_request.txt,quality_check,.txt,18068
quality_check/decision_mock-24591-46c1eb90-dec-000113_response.txt,quality_check,.txt,11652
quality_check/decision_mock-24591-46c1eb90-dec-000114_request.txt,quality_check,.txt,16748
quality_check/decision_mock-24591-46c1eb90-dec-000114_response.txt,quality_check,.txt,26818
quality_check/decision_mock-24591-46c1eb90-dec-000115_request.txt,quality_check,.txt,17732
quality_check/decision_mock-24591-46c1eb90-dec-000115_response.txt,quality_check,.txt,22402
quality_check/decision_mock-24591-46c1eb90-dec-000116_request.txt,quality_check,.txt,17520
quality_check/decision_mock-24591-46c1eb90-dec-000116_response.txt,quality_check,.txt,12060
quality_check/decision_mock-24591-46c1eb90-dec-000117_request.txt,quality_check,.txt,17867
quality_check/decision_mock-24591-46c1eb90-dec-000117_response.txt,quality_check,.txt,9493
quality_check/decision_mock-24591-46c1eb90-dec-000118_request.txt,quality_check,.txt,17016
quality_check/decision_mock-24591-46c1eb90-dec-000118_response.txt,quality_check,.txt,5494
quality_check/decision_mock-24591-46c1eb90-dec-000119_request.txt,quality_check,.txt,18117
quality_check/decision_mock-24591-46c1eb90-dec-000119_response.txt,quality_check,.txt,13886
quality_check/decision_mock-24591-46c1eb90-dec-000120_request.txt,quality_check,.txt,18501
quality_check/decision_mock-24591-46c1eb90-dec-000120_response.txt,quality_check,.txt,14159
quality_check/decision_mock-24591-46c1eb90-dec-000121_request.txt,quality_check,.txt,18599
quality_check/decision_mock-24591-46c1eb90-dec-000121_response.txt,quality_check,.txt,8428
quality_check/decision_mock-24591-46c1eb90-dec-000122_request.txt,quality_check,.txt,17943
quality_check/decision_mock-24591-46c1eb90-dec-000122_response.txt,quality_check,.txt,3484
quality_check/decision_mock-24591-46c1eb90-dec-000123_request.txt,quality_check,.txt,18875
quality_check/decision_mock-24591-46c1eb90-dec-000123_response.txt,quality_check,.txt,10901
quality_check/decision_mock-24591-46c1eb90-dec-000124_request.txt,quality_check,.txt,17669
quality_check/decision_mock-24591-46c1eb90-dec-000124_response.txt,quality_check,.txt,3585
quality_check/decision_mock-24591-46c1eb90-dec-000125_request.txt,quality_check,.txt,19336
quality_check/decision_mock-24591-46c1eb90-dec-000125_response.txt,quality_check,.txt,16817
quality_check/decision_mock-24591-46c1eb90-dec-000126_request.txt,quality_check,.txt,19276
quality_check/decision_mock-24591-46c1eb90-dec-000126_response.txt,quality_check,.txt,24528
quality_check/decision_mock-24591-46c1eb90-dec-000127_request.txt,quality_check,.txt,17748
quality_check/decision_mock-24591-46c1eb90-dec-000127_response.txt,quality_check,.txt,7064
quality_check/decision_mock-24591-46c1eb90-dec-000128_request.txt,quality_check,.txt,15253
quality_check/decision_mock-24591-46c1eb90-dec-000128_response.txt,quality_check,.txt,11124
quality_check/decision_mock-24591-46c1eb90-dec-000129_request.txt,quality_check,.txt,16603
quality_check/decision_mock-24591-46c1eb90-dec-000129_response.txt,quality_check,.txt,7701
quality_check/decision_mock-24591-46c1eb90-dec-000130_request.txt,quality_check,.txt,17650
quality_check/decision_mock-24591-46c1eb90-dec-000130_response.txt,quality_check,.txt,13223
quality_check/decision_mock-24591-46c1eb90-dec-000131_request.txt,quality_check,.txt,17716
quality_check/decision_mock-24591-46c1eb90-dec-000131_response.txt,quality_check,.txt,15541
quality_check/decision_mock-24591-46c1eb90-dec-000132_request.txt,quality_check,.txt,15657
quality_check/decision_mock-24591-46c1eb90-dec-000132_response.txt,quality_check,.txt,3838
quality_check/decision_mock-24591-46c1eb90-dec-000133_request.txt,quality_check,.txt,13471
quality_check/decision_mock-24591-46c1eb90-dec-000133_response.txt,quality_check,.txt,3997
quality_check/decision_mock-24591-46c1eb90-dec-000134_request.txt,quality_check,.txt,14847
quality_check/decision_mock-24591-46c1eb90-dec-000134_response.txt,quality_check,.txt,12705
quality_check/decision_mock-24591-46c1eb90-dec-000135_request.txt,quality_check,.txt,16463
quality_check/decision_mock-24591-46c1eb90-dec-000135_response.txt,quality_check,.txt,15048
quality_check/decision_mock-24591-46c1eb90-dec-000136_request.txt,quality_check,.txt,16399
quality_check/decision_mock-24591-46c1eb90-dec-000136_response.txt,quality_check,.txt,10971
quality_check/decision_mock-24591-46c1eb90-dec-000137_request.txt,quality_check,.txt,15983
quality_check/decision_mock-24591-46c1eb90-dec-000137_response.txt,quality_check,.txt,12349
quality_check/decision_mock-24591-46c1eb90-dec-000138_request.txt,quality_check,.txt,16564
quality_check/decision_mock-24591-46c1eb90-dec-000138_response.txt,quality_check,.txt,9666
quality_check/decision_mock-24591-46c1eb90-dec-000139_request.txt,quality_check,.txt,14794
quality_check/decision_mock-24591-46c1eb90-dec-000139_response.txt,quality_check,.txt,4238
quality_check/decision_mock-24591-46c1eb90-dec-000140_request.txt,quality_check,.txt,16598
quality_check/decision_mock-24591-46c1eb90-dec-000140_response.txt,quality_check,.txt,9124
quality_check/decision_mock-24591-46c1eb90-dec-000141_request.txt,quality_check,.txt,14331
quality_check/decision_mock-24591-46c1eb90-dec-000141_response.txt,quality_check,.txt,3440
quality_check/decision_mock-24591-46c1eb90-dec-000142_request.txt,quality_check,.txt,16751
quality_check/decision_mock-24591-46c1eb90-dec-000142_response.txt,quality_check,.txt,7809
quality_check/decision_mock-24591-46c1eb90-dec-000143_request.txt,quality_check,.txt,15502
quality_check/decision_mock-24591-46c1eb90-dec-000143_response.txt,quality_check,.txt,5633
quality_check/decision_mock-24591-46c1eb90-dec-000144_request.txt,quality_check,.txt,14844
quality_check/decision_mock-24591-46c1eb90-dec-000144_response.txt,quality_check,.txt,5291
quality_check/decision_mock-24591-46c1eb90-dec-000145_request.txt,quality_check,.txt,16778
quality_check/decision_mock-24591-46c1eb90-dec-000145_response.txt,quality_check,.txt,36227
quality_check/decision_mock-24591-46c1eb90-dec-000146_request.txt,quality_check,.txt,17621
quality_check/decision_mock-24591-46c1eb90-dec-000146_response.txt,quality_check,.txt,11360
quality_check/decision_mock-24591-46c1eb90-dec-000147_request.txt,quality_check,.txt,17121
quality_check/decision_mock-24591-46c1eb90-dec-000147_response.txt,quality_check,.txt,8842
quality_check/decision_mock-24591-46c1eb90-dec-000148_request.txt,quality_check,.txt,16985
quality_check/decision_mock-24591-46c1eb90-dec-000148_response.txt,quality_check,.txt,18391
quality_check/decision_mock-24591-46c1eb90-dec-000149_request.txt,quality_check,.txt,15582
quality_check/decision_mock-24591-46c1eb90-dec-000149_response.txt,quality_check,.txt,6971
quality_check/decision_mock-24591-46c1eb90-dec-000150_request.txt,quality_check,.txt,17532
quality_check/decision_mock-24591-46c1eb90-dec-000150_response.txt,quality_check,.txt,11364
quality_check/decision_mock-24591-46c1eb90-dec-000151_request.txt,quality_check,.txt,17262
quality_check/decision_mock-24591-46c1eb90-dec-000151_response.txt,quality_check,.txt,10582
quality_check/decision_mock-24591-46c1eb90-dec-000152_request.txt,quality_check,.txt,18001
quality_check/decision_mock-24591-46c1eb90-dec-000152_response.txt,quality_check,.txt,16737
quality_check/decision_mock-24591-46c1eb90-dec-000153_request.txt,quality_check,.txt,15949
quality_check/decision_mock-24591-46c1eb90-dec-000153_response.txt,quality_check,.txt,24125
quality_check/decision_mock-24591-46c1eb90-dec-000154_request.txt,quality_check,.txt,17978
quality_check/decision_mock-24591-46c1eb90-dec-000154_response.txt,quality_check,.txt,19679
quality_check/decision_mock-24591-46c1eb90-dec-000155_request.txt,quality_check,.txt,17662
quality_check/decision_mock-24591-46c1eb90-dec-000155_response.txt,quality_check,.txt,32342
quality_check/decision_mock-24591-46c1eb90-dec-000156_request.txt,quality_check,.txt,17965
quality_check/decision_mock-24591-46c1eb90-dec-000156_response.txt,quality_check,.txt,13154
quality_check/decision_mock-24591-46c1eb90-dec-000157_request.txt,quality_check,.txt,17921
quality_check/decision_mock-24591-46c1eb90-dec-000157_response.txt,quality_check,.txt,10775
quality_check/decision_mock-24591-46c1eb90-dec-000158_request.txt,quality_check,.txt,18339
quality_check/decision_mock-24591-46c1eb90-dec-000158_response.txt,quality_check,.txt,13389
quality_check/decision_mock-24591-46c1eb90-dec-000159_request.txt,quality_check,.txt,18162
quality_check/decision_mock-24591-46c1eb90-dec-000159_response.txt,quality_check,.txt,35200
quality_check/decision_mock-24591-46c1eb90-dec-000160_request.txt,quality_check,.txt,18348
quality_check/decision_mock-24591-46c1eb90-dec-000160_response.txt,quality_check,.txt,9813
quality_check/decision_mock-24591-46c1eb90-dec-000161_request.txt,quality_check,.txt,18821
quality_check/decision_mock-24591-46c1eb90-dec-000161_response.txt,quality_check,.txt,9177
quality_check/decision_mock-24591-46c1eb90-dec-000162_request.txt,quality_check,.txt,17837
quality_check/decision_mock-24591-46c1eb90-dec-000162_response.txt,quality_check,.txt,3781
quality_check/decision_mock-24591-46c1eb90-dec-000163_request.txt,quality_check,.txt,19361
quality_check/decision_mock-24591-46c1eb90-dec-000163_response.txt,quality_check,.txt,10556
quality_check/decision_mock-24591-46c1eb90-dec-000164_request.txt,quality_check,.txt,17010
quality_check/decision_mock-24591-46c1eb90-dec-000164_response.txt,quality_check,.txt,5147
quality_check/decision_mock-24591-46c1eb90-dec-000165_request.txt,quality_check,.txt,16309
quality_check/decision_mock-24591-46c1eb90-dec-000165_response.txt,quality_check,.txt,18729
quality_check/decision_mock-24591-46c1eb90-dec-000166_request.txt,quality_check,.txt,18494
quality_check/decision_mock-24591-46c1eb90-dec-000166_response.txt,quality_check,.txt,21408
quality_check/decision_mock-24591-46c1eb90-dec-000167_request.txt,quality_check,.txt,17813
quality_check/decision_mock-24591-46c1eb90-dec-000167_response.txt,quality_check,.txt,6347
quality_check/decision_mock-24591-46c1eb90-dec-000168_request.txt,quality_check,.txt,17499
quality_check/decision_mock-24591-46c1eb90-dec-000168_response.txt,quality_check,.txt,3874
quality_check/decision_mock-24591-46c1eb90-dec-000169_request.txt,quality_check,.txt,17806
quality_check/decision_mock-24591-46c1eb90-dec-000169_response.txt,quality_check,.txt,3727
quality_check/decision_mock-24591-46c1eb90-dec-000170_request.txt,quality_check,.txt,16734
quality_check/decision_mock-24591-46c1eb90-dec-000170_response.txt,quality_check,.txt,38926
quality_check/decision_mock-24591-46c1eb90-dec-000171_request.txt,quality_check,.txt,18322
quality_check/decision_mock-24591-46c1eb90-dec-000171_response.txt,quality_check,.txt,16699
quality_check/decision_mock-24591-46c1eb90-dec-000172_request.txt,quality_check,.txt,16867
quality_check/decision_mock-24591-46c1eb90-dec-000172_response.txt,quality_check,.txt,11982
quality_check/decision_mock-24591-46c1eb90-dec-000173_request.txt,quality_check,.txt,16231
quality_check/decision_mock-24591-46c1eb90-dec-000173_response.txt,quality_check,.txt,3357
quality_check/decision_mock-24591-46c1eb90-dec-000174_request.txt,quality_check,.txt,15431
quality_check/decision_mock-24591-46c1eb90-dec-000174_response.txt,quality_check,.txt,7586
quality_check/decision_mock-24591-46c1eb90-dec-000175_request.txt,quality_check,.txt,14333
quality_check/decision_mock-24591-46c1eb90-dec-000175_response.txt,quality_check,.txt,44728
quality_check/decision_mock-24591-46c1eb90-dec-000176_request.txt,quality_check,.txt,16563
quality_check/decision_mock-24591-46c1eb90-dec-000176_response.txt,quality_check,.txt,15534
quality_check/decision_mock-24591-46c1eb90-dec-000177_request.txt,quality_check,.txt,16681
quality_check/decision_mock-24591-46c1eb90-dec-000177_response.txt,quality_check,.txt,19667
quality_check/decision_mock-24591-46c1eb90-dec-000178_request.txt,quality_check,.txt,16640
quality_check/decision_mock-24591-46c1eb90-dec-000178_response.txt,quality_check,.txt,10903
quality_check/decision_mock-24591-46c1eb90-dec-000179_request.txt,quality_check,.txt,16359
quality_check/decision_mock-24591-46c1eb90-dec-000179_response.txt,quality_check,.txt,12609
quality_check/decision_mock-24591-46c1eb90-dec-000180_request.txt,quality_check,.txt,17058
quality_check/decision_mock-24591-46c1eb90-dec-000180_response.txt,quality_check,.txt,17796
quality_check/decision_mock-24591-46c1eb90-dec-000181_request.txt,quality_check,.txt,15660
quality_check/decision_mock-24591-46c1eb90-dec-000181_response.txt,quality_check,.txt,5737
quality_check/decision_mock-24591-46c1eb90-dec-000182_request.txt,quality_check,.txt,17293
quality_check/decision_mock-24591-46c1eb90-dec-000182_response.txt,quality_check,.txt,17403
quality_check/decision_mock-24591-46c1eb90-dec-000183_request.txt,quality_check,.txt,18017
quality_check/decision_mock-24591-46c1eb90-dec-000183_response.txt,quality_check,.txt,8753
quality_check/decision_mock-24591-46c1eb90-dec-000184_request.txt,quality_check,.txt,17441
quality_check/decision_mock-24591-46c1eb90-dec-000184_response.txt,quality_check,.txt,10967
quality_check/decision_mock-24591-46c1eb90-dec-000185_request.txt,quality_check,.txt,16162
quality_check/decision_mock-24591-46c1eb90-dec-000185_response.txt,quality_check,.txt,4485
quality_check/decision_mock-24591-46c1eb90-dec-000186_request.txt,quality_check,.txt,15935
quality_check/decision_mock-24591-46c1eb90-dec-000186_response.txt,quality_check,.txt,4799
quality_check/decision_mock-24591-46c1eb90-dec-000187_request.txt,quality_check,.txt,13946
quality_check/decision_mock-24591-46c1eb90-dec-000187_response.txt,quality_check,.txt,9046
quality_check/decision_mock-24591-46c1eb90-dec-000188_request.txt,quality_check,.txt,13952
quality_check/decision_mock-24591-46c1eb90-dec-000188_response.txt,quality_check,.txt,4897
quality_check/decision_mock-24591-46c1eb90-dec-000189_request.txt,quality_check,.txt,13857
quality_check/decision_mock-24591-46c1eb90-dec-000189_response.txt,quality_check,.txt,9123
quality_check/decision_mock-24591-46c1eb90-dec-000190_request.txt,quality_check,.txt,13909
quality_check/decision_mock-24591-46c1eb90-dec-000190_response.txt,quality_check,.txt,14665
quality_check/decision_mock-24591-46c1eb90-dec-000191_request.txt,quality_check,.txt,13885
quality_check/decision_mock-24591-46c1eb90-dec-000191_response.txt,quality_check,.txt,11317
quality_check/decision_mock-24591-46c1eb90-dec-000192_request.txt,quality_check,.txt,14020
quality_check/decision_mock-24591-46c1eb90-dec-000192_response.txt,quality_check,.txt,5740
quality_check/decision_mock-24591-46c1eb90-dec-000193_request.txt,quality_check,.txt,15254
quality_check/decision_mock-24591-46c1eb90-dec-000193_response.txt,quality_check,.txt,23099
quality_check/decision_mock-24591-46c1eb90-dec-000194_request.txt,quality_check,.txt,15455
quality_check/decision_mock-24591-46c1eb90-dec-000194_response.txt,quality_check,.txt,11827
quality_check/decision_mock-24591-46c1eb90-dec-000195_request.txt,quality_check,.txt,15598
quality_check/decision_mock-24591-46c1eb90-dec-000195_response.txt,quality_check,.txt,5477
quality_check/decision_mock-24591-46c1eb90-dec-000196_request.txt,quality_check,.txt,16541
quality_check/decision_mock-24591-46c1eb90-dec-000196_response.txt,quality_check,.txt,15467
quality_check/decision_mock-24591-46c1eb90-dec-000197_request.txt,quality_check,.txt,14470
quality_check/decision_mock-24591-46c1eb90-dec-000197_response.txt,quality_check,.txt,4157
quality_check/decision_mock-24591-46c1eb90-dec-000198_request.txt,quality_check,.txt,17278
quality_check/decision_mock-24591-46c1eb90-dec-000198_response.txt,quality_check,.txt,9202
quality_check/decision_mock-24591-46c1eb90-dec-000199_request.txt,quality_check,.txt,16681
quality_check/decision_mock-24591-46c1eb90-dec-000199_response.txt,quality_check,.txt,9793
quality_check/decision_mock-24591-46c1eb90-dec-000200_request.txt,quality_check,.txt,15154
quality_check/decision_mock-24591-46c1eb90-dec-000200_response.txt,quality_check,.txt,5338
quality_check/decision_mock-24591-46c1eb90-dec-000201_request.txt,quality_check,.txt,13072
quality_check/decision_mock-24591-46c1eb90-dec-000201_response.txt,quality_check,.txt,10100
quality_check/decision_mock-24591-46c1eb90-dec-000202_request.txt,quality_check,.txt,14976
quality_check/decision_mock-24591-46c1eb90-dec-000202_response.txt,quality_check,.txt,43053
quality_check/decision_mock-24591-46c1eb90-dec-000203_request.txt,quality_check,.txt,14937
quality_check/decision_mock-24591-46c1eb90-dec-000203_response.txt,quality_check,.txt,19229
quality_check/decision_mock-24591-46c1eb90-dec-000204_request.txt,quality_check,.txt,14854
quality_check/decision_mock-24591-46c1eb90-dec-000204_response.txt,quality_check,.txt,10390
quality_check/decision_mock-24591-46c1eb90-dec-000205_request.txt,quality_check,.txt,16242
quality_check/decision_mock-24591-46c1eb90-dec-000205_response.txt,quality_check,.txt,15448
quality_check/decision_mock-24591-46c1eb90-dec-000206_request.txt,quality_check,.txt,16511
quality_check/decision_mock-24591-46c1eb90-dec-000206_response.txt,quality_check,.txt,14501
quality_check/decision_mock-24591-46c1eb90-dec-000207_request.txt,quality_check,.txt,15233
quality_check/decision_mock-24591-46c1eb90-dec-000207_response.txt,quality_check,.txt,5214
quality_check/decision_mock-24591-46c1eb90-dec-000208_request.txt,quality_check,.txt,15195
quality_check/decision_mock-24591-46c1eb90-dec-000208_response.txt,quality_check,.txt,4585
quality_check/decision_mock-24591-46c1eb90-dec-000209_request.txt,quality_check,.txt,14598
quality_check/decision_mock-24591-46c1eb90-dec-000209_response.txt,quality_check,.txt,4426
quality_check/decision_mock-24591-46c1eb90-dec-000210_request.txt,quality_check,.txt,15980
quality_check/decision_mock-24591-46c1eb90-dec-000210_response.txt,quality_check,.txt,10805
quality_check/decision_mock-24591-46c1eb90-dec-000211_request.txt,quality_check,.txt,16426
quality_check/decision_mock-24591-46c1eb90-dec-000211_response.txt,quality_check,.txt,9024
quality_check/decision_mock-24591-46c1eb90-dec-000212_request.txt,quality_check,.txt,14962
quality_check/decision_mock-24591-46c1eb90-dec-000212_response.txt,quality_check,.txt,4144
quality_check/decision_mock-24591-46c1eb90-dec-000213_request.txt,quality_check,.txt,14349
quality_check/decision_mock-24591-46c1eb90-dec-000213_response.txt,quality_check,.txt,3551
quality_check/decision_mock-24591-46c1eb90-dec-000214_request.txt,quality_check,.txt,15658
quality_check/decision_mock-24591-46c1eb90-dec-000214_response.txt,quality_check,.txt,12282
quality_check/decision_mock-24591-46c1eb90-dec-000215_request.txt,quality_check,.txt,15462
quality_check/decision_mock-24591-46c1eb90-dec-000215_response.txt,quality_check,.txt,13007
quality_check/decision_mock-24591-46c1eb90-dec-000216_request.txt,quality_check,.txt,16887
quality_check/decision_mock-24591-46c1eb90-dec-000216_response.txt,quality_check,.txt,31078
quality_check/decision_mock-24591-46c1eb90-dec-000217_request.txt,quality_check,.txt,16468
quality_check/decision_mock-24591-46c1eb90-dec-000217_response.txt,quality_check,.txt,9358
quality_check/decision_mock-24591-46c1eb90-dec-000218_request.txt,quality_check,.txt,16478
quality_check/decision_mock-24591-46c1eb90-dec-000218_response.txt,quality_check,.txt,5631
quality_check/decision_mock-24591-46c1eb90-dec-000219_request.txt,quality_check,.txt,13652
quality_check/decision_mock-24591-46c1eb90-dec-000219_response.txt,quality_check,.txt,3519
quality_check/decision_mock-24591-46c1eb90-dec-000220_request.txt,quality_check,.txt,15099
quality_check/decision_mock-24591-46c1eb90-dec-000220_response.txt,quality_check,.txt,4334
quality_check/decision_mock-24591-46c1eb90-dec-000221_request.txt,quality_check,.txt,14429
quality_check/decision_mock-24591-46c1eb90-dec-000221_response.txt,quality_check,.txt,4021
quality_check/decision_mock-24591-46c1eb90-dec-000222_request.txt,quality_check,.txt,15630
quality_check/decision_mock-24591-46c1eb90-dec-000222_response.txt,quality_check,.txt,11947
quality_check/decision_mock-24591-46c1eb90-dec-000223_request.txt,quality_check,.txt,17152
quality_check/decision_mock-24591-46c1eb90-dec-000223_response.txt,quality_check,.txt,18330
quality_check/decision_mock-24591-46c1eb90-dec-000224_request.txt,quality_check,.txt,16284
quality_check/decision_mock-24591-46c1eb90-dec-000224_response.txt,quality_check,.txt,6539
quality_check/decision_mock-24591-46c1eb90-dec-000225_request.txt,quality_check,.txt,14243
quality_check/decision_mock-24591-46c1eb90-dec-000225_response.txt,quality_check,.txt,5933
quality_check/decision_mock-24591-46c1eb90-dec-000226_request.txt,quality_check,.txt,12446
quality_check/decision_mock-24591-46c1eb90-dec-000226_response.txt,quality_check,.txt,4398
quality_check/decision_mock-24591-46c1eb90-dec-000227_request.txt,quality_check,.txt,15046
quality_check/decision_mock-24591-46c1eb90-dec-000227_response.txt,quality_check,.txt,15502
quality_check/decision_mock-24591-46c1eb90-dec-000228_request.txt,quality_check,.txt,15689
quality_check/decision_mock-24591-46c1eb90-dec-000228_response.txt,quality_check,.txt,17275
quality_check/decision_mock-24591-46c1eb90-dec-000229_request.txt,quality_check,.txt,15725
quality_check/decision_mock-24591-46c1eb90-dec-000229_response.txt,quality_check,.txt,10130
quality_check/decision_mock-24591-46c1eb90-dec-000230_request.txt,quality_check,.txt,15630
quality_check/decision_mock-24591-46c1eb90-dec-000230_response.txt,quality_check,.txt,27549
quality_check/decision_mock-24591-46c1eb90-dec-000231_request.txt,quality_check,.txt,15796
quality_check/decision_mock-24591-46c1eb90-dec-000231_response.txt,quality_check,.txt,8702
quality_check/decision_mock-24591-46c1eb90-dec-000232_request.txt,quality_check,.txt,15081
quality_check/decision_mock-24591-46c1eb90-dec-000232_response.txt,quality_check,.txt,6953
quality_check/decision_mock-24591-46c1eb90-dec-000233_request.txt,quality_check,.txt,15764
quality_check/decision_mock-24591-46c1eb90-dec-000233_response.txt,quality_check,.txt,15424
quality_check/decision_mock-24591-46c1eb90-dec-000234_request.txt,quality_check,.txt,14785
quality_check/decision_mock-24591-46c1eb90-dec-000234_response.txt,quality_check,.txt,22903
quality_check/decision_mock-24591-46c1eb90-dec-000235_request.txt,quality_check,.txt,14929
quality_check/decision_mock-24591-46c1eb90-dec-000235_response.txt,quality_check,.txt,6601
quality_check/decision_mock-24591-46c1eb90-dec-000236_request.txt,quality_check,.txt,15566
quality_check/decision_mock-24591-46c1eb90-dec-000236_response.txt,quality_check,.txt,15454
quality_check/decision_mock-24591-46c1eb90-dec-000237_request.txt,quality_check,.txt,14374
quality_check/decision_mock-24591-46c1eb90-dec-000237_response.txt,quality_check,.txt,8797
quality_check/decision_mock-24591-46c1eb90-dec-000238_request.txt,quality_check,.txt,15134
quality_check/decision_mock-24591-46c1eb90-dec-000238_response.txt,quality_check,.txt,8334
quality_check/decision_mock-24591-46c1eb90-dec-000239_request.txt,quality_check,.txt,15792
quality_check/decision_mock-24591-46c1eb90-dec-000239_response.txt,quality_check,.txt,12936
quality_check/decision_mock-24591-46c1eb90-dec-000240_request.txt,quality_check,.txt,14532
quality_check/decision_mock-24591-46c1eb90-dec-000240_response.txt,quality_check,.txt,4389
quality_check/decision_mock-24591-46c1eb90-dec-000241_request.txt,quality_check,.txt,13674
quality_check/decision_mock-24591-46c1eb90-dec-000241_response.txt,quality_check,.txt,4911
quality_check/decision_mock-24591-46c1eb90-dec-000242_request.txt,quality_check,.txt,14564
quality_check/decision_mock-24591-46c1eb90-dec-000242_response.txt,quality_check,.txt,8549
quality_check/decision_mock-24591-46c1eb90-dec-000243_request.txt,quality_check,.txt,14986
quality_check/decision_mock-24591-46c1eb90-dec-000243_response.txt,quality_check,.txt,6581
quality_check/decision_mock-24591-46c1eb90-dec-000244_request.txt,quality_check,.txt,15677
quality_check/decision_mock-24591-46c1eb90-dec-000244_response.txt,quality_check,.txt,17096
quality_check/decision_mock-24591-46c1eb90-dec-000245_request.txt,quality_check,.txt,14354
quality_check/decision_mock-24591-46c1eb90-dec-000245_response.txt,quality_check,.txt,8416
quality_check/decision_mock-24591-46c1eb90-dec-000246_request.txt,quality_check,.txt,17486
quality_check/decision_mock-24591-46c1eb90-dec-000246_response.txt,quality_check,.txt,8942
quality_check/decision_mock-24591-46c1eb90-dec-000247_request.txt,quality_check,.txt,17419
quality_check/decision_mock-24591-46c1eb90-dec-000247_response.txt,quality_check,.txt,47426
quality_check/decision_mock-24591-46c1eb90-dec-000248_request.txt,quality_check,.txt,14241
quality_check/decision_mock-24591-46c1eb90-dec-000248_response.txt,quality_check,.txt,17975
quality_check/decision_mock-24591-46c1eb90-dec-000249_request.txt,quality_check,.txt,18320
quality_check/decision_mock-24591-46c1eb90-dec-000249_response.txt,quality_check,.txt,14504
quality_check/decision_mock-24591-46c1eb90-dec-000250_request.txt,quality_check,.txt,17733
quality_check/decision_mock-24591-46c1eb90-dec-000250_response.txt,quality_check,.txt,21412
quality_check/decision_mock-24591-46c1eb90-dec-000251_request.txt,quality_check,.txt,15903
quality_check/decision_mock-24591-46c1eb90-dec-000251_response.txt,quality_check,.txt,5234
quality_check/decision_mock-24591-46c1eb90-dec-000252_request.txt,quality_check,.txt,16645
quality_check/decision_mock-24591-46c1eb90-dec-000252_response.txt,quality_check,.txt,16951
quality_check/decision_mock-24591-46c1eb90-dec-000253_request.txt,quality_check,.txt,17976
quality_check/decision_mock-24591-46c1eb90-dec-000253_response.txt,quality_check,.txt,15851
quality_check/decision_mock-24591-46c1eb90-dec-000254_request.txt,quality_check,.txt,15041
quality_check/decision_mock-24591-46c1eb90-dec-000254_response.txt,quality_check,.txt,3791
quality_check/decision_mock-24591-46c1eb90-dec-000255_request.txt,quality_check,.txt,18483
quality_check/decision_mock-24591-46c1eb90-dec-000255_response.txt,quality_check,.txt,11530
quality_check/decision_mock-24591-46c1eb90-dec-000256_request.txt,quality_check,.txt,16518
quality_check/decision_mock-24591-46c1eb90-dec-000256_response.txt,quality_check,.txt,6931
quality_check/decision_mock-24591-46c1eb90-dec-000257_request.txt,quality_check,.txt,17015
quality_check/decision_mock-24591-46c1eb90-dec-000257_response.txt,quality_check,.txt,10011
quality_check/decision_mock-24591-46c1eb90-dec-000258_request.txt,quality_check,.txt,18279
quality_check/decision_mock-24591-46c1eb90-dec-000258_response.txt,quality_check,.txt,17653
quality_check/decision_mock-24591-46c1eb90-dec-000259_request.txt,quality_check,.txt,15190
quality_check/decision_mock-24591-46c1eb90-dec-000259_response.txt,quality_check,.txt,6763
quality_check/decision_mock-24591-46c1eb90-dec-000260_request.txt,quality_check,.txt,15742
quality_check/decision_mock-24591-46c1eb90-dec-000260_response.txt,quality_check,.txt,32543
quality_check/decision_mock-24591-46c1eb90-dec-000261_request.txt,quality_check,.txt,16789
quality_check/decision_mock-24591-46c1eb90-dec-000261_response.txt,quality_check,.txt,92454
quality_check/decision_mock-24591-46c1eb90-dec-000262_request.txt,quality_check,.txt,17187
quality_check/decision_mock-24591-46c1eb90-dec-000262_response.txt,quality_check,.txt,14598
quality_check/decision_mock-24591-46c1eb90-dec-000263_request.txt,quality_check,.txt,17125
quality_check/decision_mock-24591-46c1eb90-dec-000263_response.txt,quality_check,.txt,29847
quality_check/decision_mock-24591-46c1eb90-dec-000264_request.txt,quality_check,.txt,16444
quality_check/decision_mock-24591-46c1eb90-dec-000264_response.txt,quality_check,.txt,12925
quality_check/decision_mock-24591-46c1eb90-dec-000265_request.txt,quality_check,.txt,16551
quality_check/decision_mock-24591-46c1eb90-dec-000265_response.txt,quality_check,.txt,14350
quality_check/decision_mock-24591-46c1eb90-dec-000266_request.txt,quality_check,.txt,15509
quality_check/decision_mock-24591-46c1eb90-dec-000266_response.txt,quality_check,.txt,13466
quality_check/decision_mock-24591-46c1eb90-dec-000267_request.txt,quality_check,.txt,15853
quality_check/decision_mock-24591-46c1eb90-dec-000267_response.txt,quality_check,.txt,11666
quality_check/decision_mock-24591-46c1eb90-dec-000268_request.txt,quality_check,.txt,15219
quality_check/decision_mock-24591-46c1eb90-dec-000268_response.txt,quality_check,.txt,32476
quality_check/decision_mock-24591-46c1eb90-dec-000269_request.txt,quality_check,.txt,16183
quality_check/decision_mock-24591-46c1eb90-dec-000269_response.txt,quality_check,.txt,17611
quality_check/decision_mock-24591-46c1eb90-dec-000270_request.txt,quality_check,.txt,14657
quality_check/decision_mock-24591-46c1eb90-dec-000270_response.txt,quality_check,.txt,12241
quality_check/decision_mock-24591-46c1eb90-dec-000271_request.txt,quality_check,.txt,15872
quality_check/decision_mock-24591-46c1eb90-dec-000271_response.txt,quality_check,.txt,40766
quality_check/decision_mock-24591-46c1eb90-dec-000272_request.txt,quality_check,.txt,15890
quality_check/decision_mock-24591-46c1eb90-dec-000272_response.txt,quality_check,.txt,4874
quality_check/decision_mock-24591-46c1eb90-dec-000273_request.txt,quality_check,.txt,16526
quality_check/decision_mock-24591-46c1eb90-dec-000273_response.txt,quality_check,.txt,6239
quality_check/decision_mock-24591-46c1eb90-dec-000274_request.txt,quality_check,.txt,16188
quality_check/decision_mock-24591-46c1eb90-dec-000274_response.txt,quality_check,.txt,11712
quality_check/decision_mock-24591-46c1eb90-dec-000275_request.txt,quality_check,.txt,15169
quality_check/decision_mock-24591-46c1eb90-dec-000275_response.txt,quality_check,.txt,6513
quality_check/decision_mock-24591-46c1eb90-dec-000276_request.txt,quality_check,.txt,16481
quality_check/decision_mock-24591-46c1eb90-dec-000276_response.txt,quality_check,.txt,13242
quality_check/decision_mock-24591-46c1eb90-dec-000277_request.txt,quality_check,.txt,15462
quality_check/decision_mock-24591-46c1eb90-dec-000277_response.txt,quality_check,.txt,8608
quality_check/decision_mock-24591-46c1eb90-dec-000278_request.txt,quality_check,.txt,17845
quality_check/decision_mock-24591-46c1eb90-dec-000278_response.txt,quality_check,.txt,11937
quality_check/decision_mock-24591-46c1eb90-dec-000279_request.txt,quality_check,.txt,14848
quality_check/decision_mock-24591-46c1eb90-dec-000279_response.txt,quality_check,.txt,16398
quality_check/decision_mock-24591-46c1eb90-dec-000280_request.txt,quality_check,.txt,16319
quality_check/decision_mock-24591-46c1eb90-dec-000280_response.txt,quality_check,.txt,13000
quality_check/decision_mock-24591-46c1eb90-dec-000281_request.txt,quality_check,.txt,16378
quality_check/decision_mock-24591-46c1eb90-dec-000281_response.txt,quality_check,.txt,12013
quality_check/decision_mock-24591-46c1eb90-dec-000282_request.txt,quality_check,.txt,16341
quality_check/decision_mock-24591-46c1eb90-dec-000282_response.txt,quality_check,.txt,14403
quality_check/decision_mock-24591-46c1eb90-dec-000283_request.txt,quality_check,.txt,18095
quality_check/decision_mock-24591-46c1eb90-dec-000283_response.txt,quality_check,.txt,17479
quality_check/decision_mock-24591-46c1eb90-dec-000284_request.txt,quality_check,.txt,14120
quality_check/decision_mock-24591-46c1eb90-dec-000284_response.txt,quality_check,.txt,35718
quality_check/decision_mock-24591-46c1eb90-dec-000285_request.txt,quality_check,.txt,15428
quality_check/decision_mock-24591-46c1eb90-dec-000285_response.txt,quality_check,.txt,17168
quality_check/decision_mock-24591-46c1eb90-dec-000286_request.txt,quality_check,.txt,16416
quality_check/decision_mock-24591-46c1eb90-dec-000286_response.txt,quality_check,.txt,18425
quality_check/decision_mock-24591-46c1eb90-dec-000287_request.txt,quality_check,.txt,15109
quality_check/decision_mock-24591-46c1eb90-dec-000287_response.txt,quality_check,.txt,28002
quality_check/decision_mock-24591-46c1eb90-dec-000288_request.txt,quality_check,.txt,16136
quality_check/decision_mock-24591-46c1eb90-dec-000288_response.txt,quality_check,.txt,7843
quality_check/decision_mock-24591-46c1eb90-dec-000289_request.txt,quality_check,.txt,15072
quality_check/decision_mock-24591-46c1eb90-dec-000289_response.txt,quality_check,.txt,14805
quality_check/decision_mock-24591-46c1eb90-dec-000290_request.txt,quality_check,.txt,15166
quality_check/decision_mock-24591-46c1eb90-dec-000290_response.txt,quality_check,.txt,19689
quality_check/decision_mock-24591-46c1eb90-dec-000291_request.txt,quality_check,.txt,14996
quality_check/decision_mock-24591-46c1eb90-dec-000291_response.txt,quality_check,.txt,14175
quality_check/decision_mock-24591-46c1eb90-dec-000292_request.txt,quality_check,.txt,15073
quality_check/decision_mock-24591-46c1eb90-dec-000292_response.txt,quality_check,.txt,29132
quality_check/decision_mock-24591-46c1eb90-dec-000293_request.txt,quality_check,.txt,13774
quality_check/decision_mock-24591-46c1eb90-dec-000293_response.txt,quality_check,.txt,10270
quality_check/decision_mock-24591-46c1eb90-dec-000294_request.txt,quality_check,.txt,13812
quality_check/decision_mock-24591-46c1eb90-dec-000294_response.txt,quality_check,.txt,9828
quality_check/decision_mock-24591-46c1eb90-dec-000294_retry1_request.txt,quality_check,.txt,13975
quality_check/decision_mock-24591-46c1eb90-dec-000294_retry1_response.txt,quality_check,.txt,6991
quality_check/decision_mock-24591-46c1eb90-dec-000295_request.txt,quality_check,.txt,14712
quality_check/decision_mock-24591-46c1eb90-dec-000295_response.txt,quality_check,.txt,17600
quality_check/decision_mock-24591-46c1eb90-dec-000296_request.txt,quality_check,.txt,15802
quality_check/decision_mock-24591-46c1eb90-dec-000296_response.txt,quality_check,.txt,5520
quality_check/decision_mock-24591-46c1eb90-dec-000297_request.txt,quality_check,.txt,16187
quality_check/decision_mock-24591-46c1eb90-dec-000297_response.txt,quality_check,.txt,13560
quality_check/decision_mock-24591-46c1eb90-dec-000298_request.txt,quality_check,.txt,17584
quality_check/decision_mock-24591-46c1eb90-dec-000298_response.txt,quality_check,.txt,5170
quality_check/decision_mock-24591-46c1eb90-dec-000299_request.txt,quality_check,.txt,17387
quality_check/decision_mock-24591-46c1eb90-dec-000299_response.txt,quality_check,.txt,3703
quality_check/decision_mock-24591-46c1eb90-dec-000300_request.txt,quality_check,.txt,17242
quality_check/decision_mock-24591-46c1eb90-dec-000300_response.txt,quality_check,.txt,5161
quality_check/decision_mock-24591-46c1eb90-dec-000301_request.txt,quality_check,.txt,17950
quality_check/decision_mock-24591-46c1eb90-dec-000301_response.txt,quality_check,.txt,11414
quality_check/decision_mock-24591-46c1eb90-dec-000302_request.txt,quality_check,.txt,17941
quality_check/decision_mock-24591-46c1eb90-dec-000302_response.txt,quality_check,.txt,11046
quality_check/decision_mock-24591-46c1eb90-dec-000303_request.txt,quality_check,.txt,13834
quality_check/decision_mock-24591-46c1eb90-dec-000303_response.txt,quality_check,.txt,6635
quality_check/decision_mock-24591-46c1eb90-dec-000304_request.txt,quality_check,.txt,14702
quality_check/decision_mock-24591-46c1eb90-dec-000304_response.txt,quality_check,.txt,8055
quality_check/decision_mock-24591-46c1eb90-dec-000305_request.txt,quality_check,.txt,14469
quality_check/decision_mock-24591-46c1eb90-dec-000305_response.txt,quality_check,.txt,15040
quality_check/decision_mock-24591-46c1eb90-dec-000306_request.txt,quality_check,.txt,14939
quality_check/decision_mock-24591-46c1eb90-dec-000306_response.txt,quality_check,.txt,21951
quality_check/decision_mock-24591-46c1eb90-dec-000307_request.txt,quality_check,.txt,16220
quality_check/decision_mock-24591-46c1eb90-dec-000307_response.txt,quality_check,.txt,12516
quality_check/decision_mock-24591-46c1eb90-dec-000308_request.txt,quality_check,.txt,17816
quality_check/decision_mock-24591-46c1eb90-dec-000308_response.txt,quality_check,.txt,22855
quality_check/decision_mock-24591-46c1eb90-dec-000309_request.txt,quality_check,.txt,14514
quality_check/decision_mock-24591-46c1eb90-dec-000309_response.txt,quality_check,.txt,11043
quality_check/decision_mock-24591-46c1eb90-dec-000310_request.txt,quality_check,.txt,18083
quality_check/decision_mock-24591-46c1eb90-dec-000310_response.txt,quality_check,.txt,12797
quality_check/decision_mock-24591-46c1eb90-dec-000311_request.txt,quality_check,.txt,15124
quality_check/decision_mock-24591-46c1eb90-dec-000311_response.txt,quality_check,.txt,35956
quality_check/decision_mock-24591-46c1eb90-dec-000312_request.txt,quality_check,.txt,15742
quality_check/decision_mock-24591-46c1eb90-dec-000312_response.txt,quality_check,.txt,41769
quality_check/decision_mock-24591-46c1eb90-dec-000313_request.txt,quality_check,.txt,16127
quality_check/decision_mock-24591-46c1eb90-dec-000313_response.txt,quality_check,.txt,6215
quality_check/decision_mock-24591-46c1eb90-dec-000314_request.txt,quality_check,.txt,15066
quality_check/decision_mock-24591-46c1eb90-dec-000314_response.txt,quality_check,.txt,3622
quality_check/decision_mock-24591-46c1eb90-dec-000315_request.txt,quality_check,.txt,16490
quality_check/decision_mock-24591-46c1eb90-dec-000315_response.txt,quality_check,.txt,19952
quality_check/decision_mock-24591-46c1eb90-dec-000316_request.txt,quality_check,.txt,16874
quality_check/decision_mock-24591-46c1eb90-dec-000316_response.txt,quality_check,.txt,17660
quality_check/decision_mock-24591-46c1eb90-dec-000317_request.txt,quality_check,.txt,16349
quality_check/decision_mock-24591-46c1eb90-dec-000317_response.txt,quality_check,.txt,19878
quality_check/decision_mock-24591-46c1eb90-dec-000318_request.txt,quality_check,.txt,18133
quality_check/decision_mock-24591-46c1eb90-dec-000318_response.txt,quality_check,.txt,27639
quality_check/decision_mock-24591-46c1eb90-dec-000319_request.txt,quality_check,.txt,16129
quality_check/decision_mock-24591-46c1eb90-dec-000319_response.txt,quality_check,.txt,11655
quality_check/decision_mock-24591-46c1eb90-dec-000320_request.txt,quality_check,.txt,18525
quality_check/decision_mock-24591-46c1eb90-dec-000320_response.txt,quality_check,.txt,9785
quality_check/decision_mock-24591-46c1eb90-dec-000321_request.txt,quality_check,.txt,16665
quality_check/decision_mock-24591-46c1eb90-dec-000321_response.txt,quality_check,.txt,11712
quality_check/decision_mock-24591-46c1eb90-dec-000322_request.txt,quality_check,.txt,19119
quality_check/decision_mock-24591-46c1eb90-dec-000322_response.txt,quality_check,.txt,17173
quality_check/decision_mock-24591-46c1eb90-dec-000323_request.txt,quality_check,.txt,19229
quality_check/decision_mock-24591-46c1eb90-dec-000323_response.txt,quality_check,.txt,16247
quality_check/decision_mock-24591-46c1eb90-dec-000324_request.txt,quality_check,.txt,19262
quality_check/decision_mock-24591-46c1eb90-dec-000324_response.txt,quality_check,.txt,27019
quality_check/decision_mock-24591-46c1eb90-dec-000325_request.txt,quality_check,.txt,17694
quality_check/decision_mock-24591-46c1eb90-dec-000325_response.txt,quality_check,.txt,25128
quality_check/decision_mock-24591-46c1eb90-dec-000326_request.txt,quality_check,.txt,20485
quality_check/decision_mock-24591-46c1eb90-dec-000326_response.txt,quality_check,.txt,10744
quality_check/decision_mock-24591-46c1eb90-dec-000327_request.txt,quality_check,.txt,16659
quality_check/decision_mock-24591-46c1eb90-dec-000327_response.txt,quality_check,.txt,9638
quality_check/decision_mock-24591-46c1eb90-dec-000328_request.txt,quality_check,.txt,17792
quality_check/decision_mock-24591-46c1eb90-dec-000328_response.txt,quality_check,.txt,12688
quality_check/decision_mock-24591-46c1eb90-dec-000328_retry1_request.txt,quality_check,.txt,17965
quality_check/decision_mock-24591-46c1eb90-dec-000328_retry1_response.txt,quality_check,.txt,8468
quality_check/decision_mock-24591-46c1eb90-dec-000329_request.txt,quality_check,.txt,17963
quality_check/decision_mock-24591-46c1eb90-dec-000329_response.txt,quality_check,.txt,16264
quality_check/decision_mock-24591-46c1eb90-dec-000330_request.txt,quality_check,.txt,20123
quality_check/decision_mock-24591-46c1eb90-dec-000330_response.txt,quality_check,.txt,22143
quality_check/decision_mock-24591-46c1eb90-dec-000331_request.txt,quality_check,.txt,16476
quality_check/decision_mock-24591-46c1eb90-dec-000331_response.txt,quality_check,.txt,6879
quality_check/decision_mock-24591-46c1eb90-dec-000332_request.txt,quality_check,.txt,20670
quality_check/decision_mock-24591-46c1eb90-dec-000332_response.txt,quality_check,.txt,18112
quality_check/decision_mock-24591-46c1eb90-dec-000333_request.txt,quality_check,.txt,17004
quality_check/decision_mock-24591-46c1eb90-dec-000333_response.txt,quality_check,.txt,20032
quality_check/decision_mock-24591-46c1eb90-dec-000334_request.txt,quality_check,.txt,19137
quality_check/decision_mock-24591-46c1eb90-dec-000334_response.txt,quality_check,.txt,12902
quality_check/decision_mock-24591-46c1eb90-dec-000335_request.txt,quality_check,.txt,17657
quality_check/decision_mock-24591-46c1eb90-dec-000335_response.txt,quality_check,.txt,12647
quality_check/decision_mock-24591-46c1eb90-dec-000336_request.txt,quality_check,.txt,20180
quality_check/decision_mock-24591-46c1eb90-dec-000336_response.txt,quality_check,.txt,11530
quality_check/decision_mock-24591-46c1eb90-dec-000337_request.txt,quality_check,.txt,20155
quality_check/decision_mock-24591-46c1eb90-dec-000337_response.txt,quality_check,.txt,24254
quality_check/decision_mock-24591-46c1eb90-dec-000338_request.txt,quality_check,.txt,17828
quality_check/decision_mock-24591-46c1eb90-dec-000338_response.txt,quality_check,.txt,21909
quality_check/decision_mock-24591-46c1eb90-dec-000339_request.txt,quality_check,.txt,17754
quality_check/decision_mock-24591-46c1eb90-dec-000339_response.txt,quality_check,.txt,18986
quality_check/decision_mock-24591-46c1eb90-dec-000340_request.txt,quality_check,.txt,16613
quality_check/decision_mock-24591-46c1eb90-dec-000340_response.txt,quality_check,.txt,45848
quality_check/decision_mock-24591-46c1eb90-dec-000341_request.txt,quality_check,.txt,17777
quality_check/decision_mock-24591-46c1eb90-dec-000341_response.txt,quality_check,.txt,11701
quality_check/decision_mock-24591-46c1eb90-dec-000342_request.txt,quality_check,.txt,16392
quality_check/decision_mock-24591-46c1eb90-dec-000342_response.txt,quality_check,.txt,17086
quality_check/decision_mock-24591-46c1eb90-dec-000343_request.txt,quality_check,.txt,17269
quality_check/decision_mock-24591-46c1eb90-dec-000343_response.txt,quality_check,.txt,13394
quality_check/decision_mock-24591-46c1eb90-dec-000344_request.txt,quality_check,.txt,16045
quality_check/decision_mock-24591-46c1eb90-dec-000344_response.txt,quality_check,.txt,38096
quality_check/decision_mock-24591-46c1eb90-dec-000345_request.txt,quality_check,.txt,17333
quality_check/decision_mock-24591-46c1eb90-dec-000345_response.txt,quality_check,.txt,10626
quality_check/decision_mock-24591-46c1eb90-dec-000346_request.txt,quality_check,.txt,14955
quality_check/decision_mock-24591-46c1eb90-dec-000346_response.txt,quality_check,.txt,17520
quality_check/decision_mock-24591-46c1eb90-dec-000347_request.txt,quality_check,.txt,14977
quality_check/decision_mock-24591-46c1eb90-dec-000347_response.txt,quality_check,.txt,5661
quality_check/decision_mock-24591-46c1eb90-dec-000347_retry1_request.txt,quality_check,.txt,15140
quality_check/decision_mock-24591-46c1eb90-dec-000347_retry1_response.txt,quality_check,.txt,8504
quality_check/decision_mock-24591-46c1eb90-dec-000348_request.txt,quality_check,.txt,15517
quality_check/decision_mock-24591-46c1eb90-dec-000348_response.txt,quality_check,.txt,29627
quality_check/decision_mock-24591-46c1eb90-dec-000349_request.txt,quality_check,.txt,16203
quality_check/decision_mock-24591-46c1eb90-dec-000349_response.txt,quality_check,.txt,8775
quality_check/decision_mock-24591-46c1eb90-dec-000350_request.txt,quality_check,.txt,14915
quality_check/decision_mock-24591-46c1eb90-dec-000350_response.txt,quality_check,.txt,8243
quality_check/decision_mock-24591-46c1eb90-dec-000351_request.txt,quality_check,.txt,16165
quality_check/decision_mock-24591-46c1eb90-dec-000351_response.txt,quality_check,.txt,13980
quality_check/decision_mock-24591-46c1eb90-dec-000352_request.txt,quality_check,.txt,15015
quality_check/decision_mock-24591-46c1eb90-dec-000352_response.txt,quality_check,.txt,4824
quality_check/decision_mock-24591-46c1eb90-dec-000353_request.txt,quality_check,.txt,15506
quality_check/decision_mock-24591-46c1eb90-dec-000353_response.txt,quality_check,.txt,12739
quality_check/decision_mock-24591-46c1eb90-dec-000354_request.txt,quality_check,.txt,14338
quality_check/decision_mock-24591-46c1eb90-dec-000354_response.txt,quality_check,.txt,8803
quality_check/decision_mock-24591-46c1eb90-dec-000355_request.txt,quality_check,.txt,15890
quality_check/decision_mock-24591-46c1eb90-dec-000355_response.txt,quality_check,.txt,17358
quality_check/decision_mock-24591-46c1eb90-dec-000356_request.txt,quality_check,.txt,14728
quality_check/decision_mock-24591-46c1eb90-dec-000356_response.txt,quality_check,.txt,9150
quality_check/decision_mock-24591-46c1eb90-dec-000357_request.txt,quality_check,.txt,17563
quality_check/decision_mock-24591-46c1eb90-dec-000357_response.txt,quality_check,.txt,9220
quality_check/decision_mock-24591-46c1eb90-dec-000358_request.txt,quality_check,.txt,17675
quality_check/decision_mock-24591-46c1eb90-dec-000358_response.txt,quality_check,.txt,6140
quality_check/decision_mock-24591-46c1eb90-dec-000359_request.txt,quality_check,.txt,17031
quality_check/decision_mock-24591-46c1eb90-dec-000359_response.txt,quality_check,.txt,21389
quality_check/decision_mock-24591-46c1eb90-dec-000360_request.txt,quality_check,.txt,13792
quality_check/decision_mock-24591-46c1eb90-dec-000360_response.txt,quality_check,.txt,11511
quality_check/decision_mock-24591-46c1eb90-dec-000361_request.txt,quality_check,.txt,17612
quality_check/decision_mock-24591-46c1eb90-dec-000361_response.txt,quality_check,.txt,11058
quality_check/decision_mock-24591-46c1eb90-dec-000362_request.txt,quality_check,.txt,15995
quality_check/decision_mock-24591-46c1eb90-dec-000362_response.txt,quality_check,.txt,9966
quality_check/decision_mock-24591-46c1eb90-dec-000363_request.txt,quality_check,.txt,17993
quality_check/decision_mock-24591-46c1eb90-dec-000363_response.txt,quality_check,.txt,19672
quality_check/decision_mock-24591-46c1eb90-dec-000364_request.txt,quality_check,.txt,16802
quality_check/decision_mock-24591-46c1eb90-dec-000364_response.txt,quality_check,.txt,10053
quality_check/decision_mock-24591-46c1eb90-dec-000365_request.txt,quality_check,.txt,18623
quality_check/decision_mock-24591-46c1eb90-dec-000365_response.txt,quality_check,.txt,24418
quality_check/decision_mock-24591-46c1eb90-dec-000366_request.txt,quality_check,.txt,18172
quality_check/decision_mock-24591-46c1eb90-dec-000366_response.txt,quality_check,.txt,16499
quality_check/decision_mock-24591-46c1eb90-dec-000367_request.txt,quality_check,.txt,16431
quality_check/decision_mock-24591-46c1eb90-dec-000367_response.txt,quality_check,.txt,10637
quality_check/decision_mock-24591-46c1eb90-dec-000368_request.txt,quality_check,.txt,16528
quality_check/decision_mock-24591-46c1eb90-dec-000368_response.txt,quality_check,.txt,4849
quality_check/decision_mock-24591-46c1eb90-dec-000369_request.txt,quality_check,.txt,16528
quality_check/decision_mock-24591-46c1eb90-dec-000369_response.txt,quality_check,.txt,6719
quality_check/decision_mock-24591-46c1eb90-dec-000370_request.txt,quality_check,.txt,16573
quality_check/decision_mock-24591-46c1eb90-dec-000370_response.txt,quality_check,.txt,6757
quality_check/decision_mock-24591-46c1eb90-dec-000370_retry1_request.txt,quality_check,.txt,16746
quality_check/decision_mock-24591-46c1eb90-dec-000370_retry1_response.txt,quality_check,.txt,5849
quality_check/decision_mock-24591-46c1eb90-dec-000371_request.txt,quality_check,.txt,15446
quality_check/decision_mock-24591-46c1eb90-dec-000371_response.txt,quality_check,.txt,11188
quality_check/decision_mock-24591-46c1eb90-dec-000372_request.txt,quality_check,.txt,16429
quality_check/decision_mock-24591-46c1eb90-dec-000372_response.txt,quality_check,.txt,14078
quality_check/decision_mock-24591-46c1eb90-dec-000373_request.txt,quality_check,.txt,15593
quality_check/decision_mock-24591-46c1eb90-dec-000373_response.txt,quality_check,.txt,8645
quality_check/decision_mock-24591-46c1eb90-dec-000374_request.txt,quality_check,.txt,14204
quality_check/decision_mock-24591-46c1eb90-dec-000374_response.txt,quality_check,.txt,4952
quality_check/decision_mock-24591-46c1eb90-dec-000375_request.txt,quality_check,.txt,16691
quality_check/decision_mock-24591-46c1eb90-dec-000375_response.txt,quality_check,.txt,11092
quality_check/decision_mock-24591-46c1eb90-dec-000376_request.txt,quality_check,.txt,17597
quality_check/decision_mock-24591-46c1eb90-dec-000376_response.txt,quality_check,.txt,11638
quality_check/decision_mock-24591-46c1eb90-dec-000377_request.txt,quality_check,.txt,18492
quality_check/decision_mock-24591-46c1eb90-dec-000377_response.txt,quality_check,.txt,43687
quality_check/decision_mock-24591-46c1eb90-dec-000378_request.txt,quality_check,.txt,15527
quality_check/decision_mock-24591-46c1eb90-dec-000378_response.txt,quality_check,.txt,23218
quality_check/decision_mock-24591-46c1eb90-dec-000379_request.txt,quality_check,.txt,17297
quality_check/decision_mock-24591-46c1eb90-dec-000379_response.txt,quality_check,.txt,16639
quality_check/decision_mock-24591-46c1eb90-dec-000380_request.txt,quality_check,.txt,14039
quality_check/decision_mock-24591-46c1eb90-dec-000380_response.txt,quality_check,.txt,11487
quality_check/decision_mock-24591-46c1eb90-dec-000381_request.txt,quality_check,.txt,13892
quality_check/decision_mock-24591-46c1eb90-dec-000381_response.txt,quality_check,.txt,8434
quality_check/decision_mock-24591-46c1eb90-dec-000382_request.txt,quality_check,.txt,14522
quality_check/decision_mock-24591-46c1eb90-dec-000382_response.txt,quality_check,.txt,9972
quality_check/decision_mock-24591-46c1eb90-dec-000383_request.txt,quality_check,.txt,15115
quality_check/decision_mock-24591-46c1eb90-dec-000383_response.txt,quality_check,.txt,33544
quality_check/decision_mock-24591-46c1eb90-dec-000384_request.txt,quality_check,.txt,13829
quality_check/decision_mock-24591-46c1eb90-dec-000384_response.txt,quality_check,.txt,9715
quality_check/decision_mock-24591-46c1eb90-dec-000385_request.txt,quality_check,.txt,13791
quality_check/decision_mock-24591-46c1eb90-dec-000385_response.txt,quality_check,.txt,11386
quality_check/decision_mock-24591-46c1eb90-dec-000386_request.txt,quality_check,.txt,13969
quality_check/decision_mock-24591-46c1eb90-dec-000386_response.txt,quality_check,.txt,6273
quality_check/decision_mock-24591-46c1eb90-dec-000387_request.txt,quality_check,.txt,12837
quality_check/decision_mock-24591-46c1eb90-dec-000387_response.txt,quality_check,.txt,5794
quality_check/decision_mock-24591-46c1eb90-dec-000388_request.txt,quality_check,.txt,13582
quality_check/decision_mock-24591-46c1eb90-dec-000388_response.txt,quality_check,.txt,4789
quality_check/decision_mock-24591-46c1eb90-dec-000389_request.txt,quality_check,.txt,13864
quality_check/decision_mock-24591-46c1eb90-dec-000389_response.txt,quality_check,.txt,6908
quality_check/decision_mock-24591-46c1eb90-dec-000390_request.txt,quality_check,.txt,13656
quality_check/decision_mock-24591-46c1eb90-dec-000390_response.txt,quality_check,.txt,2817
quality_check/decision_mock-24591-46c1eb90-dec-000391_request.txt,quality_check,.txt,17125
quality_check/decision_mock-24591-46c1eb90-dec-000391_response.txt,quality_check,.txt,18684
quality_check/decision_mock-24591-46c1eb90-dec-000392_request.txt,quality_check,.txt,17212
quality_check/decision_mock-24591-46c1eb90-dec-000392_response.txt,quality_check,.txt,10663
quality_check/decision_mock-24591-46c1eb90-dec-000393_request.txt,quality_check,.txt,12967
quality_check/decision_mock-24591-46c1eb90-dec-000393_response.txt,quality_check,.txt,4301
quality_check/decision_mock-24591-46c1eb90-dec-000394_request.txt,quality_check,.txt,12784
quality_check/decision_mock-24591-46c1eb90-dec-000394_response.txt,quality_check,.txt,7862
quality_check/decision_mock-24591-46c1eb90-dec-000395_request.txt,quality_check,.txt,12910
quality_check/decision_mock-24591-46c1eb90-dec-000395_response.txt,quality_check,.txt,4179
run/actions.jsonl,run,.jsonl,287905
run/artifact_manifest.json,run,.json,13071
run/artifact_replay_report.json,run,.json,1108
run/asset_flow.jsonl,run,.jsonl,47610
run/auction_threads.jsonl,run,.jsonl,6623
run/behavioral_flags.jsonl,run,.jsonl,103307
run/cash_flow.jsonl,run,.jsonl,74416
run/cost_report.json,run,.json,3305
run/decision_index.json,run,.json,144835
run/decisions.jsonl,run,.jsonl,20552087
run/event_hashes.json,run,.json,530176
run/events.jsonl,run,.jsonl,1069838
run/experiment_manifest.json,run,.json,3592
run/failure_findings.jsonl,run,.jsonl,18086
run/failure_summary.json,run,.json,360
run/negotiation_threads.jsonl,run,.jsonl,18378
run/player_timelines.json,run,.json,635567
run/players.json,run,.json,1095
run/pricing_snapshot.json,run,.json,511824
run/prompts/decision_mock-24591-46c1eb90-dec-000000_parsed.json,run,.json,1397
run/prompts/decision_mock-24591-46c1eb90-dec-000000_response.json,run,.json,3668
run/prompts/decision_mock-24591-46c1eb90-dec-000000_system.txt,run,.txt,1912
run/prompts/decision_mock-24591-46c1eb90-dec-000000_tools.json,run,.json,632
run/prompts/decision_mock-24591-46c1eb90-dec-000000_user.json,run,.json,1865
run/prompts/decision_mock-24591-46c1eb90-dec-000001_parsed.json,run,.json,1281
run/prompts/decision_mock-24591-46c1eb90-dec-000001_response.json,run,.json,3573
run/prompts/decision_mock-24591-46c1eb90-dec-000001_system.txt,run,.txt,1912
run/prompts/decision_mock-24591-46c1eb90-dec-000001_tools.json,run,.json,1539
run/prompts/decision_mock-24591-46c1eb90-dec-000001_user.json,run,.json,2492
run/prompts/decision_mock-24591-46c1eb90-dec-000002_parsed.json,run,.json,1627
run/prompts/decision_mock-24591-46c1eb90-dec-000002_response.json,run,.json,6142
run/prompts/decision_mock-24591-46c1eb90-dec-000002_system.txt,run,.txt,1912
run/prompts/decision_mock-24591-46c1eb90-dec-000002_tools.json,run,.json,1198
run/prompts/decision_mock-24591-46c1eb90-dec-000002_user.json,run,.json,2459
run/prompts/decision_mock-24591-46c1eb90-dec-000003_parsed.json,run,.json,2133
run/prompts/decision_mock-24591-46c1eb90-dec-000003_response.json,run,.json,3525
run/prompts/decision_mock-24591-46c1eb90-dec-000003_system.txt,run,.txt,1912
run/prompts/decision_mock-24591-46c1eb90-dec-000003_tools.json,run,.json,632
run/prompts/decision_mock-24591-46c1eb90-dec-000003_user.json,run,.json,2338
run/prompts/decision_mock-24591-46c1eb90-dec-000004_parsed.json,run,.json,1813
run/prompts/decision_mock-24591-46c1eb90-dec-000004_response.json,run,.json,3435
run/prompts/decision_mock-24591-46c1eb90-dec-000004_system.txt,run,.txt,1912
run/prompts/decision_mock-24591-46c1eb90-dec-000004_tools.json,run,.json,1539
run/prompts/decision_mock-24591-46c1eb90-dec-000004_user.json,run,.json,3139
run/prompts/decision_mock-24591-46c1eb90-dec-000005_parsed.json,run,.json,1485
run/prompts/decision_mock-24591-46c1eb90-dec-000005_response.json,run,.json,3655
run/prompts/decision_mock-24591-46c1eb90-dec-000005_system.txt,run,.txt,1912
run/prompts/decision_mock-24591-46c1eb90-dec-000005_tools.json,run,.json,1198
run/prompts/decision_mock-24591-46c1eb90-dec-000005_user.json,run,.json,3011
run/prompts/decision_mock-24591-46c1eb90-dec-000006_parsed.json,run,.json,1609
run/prompts/decision_mock-24591-46c1eb90-dec-000006_response.json,run,.json,3752
run/prompts/decision_mock-24591-46c1eb90-dec-000006_system.txt,run,.txt,1912
run/prompts/decision_mock-24591-46c1eb90-dec-000006_tools.json,run,.json,632
run/prompts/decision_mock-24591-46c1eb90-dec-000006_user.json,run,.json,3118
run/prompts/decision_mock-24591-46c1eb90-dec-000007_parsed.json,run,.json,1445
run/prompts/decision_mock-24591-46c1eb90-dec-000007_response.json,run,.json,4006
run/prompts/decision_mock-24591-46c1eb90-dec-000007_system.txt,run,.txt,1912
run/prompts/decision_mock-24591-46c1eb90-dec-000007_tools.json,run,.json,1539
run/prompts/decision_mock-24591-46c1eb90-dec-000007_user.json,run,.json,3819
run/prompts/decision_mock-24591-46c1eb90-dec-000008_parsed.json,run,.json,2139
run/prompts/decision_mock-24591-46c1eb90-dec-000008_response.json,run,.json,21185
run/prompts/decision_mock-24591-46c1eb90-dec-000008_system.txt,run,.txt,1912
run/prompts/decision_mock-24591-46c1eb90-dec-000008_tools.json,run,.json,632
run/prompts/decision_mock-24591-46c1eb90-dec-000008_user.json,run,.json,3465
run/prompts/decision_mock-24591-46c1eb90-dec-000009_parsed.json,run,.json,1983
run/prompts/decision_mock-24591-46c1eb90-dec-000009_response.json,run,.json,9273
run/prompts/decision_mock-24591-46c1eb90-dec-000009_system.txt,run,.txt,1912
run/prompts/decision_mock-24591-46c1eb90-dec-000009_tools.json,run,.json,1539
run/prompts/decision_mock-24591-46c1eb90-dec-000009_user.json,run,.json,4283
run/prompts/decision_mock-24591-46c1eb90-dec-000010_parsed.json,run,.json,1877
run/prompts/decision_mock-24591-46c1eb90-dec-000010_response.json,run,.json,4151
run/prompts/decision_mock-24591-46c1eb90-dec-000010_system.txt,run,.txt,1912
run/prompts/decision_mock-24591-46c1eb90-dec-000010_tools.json,run,.json,1539
run/prompts/decision_mock-24591-46c1eb90-dec-000010_user.json,run,.json,4567
run/prompts/decision_mock-24591-46c1eb90-dec-000011_parsed.json,run,.json,1829
run/prompts/decision_mock-24591-46c1eb90-dec-000011_response.json,run,.json,5575
run/prompts/decision_mock-24591-46c1eb90-dec-000011_system.txt,run,.txt,1912
run/prompts/decision_mock-24591-46c1eb90-dec-000011_tools.json,run,.json,632
run/prompts/decision_mock-24591-46c1eb90-dec-000011_user.json,run,.json,4119
run/prompts/decision_mock-24591-46c1eb90-dec-000012_parsed.json,run,.json,1587
run/prompts/decision_mock-24591-46c1eb90-dec-000012_response.json,run,.json,8421
run/prompts/decision_mock-24591-46c1eb90-dec-000012_system.txt,run,.txt,1912
run/prompts/decision_mock-24591-46c1eb90-dec-000012_tools.json,run,.json,652
run/prompts/decision_mock-24591-46c1eb90-dec-000012_user.json,run,.json,4760
run/prompts/decision_mock-24591-46c1eb90-dec-000013_parsed.json,run,.json,2171
run/prompts/decision_mock-24591-46c1eb90-dec-000013_response.json,run,.json,11143
run/prompts/decision_mock-24591-46c1eb90-dec-000013_system.txt,run,.txt,1912
run/prompts/decision_mock-24591-46c1eb90-dec-000013_tools.json,run,.json,652
run/prompts/decision_mock-24591-46c1eb90-dec-000013_user.json,run,.json,5199
run/prompts/decision_mock-24591-46c1eb90-dec-000014_parsed.json,run,.json,2031
run/prompts/decision_mock-24591-46c1eb90-dec-000014_response.json,run,.json,3727
run/prompts/decision_mock-24591-46c1eb90-dec-000014_system.txt,run,.txt,1912
run/prompts/decision_mock-24591-46c1eb90-dec-000014_tools.json,run,.json,652
run/prompts/decision_mock-24591-46c1eb90-dec-000014_user.json,run,.json,5427
run/prompts/decision_mock-24591-46c1eb90-dec-000015_parsed.json,run,.json,1657
run/prompts/decision_mock-24591-46c1eb90-dec-000015_response.json,run,.json,4653
run/prompts/decision_mock-24591-46c1eb90-dec-000015_system.txt,run,.txt,1912
run/prompts/decision_mock-24591-46c1eb90-dec-000015_tools.json,run,.json,652
run/prompts/decision_mock-24591-46c1eb90-dec-000015_user.json,run,.json,5375
run/prompts/decision_mock-24591-46c1eb90-dec-000016_parsed.json,run,.json,1583
run/prompts/decision_mock-24591-46c1eb90-dec-000016_response.json,run,.json,6544
run/prompts/decision_mock-24591-46c1eb90-dec-000016_system.txt,run,.txt,1912
run/prompts/decision_mock-24591-46c1eb90-dec-000016_tools.json,run,.json,652
run/prompts/decision_mock-24591-46c1eb90-dec-000016_user.json,run,.json,5961
run/prompts/decision_mock-24591-46c1eb90-dec-000017_parsed.json,run,.json,2115
run/prompts/decision_mock-24591-46c1eb90-dec-000017_response.json,run,.json,3603
run/prompts/decision_mock-24591-46c1eb90-dec-000017_system.txt,run,.txt,1912
run/prompts/decision_mock-24591-46c1eb90-dec-000017_tools.json,run,.json,652
run/prompts/decision_mock-24591-46c1eb90-dec-000017_user.json,run,.json,6386
run/prompts/decision_mock-24591-46c1eb90-dec-000018_parsed.json,run,.json,1631
run/prompts/decision_mock-24591-46c1eb90-dec-000018_response.json,run,.json,4754
run/prompts/decision_mock-24591-46c1eb90-dec-000018_system.txt,run,.txt,1912
run/prompts/decision_mock-24591-46c1eb90-dec-000018_tools.json,run,.json,652
run/prompts/decision_mock-24591-46c1eb90-dec-000018_user.json,run,.json,6621
run/prompts/decision_mock-24591-46c1eb90-dec-000019_parsed.json,run,.json,2019
run/prompts/decision_mock-24591-46c1eb90-dec-000019_response.json,run,.json,3860
run/prompts/decision_mock-24591-46c1eb90-dec-000019_system.txt,run,.txt,1912
run/prompts/decision_mock-24591-46c1eb90-dec-000019_tools.json,run,.json,652
run/prompts/decision_mock-24591-46c1eb90-dec-000019_user.json,run,.json,7121
run/prompts/decision_mock-24591-46c1eb90-dec-000020_parsed.json,run,.json,1425
run/prompts/decision_mock-24591-46c1eb90-dec-000020_response.json,run,.json,3370
run/prompts/decision_mock-24591-46c1eb90-dec-000020_system.txt,run,.txt,1912
run/prompts/decision_mock-24591-46c1eb90-dec-000020_tools.json,run,.json,652
run/prompts/decision_mock-24591-46c1eb90-dec-000020_user.json,run,.json,7103
run/prompts/decision_mock-24591-46c1eb90-dec-000021_parsed.json,run,.json,1729
run/prompts/decision_mock-24591-46c1eb90-dec-000021_response.json,run,.json,3552
run/prompts/decision_mock-24591-46c1eb90-dec-000021_system.txt,run,.txt,1912
run/prompts/decision_mock-24591-46c1eb90-dec-000021_tools.json,run,.json,1198
run/prompts/decision_mock-24591-46c1eb90-dec-000021_user.json,run,.json,6289
run/prompts/decision_mock-24591-46c1eb90-dec-000022_parsed.json,run,.json,1569
run/prompts/decision_mock-24591-46c1eb90-dec-000022_response.json,run,.json,3820
run/prompts/decision_mock-24591-46c1eb90-dec-000022_system.txt,run,.txt,1912
run/prompts/decision_mock-24591-46c1eb90-dec-000022_tools.json,run,.json,632
run/prompts/decision_mock-24591-46c1eb90-dec-000022_user.json,run,.json,6695
run/prompts/decision_mock-24591-46c1eb90-dec-000023_parsed.json,run,.json,1745
run/prompts/decision_mock-24591-46c1eb90-dec-000023_response.json,run,.json,6533
run/prompts/decision_mock-24591-46c1eb90-dec-000023_system.txt,run,.txt,1912
run/prompts/decision_mock-24591-46c1eb90-dec-000023_tools.json,run,.json,1539
run/prompts/decision_mock-24591-46c1eb90-dec-000023_user.json,run,.json,7287
run/prompts/decision_mock-24591-46c1eb90-dec-000024_parsed.json,run,.json,2499
run/prompts/decision_mock-24591-46c1eb90-dec-000024_response.json,run,.json,12547
run/prompts/decision_mock-24591-46c1eb90-dec-000024_system.txt,run,.txt,1912
run/prompts/decision_mock-24591-46c1eb90-dec-000024_tools.json,run,.json,632
run/prompts/decision_mock-24591-46c1eb90-dec-000024_user.json,run,.json,6597
run/prompts/decision_mock-24591-46c1eb90-dec-000025_parsed.json,run,.json,2499
run/prompts/decision_mock-24591-46c1eb90-dec-000025_response.json,run,.json,13175
run/prompts/decision_mock-24591-46c1eb90-dec-000025_system.txt,run,.txt,1912
run/prompts/decision_mock-24591-46c1eb90-dec-000025_tools.json,run,.json,1539
run/prompts/decision_mock-24591-46c1eb90-dec-000025_user.json,run,.json,7399
run/prompts/decision_mock-24591-46c1eb90-dec-000026_parsed.json,run,.json,2165
run/prompts/decision_mock-24591-46c1eb90-dec-000026_response.json,run,.json,3636
run/prompts/decision_mock-24591-46c1eb90-dec-000026_system.txt,run,.txt,1912
run/prompts/decision_mock-24591-46c1eb90-dec-000026_tools.json,run,.json,632
run/prompts/decision_mock-24591-46c1eb90-dec-000026_user.json,run,.json,7106
run/prompts/decision_mock-24591-46c1eb90-dec-000027_parsed.json,run,.json,2445
run/prompts/decision_mock-24591-46c1eb90-dec-000027_response.json,run,.json,4228
run/prompts/decision_mock-24591-46c1eb90-dec-000027_system.txt,run,.txt,1912
run/prompts/decision_mock-24591-46c1eb90-dec-000027_tools.json,run,.json,1539
run/prompts/decision_mock-24591-46c1eb90-dec-000027_user.json,run,.json,7810
run/prompts/decision_mock-24591-46c1eb90-dec-000028_parsed.json,run,.json,1453
run/prompts/decision_mock-24591-46c1eb90-dec-000028_response.json,run,.json,4976
run/prompts/decision_mock-24591-46c1eb90-dec-000028_system.txt,run,.txt,1912
run/prompts/decision_mock-24591-46c1eb90-dec-000028_tools.json,run,.json,1198
run/prompts/decision_mock-24591-46c1eb90-dec-000028_user.json,run,.json,6856
run/prompts/decision_mock-24591-46c1eb90-dec-000029_parsed.json,run,.json,1597
run/prompts/decision_mock-24591-46c1eb90-dec-000029_response.json,run,.json,4765
run/prompts/decision_mock-24591-46c1eb90-dec-000029_system.txt,run,.txt,1912
run/prompts/decision_mock-24591-46c1eb90-dec-000029_tools.json,run,.json,632
run/prompts/decision_mock-24591-46c1eb90-dec-000029_user.json,run,.json,7364
run/prompts/decision_mock-24591-46c1eb90-dec-000030_parsed.json,run,.json,1673
run/prompts/decision_mock-24591-46c1eb90-dec-000030_response.json,run,.json,4162
run/prompts/decision_mock-24591-46c1eb90-dec-000030_system.txt,run,.txt,1912
run/prompts/decision_mock-24591-46c1eb90-dec-000030_tools.json,run,.json,1539
run/prompts/decision_mock-24591-46c1eb90-dec-000030_user.json,run,.json,7813
run/prompts/decision_mock-24591-46c1eb90-dec-000031_parsed.json,run,.json,2239
run/prompts/decision_mock-24591-46c1eb90-dec-000031_response.json,run,.json,12469
run/prompts/decision_mock-24591-46c1eb90-dec-000031_system.txt,run,.txt,1912
run/prompts/decision_mock-24591-46c1eb90-dec-000031_tools.json,run,.json,632
run/prompts/decision_mock-24591-46c1eb90-dec-000031_user.json,run,.json,7558
run/prompts/decision_mock-24591-46c1eb90-dec-000032_parsed.json,run,.json,2027
run/prompts/decision_mock-24591-46c1eb90-dec-000032_response.json,run,.json,3978
run/prompts/decision_mock-24591-46c1eb90-dec-000032_system.txt,run,.txt,1912
run/prompts/decision_mock-24591-46c1eb90-dec-000032_tools.json,run,.json,652
run/prompts/decision_mock-24591-46c1eb90-dec-000032_user.json,run,.json,7884
run/prompts/decision_mock-24591-46c1eb90-dec-000033_parsed.json,run,.json,2097
run/prompts/decision_mock-24591-46c1eb90-dec-000033_response.json,run,.json,5077
run/prompts/decision_mock-24591-46c1eb90-dec-000033_system.txt,run,.txt,1912
run/prompts/decision_mock-24591-46c1eb90-dec-000033_tools.json,run,.json,652
run/prompts/decision_mock-24591-46c1eb90-dec-000033_user.json,run,.json,6856
run/prompts/decision_mock-24591-46c1eb90-dec-000034_parsed.json,run,.json,1943
run/prompts/decision_mock-24591-46c1eb90-dec-000034_response.json,run,.json,5912
run/prompts/decision_mock-24591-46c1eb90-dec-000034_system.txt,run,.txt,1912
run/prompts/decision_mock-24591-46c1eb90-dec-000034_tools.json,run,.json,652
run/prompts/decision_mock-24591-46c1eb90-dec-000034_user.json,run,.json,7757
run/prompts/decision_mock-24591-46c1eb90-dec-000035_parsed.json,run,.json,2303
run/prompts/decision_mock-24591-46c1eb90-dec-000035_response.json,run,.json,11607
run/prompts/decision_mock-24591-46c1eb90-dec-000035_system.txt,run,.txt,1912
run/prompts/decision_mock-24591-46c1eb90-dec-000035_tools.json,run,.json,652
run/prompts/decision_mock-24591-46c1eb90-dec-000035_user.json,run,.json,8198
run/prompts/decision_mock-24591-46c1eb90-dec-000036_parsed.json,run,.json,2279
run/prompts/decision_mock-24591-46c1eb90-dec-000036_response.json,run,.json,3207
run/prompts/decision_mock-24591-46c1eb90-dec-000036_system.txt,run,.txt,1912
run/prompts/decision_mock-24591-46c1eb90-dec-000036_tools.json,run,.json,652
run/prompts/decision_mock-24591-46c1eb90-dec-000036_user.json,run,.json,8518
run/prompts/decision_mock-24591-46c1eb90-dec-000037_parsed.json,run,.json,2163
run/prompts/decision_mock-24591-46c1eb90-dec-000037_response.json,run,.json,7110
run/prompts/decision_mock-24591-46c1eb90-dec-000037_system.txt,run,.txt,1912
run/prompts/decision_mock-24591-46c1eb90-dec-000037_tools.json,run,.json,652
run/prompts/decision_mock-24591-46c1eb90-dec-000037_user.json,run,.json,8191
run/prompts/decision_mock-24591-46c1eb90-dec-000038_parsed.json,run,.json,2087
run/prompts/decision_mock-24591-46c1eb90-dec-000038_response.json,run,.json,3705
run/prompts/decision_mock-24591-46c1eb90-dec-000038_system.txt,run,.txt,1912
run/prompts/decision_mock-24591-46c1eb90-dec-000038_tools.json,run,.json,652
run/prompts/decision_mock-24591-46c1eb90-dec-000038_user.json,run,.json,9005
run/prompts/decision_mock-24591-46c1eb90-dec-000039_parsed.json,run,.json,1777
run/prompts/decision_mock-24591-46c1eb90-dec-000039_response.json,run,.json,8360
run/prompts/decision_mock-24591-46c1eb90-dec-000039_system.txt,run,.txt,1912
run/prompts/decision_mock-24591-46c1eb90-dec-000039_tools.json,run,.json,652
run/prompts/decision_mock-24591-46c1eb90-dec-000039_user.json,run,.json,8529
run/prompts/decision_mock-24591-46c1eb90-dec-000040_parsed.json,run,.json,2035
run/prompts/decision_mock-24591-46c1eb90-dec-000040_response.json,run,.json,11432
run/prompts/decision_mock-24591-46c1eb90-dec-000040_system.txt,run,.txt,1912
run/prompts/decision_mock-24591-46c1eb90-dec-000040_tools.json,run,.json,1539
run/prompts/decision_mock-24591-46c1eb90-dec-000040_user.json,run,.json,8835
run/prompts/decision_mock-24591-46c1eb90-dec-000041_parsed.json,run,.json,2401
run/prompts/decision_mock-24591-46c1eb90-dec-000041_response.json,run,.json,6516
run/prompts/decision_mock-24591-46c1eb90-dec-000041_system.txt,run,.txt,1912
run/prompts/decision_mock-24591-46c1eb90-dec-000041_tools.json,run,.json,1539
run/prompts/decision_mock-24591-46c1eb90-dec-000041_user.json,run,.json,8945
run/prompts/decision_mock-24591-46c1eb90-dec-000042_parsed.json,run,.json,2229
run/prompts/decision_mock-24591-46c1eb90-dec-000042_response.json,run,.json,5227
run/prompts/decision_mock-24591-46c1eb90-dec-000042_system.txt,run,.txt,1912
run/prompts/decision_mock-24591-46c1eb90-dec-000042_tools.json,run,.json,632
run/prompts/decision_mock-24591-46c1eb90-dec-000042_user.json,run,.json,7322
run/prompts/decision_mock-24591-46c1eb90-dec-000043_parsed.json,run,.json,1517
run/prompts/decision_mock-24591-46c1eb90-dec-000043_response.json,run,.json,4715
run/prompts/decision_mock-24591-46c1eb90-dec-000043_system.txt,run,.txt,1912
run/prompts/decision_mock-24591-46c1eb90-dec-000043_tools.json,run,.json,1539
run/prompts/decision_mock-24591-46c1eb90-dec-000043_user.json,run,.json,7920
run/prompts/decision_mock-24591-46c1eb90-dec-000044_parsed.json,run,.json,1593
run/prompts/decision_mock-24591-46c1eb90-dec-000044_response.json,run,.json,3941
run/prompts/decision_mock-24591-46c1eb90-dec-000044_system.txt,run,.txt,1912
run/prompts/decision_mock-24591-46c1eb90-dec-000044_tools.json,run,.json,632
run/prompts/decision_mock-24591-46c1eb90-dec-000044_user.json,run,.json,8065
run/prompts/decision_mock-24591-46c1eb90-dec-000045_parsed.json,run,.json,2615
run/prompts/decision_mock-24591-46c1eb90-dec-000045_response.json,run,.json,20654
run/prompts/decision_mock-24591-46c1eb90-dec-000045_system.txt,run,.txt,1912
run/prompts/decision_mock-24591-46c1eb90-dec-000045_tools.json,run,.json,1539
run/prompts/decision_mock-24591-46c1eb90-dec-000045_user.json,run,.json,8494
run/prompts/decision_mock-24591-46c1eb90-dec-000046_parsed.json,run,.json,2049
run/prompts/decision_mock-24591-46c1eb90-dec-000046_response.json,run,.json,7303
run/prompts/decision_mock-24591-46c1eb90-dec-000046_system.txt,run,.txt,1912
run/prompts/decision_mock-24591-46c1eb90-dec-000046_tools.json,run,.json,1466
run/prompts/decision_mock-24591-46c1eb90-dec-000046_user.json,run,.json,8058
run/prompts/decision_mock-24591-46c1eb90-dec-000047_parsed.json,run,.json,2563
run/prompts/decision_mock-24591-46c1eb90-dec-000047_response.json,run,.json,11838
run/prompts/decision_mock-24591-46c1eb90-dec-000047_system.txt,run,.txt,1912
run/prompts/decision_mock-24591-46c1eb90-dec-000047_tools.json,run,.json,1539
run/prompts/decision_mock-24591-46c1eb90-dec-000047_user.json,run,.json,8693
run/prompts/decision_mock-24591-46c1eb90-dec-000048_parsed.json,run,.json,1773
run/prompts/decision_mock-24591-46c1eb90-dec-000048_response.json,run,.json,6306
run/prompts/decision_mock-24591-46c1eb90-dec-000048_system.txt,run,.txt,1912
run/prompts/decision_mock-24591-46c1eb90-dec-000048_tools.json,run,.json,1466
run/prompts/decision_mock-24591-46c1eb90-dec-000048_user.json,run,.json,8481
run/prompts/decision_mock-24591-46c1eb90-dec-000049_parsed.json,run,.json,1517
run/prompts/decision_mock-24591-46c1eb90-dec-000049_response.json,run,.json,8732
run/prompts/decision_mock-24591-46c1eb90-dec-000049_system.txt,run,.txt,1912
run/prompts/decision_mock-24591-46c1eb90-dec-000049_tools.json,run,.json,1539
run/prompts/decision_mock-24591-46c1eb90-dec-000049_user.json,run,.json,8849
run/prompts/decision_mock-24591-46c1eb90-dec-000050_parsed.json,run,.json,1633
run/prompts/decision_mock-24591-46c1eb90-dec-000050_response.json,run,.json,12179
run/prompts/decision_mock-24591-46c1eb90-dec-000050_system.txt,run,.txt,1912
run/prompts/decision_mock-24591-46c1eb90-dec-000050_tools.json,run,.json,632
run/prompts/decision_mock-24591-46c1eb90-dec-000050_user.json,run,.json,8387
run/prompts/decision_mock-24591-46c1eb90-dec-000051_parsed.json,run,.json,1975
run/prompts/decision_mock-24591-46c1eb90-dec-000051_response.json,run,.json,12201
run/prompts/decision_mock-24591-46c1eb90-dec-000051_system.txt,run,.txt,1912
run/prompts/decision_mock-24591-46c1eb90-dec-000051_tools.json,run,.json,1539
run/prompts/decision_mock-24591-46c1eb90-dec-000051_user.json,run,.json,8794
run/prompts/decision_mock-24591-46c1eb90-dec-000052_parsed.json,run,.json,1625
run/prompts/decision_mock-24591-46c1eb90-dec-000052_response.json,run,.json,4907
run/prompts/decision_mock-24591-46c1eb90-dec-000052_system.txt,run,.txt,1912
run/prompts/decision_mock-24591-46c1eb90-dec-000052_tools.json,run,.json,1884
run/prompts/decision_mock-24591-46c1eb90-dec-000052_user.json,run,.json,8892
run/prompts/decision_mock-24591-46c1eb90-dec-000053_parsed.json,run,.json,2631
run/prompts/decision_mock-24591-46c1eb90-dec-000053_response.json,run,.json,12606
run/prompts/decision_mock-24591-46c1eb90-dec-000053_system.txt,run,.txt,1912
run/prompts/decision_mock-24591-46c1eb90-dec-000053_tools.json,run,.json,1539
run/prompts/decision_mock-24591-46c1eb90-dec-000053_user.json,run,.json,9185
run/prompts/decision_mock-24591-46c1eb90-dec-000054_parsed.json,run,.json,1873
run/prompts/decision_mock-24591-46c1eb90-dec-000054_response.json,run,.json,3794
run/prompts/decision_mock-24591-46c1eb90-dec-000054_system.txt,run,.txt,1912
run/prompts/decision_mock-24591-46c1eb90-dec-000054_tools.json,run,.json,632
run/prompts/decision_mock-24591-46c1eb90-dec-000054_user.json,run,.json,8913
run/prompts/decision_mock-24591-46c1eb90-dec-000055_parsed.json,run,.json,4315
run/prompts/decision_mock-24591-46c1eb90-dec-000055_response.json,run,.json,11887
run/prompts/decision_mock-24591-46c1eb90-dec-000055_system.txt,run,.txt,1912
run/prompts/decision_mock-24591-46c1eb90-dec-000055_tools.json,run,.json,1539
run/prompts/decision_mock-24591-46c1eb90-dec-000055_user.json,run,.json,9337
run/prompts/decision_mock-24591-46c1eb90-dec-000056_parsed.json,run,.json,1837
run/prompts/decision_mock-24591-46c1eb90-dec-000056_response.json,run,.json,4861
run/prompts/decision_mock-24591-46c1eb90-dec-000056_system.txt,run,.txt,1912
run/prompts/decision_mock-24591-46c1eb90-dec-000056_tools.json,run,.json,1466
run/prompts/decision_mock-24591-46c1eb90-dec-000056_user.json,run,.json,8819
run/prompts/decision_mock-24591-46c1eb90-dec-000057_parsed.json,run,.json,2613
run/prompts/decision_mock-24591-46c1eb90-dec-000057_response.json,run,.json,6179
run/prompts/decision_mock-24591-46c1eb90-dec-000057_system.txt,run,.txt,1912
run/prompts/decision_mock-24591-46c1eb90-dec-000057_tools.json,run,.json,1539
run/prompts/decision_mock-24591-46c1eb90-dec-000057_user.json,run,.json,9926
run/prompts/decision_mock-24591-46c1eb90-dec-000058_parsed.json,run,.json,1869
run/prompts/decision_mock-24591-46c1eb90-dec-000058_response.json,run,.json,4985
run/prompts/decision_mock-24591-46c1eb90-dec-000058_system.txt,run,.txt,1912
run/prompts/decision_mock-24591-46c1eb90-dec-000058_tools.json,run,.json,1539
run/prompts/decision_mock-24591-46c1eb90-dec-000058_user.json,run,.json,9097
run/prompts/decision_mock-24591-46c1eb90-dec-000059_parsed.json,run,.json,1541
run/prompts/decision_mock-24591-46c1eb90-dec-000059_response.json,run,.json,4065
run/prompts/decision_mock-24591-46c1eb90-dec-000059_system.txt,run,.txt,1912
run/prompts/decision_mock-24591-46c1eb90-dec-000059_tools.json,run,.json,632
run/prompts/decision_mock-24591-46c1eb90-dec-000059_user.json,run,.json,8673
run/prompts/decision_mock-24591-46c1eb90-dec-000060_parsed.json,run,.json,2879
run/prompts/decision_mock-24591-46c1eb90-dec-000060_response.json,run,.json,14631
run/prompts/decision_mock-24591-46c1eb90-dec-000060_system.txt,run,.txt,1912
run/prompts/decision_mock-24591-46c1eb90-dec-000060_tools.json,run,.json,1884
run/prompts/decision_mock-24591-46c1eb90-dec-000060_user.json,run,.json,9007
run/prompts/decision_mock-24591-46c1eb90-dec-000061_parsed.json,run,.json,2617
run/prompts/decision_mock-24591-46c1eb90-dec-000061_response.json,run,.json,5066
run/prompts/decision_mock-24591-46c1eb90-dec-000061_system.txt,run,.txt,1912
run/prompts/decision_mock-24591-46c1eb90-dec-000061_tools.json,run,.json,1466
run/prompts/decision_mock-24591-46c1eb90-dec-000061_user.json,run,.json,9105
run/prompts/decision_mock-24591-46c1eb90-dec-000062_parsed.json,run,.json,1817
run/prompts/decision_mock-24591-46c1eb90-dec-000062_response.json,run,.json,10055
run/prompts/decision_mock-24591-46c1eb90-dec-000062_system.txt,run,.txt,1912
run/prompts/decision_mock-24591-46c1eb90-dec-000062_tools.json,run,.json,1884
run/prompts/decision_mock-24591-46c1eb90-dec-000062_user.json,run,.json,9316
run/prompts/decision_mock-24591-46c1eb90-dec-000063_parsed.json,run,.json,2831
run/prompts/decision_mock-24591-46c1eb90-dec-000063_response.json,run,.json,17318
run/prompts/decision_mock-24591-46c1eb90-dec-000063_system.txt,run,.txt,1912
run/prompts/decision_mock-24591-46c1eb90-dec-000063_tools.json,run,.json,1539
run/prompts/decision_mock-24591-46c1eb90-dec-000063_user.json,run,.json,9994
run/prompts/decision_mock-24591-46c1eb90-dec-000064_parsed.json,run,.json,2409
run/prompts/decision_mock-24591-46c1eb90-dec-000064_response.json,run,.json,4668
run/prompts/decision_mock-24591-46c1eb90-dec-000064_system.txt,run,.txt,1912
run/prompts/decision_mock-24591-46c1eb90-dec-000064_tools.json,run,.json,632
run/prompts/decision_mock-24591-46c1eb90-dec-000064_user.json,run,.json,9504
run/prompts/decision_mock-24591-46c1eb90-dec-000065_parsed.json,run,.json,2421
run/prompts/decision_mock-24591-46c1eb90-dec-000065_response.json,run,.json,6693
run/prompts/decision_mock-24591-46c1eb90-dec-000065_system.txt,run,.txt,1912
run/prompts/decision_mock-24591-46c1eb90-dec-000065_tools.json,run,.json,1539
run/prompts/decision_mock-24591-46c1eb90-dec-000065_user.json,run,.json,10099
run/prompts/decision_mock-24591-46c1eb90-dec-000066_parsed.json,run,.json,2261
run/prompts/decision_mock-24591-46c1eb90-dec-000066_response.json,run,.json,4739
run/prompts/decision_mock-24591-46c1eb90-dec-000066_system.txt,run,.txt,1912
run/prompts/decision_mock-24591-46c1eb90-dec-000066_tools.json,run,.json,632
run/prompts/decision_mock-24591-46c1eb90-dec-000066_user.json,run,.json,8994
run/prompts/decision_mock-24591-46c1eb90-dec-000067_parsed.json,run,.json,2469
run/prompts/decision_mock-24591-46c1eb90-dec-000067_response.json,run,.json,4318
run/prompts/decision_mock-24591-46c1eb90-dec-000067_system.txt,run,.txt,1912
run/prompts/decision_mock-24591-46c1eb90-dec-000067_tools.json,run,.json,1539
run/prompts/decision_mock-24591-46c1eb90-dec-000067_user.json,run,.json,9575
run/prompts/decision_mock-24591-46c1eb90-dec-000068_parsed.json,run,.json,2405
run/prompts/decision_mock-24591-46c1eb90-dec-000068_response.json,run,.json,5748
run/prompts/decision_mock-24591-46c1eb90-dec-000068_system.txt,run,.txt,1912
run/prompts/decision_mock-24591-46c1eb90-dec-000068_tools.json,run,.json,1539
run/prompts/decision_mock-24591-46c1eb90-dec-000068_user.json,run,.json,9734
run/prompts/decision_mock-24591-46c1eb90-dec-000069_parsed.json,run,.json,2421
run/prompts/decision_mock-24591-46c1eb90-dec-000069_response.json,run,.json,4929
run/prompts/decision_mock-24591-46c1eb90-dec-000069_system.txt,run,.txt,1912
run/prompts/decision_mock-24591-46c1eb90-dec-000069_tools.json,run,.json,1539
run/prompts/decision_mock-24591-46c1eb90-dec-000069_user.json,run,.json,9592
run/prompts/decision_mock-24591-46c1eb90-dec-000070_parsed.json,run,.json,1933
run/prompts/decision_mock-24591-46c1eb90-dec-000070_response.json,run,.json,7328
run/prompts/decision_mock-24591-46c1eb90-dec-000070_system.txt,run,.txt,1912
run/prompts/decision_mock-24591-46c1eb90-dec-000070_tools.json,run,.json,1884
run/prompts/decision_mock-24591-46c1eb90-dec-000070_user.json,run,.json,8744
run/prompts/decision_mock-24591-46c1eb90-dec-000071_parsed.json,run,.json,1751
run/prompts/decision_mock-24591-46c1eb90-dec-000071_response.json,run,.json,11177
run/prompts/decision_mock-24591-46c1eb90-dec-000071_system.txt,run,.txt,1912
run/prompts/decision_mock-24591-46c1eb90-dec-000071_tools.json,run,.json,1884
run/prompts/decision_mock-24591-46c1eb90-dec-000071_user.json,run,.json,8857
run/prompts/decision_mock-24591-46c1eb90-dec-000072_parsed.json,run,.json,1749
run/prompts/decision_mock-24591-46c1eb90-dec-000072_response.json,run,.json,5492
run/prompts/decision_mock-24591-46c1eb90-dec-000072_system.txt,run,.txt,1912
run/prompts/decision_mock-24591-46c1eb90-dec-000072_tools.json,run,.json,1539
run/prompts/decision_mock-24591-46c1eb90-dec-000072_user.json,run,.json,8844
run/prompts/decision_mock-24591-46c1eb90-dec-000073_parsed.json,run,.json,2651
run/prompts/decision_mock-24591-46c1eb90-dec-000073_response.json,run,.json,10846
run/prompts/decision_mock-24591-46c1eb90-dec-000073_system.txt,run,.txt,1912
run/prompts/decision_mock-24591-46c1eb90-dec-000073_tools.json,run,.json,1539
run/prompts/decision_mock-24591-46c1eb90-dec-000073_user.json,run,.json,10072
run/prompts/decision_mock-24591-46c1eb90-dec-000074_parsed.json,run,.json,3827
run/prompts/decision_mock-24591-46c1eb90-dec-000074_response.json,run,.json,11443
run/prompts/decision_mock-24591-46c1eb90-dec-000074_system.txt,run,.txt,1912
run/prompts/decision_mock-24591-46c1eb90-dec-000074_tools.json,run,.json,1539
run/prompts/decision_mock-24591-46c1eb90-dec-000074_user.json,run,.json,9643
run/prompts/decision_mock-24591-46c1eb90-dec-000075_parsed.json,run,.json,1805
run/prompts/decision_mock-24591-46c1eb90-dec-000075_response.json,run,.json,6794
run/prompts/decision_mock-24591-46c1eb90-dec-000075_system.txt,run,.txt,1912
run/prompts/decision_mock-24591-46c1eb90-dec-000075_tools.json,run,.json,1466
run/prompts/decision_mock-24591-46c1eb90-dec-000075_user.json,run,.json,8579
run/prompts/decision_mock-24591-46c1eb90-dec-000076_parsed.json,run,.json,2517
run/prompts/decision_mock-24591-46c1eb90-dec-000076_response.json,run,.json,10696
run/prompts/decision_mock-24591-46c1eb90-dec-000076_system.txt,run,.txt,1912
run/prompts/decision_mock-24591-46c1eb90-dec-000076_tools.json,run,.json,1539
run/prompts/decision_mock-24591-46c1eb90-dec-000076_user.json,run,.json,9992
run/prompts/decision_mock-24591-46c1eb90-dec-000077_parsed.json,run,.json,2337
run/prompts/decision_mock-24591-46c1eb90-dec-000077_response.json,run,.json,3779
run/prompts/decision_mock-24591-46c1eb90-dec-000077_system.txt,run,.txt,1912
run/prompts/decision_mock-24591-46c1eb90-dec-000077_tools.json,run,.json,632
run/prompts/decision_mock-24591-46c1eb90-dec-000077_user.json,run,.json,9416
run/prompts/decision_mock-24591-46c1eb90-dec-000078_parsed.json,run,.json,2217
run/prompts/decision_mock-24591-46c1eb90-dec-000078_response.json,run,.json,5360
run/prompts/decision_mock-24591-46c1eb90-dec-000078_system.txt,run,.txt,1912
run/prompts/decision_mock-24591-46c1eb90-dec-000078_tools.json,run,.json,1539
run/prompts/decision_mock-24591-46c1eb90-dec-000078_user.json,run,.json,9828
run/prompts/decision_mock-24591-46c1eb90-dec-000079_parsed.json,run,.json,1857
run/prompts/decision_mock-24591-46c1eb90-dec-000079_response.json,run,.json,13910
run/prompts/decision_mock-24591-46c1eb90-dec-000079_system.txt,run,.txt,1912
run/prompts/decision_mock-24591-46c1eb90-dec-000079_tools.json,run,.json,1539
run/prompts/decision_mock-24591-46c1eb90-dec-000079_user.json,run,.json,9032
run/prompts/decision_mock-24591-46c1eb90-dec-000080_parsed.json,run,.json,1933
run/prompts/decision_mock-24591-46c1eb90-dec-000080_response.json,run,.json,2900
run/prompts/decision_mock-24591-46c1eb90-dec-000080_system.txt,run,.txt,1912
run/prompts/decision_mock-24591-46c1eb90-dec-000080_tools.json,run,.json,1539
run/prompts/decision_mock-24591-46c1eb90-dec-000080_user.json,run,.json,9045
run/prompts/decision_mock-24591-46c1eb90-dec-000081_parsed.json,run,.json,1773
run/prompts/decision_mock-24591-46c1eb90-dec-000081_response.json,run,.json,23210
run/prompts/decision_mock-24591-46c1eb90-dec-000081_system.txt,run,.txt,1912
run/prompts/decision_mock-24591-46c1eb90-dec-000081_tools.json,run,.json,1539
run/prompts/decision_mock-24591-46c1eb90-dec-000081_user.json,run,.json,9039
run/prompts/decision_mock-24591-46c1eb90-dec-000082_parsed.json,run,.json,4209
run/prompts/decision_mock-24591-46c1eb90-dec-000082_response.json,run,.json,43641
run/prompts/decision_mock-24591-46c1eb90-dec-000082_system.txt,run,.txt,1912
run/prompts/decision_mock-24591-46c1eb90-dec-000082_tools.json,run,.json,1539
run/prompts/decision_mock-24591-46c1eb90-dec-000082_user.json,run,.json,10339
run/prompts/decision_mock-24591-46c1eb90-dec-000083_parsed.json,run,.json,2657
run/prompts/decision_mock-24591-46c1eb90-dec-000083_response.json,run,.json,9166
run/prompts/decision_mock-24591-46c1eb90-dec-000083_retry1_parsed.json,run,.json,2490
run/prompts/decision_mock-24591-46c1eb90-dec-000083_retry1_response.json,run,.json,13362
run/prompts/decision_mock-24591-46c1eb90-dec-000083_retry1_system.txt,run,.txt,1912
run/prompts/decision_mock-24591-46c1eb90-dec-000083_retry1_tools.json,run,.json,1466
run/prompts/decision_mock-24591-46c1eb90-dec-000083_retry1_user.json,run,.json,9154
run/prompts/decision_mock-24591-46c1eb90-dec-000083_system.txt,run,.txt,1912
run/prompts/decision_mock-24591-46c1eb90-dec-000083_tools.json,run,.json,1466
run/prompts/decision_mock-24591-46c1eb90-dec-000083_user.json,run,.json,8979
run/prompts/decision_mock-24591-46c1eb90-dec-000084_parsed.json,run,.json,3383
run/prompts/decision_mock-24591-46c1eb90-dec-000084_response.json,run,.json,10936
run/prompts/decision_mock-24591-46c1eb90-dec-000084_system.txt,run,.txt,1912
run/prompts/decision_mock-24591-46c1eb90-dec-000084_tools.json,run,.json,1466
run/prompts/decision_mock-24591-46c1eb90-dec-000084_user.json,run,.json,10862
run/prompts/decision_mock-24591-46c1eb90-dec-000085_parsed.json,run,.json,2979
run/prompts/decision_mock-24591-46c1eb90-dec-000085_response.json,run,.json,13921
run/prompts/decision_mock-24591-46c1eb90-dec-000085_system.txt,run,.txt,1912
run/prompts/decision_mock-24591-46c1eb90-dec-000085_tools.json,run,.json,1539
run/prompts/decision_mock-24591-46c1eb90-dec-000085_user.json,run,.json,11242
run/prompts/decision_mock-24591-46c1eb90-dec-000086_parsed.json,run,.json,2777
run/prompts/decision_mock-24591-46c1eb90-dec-000086_response.json,run,.json,11648
run/prompts/decision_mock-24591-46c1eb90-dec-000086_system.txt,run,.txt,1912
run/prompts/decision_mock-24591-46c1eb90-dec-000086_tools.json,run,.json,632
run/prompts/decision_mock-24591-46c1eb90-dec-000086_user.json,run,.json,10295
run/prompts/decision_mock-24591-46c1eb90-dec-000087_parsed.json,run,.json,4259
run/prompts/decision_mock-24591-46c1eb90-dec-000087_response.json,run,.json,13204
run/prompts/decision_mock-24591-46c1eb90-dec-000087_system.txt,run,.txt,1912
run/prompts/decision_mock-24591-46c1eb90-dec-000087_tools.json,run,.json,1539
run/prompts/decision_mock-24591-46c1eb90-dec-000087_user.json,run,.json,10941
run/prompts/decision_mock-24591-46c1eb90-dec-000088_parsed.json,run,.json,1661
run/prompts/decision_mock-24591-46c1eb90-dec-000088_response.json,run,.json,9225
run/prompts/decision_mock-24591-46c1eb90-dec-000088_system.txt,run,.txt,1912
run/prompts/decision_mock-24591-46c1eb90-dec-000088_tools.json,run,.json,1466
run/prompts/decision_mock-24591-46c1eb90-dec-000088_user.json,run,.json,9677
run/prompts/decision_mock-24591-46c1eb90-dec-000089_parsed.json,run,.json,2533
run/prompts/decision_mock-24591-46c1eb90-dec-000089_response.json,run,.json,10060
run/prompts/decision_mock-24591-46c1eb90-dec-000089_system.txt,run,.txt,1912
run/prompts/decision_mock-24591-46c1eb90-dec-000089_tools.json,run,.json,1539
run/prompts/decision_mock-24591-46c1eb90-dec-000089_user.json,run,.json,11451
run/prompts/decision_mock-24591-46c1eb90-dec-000090_parsed.json,run,.json,2301
run/prompts/decision_mock-24591-46c1eb90-dec-000090_response.json,run,.json,4833
run/prompts/decision_mock-24591-46c1eb90-dec-000090_system.txt,run,.txt,1912
run/prompts/decision_mock-24591-46c1eb90-dec-000090_tools.json,run,.json,1539
run/prompts/decision_mock-24591-46c1eb90-dec-000090_user.json,run,.json,10931
run/prompts/decision_mock-24591-46c1eb90-dec-000091_parsed.json,run,.json,1725
run/prompts/decision_mock-24591-46c1eb90-dec-000091_response.json,run,.json,8540
run/prompts/decision_mock-24591-46c1eb90-dec-000091_system.txt,run,.txt,1912
run/prompts/decision_mock-24591-46c1eb90-dec-000091_tools.json,run,.json,1539
run/prompts/decision_mock-24591-46c1eb90-dec-000091_user.json,run,.json,9723
run/prompts/decision_mock-24591-46c1eb90-dec-000092_parsed.json,run,.json,2995
run/prompts/decision_mock-24591-46c1eb90-dec-000092_response.json,run,.json,13542
run/prompts/decision_mock-24591-46c1eb90-dec-000092_system.txt,run,.txt,1912
run/prompts/decision_mock-24591-46c1eb90-dec-000092_tools.json,run,.json,1539
run/prompts/decision_mock-24591-46c1eb90-dec-000092_user.json,run,.json,11514
run/prompts/decision_mock-24591-46c1eb90-dec-000093_parsed.json,run,.json,4423
run/prompts/decision_mock-24591-46c1eb90-dec-000093_response.json,run,.json,13735
run/prompts/decision_mock-24591-46c1eb90-dec-000093_system.txt,run,.txt,1912
run/prompts/decision_mock-24591-46c1eb90-dec-000093_tools.json,run,.json,1539
run/prompts/decision_mock-24591-46c1eb90-dec-000093_user.json,run,.json,11069
run/prompts/decision_mock-24591-46c1eb90-dec-000094_parsed.json,run,.json,1581
run/prompts/decision_mock-24591-46c1eb90-dec-000094_response.json,run,.json,6311
run/prompts/decision_mock-24591-46c1eb90-dec-000094_system.txt,run,.txt,1912
run/prompts/decision_mock-24591-46c1eb90-dec-000094_tools.json,run,.json,1466
run/prompts/decision_mock-24591-46c1eb90-dec-000094_user.json,run,.json,9612
run/prompts/decision_mock-24591-46c1eb90-dec-000095_parsed.json,run,.json,3411
run/prompts/decision_mock-24591-46c1eb90-dec-000095_response.json,run,.json,13687
run/prompts/decision_mock-24591-46c1eb90-dec-000095_system.txt,run,.txt,1912
run/prompts/decision_mock-24591-46c1eb90-dec-000095_tools.json,run,.json,1539
run/prompts/decision_mock-24591-46c1eb90-dec-000095_user.json,run,.json,11696
run/prompts/decision_mock-24591-46c1eb90-dec-000096_parsed.json,run,.json,2405
run/prompts/decision_mock-24591-46c1eb90-dec-000096_response.json,run,.json,6663
run/prompts/decision_mock-24591-46c1eb90-dec-000096_system.txt,run,.txt,1912
run/prompts/decision_mock-24591-46c1eb90-dec-000096_tools.json,run,.json,1466
run/prompts/decision_mock-24591-46c1eb90-dec-000096_user.json,run,.json,10924
run/prompts/decision_mock-24591-46c1eb90-dec-000097_parsed.json,run,.json,4635
run/prompts/decision_mock-24591-46c1eb90-dec-000097_response.json,run,.json,12447
run/prompts/decision_mock-24591-46c1eb90-dec-000097_system.txt,run,.txt,1912
run/prompts/decision_mock-24591-46c1eb90-dec-000097_tools.json,run,.json,1539
run/prompts/decision_mock-24591-46c1eb90-dec-000097_user.json,run,.json,11825
run/prompts/decision_mock-24591-46c1eb90-dec-000098_parsed.json,run,.json,1581
run/prompts/decision_mock-24591-46c1eb90-dec-000098_response.json,run,.json,7465
run/prompts/decision_mock-24591-46c1eb90-dec-000098_system.txt,run,.txt,1912
run/prompts/decision_mock-24591-46c1eb90-dec-000098_tools.json,run,.json,1466
run/prompts/decision_mock-24591-46c1eb90-dec-000098_user.json,run,.json,10336
run/prompts/decision_mock-24591-46c1eb90-dec-000099_parsed.json,run,.json,3815
run/prompts/decision_mock-24591-46c1eb90-dec-000099_response.json,run,.json,14969
run/prompts/decision_mock-24591-46c1eb90-dec-000099_system.txt,run,.txt,1912
run/prompts/decision_mock-24591-46c1eb90-dec-000099_tools.json,run,.json,1539
run/prompts/decision_mock-24591-46c1eb90-dec-000099_user.json,run,.json,12158
run/prompts/decision_mock-24591-46c1eb90-dec-000100_parsed.json,run,.json,2665
run/prompts/decision_mock-24591-46c1eb90-dec-000100_response.json,run,.json,4655
run/prompts/decision_mock-24591-46c1eb90-dec-000100_system.txt,run,.txt,1912
run/prompts/decision_mock-24591-46c1eb90-dec-000100_tools.json,run,.json,1466
run/prompts/decision_mock-24591-46c1eb90-dec-000100_user.json,run,.json,11608
run/prompts/decision_mock-24591-46c1eb90-dec-000101_parsed.json,run,.json,2669
run/prompts/decision_mock-24591-46c1eb90-dec-000101_response.json,run,.json,17952
run/prompts/decision_mock-24591-46c1eb90-dec-000101_system.txt,run,.txt,1912
run/prompts/decision_mock-24591-46c1eb90-dec-000101_tools.json,run,.json,1539
run/prompts/decision_mock-24591-46c1eb90-dec-000101_user.json,run,.json,12369
run/prompts/decision_mock-24591-46c1eb90-dec-000102_parsed.json,run,.json,2289
run/prompts/decision_mock-24591-46c1eb90-dec-000102_response.json,run,.json,5583
run/prompts/decision_mock-24591-46c1eb90-dec-000102_system.txt,run,.txt,1912
run/prompts/decision_mock-24591-46c1eb90-dec-000102_tools.json,run,.json,1539
run/prompts/decision_mock-24591-46c1eb90-dec-000102_user.json,run,.json,11831
run/prompts/decision_mock-24591-46c1eb90-dec-000103_parsed.json,run,.json,2919
run/prompts/decision_mock-24591-46c1eb90-dec-000103_response.json,run,.json,32820
run/prompts/decision_mock-24591-46c1eb90-dec-000103_system.txt,run,.txt,1912
run/prompts/decision_mock-24591-46c1eb90-dec-000103_tools.json,run,.json,1539
run/prompts/decision_mock-24591-46c1eb90-dec-000103_user.json,run,.json,10021
run/prompts/decision_mock-24591-46c1eb90-dec-000104_parsed.json,run,.json,4799
run/prompts/decision_mock-24591-46c1eb90-dec-000104_response.json,run,.json,11905
run/prompts/decision_mock-24591-46c1eb90-dec-000104_system.txt,run,.txt,1912
run/prompts/decision_mock-24591-46c1eb90-dec-000104_tools.json,run,.json,1466
run/prompts/decision_mock-24591-46c1eb90-dec-000104_user.json,run,.json,11682
run/prompts/decision_mock-24591-46c1eb90-dec-000105_parsed.json,run,.json,2643
run/prompts/decision_mock-24591-46c1eb90-dec-000105_response.json,run,.json,8908
run/prompts/decision_mock-24591-46c1eb90-dec-000105_system.txt,run,.txt,1912
run/prompts/decision_mock-24591-46c1eb90-dec-000105_tools.json,run,.json,1466
run/prompts/decision_mock-24591-46c1eb90-dec-000105_user.json,run,.json,10674
run/prompts/decision_mock-24591-46c1eb90-dec-000106_parsed.json,run,.json,3205
run/prompts/decision_mock-24591-46c1eb90-dec-000106_response.json,run,.json,14406
run/prompts/decision_mock-24591-46c1eb90-dec-000106_system.txt,run,.txt,1912
run/prompts/decision_mock-24591-46c1eb90-dec-000106_tools.json,run,.json,1466
run/prompts/decision_mock-24591-46c1eb90-dec-000106_user.json,run,.json,12700
run/prompts/decision_mock-24591-46c1eb90-dec-000107_parsed.json,run,.json,2161
run/prompts/decision_mock-24591-46c1eb90-dec-000107_response.json,run,.json,19673
run/prompts/decision_mock-24591-46c1eb90-dec-000107_system.txt,run,.txt,1912
run/prompts/decision_mock-24591-46c1eb90-dec-000107_tools.json,run,.json,1539
run/prompts/decision_mock-24591-46c1eb90-dec-000107_user.json,run,.json,11069
run/prompts/decision_mock-24591-46c1eb90-dec-000108_parsed.json,run,.json,2015
run/prompts/decision_mock-24591-46c1eb90-dec-000108_response.json,run,.json,15856
run/prompts/decision_mock-24591-46c1eb90-dec-000108_system.txt,run,.txt,1912
run/prompts/decision_mock-24591-46c1eb90-dec-000108_tools.json,run,.json,1539
run/prompts/decision_mock-24591-46c1eb90-dec-000108_user.json,run,.json,13028
run/prompts/decision_mock-24591-46c1eb90-dec-000109_parsed.json,run,.json,4947
run/prompts/decision_mock-24591-46c1eb90-dec-000109_response.json,run,.json,14018
run/prompts/decision_mock-24591-46c1eb90-dec-000109_system.txt,run,.txt,1912
run/prompts/decision_mock-24591-46c1eb90-dec-000109_tools.json,run,.json,1539
run/prompts/decision_mock-24591-46c1eb90-dec-000109_user.json,run,.json,12911
run/prompts/decision_mock-24591-46c1eb90-dec-000110_parsed.json,run,.json,2835
run/prompts/decision_mock-24591-46c1eb90-dec-000110_response.json,run,.json,10216
run/prompts/decision_mock-24591-46c1eb90-dec-000110_system.txt,run,.txt,1912
run/prompts/decision_mock-24591-46c1eb90-dec-000110_tools.json,run,.json,1466
run/prompts/decision_mock-24591-46c1eb90-dec-000110_user.json,run,.json,11039
run/prompts/decision_mock-24591-46c1eb90-dec-000111_parsed.json,run,.json,4467
run/prompts/decision_mock-24591-46c1eb90-dec-000111_response.json,run,.json,14485
run/prompts/decision_mock-24591-46c1eb90-dec-000111_system.txt,run,.txt,1912
run/prompts/decision_mock-24591-46c1eb90-dec-000111_tools.json,run,.json,1466
run/prompts/decision_mock-24591-46c1eb90-dec-000111_user.json,run,.json,13017
run/prompts/decision_mock-24591-46c1eb90-dec-000112_parsed.json,run,.json,2899
run/prompts/decision_mock-24591-46c1eb90-dec-000112_response.json,run,.json,26492
run/prompts/decision_mock-24591-46c1eb90-dec-000112_system.txt,run,.txt,1912
run/prompts/decision_mock-24591-46c1eb90-dec-000112_tools.json,run,.json,1466
run/prompts/decision_mock-24591-46c1eb90-dec-000112_user.json,run,.json,11710
run/prompts/decision_mock-24591-46c1eb90-dec-000113_parsed.json,run,.json,4351
run/prompts/decision_mock-24591-46c1eb90-dec-000113_response.json,run,.json,11694
run/prompts/decision_mock-24591-46c1eb90-dec-000113_system.txt,run,.txt,1912
run/prompts/decision_mock-24591-46c1eb90-dec-000113_tools.json,run,.json,1466
run/prompts/decision_mock-24591-46c1eb90-dec-000113_user.json,run,.json,13531
run/prompts/decision_mock-24591-46c1eb90-dec-000114_parsed.json,run,.json,1809
run/prompts/decision_mock-24591-46c1eb90-dec-000114_response.json,run,.json,26445
run/prompts/decision_mock-24591-46c1eb90-dec-000114_system.txt,run,.txt,1912
run/prompts/decision_mock-24591-46c1eb90-dec-000114_tools.json,run,.json,1466
run/prompts/decision_mock-24591-46c1eb90-dec-000114_user.json,run,.json,12199
run/prompts/decision_mock-24591-46c1eb90-dec-000115_parsed.json,run,.json,4143
run/prompts/decision_mock-24591-46c1eb90-dec-000115_response.json,run,.json,22249
run/prompts/decision_mock-24591-46c1eb90-dec-000115_system.txt,run,.txt,1912
run/prompts/decision_mock-24591-46c1eb90-dec-000115_tools.json,run,.json,1539
run/prompts/decision_mock-24591-46c1eb90-dec-000115_user.json,run,.json,13195
run/prompts/decision_mock-24591-46c1eb90-dec-000116_parsed.json,run,.json,4303
run/prompts/decision_mock-24591-46c1eb90-dec-000116_response.json,run,.json,12017
run/prompts/decision_mock-24591-46c1eb90-dec-000116_system.txt,run,.txt,1912
run/prompts/decision_mock-24591-46c1eb90-dec-000116_tools.json,run,.json,1466
run/prompts/decision_mock-24591-46c1eb90-dec-000116_user.json,run,.json,13054
run/prompts/decision_mock-24591-46c1eb90-dec-000117_parsed.json,run,.json,3327
run/prompts/decision_mock-24591-46c1eb90-dec-000117_response.json,run,.json,9574
run/prompts/decision_mock-24591-46c1eb90-dec-000117_system.txt,run,.txt,1912
run/prompts/decision_mock-24591-46c1eb90-dec-000117_tools.json,run,.json,1539
run/prompts/decision_mock-24591-46c1eb90-dec-000117_user.json,run,.json,13330
run/prompts/decision_mock-24591-46c1eb90-dec-000118_parsed.json,run,.json,2465
run/prompts/decision_mock-24591-46c1eb90-dec-000118_response.json,run,.json,5445
run/prompts/decision_mock-24591-46c1eb90-dec-000118_system.txt,run,.txt,1912
run/prompts/decision_mock-24591-46c1eb90-dec-000118_tools.json,run,.json,1466
run/prompts/decision_mock-24591-46c1eb90-dec-000118_user.json,run,.json,12575
run/prompts/decision_mock-24591-46c1eb90-dec-000119_parsed.json,run,.json,4015
run/prompts/decision_mock-24591-46c1eb90-dec-000119_response.json,run,.json,13902
run/prompts/decision_mock-24591-46c1eb90-dec-000119_system.txt,run,.txt,1912
run/prompts/decision_mock-24591-46c1eb90-dec-000119_tools.json,run,.json,1539
run/prompts/decision_mock-24591-46c1eb90-dec-000119_user.json,run,.json,13578
run/prompts/decision_mock-24591-46c1eb90-dec-000120_parsed.json,run,.json,3163
run/prompts/decision_mock-24591-46c1eb90-dec-000120_response.json,run,.json,14057
run/prompts/decision_mock-24591-46c1eb90-dec-000120_system.txt,run,.txt,1912
run/prompts/decision_mock-24591-46c1eb90-dec-000120_tools.json,run,.json,1466
run/prompts/decision_mock-24591-46c1eb90-dec-000120_user.json,run,.json,14032
run/prompts/decision_mock-24591-46c1eb90-dec-000121_parsed.json,run,.json,3679
run/prompts/decision_mock-24591-46c1eb90-dec-000121_response.json,run,.json,8522
run/prompts/decision_mock-24591-46c1eb90-dec-000121_system.txt,run,.txt,1912
run/prompts/decision_mock-24591-46c1eb90-dec-000121_tools.json,run,.json,1539
run/prompts/decision_mock-24591-46c1eb90-dec-000121_user.json,run,.json,14058
run/prompts/decision_mock-24591-46c1eb90-dec-000122_parsed.json,run,.json,2021
run/prompts/decision_mock-24591-46c1eb90-dec-000122_response.json,run,.json,3565
run/prompts/decision_mock-24591-46c1eb90-dec-000122_system.txt,run,.txt,1912
run/prompts/decision_mock-24591-46c1eb90-dec-000122_tools.json,run,.json,1466
run/prompts/decision_mock-24591-46c1eb90-dec-000122_user.json,run,.json,13496
run/prompts/decision_mock-24591-46c1eb90-dec-000123_parsed.json,run,.json,4247
run/prompts/decision_mock-24591-46c1eb90-dec-000123_response.json,run,.json,10969
run/prompts/decision_mock-24591-46c1eb90-dec-000123_system.txt,run,.txt,1912
run/prompts/decision_mock-24591-46c1eb90-dec-000123_tools.json,run,.json,1539
run/prompts/decision_mock-24591-46c1eb90-dec-000123_user.json,run,.json,14332
run/prompts/decision_mock-24591-46c1eb90-dec-000124_parsed.json,run,.json,2141
run/prompts/decision_mock-24591-46c1eb90-dec-000124_response.json,run,.json,3656
run/prompts/decision_mock-24591-46c1eb90-dec-000124_system.txt,run,.txt,1912
run/prompts/decision_mock-24591-46c1eb90-dec-000124_tools.json,run,.json,1466
run/prompts/decision_mock-24591-46c1eb90-dec-000124_user.json,run,.json,13220
run/prompts/decision_mock-24591-46c1eb90-dec-000125_parsed.json,run,.json,3571
run/prompts/decision_mock-24591-46c1eb90-dec-000125_response.json,run,.json,16781
run/prompts/decision_mock-24591-46c1eb90-dec-000125_system.txt,run,.txt,1912
run/prompts/decision_mock-24591-46c1eb90-dec-000125_tools.json,run,.json,2142
run/prompts/decision_mock-24591-46c1eb90-dec-000125_user.json,run,.json,14187
run/prompts/decision_mock-24591-46c1eb90-dec-000126_parsed.json,run,.json,2941
run/prompts/decision_mock-24591-46c1eb90-dec-000126_response.json,run,.json,24427
run/prompts/decision_mock-24591-46c1eb90-dec-000126_system.txt,run,.txt,1912
run/prompts/decision_mock-24591-46c1eb90-dec-000126_tools.json,run,.json,2140
run/prompts/decision_mock-24591-46c1eb90-dec-000126_user.json,run,.json,14133
run/prompts/decision_mock-24591-46c1eb90-dec-000127_parsed.json,run,.json,2153
run/prompts/decision_mock-24591-46c1eb90-dec-000127_response.json,run,.json,6963
run/prompts/decision_mock-24591-46c1eb90-dec-000127_system.txt,run,.txt,1912
run/prompts/decision_mock-24591-46c1eb90-dec-000127_tools.json,run,.json,1539
run/prompts/decision_mock-24591-46c1eb90-dec-000127_user.json,run,.json,13231
run/prompts/decision_mock-24591-46c1eb90-dec-000128_parsed.json,run,.json,1801
run/prompts/decision_mock-24591-46c1eb90-dec-000128_response.json,run,.json,11109
run/prompts/decision_mock-24591-46c1eb90-dec-000128_system.txt,run,.txt,1912
run/prompts/decision_mock-24591-46c1eb90-dec-000128_tools.json,run,.json,632
run/prompts/decision_mock-24591-46c1eb90-dec-000128_user.json,run,.json,11646
run/prompts/decision_mock-24591-46c1eb90-dec-000129_parsed.json,run,.json,1653
run/prompts/decision_mock-24591-46c1eb90-dec-000129_response.json,run,.json,7811
run/prompts/decision_mock-24591-46c1eb90-dec-000129_system.txt,run,.txt,1912
run/prompts/decision_mock-24591-46c1eb90-dec-000129_tools.json,run,.json,1539
run/prompts/decision_mock-24591-46c1eb90-dec-000129_user.json,run,.json,12065
run/prompts/decision_mock-24591-46c1eb90-dec-000130_parsed.json,run,.json,2435
run/prompts/decision_mock-24591-46c1eb90-dec-000130_response.json,run,.json,13065
run/prompts/decision_mock-24591-46c1eb90-dec-000130_system.txt,run,.txt,1912
run/prompts/decision_mock-24591-46c1eb90-dec-000130_tools.json,run,.json,1539
run/prompts/decision_mock-24591-46c1eb90-dec-000130_user.json,run,.json,13107
run/prompts/decision_mock-24591-46c1eb90-dec-000131_parsed.json,run,.json,2689
run/prompts/decision_mock-24591-46c1eb90-dec-000131_response.json,run,.json,15531
run/prompts/decision_mock-24591-46c1eb90-dec-000131_system.txt,run,.txt,1912
run/prompts/decision_mock-24591-46c1eb90-dec-000131_tools.json,run,.json,2140
run/prompts/decision_mock-24591-46c1eb90-dec-000131_user.json,run,.json,12572
run/prompts/decision_mock-24591-46c1eb90-dec-000132_parsed.json,run,.json,2305
run/prompts/decision_mock-24591-46c1eb90-dec-000132_response.json,run,.json,3893
run/prompts/decision_mock-24591-46c1eb90-dec-000132_system.txt,run,.txt,1912
run/prompts/decision_mock-24591-46c1eb90-dec-000132_tools.json,run,.json,1539
run/prompts/decision_mock-24591-46c1eb90-dec-000132_user.json,run,.json,11140
run/prompts/decision_mock-24591-46c1eb90-dec-000133_parsed.json,run,.json,1765
run/prompts/decision_mock-24591-46c1eb90-dec-000133_response.json,run,.json,4204
run/prompts/decision_mock-24591-46c1eb90-dec-000133_system.txt,run,.txt,1912
run/prompts/decision_mock-24591-46c1eb90-dec-000133_tools.json,run,.json,632
run/prompts/decision_mock-24591-46c1eb90-dec-000133_user.json,run,.json,9863
run/prompts/decision_mock-24591-46c1eb90-dec-000134_parsed.json,run,.json,1445
run/prompts/decision_mock-24591-46c1eb90-dec-000134_response.json,run,.json,12722
run/prompts/decision_mock-24591-46c1eb90-dec-000134_system.txt,run,.txt,1912
run/prompts/decision_mock-24591-46c1eb90-dec-000134_tools.json,run,.json,1539
run/prompts/decision_mock-24591-46c1eb90-dec-000134_user.json,run,.json,10305
run/prompts/decision_mock-24591-46c1eb90-dec-000135_parsed.json,run,.json,2527
run/prompts/decision_mock-24591-46c1eb90-dec-000135_response.json,run,.json,14791
run/prompts/decision_mock-24591-46c1eb90-dec-000135_system.txt,run,.txt,1912
run/prompts/decision_mock-24591-46c1eb90-dec-000135_tools.json,run,.json,1539
run/prompts/decision_mock-24591-46c1eb90-dec-000135_user.json,run,.json,11914
run/prompts/decision_mock-24591-46c1eb90-dec-000136_parsed.json,run,.json,3927
run/prompts/decision_mock-24591-46c1eb90-dec-000136_response.json,run,.json,11078
run/prompts/decision_mock-24591-46c1eb90-dec-000136_system.txt,run,.txt,1912
run/prompts/decision_mock-24591-46c1eb90-dec-000136_tools.json,run,.json,2140
run/prompts/decision_mock-24591-46c1eb90-dec-000136_user.json,run,.json,11249
run/prompts/decision_mock-24591-46c1eb90-dec-000137_parsed.json,run,.json,3311
run/prompts/decision_mock-24591-46c1eb90-dec-000137_response.json,run,.json,12247
run/prompts/decision_mock-24591-46c1eb90-dec-000137_system.txt,run,.txt,1912
run/prompts/decision_mock-24591-46c1eb90-dec-000137_tools.json,run,.json,1466
run/prompts/decision_mock-24591-46c1eb90-dec-000137_user.json,run,.json,11501
run/prompts/decision_mock-24591-46c1eb90-dec-000138_parsed.json,run,.json,3927
run/prompts/decision_mock-24591-46c1eb90-dec-000138_response.json,run,.json,9747
run/prompts/decision_mock-24591-46c1eb90-dec-000138_system.txt,run,.txt,1912
run/prompts/decision_mock-24591-46c1eb90-dec-000138_tools.json,run,.json,2140
run/prompts/decision_mock-24591-46c1eb90-dec-000138_user.json,run,.json,11413
run/prompts/decision_mock-24591-46c1eb90-dec-000139_parsed.json,run,.json,2529
run/prompts/decision_mock-24591-46c1eb90-dec-000139_response.json,run,.json,4280
run/prompts/decision_mock-24591-46c1eb90-dec-000139_system.txt,run,.txt,1912
run/prompts/decision_mock-24591-46c1eb90-dec-000139_tools.json,run,.json,1466
run/prompts/decision_mock-24591-46c1eb90-dec-000139_user.json,run,.json,10338
run/prompts/decision_mock-24591-46c1eb90-dec-000140_parsed.json,run,.json,3827
run/prompts/decision_mock-24591-46c1eb90-dec-000140_response.json,run,.json,9244
run/prompts/decision_mock-24591-46c1eb90-dec-000140_system.txt,run,.txt,1912
run/prompts/decision_mock-24591-46c1eb90-dec-000140_tools.json,run,.json,2140
run/prompts/decision_mock-24591-46c1eb90-dec-000140_user.json,run,.json,11448
run/prompts/decision_mock-24591-46c1eb90-dec-000141_parsed.json,run,.json,1937
run/prompts/decision_mock-24591-46c1eb90-dec-000141_response.json,run,.json,3686
run/prompts/decision_mock-24591-46c1eb90-dec-000141_system.txt,run,.txt,1912
run/prompts/decision_mock-24591-46c1eb90-dec-000141_tools.json,run,.json,1466
run/prompts/decision_mock-24591-46c1eb90-dec-000141_user.json,run,.json,9866
run/prompts/decision_mock-24591-46c1eb90-dec-000142_parsed.json,run,.json,2169
run/prompts/decision_mock-24591-46c1eb90-dec-000142_response.json,run,.json,7942
run/prompts/decision_mock-24591-46c1eb90-dec-000142_system.txt,run,.txt,1912
run/prompts/decision_mock-24591-46c1eb90-dec-000142_tools.json,run,.json,2140
run/prompts/decision_mock-24591-46c1eb90-dec-000142_user.json,run,.json,11598
run/prompts/decision_mock-24591-46c1eb90-dec-000143_parsed.json,run,.json,1977
run/prompts/decision_mock-24591-46c1eb90-dec-000143_response.json,run,.json,5597
run/prompts/decision_mock-24591-46c1eb90-dec-000143_system.txt,run,.txt,1912
run/prompts/decision_mock-24591-46c1eb90-dec-000143_tools.json,run,.json,1539
run/prompts/decision_mock-24591-46c1eb90-dec-000143_user.json,run,.json,10971
run/prompts/decision_mock-24591-46c1eb90-dec-000144_parsed.json,run,.json,1957
run/prompts/decision_mock-24591-46c1eb90-dec-000144_response.json,run,.json,5475
run/prompts/decision_mock-24591-46c1eb90-dec-000144_system.txt,run,.txt,1912
run/prompts/decision_mock-24591-46c1eb90-dec-000144_tools.json,run,.json,1539
run/prompts/decision_mock-24591-46c1eb90-dec-000144_user.json,run,.json,10297
run/prompts/decision_mock-24591-46c1eb90-dec-000145_parsed.json,run,.json,2491
run/prompts/decision_mock-24591-46c1eb90-dec-000145_response.json,run,.json,35297
run/prompts/decision_mock-24591-46c1eb90-dec-000145_system.txt,run,.txt,1912
run/prompts/decision_mock-24591-46c1eb90-dec-000145_tools.json,run,.json,1539
run/prompts/decision_mock-24591-46c1eb90-dec-000145_user.json,run,.json,12226
run/prompts/decision_mock-24591-46c1eb90-dec-000146_parsed.json,run,.json,3347
run/prompts/decision_mock-24591-46c1eb90-dec-000146_response.json,run,.json,11415
run/prompts/decision_mock-24591-46c1eb90-dec-000146_system.txt,run,.txt,1912
run/prompts/decision_mock-24591-46c1eb90-dec-000146_tools.json,run,.json,2743
run/prompts/decision_mock-24591-46c1eb90-dec-000146_user.json,run,.json,11857
run/prompts/decision_mock-24591-46c1eb90-dec-000147_parsed.json,run,.json,2097
run/prompts/decision_mock-24591-46c1eb90-dec-000147_response.json,run,.json,8962
run/prompts/decision_mock-24591-46c1eb90-dec-000147_system.txt,run,.txt,1912
run/prompts/decision_mock-24591-46c1eb90-dec-000147_tools.json,run,.json,2140
run/prompts/decision_mock-24591-46c1eb90-dec-000147_user.json,run,.json,11966
run/prompts/decision_mock-24591-46c1eb90-dec-000148_parsed.json,run,.json,4227
run/prompts/decision_mock-24591-46c1eb90-dec-000148_response.json,run,.json,18329
run/prompts/decision_mock-24591-46c1eb90-dec-000148_system.txt,run,.txt,1912
run/prompts/decision_mock-24591-46c1eb90-dec-000148_tools.json,run,.json,2140
run/prompts/decision_mock-24591-46c1eb90-dec-000148_user.json,run,.json,11832
run/prompts/decision_mock-24591-46c1eb90-dec-000149_parsed.json,run,.json,2781
run/prompts/decision_mock-24591-46c1eb90-dec-000149_response.json,run,.json,6870
run/prompts/decision_mock-24591-46c1eb90-dec-000149_system.txt,run,.txt,1912
run/prompts/decision_mock-24591-46c1eb90-dec-000149_tools.json,run,.json,1466
run/prompts/decision_mock-24591-46c1eb90-dec-000149_user.json,run,.json,11119
run/prompts/decision_mock-24591-46c1eb90-dec-000150_parsed.json,run,.json,3771
run/prompts/decision_mock-24591-46c1eb90-dec-000150_response.json,run,.json,11432
run/prompts/decision_mock-24591-46c1eb90-dec-000150_system.txt,run,.txt,1912
run/prompts/decision_mock-24591-46c1eb90-dec-000150_tools.json,run,.json,2140
run/prompts/decision_mock-24591-46c1eb90-dec-000150_user.json,run,.json,12377
run/prompts/decision_mock-24591-46c1eb90-dec-000151_parsed.json,run,.json,3783
run/prompts/decision_mock-24591-46c1eb90-dec-000151_response.json,run,.json,10522
run/prompts/decision_mock-24591-46c1eb90-dec-000151_system.txt,run,.txt,1912
run/prompts/decision_mock-24591-46c1eb90-dec-000151_tools.json,run,.json,1466
run/prompts/decision_mock-24591-46c1eb90-dec-000151_user.json,run,.json,12777
run/prompts/decision_mock-24591-46c1eb90-dec-000152_parsed.json,run,.json,3727
run/prompts/decision_mock-24591-46c1eb90-dec-000152_response.json,run,.json,16727
run/prompts/decision_mock-24591-46c1eb90-dec-000152_system.txt,run,.txt,1912
run/prompts/decision_mock-24591-46c1eb90-dec-000152_tools.json,run,.json,2140
run/prompts/decision_mock-24591-46c1eb90-dec-000152_user.json,run,.json,12846
run/prompts/decision_mock-24591-46c1eb90-dec-000153_parsed.json,run,.json,1937
run/prompts/decision_mock-24591-46c1eb90-dec-000153_response.json,run,.json,23805
run/prompts/decision_mock-24591-46c1eb90-dec-000153_system.txt,run,.txt,1912
run/prompts/decision_mock-24591-46c1eb90-dec-000153_tools.json,run,.json,1466
run/prompts/decision_mock-24591-46c1eb90-dec-000153_user.json,run,.json,11478
run/prompts/decision_mock-24591-46c1eb90-dec-000154_parsed.json,run,.json,4219
run/prompts/decision_mock-24591-46c1eb90-dec-000154_response.json,run,.json,19565
run/prompts/decision_mock-24591-46c1eb90-dec-000154_system.txt,run,.txt,1912
run/prompts/decision_mock-24591-46c1eb90-dec-000154_tools.json,run,.json,2140
run/prompts/decision_mock-24591-46c1eb90-dec-000154_user.json,run,.json,12820
run/prompts/decision_mock-24591-46c1eb90-dec-000155_parsed.json,run,.json,3539
run/prompts/decision_mock-24591-46c1eb90-dec-000155_response.json,run,.json,31586
run/prompts/decision_mock-24591-46c1eb90-dec-000155_system.txt,run,.txt,1912
run/prompts/decision_mock-24591-46c1eb90-dec-000155_tools.json,run,.json,1466
run/prompts/decision_mock-24591-46c1eb90-dec-000155_user.json,run,.json,13175
run/prompts/decision_mock-24591-46c1eb90-dec-000156_parsed.json,run,.json,4607
run/prompts/decision_mock-24591-46c1eb90-dec-000156_response.json,run,.json,13212
run/prompts/decision_mock-24591-46c1eb90-dec-000156_system.txt,run,.txt,1912
run/prompts/decision_mock-24591-46c1eb90-dec-000156_tools.json,run,.json,2140
run/prompts/decision_mock-24591-46c1eb90-dec-000156_user.json,run,.json,12808
run/prompts/decision_mock-24591-46c1eb90-dec-000157_parsed.json,run,.json,3975
run/prompts/decision_mock-24591-46c1eb90-dec-000157_response.json,run,.json,10770
run/prompts/decision_mock-24591-46c1eb90-dec-000157_system.txt,run,.txt,1912
run/prompts/decision_mock-24591-46c1eb90-dec-000157_tools.json,run,.json,1466
run/prompts/decision_mock-24591-46c1eb90-dec-000157_user.json,run,.json,13432
run/prompts/decision_mock-24591-46c1eb90-dec-000158_parsed.json,run,.json,2439
run/prompts/decision_mock-24591-46c1eb90-dec-000158_response.json,run,.json,13457
run/prompts/decision_mock-24591-46c1eb90-dec-000158_system.txt,run,.txt,1912
run/prompts/decision_mock-24591-46c1eb90-dec-000158_tools.json,run,.json,2140
run/prompts/decision_mock-24591-46c1eb90-dec-000158_user.json,run,.json,13180
run/prompts/decision_mock-24591-46c1eb90-dec-000159_parsed.json,run,.json,4559
run/prompts/decision_mock-24591-46c1eb90-dec-000159_response.json,run,.json,34826
run/prompts/decision_mock-24591-46c1eb90-dec-000159_system.txt,run,.txt,1912
run/prompts/decision_mock-24591-46c1eb90-dec-000159_tools.json,run,.json,2140
run/prompts/decision_mock-24591-46c1eb90-dec-000159_user.json,run,.json,13004
run/prompts/decision_mock-24591-46c1eb90-dec-000160_parsed.json,run,.json,3619
run/prompts/decision_mock-24591-46c1eb90-dec-000160_response.json,run,.json,9821
run/prompts/decision_mock-24591-46c1eb90-dec-000160_system.txt,run,.txt,1912
run/prompts/decision_mock-24591-46c1eb90-dec-000160_tools.json,run,.json,1466
run/prompts/decision_mock-24591-46c1eb90-dec-000160_user.json,run,.json,13861
run/prompts/decision_mock-24591-46c1eb90-dec-000161_parsed.json,run,.json,3967
run/prompts/decision_mock-24591-46c1eb90-dec-000161_response.json,run,.json,9297
run/prompts/decision_mock-24591-46c1eb90-dec-000161_system.txt,run,.txt,1912
run/prompts/decision_mock-24591-46c1eb90-dec-000161_tools.json,run,.json,2140
run/prompts/decision_mock-24591-46c1eb90-dec-000161_user.json,run,.json,13662
run/prompts/decision_mock-24591-46c1eb90-dec-000162_parsed.json,run,.json,2649
run/prompts/decision_mock-24591-46c1eb90-dec-000162_response.json,run,.json,3852
run/prompts/decision_mock-24591-46c1eb90-dec-000162_system.txt,run,.txt,1912
run/prompts/decision_mock-24591-46c1eb90-dec-000162_tools.json,run,.json,1466
run/prompts/decision_mock-24591-46c1eb90-dec-000162_user.json,run,.json,13368
run/prompts/decision_mock-24591-46c1eb90-dec-000163_parsed.json,run,.json,2565
run/prompts/decision_mock-24591-46c1eb90-dec-000163_response.json,run,.json,10650
run/prompts/decision_mock-24591-46c1eb90-dec-000163_system.txt,run,.txt,1912
run/prompts/decision_mock-24591-46c1eb90-dec-000163_tools.json,run,.json,2140
run/prompts/decision_mock-24591-46c1eb90-dec-000163_user.json,run,.json,14199
run/prompts/decision_mock-24591-46c1eb90-dec-000164_parsed.json,run,.json,2253
run/prompts/decision_mock-24591-46c1eb90-dec-000164_response.json,run,.json,5163
run/prompts/decision_mock-24591-46c1eb90-dec-000164_system.txt,run,.txt,1912
run/prompts/decision_mock-24591-46c1eb90-dec-000164_tools.json,run,.json,632
run/prompts/decision_mock-24591-46c1eb90-dec-000164_user.json,run,.json,13386
run/prompts/decision_mock-24591-46c1eb90-dec-000165_parsed.json,run,.json,1639
run/prompts/decision_mock-24591-46c1eb90-dec-000165_response.json,run,.json,18556
run/prompts/decision_mock-24591-46c1eb90-dec-000165_system.txt,run,.txt,1912
run/prompts/decision_mock-24591-46c1eb90-dec-000165_tools.json,run,.json,652
run/prompts/decision_mock-24591-46c1eb90-dec-000165_user.json,run,.json,12650
run/prompts/decision_mock-24591-46c1eb90-dec-000166_parsed.json,run,.json,3055
run/prompts/decision_mock-24591-46c1eb90-dec-000166_response.json,run,.json,21159
run/prompts/decision_mock-24591-46c1eb90-dec-000166_system.txt,run,.txt,1912
run/prompts/decision_mock-24591-46c1eb90-dec-000166_tools.json,run,.json,652
run/prompts/decision_mock-24591-46c1eb90-dec-000166_user.json,run,.json,14807
run/prompts/decision_mock-24591-46c1eb90-dec-000167_parsed.json,run,.json,1989
run/prompts/decision_mock-24591-46c1eb90-dec-000167_response.json,run,.json,6493
run/prompts/decision_mock-24591-46c1eb90-dec-000167_system.txt,run,.txt,1912
run/prompts/decision_mock-24591-46c1eb90-dec-000167_tools.json,run,.json,652
run/prompts/decision_mock-24591-46c1eb90-dec-000167_user.json,run,.json,14119
run/prompts/decision_mock-24591-46c1eb90-dec-000168_parsed.json,run,.json,2357
run/prompts/decision_mock-24591-46c1eb90-dec-000168_response.json,run,.json,3929
run/prompts/decision_mock-24591-46c1eb90-dec-000168_system.txt,run,.txt,1912
run/prompts/decision_mock-24591-46c1eb90-dec-000168_tools.json,run,.json,652
run/prompts/decision_mock-24591-46c1eb90-dec-000168_user.json,run,.json,13818
run/prompts/decision_mock-24591-46c1eb90-dec-000169_parsed.json,run,.json,1829
run/prompts/decision_mock-24591-46c1eb90-dec-000169_response.json,run,.json,3775
run/prompts/decision_mock-24591-46c1eb90-dec-000169_system.txt,run,.txt,1912
run/prompts/decision_mock-24591-46c1eb90-dec-000169_tools.json,run,.json,1539
run/prompts/decision_mock-24591-46c1eb90-dec-000169_user.json,run,.json,13256
run/prompts/decision_mock-24591-46c1eb90-dec-000170_parsed.json,run,.json,1785
run/prompts/decision_mock-24591-46c1eb90-dec-000170_response.json,run,.json,38288
run/prompts/decision_mock-24591-46c1eb90-dec-000170_system.txt,run,.txt,1912
run/prompts/decision_mock-24591-46c1eb90-dec-000170_tools.json,run,.json,1539
run/prompts/decision_mock-24591-46c1eb90-dec-000170_user.json,run,.json,12166
run/prompts/decision_mock-24591-46c1eb90-dec-000171_parsed.json,run,.json,2883
run/prompts/decision_mock-24591-46c1eb90-dec-000171_response.json,run,.json,16444
run/prompts/decision_mock-24591-46c1eb90-dec-000171_system.txt,run,.txt,1912
run/prompts/decision_mock-24591-46c1eb90-dec-000171_tools.json,run,.json,1539
run/prompts/decision_mock-24591-46c1eb90-dec-000171_user.json,run,.json,13757
run/prompts/decision_mock-24591-46c1eb90-dec-000172_parsed.json,run,.json,3187
run/prompts/decision_mock-24591-46c1eb90-dec-000172_response.json,run,.json,11913
run/prompts/decision_mock-24591-46c1eb90-dec-000172_system.txt,run,.txt,1912
run/prompts/decision_mock-24591-46c1eb90-dec-000172_tools.json,run,.json,632
run/prompts/decision_mock-24591-46c1eb90-dec-000172_user.json,run,.json,13217
run/prompts/decision_mock-24591-46c1eb90-dec-000173_parsed.json,run,.json,1809
run/prompts/decision_mock-24591-46c1eb90-dec-000173_response.json,run,.json,3568
run/prompts/decision_mock-24591-46c1eb90-dec-000173_system.txt,run,.txt,1912
run/prompts/decision_mock-24591-46c1eb90-dec-000173_tools.json,run,.json,652
run/prompts/decision_mock-24591-46c1eb90-dec-000173_user.json,run,.json,12556
run/prompts/decision_mock-24591-46c1eb90-dec-000174_parsed.json,run,.json,2737
run/prompts/decision_mock-24591-46c1eb90-dec-000174_response.json,run,.json,7501
run/prompts/decision_mock-24591-46c1eb90-dec-000174_system.txt,run,.txt,1912
run/prompts/decision_mock-24591-46c1eb90-dec-000174_tools.json,run,.json,652
run/prompts/decision_mock-24591-46c1eb90-dec-000174_user.json,run,.json,11772
run/prompts/decision_mock-24591-46c1eb90-dec-000175_parsed.json,run,.json,1903
run/prompts/decision_mock-24591-46c1eb90-dec-000175_response.json,run,.json,43587
run/prompts/decision_mock-24591-46c1eb90-dec-000175_system.txt,run,.txt,1912
run/prompts/decision_mock-24591-46c1eb90-dec-000175_tools.json,run,.json,652
run/prompts/decision_mock-24591-46c1eb90-dec-000175_user.json,run,.json,10655
run/prompts/decision_mock-24591-46c1eb90-dec-000176_parsed.json,run,.json,2675
run/prompts/decision_mock-24591-46c1eb90-dec-000176_response.json,run,.json,15396
run/prompts/decision_mock-24591-46c1eb90-dec-000176_system.txt,run,.txt,1912
run/prompts/decision_mock-24591-46c1eb90-dec-000176_tools.json,run,.json,652
run/prompts/decision_mock-24591-46c1eb90-dec-000176_user.json,run,.json,12858
run/prompts/decision_mock-24591-46c1eb90-dec-000177_parsed.json,run,.json,2607
run/prompts/decision_mock-24591-46c1eb90-dec-000177_response.json,run,.json,19282
run/prompts/decision_mock-24591-46c1eb90-dec-000177_system.txt,run,.txt,1912
run/prompts/decision_mock-24591-46c1eb90-dec-000177_tools.json,run,.json,1539
run/prompts/decision_mock-24591-46c1eb90-dec-000177_user.json,run,.json,12112
run/prompts/decision_mock-24591-46c1eb90-dec-000178_parsed.json,run,.json,3863
run/prompts/decision_mock-24591-46c1eb90-dec-000178_response.json,run,.json,10997
run/prompts/decision_mock-24591-46c1eb90-dec-000178_system.txt,run,.txt,1912
run/prompts/decision_mock-24591-46c1eb90-dec-000178_tools.json,run,.json,2485
run/prompts/decision_mock-24591-46c1eb90-dec-000178_user.json,run,.json,11124
run/prompts/decision_mock-24591-46c1eb90-dec-000179_parsed.json,run,.json,3339
run/prompts/decision_mock-24591-46c1eb90-dec-000179_response.json,run,.json,12527
run/prompts/decision_mock-24591-46c1eb90-dec-000179_system.txt,run,.txt,1912
run/prompts/decision_mock-24591-46c1eb90-dec-000179_tools.json,run,.json,1466
run/prompts/decision_mock-24591-46c1eb90-dec-000179_user.json,run,.json,11863
run/prompts/decision_mock-24591-46c1eb90-dec-000180_parsed.json,run,.json,3831
run/prompts/decision_mock-24591-46c1eb90-dec-000180_response.json,run,.json,17799
run/prompts/decision_mock-24591-46c1eb90-dec-000180_system.txt,run,.txt,1912
run/prompts/decision_mock-24591-46c1eb90-dec-000180_tools.json,run,.json,2485
run/prompts/decision_mock-24591-46c1eb90-dec-000180_user.json,run,.json,11544
run/prompts/decision_mock-24591-46c1eb90-dec-000181_parsed.json,run,.json,2421
run/prompts/decision_mock-24591-46c1eb90-dec-000181_response.json,run,.json,5805
run/prompts/decision_mock-24591-46c1eb90-dec-000181_system.txt,run,.txt,1912
run/prompts/decision_mock-24591-46c1eb90-dec-000181_tools.json,run,.json,1466
run/prompts/decision_mock-24591-46c1eb90-dec-000181_user.json,run,.json,11188
run/prompts/decision_mock-24591-46c1eb90-dec-000182_parsed.json,run,.json,2651
run/prompts/decision_mock-24591-46c1eb90-dec-000182_response.json,run,.json,17380
run/prompts/decision_mock-24591-46c1eb90-dec-000182_system.txt,run,.txt,1912
run/prompts/decision_mock-24591-46c1eb90-dec-000182_tools.json,run,.json,2485
run/prompts/decision_mock-24591-46c1eb90-dec-000182_user.json,run,.json,11779
run/prompts/decision_mock-24591-46c1eb90-dec-000183_parsed.json,run,.json,3159
run/prompts/decision_mock-24591-46c1eb90-dec-000183_response.json,run,.json,8873
run/prompts/decision_mock-24591-46c1eb90-dec-000183_system.txt,run,.txt,1912
run/prompts/decision_mock-24591-46c1eb90-dec-000183_tools.json,run,.json,3088
run/prompts/decision_mock-24591-46c1eb90-dec-000183_user.json,run,.json,11890
run/prompts/decision_mock-24591-46c1eb90-dec-000184_parsed.json,run,.json,2881
run/prompts/decision_mock-24591-46c1eb90-dec-000184_response.json,run,.json,11035
run/prompts/decision_mock-24591-46c1eb90-dec-000184_system.txt,run,.txt,1912
run/prompts/decision_mock-24591-46c1eb90-dec-000184_tools.json,run,.json,2485
run/prompts/decision_mock-24591-46c1eb90-dec-000184_user.json,run,.json,11919
run/prompts/decision_mock-24591-46c1eb90-dec-000185_parsed.json,run,.json,2037
run/prompts/decision_mock-24591-46c1eb90-dec-000185_response.json,run,.json,4579
run/prompts/decision_mock-24591-46c1eb90-dec-000185_system.txt,run,.txt,1912
run/prompts/decision_mock-24591-46c1eb90-dec-000185_tools.json,run,.json,1539
run/prompts/decision_mock-24591-46c1eb90-dec-000185_user.json,run,.json,11614
run/prompts/decision_mock-24591-46c1eb90-dec-000186_parsed.json,run,.json,2301
run/prompts/decision_mock-24591-46c1eb90-dec-000186_response.json,run,.json,4906
run/prompts/decision_mock-24591-46c1eb90-dec-000186_system.txt,run,.txt,1912
run/prompts/decision_mock-24591-46c1eb90-dec-000186_tools.json,run,.json,1539
run/prompts/decision_mock-24591-46c1eb90-dec-000186_user.json,run,.json,11388
run/prompts/decision_mock-24591-46c1eb90-dec-000187_parsed.json,run,.json,2059
run/prompts/decision_mock-24591-46c1eb90-dec-000187_response.json,run,.json,9130
run/prompts/decision_mock-24591-46c1eb90-dec-000187_system.txt,run,.txt,1912
run/prompts/decision_mock-24591-46c1eb90-dec-000187_tools.json,run,.json,653
run/prompts/decision_mock-24591-46c1eb90-dec-000187_user.json,run,.json,10269
run/prompts/decision_mock-24591-46c1eb90-dec-000188_parsed.json,run,.json,1879
run/prompts/decision_mock-24591-46c1eb90-dec-000188_response.json,run,.json,5082
run/prompts/decision_mock-24591-46c1eb90-dec-000188_system.txt,run,.txt,1912
run/prompts/decision_mock-24591-46c1eb90-dec-000188_tools.json,run,.json,653
run/prompts/decision_mock-24591-46c1eb90-dec-000188_user.json,run,.json,10274
run/prompts/decision_mock-24591-46c1eb90-dec-000189_parsed.json,run,.json,2063
run/prompts/decision_mock-24591-46c1eb90-dec-000189_response.json,run,.json,9072
run/prompts/decision_mock-24591-46c1eb90-dec-000189_system.txt,run,.txt,1912
run/prompts/decision_mock-24591-46c1eb90-dec-000189_tools.json,run,.json,653
run/prompts/decision_mock-24591-46c1eb90-dec-000189_user.json,run,.json,10178
run/prompts/decision_mock-24591-46c1eb90-dec-000190_parsed.json,run,.json,2191
run/prompts/decision_mock-24591-46c1eb90-dec-000190_response.json,run,.json,14615
run/prompts/decision_mock-24591-46c1eb90-dec-000190_system.txt,run,.txt,1912
run/prompts/decision_mock-24591-46c1eb90-dec-000190_tools.json,run,.json,653
run/prompts/decision_mock-24591-46c1eb90-dec-000190_user.json,run,.json,10229
run/prompts/decision_mock-24591-46c1eb90-dec-000191_parsed.json,run,.json,2055
run/prompts/decision_mock-24591-46c1eb90-dec-000191_response.json,run,.json,11312
run/prompts/decision_mock-24591-46c1eb90-dec-000191_system.txt,run,.txt,1912
run/prompts/decision_mock-24591-46c1eb90-dec-000191_tools.json,run,.json,653
run/prompts/decision_mock-24591-46c1eb90-dec-000191_user.json,run,.json,10201
run/prompts/decision_mock-24591-46c1eb90-dec-000192_parsed.json,run,.json,1895
run/prompts/decision_mock-24591-46c1eb90-dec-000192_response.json,run,.json,5883
run/prompts/decision_mock-24591-46c1eb90-dec-000192_system.txt,run,.txt,1912
run/prompts/decision_mock-24591-46c1eb90-dec-000192_tools.json,run,.json,653
run/prompts/decision_mock-24591-46c1eb90-dec-000192_user.json,run,.json,10332
run/prompts/decision_mock-24591-46c1eb90-dec-000193_parsed.json,run,.json,1899
run/prompts/decision_mock-24591-46c1eb90-dec-000193_response.json,run,.json,22885
run/prompts/decision_mock-24591-46c1eb90-dec-000193_system.txt,run,.txt,1912
run/prompts/decision_mock-24591-46c1eb90-dec-000193_tools.json,run,.json,1884
run/prompts/decision_mock-24591-46c1eb90-dec-000193_user.json,run,.json,10325
run/prompts/decision_mock-24591-46c1eb90-dec-000194_parsed.json,run,.json,1971
run/prompts/decision_mock-24591-46c1eb90-dec-000194_response.json,run,.json,11813
run/prompts/decision_mock-24591-46c1eb90-dec-000194_system.txt,run,.txt,1912
run/prompts/decision_mock-24591-46c1eb90-dec-000194_tools.json,run,.json,1884
run/prompts/decision_mock-24591-46c1eb90-dec-000194_user.json,run,.json,10511
run/prompts/decision_mock-24591-46c1eb90-dec-000195_parsed.json,run,.json,1809
run/prompts/decision_mock-24591-46c1eb90-dec-000195_response.json,run,.json,5597
run/prompts/decision_mock-24591-46c1eb90-dec-000195_system.txt,run,.txt,1912
run/prompts/decision_mock-24591-46c1eb90-dec-000195_tools.json,run,.json,1884
run/prompts/decision_mock-24591-46c1eb90-dec-000195_user.json,run,.json,10648
run/prompts/decision_mock-24591-46c1eb90-dec-000196_parsed.json,run,.json,2767
run/prompts/decision_mock-24591-46c1eb90-dec-000196_response.json,run,.json,15206
run/prompts/decision_mock-24591-46c1eb90-dec-000196_system.txt,run,.txt,1912
run/prompts/decision_mock-24591-46c1eb90-dec-000196_tools.json,run,.json,1539
run/prompts/decision_mock-24591-46c1eb90-dec-000196_user.json,run,.json,11940
run/prompts/decision_mock-24591-46c1eb90-dec-000197_parsed.json,run,.json,2209
run/prompts/decision_mock-24591-46c1eb90-dec-000197_response.json,run,.json,4368
run/prompts/decision_mock-24591-46c1eb90-dec-000197_system.txt,run,.txt,1912
run/prompts/decision_mock-24591-46c1eb90-dec-000197_tools.json,run,.json,632
run/prompts/decision_mock-24591-46c1eb90-dec-000197_user.json,run,.json,10784
run/prompts/decision_mock-24591-46c1eb90-dec-000198_parsed.json,run,.json,3055
run/prompts/decision_mock-24591-46c1eb90-dec-000198_response.json,run,.json,9348
run/prompts/decision_mock-24591-46c1eb90-dec-000198_system.txt,run,.txt,1912
run/prompts/decision_mock-24591-46c1eb90-dec-000198_tools.json,run,.json,3088
run/prompts/decision_mock-24591-46c1eb90-dec-000198_user.json,run,.json,11104
run/prompts/decision_mock-24591-46c1eb90-dec-000199_parsed.json,run,.json,2761
run/prompts/decision_mock-24591-46c1eb90-dec-000199_response.json,run,.json,9900
run/prompts/decision_mock-24591-46c1eb90-dec-000199_system.txt,run,.txt,1912
run/prompts/decision_mock-24591-46c1eb90-dec-000199_tools.json,run,.json,2485
run/prompts/decision_mock-24591-46c1eb90-dec-000199_user.json,run,.json,11116
run/prompts/decision_mock-24591-46c1eb90-dec-000200_parsed.json,run,.json,2809
run/prompts/decision_mock-24591-46c1eb90-dec-000200_response.json,run,.json,5367
run/prompts/decision_mock-24591-46c1eb90-dec-000200_system.txt,run,.txt,1912
run/prompts/decision_mock-24591-46c1eb90-dec-000200_tools.json,run,.json,1539
run/prompts/decision_mock-24591-46c1eb90-dec-000200_user.json,run,.json,10566
run/prompts/decision_mock-24591-46c1eb90-dec-000201_parsed.json,run,.json,1717
run/prompts/decision_mock-24591-46c1eb90-dec-000201_response.json,run,.json,10174
run/prompts/decision_mock-24591-46c1eb90-dec-000201_system.txt,run,.txt,1912
run/prompts/decision_mock-24591-46c1eb90-dec-000201_tools.json,run,.json,632
run/prompts/decision_mock-24591-46c1eb90-dec-000201_user.json,run,.json,9393
run/prompts/decision_mock-24591-46c1eb90-dec-000202_parsed.json,run,.json,1927
run/prompts/decision_mock-24591-46c1eb90-dec-000202_response.json,run,.json,42258
run/prompts/decision_mock-24591-46c1eb90-dec-000202_system.txt,run,.txt,1912
run/prompts/decision_mock-24591-46c1eb90-dec-000202_tools.json,run,.json,1884
run/prompts/decision_mock-24591-46c1eb90-dec-000202_user.json,run,.json,10009
run/prompts/decision_mock-24591-46c1eb90-dec-000203_parsed.json,run,.json,1763
run/prompts/decision_mock-24591-46c1eb90-dec-000203_response.json,run,.json,19084
run/prompts/decision_mock-24591-46c1eb90-dec-000203_system.txt,run,.txt,1912
run/prompts/decision_mock-24591-46c1eb90-dec-000203_tools.json,run,.json,1884
run/prompts/decision_mock-24591-46c1eb90-dec-000203_user.json,run,.json,9974
run/prompts/decision_mock-24591-46c1eb90-dec-000204_parsed.json,run,.json,1989
run/prompts/decision_mock-24591-46c1eb90-dec-000204_response.json,run,.json,10366
run/prompts/decision_mock-24591-46c1eb90-dec-000204_system.txt,run,.txt,1912
run/prompts/decision_mock-24591-46c1eb90-dec-000204_tools.json,run,.json,1884
run/prompts/decision_mock-24591-46c1eb90-dec-000204_user.json,run,.json,9895
run/prompts/decision_mock-24591-46c1eb90-dec-000205_parsed.json,run,.json,2791
run/prompts/decision_mock-24591-46c1eb90-dec-000205_response.json,run,.json,15270
run/prompts/decision_mock-24591-46c1eb90-dec-000205_system.txt,run,.txt,1912
run/prompts/decision_mock-24591-46c1eb90-dec-000205_tools.json,run,.json,1539
run/prompts/decision_mock-24591-46c1eb90-dec-000205_user.json,run,.json,11633
run/prompts/decision_mock-24591-46c1eb90-dec-000206_parsed.json,run,.json,2605
run/prompts/decision_mock-24591-46c1eb90-dec-000206_response.json,run,.json,14523
run/prompts/decision_mock-24591-46c1eb90-dec-000206_system.txt,run,.txt,1912
run/prompts/decision_mock-24591-46c1eb90-dec-000206_tools.json,run,.json,2485
run/prompts/decision_mock-24591-46c1eb90-dec-000206_user.json,run,.json,10952
run/prompts/decision_mock-24591-46c1eb90-dec-000207_parsed.json,run,.json,2313
run/prompts/decision_mock-24591-46c1eb90-dec-000207_response.json,run,.json,5269
run/prompts/decision_mock-24591-46c1eb90-dec-000207_system.txt,run,.txt,1912
run/prompts/decision_mock-24591-46c1eb90-dec-000207_tools.json,run,.json,1539
run/prompts/decision_mock-24591-46c1eb90-dec-000207_user.json,run,.json,10647
run/prompts/decision_mock-24591-46c1eb90-dec-000208_parsed.json,run,.json,2313
run/prompts/decision_mock-24591-46c1eb90-dec-000208_response.json,run,.json,4705
run/prompts/decision_mock-24591-46c1eb90-dec-000208_system.txt,run,.txt,1912
run/prompts/decision_mock-24591-46c1eb90-dec-000208_tools.json,run,.json,1539
run/prompts/decision_mock-24591-46c1eb90-dec-000208_user.json,run,.json,10609
run/prompts/decision_mock-24591-46c1eb90-dec-000209_parsed.json,run,.json,1673
run/prompts/decision_mock-24591-46c1eb90-dec-000209_response.json,run,.json,4637
run/prompts/decision_mock-24591-46c1eb90-dec-000209_system.txt,run,.txt,1912
run/prompts/decision_mock-24591-46c1eb90-dec-000209_tools.json,run,.json,1884
run/prompts/decision_mock-24591-46c1eb90-dec-000209_user.json,run,.json,9645
run/prompts/decision_mock-24591-46c1eb90-dec-000210_parsed.json,run,.json,2515
run/prompts/decision_mock-24591-46c1eb90-dec-000210_response.json,run,.json,10631
run/prompts/decision_mock-24591-46c1eb90-dec-000210_system.txt,run,.txt,1912
run/prompts/decision_mock-24591-46c1eb90-dec-000210_tools.json,run,.json,1539
run/prompts/decision_mock-24591-46c1eb90-dec-000210_user.json,run,.json,11377
run/prompts/decision_mock-24591-46c1eb90-dec-000211_parsed.json,run,.json,1861
run/prompts/decision_mock-24591-46c1eb90-dec-000211_response.json,run,.json,9144
run/prompts/decision_mock-24591-46c1eb90-dec-000211_system.txt,run,.txt,1912
run/prompts/decision_mock-24591-46c1eb90-dec-000211_tools.json,run,.json,2485
run/prompts/decision_mock-24591-46c1eb90-dec-000211_user.json,run,.json,10872
run/prompts/decision_mock-24591-46c1eb90-dec-000212_parsed.json,run,.json,2313
run/prompts/decision_mock-24591-46c1eb90-dec-000212_response.json,run,.json,4251
run/prompts/decision_mock-24591-46c1eb90-dec-000212_system.txt,run,.txt,1912
run/prompts/decision_mock-24591-46c1eb90-dec-000212_tools.json,run,.json,1539
run/prompts/decision_mock-24591-46c1eb90-dec-000212_user.json,run,.json,10381
run/prompts/decision_mock-24591-46c1eb90-dec-000213_parsed.json,run,.json,1757
run/prompts/decision_mock-24591-46c1eb90-dec-000213_response.json,run,.json,3788
run/prompts/decision_mock-24591-46c1eb90-dec-000213_system.txt,run,.txt,1912
run/prompts/decision_mock-24591-46c1eb90-dec-000213_tools.json,run,.json,1884
run/prompts/decision_mock-24591-46c1eb90-dec-000213_user.json,run,.json,9400
run/prompts/decision_mock-24591-46c1eb90-dec-000214_parsed.json,run,.json,2531
run/prompts/decision_mock-24591-46c1eb90-dec-000214_response.json,run,.json,12216
run/prompts/decision_mock-24591-46c1eb90-dec-000214_system.txt,run,.txt,1912
run/prompts/decision_mock-24591-46c1eb90-dec-000214_tools.json,run,.json,1539
run/prompts/decision_mock-24591-46c1eb90-dec-000214_user.json,run,.json,11058
run/prompts/decision_mock-24591-46c1eb90-dec-000215_parsed.json,run,.json,2551
run/prompts/decision_mock-24591-46c1eb90-dec-000215_response.json,run,.json,12889
run/prompts/decision_mock-24591-46c1eb90-dec-000215_system.txt,run,.txt,1912
run/prompts/decision_mock-24591-46c1eb90-dec-000215_tools.json,run,.json,1539
run/prompts/decision_mock-24591-46c1eb90-dec-000215_user.json,run,.json,10867
run/prompts/decision_mock-24591-46c1eb90-dec-000216_parsed.json,run,.json,3751
run/prompts/decision_mock-24591-46c1eb90-dec-000216_response.json,run,.json,30795
run/prompts/decision_mock-24591-46c1eb90-dec-000216_system.txt,run,.txt,1912
run/prompts/decision_mock-24591-46c1eb90-dec-000216_tools.json,run,.json,3088
run/prompts/decision_mock-24591-46c1eb90-dec-000216_user.json,run,.json,10727
run/prompts/decision_mock-24591-46c1eb90-dec-000217_parsed.json,run,.json,2193
run/prompts/decision_mock-24591-46c1eb90-dec-000217_response.json,run,.json,9465
run/prompts/decision_mock-24591-46c1eb90-dec-000217_system.txt,run,.txt,1912
run/prompts/decision_mock-24591-46c1eb90-dec-000217_tools.json,run,.json,2485
run/prompts/decision_mock-24591-46c1eb90-dec-000217_user.json,run,.json,10917
run/prompts/decision_mock-24591-46c1eb90-dec-000218_parsed.json,run,.json,2077
run/prompts/decision_mock-24591-46c1eb90-dec-000218_response.json,run,.json,5803
run/prompts/decision_mock-24591-46c1eb90-dec-000218_system.txt,run,.txt,1912
run/prompts/decision_mock-24591-46c1eb90-dec-000218_tools.json,run,.json,2485
run/prompts/decision_mock-24591-46c1eb90-dec-000218_user.json,run,.json,10927
run/prompts/decision_mock-24591-46c1eb90-dec-000219_parsed.json,run,.json,2265
run/prompts/decision_mock-24591-46c1eb90-dec-000219_response.json,run,.json,3652
run/prompts/decision_mock-24591-46c1eb90-dec-000219_system.txt,run,.txt,1912
run/prompts/decision_mock-24591-46c1eb90-dec-000219_tools.json,run,.json,632
run/prompts/decision_mock-24591-46c1eb90-dec-000219_user.json,run,.json,9993
run/prompts/decision_mock-24591-46c1eb90-dec-000220_parsed.json,run,.json,1749
run/prompts/decision_mock-24591-46c1eb90-dec-000220_response.json,run,.json,4467
run/prompts/decision_mock-24591-46c1eb90-dec-000220_system.txt,run,.txt,1912
run/prompts/decision_mock-24591-46c1eb90-dec-000220_tools.json,run,.json,1539
run/prompts/decision_mock-24591-46c1eb90-dec-000220_user.json,run,.json,10511
run/prompts/decision_mock-24591-46c1eb90-dec-000221_parsed.json,run,.json,1653
run/prompts/decision_mock-24591-46c1eb90-dec-000221_response.json,run,.json,4232
run/prompts/decision_mock-24591-46c1eb90-dec-000221_system.txt,run,.txt,1912
run/prompts/decision_mock-24591-46c1eb90-dec-000221_tools.json,run,.json,1884
run/prompts/decision_mock-24591-46c1eb90-dec-000221_user.json,run,.json,9473
run/prompts/decision_mock-24591-46c1eb90-dec-000222_parsed.json,run,.json,2435
run/prompts/decision_mock-24591-46c1eb90-dec-000222_response.json,run,.json,11651
run/prompts/decision_mock-24591-46c1eb90-dec-000222_system.txt,run,.txt,1912
run/prompts/decision_mock-24591-46c1eb90-dec-000222_tools.json,run,.json,1539
run/prompts/decision_mock-24591-46c1eb90-dec-000222_user.json,run,.json,11025
run/prompts/decision_mock-24591-46c1eb90-dec-000223_parsed.json,run,.json,3751
run/prompts/decision_mock-24591-46c1eb90-dec-000223_response.json,run,.json,18229
run/prompts/decision_mock-24591-46c1eb90-dec-000223_system.txt,run,.txt,1912
run/prompts/decision_mock-24591-46c1eb90-dec-000223_tools.json,run,.json,3088
run/prompts/decision_mock-24591-46c1eb90-dec-000223_user.json,run,.json,10982
run/prompts/decision_mock-24591-46c1eb90-dec-000224_parsed.json,run,.json,3013
run/prompts/decision_mock-24591-46c1eb90-dec-000224_response.json,run,.json,6672
run/prompts/decision_mock-24591-46c1eb90-dec-000224_system.txt,run,.txt,1912
run/prompts/decision_mock-24591-46c1eb90-dec-000224_tools.json,run,.json,2140
run/prompts/decision_mock-24591-46c1eb90-dec-000224_user.json,run,.json,11070
run/prompts/decision_mock-24591-46c1eb90-dec-000225_parsed.json,run,.json,1953
run/prompts/decision_mock-24591-46c1eb90-dec-000225_response.json,run,.json,5962
run/prompts/decision_mock-24591-46c1eb90-dec-000225_system.txt,run,.txt,1912
run/prompts/decision_mock-24591-46c1eb90-dec-000225_tools.json,run,.json,653
run/prompts/decision_mock-24591-46c1eb90-dec-000225_user.json,run,.json,10539
run/prompts/decision_mock-24591-46c1eb90-dec-000226_parsed.json,run,.json,1721
run/prompts/decision_mock-24591-46c1eb90-dec-000226_response.json,run,.json,4576
run/prompts/decision_mock-24591-46c1eb90-dec-000226_system.txt,run,.txt,1912
run/prompts/decision_mock-24591-46c1eb90-dec-000226_tools.json,run,.json,632
run/prompts/decision_mock-24591-46c1eb90-dec-000226_user.json,run,.json,8774
run/prompts/decision_mock-24591-46c1eb90-dec-000227_parsed.json,run,.json,2543
run/prompts/decision_mock-24591-46c1eb90-dec-000227_response.json,run,.json,15209
run/prompts/decision_mock-24591-46c1eb90-dec-000227_system.txt,run,.txt,1912
run/prompts/decision_mock-24591-46c1eb90-dec-000227_tools.json,run,.json,2487
run/prompts/decision_mock-24591-46c1eb90-dec-000227_user.json,run,.json,9477
run/prompts/decision_mock-24591-46c1eb90-dec-000228_parsed.json,run,.json,1823
run/prompts/decision_mock-24591-46c1eb90-dec-000228_response.json,run,.json,17078
run/prompts/decision_mock-24591-46c1eb90-dec-000228_system.txt,run,.txt,1912
run/prompts/decision_mock-24591-46c1eb90-dec-000228_tools.json,run,.json,3088
run/prompts/decision_mock-24591-46c1eb90-dec-000228_user.json,run,.json,9525
run/prompts/decision_mock-24591-46c1eb90-dec-000229_parsed.json,run,.json,2455
run/prompts/decision_mock-24591-46c1eb90-dec-000229_response.json,run,.json,10112
run/prompts/decision_mock-24591-46c1eb90-dec-000229_system.txt,run,.txt,1912
run/prompts/decision_mock-24591-46c1eb90-dec-000229_tools.json,run,.json,3088
run/prompts/decision_mock-24591-46c1eb90-dec-000229_user.json,run,.json,9547
run/prompts/decision_mock-24591-46c1eb90-dec-000230_parsed.json,run,.json,1647
run/prompts/decision_mock-24591-46c1eb90-dec-000230_response.json,run,.json,26936
run/prompts/decision_mock-24591-46c1eb90-dec-000230_system.txt,run,.txt,1912
run/prompts/decision_mock-24591-46c1eb90-dec-000230_tools.json,run,.json,3088
run/prompts/decision_mock-24591-46c1eb90-dec-000230_user.json,run,.json,9464
run/prompts/decision_mock-24591-46c1eb90-dec-000231_parsed.json,run,.json,2235
run/prompts/decision_mock-24591-46c1eb90-dec-000231_response.json,run,.json,8761
run/prompts/decision_mock-24591-46c1eb90-dec-000231_system.txt,run,.txt,1912
run/prompts/decision_mock-24591-46c1eb90-dec-000231_tools.json,run,.json,3088
run/prompts/decision_mock-24591-46c1eb90-dec-000231_user.json,run,.json,9612
run/prompts/decision_mock-24591-46c1eb90-dec-000232_parsed.json,run,.json,1589
run/prompts/decision_mock-24591-46c1eb90-dec-000232_response.json,run,.json,7086
run/prompts/decision_mock-24591-46c1eb90-dec-000232_system.txt,run,.txt,1912
run/prompts/decision_mock-24591-46c1eb90-dec-000232_tools.json,run,.json,2485
run/prompts/decision_mock-24591-46c1eb90-dec-000232_user.json,run,.json,9514
run/prompts/decision_mock-24591-46c1eb90-dec-000233_parsed.json,run,.json,2327
run/prompts/decision_mock-24591-46c1eb90-dec-000233_response.json,run,.json,15170
run/prompts/decision_mock-24591-46c1eb90-dec-000233_system.txt,run,.txt,1912
run/prompts/decision_mock-24591-46c1eb90-dec-000233_tools.json,run,.json,1539
run/prompts/decision_mock-24591-46c1eb90-dec-000233_user.json,run,.json,11148
run/prompts/decision_mock-24591-46c1eb90-dec-000234_parsed.json,run,.json,2119
run/prompts/decision_mock-24591-46c1eb90-dec-000234_response.json,run,.json,22582
run/prompts/decision_mock-24591-46c1eb90-dec-000234_system.txt,run,.txt,1912
run/prompts/decision_mock-24591-46c1eb90-dec-000234_tools.json,run,.json,2485
run/prompts/decision_mock-24591-46c1eb90-dec-000234_user.json,run,.json,9217
run/prompts/decision_mock-24591-46c1eb90-dec-000235_parsed.json,run,.json,1793
run/prompts/decision_mock-24591-46c1eb90-dec-000235_response.json,run,.json,6734
run/prompts/decision_mock-24591-46c1eb90-dec-000235_system.txt,run,.txt,1912
run/prompts/decision_mock-24591-46c1eb90-dec-000235_tools.json,run,.json,2485
run/prompts/decision_mock-24591-46c1eb90-dec-000235_user.json,run,.json,9363
run/prompts/decision_mock-24591-46c1eb90-dec-000236_parsed.json,run,.json,2503
run/prompts/decision_mock-24591-46c1eb90-dec-000236_response.json,run,.json,15232
run/prompts/decision_mock-24591-46c1eb90-dec-000236_system.txt,run,.txt,1912
run/prompts/decision_mock-24591-46c1eb90-dec-000236_tools.json,run,.json,1539
run/prompts/decision_mock-24591-46c1eb90-dec-000236_user.json,run,.json,10954
run/prompts/decision_mock-24591-46c1eb90-dec-000237_parsed.json,run,.json,2453
run/prompts/decision_mock-24591-46c1eb90-dec-000237_response.json,run,.json,8956
run/prompts/decision_mock-24591-46c1eb90-dec-000237_system.txt,run,.txt,1912
run/prompts/decision_mock-24591-46c1eb90-dec-000237_tools.json,run,.json,612
run/prompts/decision_mock-24591-46c1eb90-dec-000237_user.json,run,.json,10701
run/prompts/decision_mock-24591-46c1eb90-dec-000238_parsed.json,run,.json,1841
run/prompts/decision_mock-24591-46c1eb90-dec-000238_response.json,run,.json,8466
run/prompts/decision_mock-24591-46c1eb90-dec-000238_system.txt,run,.txt,1912
run/prompts/decision_mock-24591-46c1eb90-dec-000238_tools.json,run,.json,2485
run/prompts/decision_mock-24591-46c1eb90-dec-000238_user.json,run,.json,9562
run/prompts/decision_mock-24591-46c1eb90-dec-000239_parsed.json,run,.json,2691
run/prompts/decision_mock-24591-46c1eb90-dec-000239_response.json,run,.json,12798
run/prompts/decision_mock-24591-46c1eb90-dec-000239_system.txt,run,.txt,1912
run/prompts/decision_mock-24591-46c1eb90-dec-000239_tools.json,run,.json,1539
run/prompts/decision_mock-24591-46c1eb90-dec-000239_user.json,run,.json,11174
run/prompts/decision_mock-24591-46c1eb90-dec-000240_parsed.json,run,.json,2381
run/prompts/decision_mock-24591-46c1eb90-dec-000240_response.json,run,.json,4600
run/prompts/decision_mock-24591-46c1eb90-dec-000240_system.txt,run,.txt,1912
run/prompts/decision_mock-24591-46c1eb90-dec-000240_tools.json,run,.json,612
run/prompts/decision_mock-24591-46c1eb90-dec-000240_user.json,run,.json,10855
run/prompts/decision_mock-24591-46c1eb90-dec-000241_parsed.json,run,.json,1827
run/prompts/decision_mock-24591-46c1eb90-dec-000241_response.json,run,.json,5082
run/prompts/decision_mock-24591-46c1eb90-dec-000241_system.txt,run,.txt,1912
run/prompts/decision_mock-24591-46c1eb90-dec-000241_tools.json,run,.json,1254
run/prompts/decision_mock-24591-46c1eb90-dec-000241_user.json,run,.json,9349
run/prompts/decision_mock-24591-46c1eb90-dec-000242_parsed.json,run,.json,1827
run/prompts/decision_mock-24591-46c1eb90-dec-000242_response.json,run,.json,8576
run/prompts/decision_mock-24591-46c1eb90-dec-000242_system.txt,run,.txt,1912
run/prompts/decision_mock-24591-46c1eb90-dec-000242_tools.json,run,.json,2140
run/prompts/decision_mock-24591-46c1eb90-dec-000242_user.json,run,.json,9351
run/prompts/decision_mock-24591-46c1eb90-dec-000243_parsed.json,run,.json,1841
run/prompts/decision_mock-24591-46c1eb90-dec-000243_response.json,run,.json,6706
run/prompts/decision_mock-24591-46c1eb90-dec-000243_system.txt,run,.txt,1912
run/prompts/decision_mock-24591-46c1eb90-dec-000243_tools.json,run,.json,2485
run/prompts/decision_mock-24591-46c1eb90-dec-000243_user.json,run,.json,9416
run/prompts/decision_mock-24591-46c1eb90-dec-000244_parsed.json,run,.json,2719
run/prompts/decision_mock-24591-46c1eb90-dec-000244_response.json,run,.json,16819
run/prompts/decision_mock-24591-46c1eb90-dec-000244_system.txt,run,.txt,1912
run/prompts/decision_mock-24591-46c1eb90-dec-000244_tools.json,run,.json,1539
run/prompts/decision_mock-24591-46c1eb90-dec-000244_user.json,run,.json,11053
run/prompts/decision_mock-24591-46c1eb90-dec-000245_parsed.json,run,.json,2473
run/prompts/decision_mock-24591-46c1eb90-dec-000245_response.json,run,.json,8549
run/prompts/decision_mock-24591-46c1eb90-dec-000245_system.txt,run,.txt,1912
run/prompts/decision_mock-24591-46c1eb90-dec-000245_tools.json,run,.json,612
run/prompts/decision_mock-24591-46c1eb90-dec-000245_user.json,run,.json,10672
run/prompts/decision_mock-24591-46c1eb90-dec-000246_parsed.json,run,.json,2443
run/prompts/decision_mock-24591-46c1eb90-dec-000246_response.json,run,.json,9088
run/prompts/decision_mock-24591-46c1eb90-dec-000246_system.txt,run,.txt,1912
run/prompts/decision_mock-24591-46c1eb90-dec-000246_tools.json,run,.json,3088
run/prompts/decision_mock-24591-46c1eb90-dec-000246_user.json,run,.json,11282
run/prompts/decision_mock-24591-46c1eb90-dec-000247_parsed.json,run,.json,5339
run/prompts/decision_mock-24591-46c1eb90-dec-000247_response.json,run,.json,46948
run/prompts/decision_mock-24591-46c1eb90-dec-000247_system.txt,run,.txt,1912
run/prompts/decision_mock-24591-46c1eb90-dec-000247_tools.json,run,.json,3088
run/prompts/decision_mock-24591-46c1eb90-dec-000247_user.json,run,.json,11217
run/prompts/decision_mock-24591-46c1eb90-dec-000248_parsed.json,run,.json,1801
run/prompts/decision_mock-24591-46c1eb90-dec-000248_response.json,run,.json,17833
run/prompts/decision_mock-24591-46c1eb90-dec-000248_system.txt,run,.txt,1912
run/prompts/decision_mock-24591-46c1eb90-dec-000248_tools.json,run,.json,1466
run/prompts/decision_mock-24591-46c1eb90-dec-000248_user.json,run,.json,9691
run/prompts/decision_mock-24591-46c1eb90-dec-000249_parsed.json,run,.json,3659
run/prompts/decision_mock-24591-46c1eb90-dec-000249_response.json,run,.json,14552
run/prompts/decision_mock-24591-46c1eb90-dec-000249_system.txt,run,.txt,1912
run/prompts/decision_mock-24591-46c1eb90-dec-000249_tools.json,run,.json,3088
run/prompts/decision_mock-24591-46c1eb90-dec-000249_user.json,run,.json,12114
run/prompts/decision_mock-24591-46c1eb90-dec-000250_parsed.json,run,.json,3097
run/prompts/decision_mock-24591-46c1eb90-dec-000250_response.json,run,.json,21311
run/prompts/decision_mock-24591-46c1eb90-dec-000250_system.txt,run,.txt,1912
run/prompts/decision_mock-24591-46c1eb90-dec-000250_tools.json,run,.json,2485
run/prompts/decision_mock-24591-46c1eb90-dec-000250_user.json,run,.json,12134
run/prompts/decision_mock-24591-46c1eb90-dec-000251_parsed.json,run,.json,1657
run/prompts/decision_mock-24591-46c1eb90-dec-000251_response.json,run,.json,5367
run/prompts/decision_mock-24591-46c1eb90-dec-000251_system.txt,run,.txt,1912
run/prompts/decision_mock-24591-46c1eb90-dec-000251_tools.json,run,.json,2485
run/prompts/decision_mock-24591-46c1eb90-dec-000251_user.json,run,.json,10328
run/prompts/decision_mock-24591-46c1eb90-dec-000252_parsed.json,run,.json,2375
run/prompts/decision_mock-24591-46c1eb90-dec-000252_response.json,run,.json,16680
run/prompts/decision_mock-24591-46c1eb90-dec-000252_system.txt,run,.txt,1912
run/prompts/decision_mock-24591-46c1eb90-dec-000252_tools.json,run,.json,1539
run/prompts/decision_mock-24591-46c1eb90-dec-000252_user.json,run,.json,12017
run/prompts/decision_mock-24591-46c1eb90-dec-000253_parsed.json,run,.json,4163
run/prompts/decision_mock-24591-46c1eb90-dec-000253_response.json,run,.json,15867
run/prompts/decision_mock-24591-46c1eb90-dec-000253_system.txt,run,.txt,1912
run/prompts/decision_mock-24591-46c1eb90-dec-000253_tools.json,run,.json,2485
run/prompts/decision_mock-24591-46c1eb90-dec-000253_user.json,run,.json,12375
run/prompts/decision_mock-24591-46c1eb90-dec-000254_parsed.json,run,.json,1877
run/prompts/decision_mock-24591-46c1eb90-dec-000254_response.json,run,.json,4011
run/prompts/decision_mock-24591-46c1eb90-dec-000254_system.txt,run,.txt,1912
run/prompts/decision_mock-24591-46c1eb90-dec-000254_tools.json,run,.json,1466
run/prompts/decision_mock-24591-46c1eb90-dec-000254_user.json,run,.json,10483
run/prompts/decision_mock-24591-46c1eb90-dec-000255_parsed.json,run,.json,2657
run/prompts/decision_mock-24591-46c1eb90-dec-000255_response.json,run,.json,11630
run/prompts/decision_mock-24591-46c1eb90-dec-000255_system.txt,run,.txt,1912
run/prompts/decision_mock-24591-46c1eb90-dec-000255_tools.json,run,.json,2485
run/prompts/decision_mock-24591-46c1eb90-dec-000255_user.json,run,.json,12880
run/prompts/decision_mock-24591-46c1eb90-dec-000256_parsed.json,run,.json,1909
run/prompts/decision_mock-24591-46c1eb90-dec-000256_response.json,run,.json,7018
run/prompts/decision_mock-24591-46c1eb90-dec-000256_system.txt,run,.txt,1912
run/prompts/decision_mock-24591-46c1eb90-dec-000256_tools.json,run,.json,2485
run/prompts/decision_mock-24591-46c1eb90-dec-000256_user.json,run,.json,10940
run/prompts/decision_mock-24591-46c1eb90-dec-000257_parsed.json,run,.json,2467
run/prompts/decision_mock-24591-46c1eb90-dec-000257_response.json,run,.json,9994
run/prompts/decision_mock-24591-46c1eb90-dec-000257_system.txt,run,.txt,1912
run/prompts/decision_mock-24591-46c1eb90-dec-000257_tools.json,run,.json,1539
run/prompts/decision_mock-24591-46c1eb90-dec-000257_user.json,run,.json,12383
run/prompts/decision_mock-24591-46c1eb90-dec-000258_parsed.json,run,.json,2821
run/prompts/decision_mock-24591-46c1eb90-dec-000258_response.json,run,.json,17591
run/prompts/decision_mock-24591-46c1eb90-dec-000258_system.txt,run,.txt,1912
run/prompts/decision_mock-24591-46c1eb90-dec-000258_tools.json,run,.json,2485
run/prompts/decision_mock-24591-46c1eb90-dec-000258_user.json,run,.json,12676
run/prompts/decision_mock-24591-46c1eb90-dec-000259_parsed.json,run,.json,1847
run/prompts/decision_mock-24591-46c1eb90-dec-000259_response.json,run,.json,6850
run/prompts/decision_mock-24591-46c1eb90-dec-000259_system.txt,run,.txt,1912
run/prompts/decision_mock-24591-46c1eb90-dec-000259_tools.json,run,.json,1254
run/prompts/decision_mock-24591-46c1eb90-dec-000259_user.json,run,.json,10853
run/prompts/decision_mock-24591-46c1eb90-dec-000260_parsed.json,run,.json,2207
run/prompts/decision_mock-24591-46c1eb90-dec-000260_response.json,run,.json,31936
run/prompts/decision_mock-24591-46c1eb90-dec-000260_system.txt,run,.txt,1912
run/prompts/decision_mock-24591-46c1eb90-dec-000260_tools.json,run,.json,1799
run/prompts/decision_mock-24591-46c1eb90-dec-000260_user.json,run,.json,10858
run/prompts/decision_mock-24591-46c1eb90-dec-000261_parsed.json,run,.json,2811
run/prompts/decision_mock-24591-46c1eb90-dec-000261_response.json,run,.json,90273
run/prompts/decision_mock-24591-46c1eb90-dec-000261_system.txt,run,.txt,1912
run/prompts/decision_mock-24591-46c1eb90-dec-000261_tools.json,run,.json,2747
run/prompts/decision_mock-24591-46c1eb90-dec-000261_user.json,run,.json,10949
run/prompts/decision_mock-24591-46c1eb90-dec-000262_parsed.json,run,.json,3085
run/prompts/decision_mock-24591-46c1eb90-dec-000262_response.json,run,.json,14614
run/prompts/decision_mock-24591-46c1eb90-dec-000262_system.txt,run,.txt,1912
run/prompts/decision_mock-24591-46c1eb90-dec-000262_tools.json,run,.json,1466
run/prompts/decision_mock-24591-46c1eb90-dec-000262_user.json,run,.json,12609
run/prompts/decision_mock-24591-46c1eb90-dec-000263_parsed.json,run,.json,1987
run/prompts/decision_mock-24591-46c1eb90-dec-000263_response.json,run,.json,29300
run/prompts/decision_mock-24591-46c1eb90-dec-000263_system.txt,run,.txt,1912
run/prompts/decision_mock-24591-46c1eb90-dec-000263_tools.json,run,.json,2747
run/prompts/decision_mock-24591-46c1eb90-dec-000263_user.json,run,.json,11275
run/prompts/decision_mock-24591-46c1eb90-dec-000264_parsed.json,run,.json,1653
run/prompts/decision_mock-24591-46c1eb90-dec-000264_response.json,run,.json,12854
run/prompts/decision_mock-24591-46c1eb90-dec-000264_system.txt,run,.txt,1912
run/prompts/decision_mock-24591-46c1eb90-dec-000264_tools.json,run,.json,2144
run/prompts/decision_mock-24591-46c1eb90-dec-000264_user.json,run,.json,11199
run/prompts/decision_mock-24591-46c1eb90-dec-000265_parsed.json,run,.json,2343
run/prompts/decision_mock-24591-46c1eb90-dec-000265_response.json,run,.json,14173
run/prompts/decision_mock-24591-46c1eb90-dec-000265_system.txt,run,.txt,1912
run/prompts/decision_mock-24591-46c1eb90-dec-000265_tools.json,run,.json,1539
run/prompts/decision_mock-24591-46c1eb90-dec-000265_user.json,run,.json,11921
run/prompts/decision_mock-24591-46c1eb90-dec-000266_parsed.json,run,.json,2611
run/prompts/decision_mock-24591-46c1eb90-dec-000266_response.json,run,.json,13410
run/prompts/decision_mock-24591-46c1eb90-dec-000266_system.txt,run,.txt,1912
run/prompts/decision_mock-24591-46c1eb90-dec-000266_tools.json,run,.json,2144
run/prompts/decision_mock-24591-46c1eb90-dec-000266_user.json,run,.json,10274
run/prompts/decision_mock-24591-46c1eb90-dec-000267_parsed.json,run,.json,2619
run/prompts/decision_mock-24591-46c1eb90-dec-000267_response.json,run,.json,11610
run/prompts/decision_mock-24591-46c1eb90-dec-000267_system.txt,run,.txt,1912
run/prompts/decision_mock-24591-46c1eb90-dec-000267_tools.json,run,.json,1466
run/prompts/decision_mock-24591-46c1eb90-dec-000267_user.json,run,.json,11292
run/prompts/decision_mock-24591-46c1eb90-dec-000268_parsed.json,run,.json,2643
run/prompts/decision_mock-24591-46c1eb90-dec-000268_response.json,run,.json,31725
run/prompts/decision_mock-24591-46c1eb90-dec-000268_system.txt,run,.txt,1912
run/prompts/decision_mock-24591-46c1eb90-dec-000268_tools.json,run,.json,2144
run/prompts/decision_mock-24591-46c1eb90-dec-000268_user.json,run,.json,9985
run/prompts/decision_mock-24591-46c1eb90-dec-000269_parsed.json,run,.json,3303
run/prompts/decision_mock-24591-46c1eb90-dec-000269_response.json,run,.json,17562
run/prompts/decision_mock-24591-46c1eb90-dec-000269_system.txt,run,.txt,1912
run/prompts/decision_mock-24591-46c1eb90-dec-000269_tools.json,run,.json,1466
run/prompts/decision_mock-24591-46c1eb90-dec-000269_user.json,run,.json,11620
run/prompts/decision_mock-24591-46c1eb90-dec-000270_parsed.json,run,.json,1657
run/prompts/decision_mock-24591-46c1eb90-dec-000270_response.json,run,.json,12180
run/prompts/decision_mock-24591-46c1eb90-dec-000270_system.txt,run,.txt,1912
run/prompts/decision_mock-24591-46c1eb90-dec-000270_tools.json,run,.json,1466
run/prompts/decision_mock-24591-46c1eb90-dec-000270_user.json,run,.json,10083
run/prompts/decision_mock-24591-46c1eb90-dec-000271_parsed.json,run,.json,1895
run/prompts/decision_mock-24591-46c1eb90-dec-000271_response.json,run,.json,40191
run/prompts/decision_mock-24591-46c1eb90-dec-000271_system.txt,run,.txt,1912
run/prompts/decision_mock-24591-46c1eb90-dec-000271_tools.json,run,.json,2485
run/prompts/decision_mock-24591-46c1eb90-dec-000271_user.json,run,.json,10290
run/prompts/decision_mock-24591-46c1eb90-dec-000272_parsed.json,run,.json,1839
run/prompts/decision_mock-24591-46c1eb90-dec-000272_response.json,run,.json,5019
run/prompts/decision_mock-24591-46c1eb90-dec-000272_system.txt,run,.txt,1912
run/prompts/decision_mock-24591-46c1eb90-dec-000272_tools.json,run,.json,2485
run/prompts/decision_mock-24591-46c1eb90-dec-000272_user.json,run,.json,10311
run/prompts/decision_mock-24591-46c1eb90-dec-000273_parsed.json,run,.json,2351
run/prompts/decision_mock-24591-46c1eb90-dec-000273_response.json,run,.json,6397
run/prompts/decision_mock-24591-46c1eb90-dec-000273_system.txt,run,.txt,1912
run/prompts/decision_mock-24591-46c1eb90-dec-000273_tools.json,run,.json,3088
run/prompts/decision_mock-24591-46c1eb90-dec-000273_user.json,run,.json,10340
run/prompts/decision_mock-24591-46c1eb90-dec-000274_parsed.json,run,.json,2759
run/prompts/decision_mock-24591-46c1eb90-dec-000274_response.json,run,.json,11661
run/prompts/decision_mock-24591-46c1eb90-dec-000274_system.txt,run,.txt,1912
run/prompts/decision_mock-24591-46c1eb90-dec-000274_tools.json,run,.json,2747
run/prompts/decision_mock-24591-46c1eb90-dec-000274_user.json,run,.json,10345
run/prompts/decision_mock-24591-46c1eb90-dec-000275_parsed.json,run,.json,1733
run/prompts/decision_mock-24591-46c1eb90-dec-000275_response.json,run,.json,6683
run/prompts/decision_mock-24591-46c1eb90-dec-000275_system.txt,run,.txt,1912
run/prompts/decision_mock-24591-46c1eb90-dec-000275_tools.json,run,.json,1799
run/prompts/decision_mock-24591-46c1eb90-dec-000275_user.json,run,.json,10294
run/prompts/decision_mock-24591-46c1eb90-dec-000276_parsed.json,run,.json,2599
run/prompts/decision_mock-24591-46c1eb90-dec-000276_response.json,run,.json,13030
run/prompts/decision_mock-24591-46c1eb90-dec-000276_system.txt,run,.txt,1912
run/prompts/decision_mock-24591-46c1eb90-dec-000276_tools.json,run,.json,1539
run/prompts/decision_mock-24591-46c1eb90-dec-000276_user.json,run,.json,11858
run/prompts/decision_mock-24591-46c1eb90-dec-000277_parsed.json,run,.json,2345
run/prompts/decision_mock-24591-46c1eb90-dec-000277_response.json,run,.json,8746
run/prompts/decision_mock-24591-46c1eb90-dec-000277_system.txt,run,.txt,1912
run/prompts/decision_mock-24591-46c1eb90-dec-000277_tools.json,run,.json,612
run/prompts/decision_mock-24591-46c1eb90-dec-000277_user.json,run,.json,11780
run/prompts/decision_mock-24591-46c1eb90-dec-000278_parsed.json,run,.json,3273
run/prompts/decision_mock-24591-46c1eb90-dec-000278_response.json,run,.json,12011
run/prompts/decision_mock-24591-46c1eb90-dec-000278_system.txt,run,.txt,1912
run/prompts/decision_mock-24591-46c1eb90-dec-000278_tools.json,run,.json,2485
run/prompts/decision_mock-24591-46c1eb90-dec-000278_user.json,run,.json,12248
run/prompts/decision_mock-24591-46c1eb90-dec-000279_parsed.json,run,.json,1809
run/prompts/decision_mock-24591-46c1eb90-dec-000279_response.json,run,.json,16293
run/prompts/decision_mock-24591-46c1eb90-dec-000279_system.txt,run,.txt,1912
run/prompts/decision_mock-24591-46c1eb90-dec-000279_tools.json,run,.json,1799
run/prompts/decision_mock-24591-46c1eb90-dec-000279_user.json,run,.json,9973
run/prompts/decision_mock-24591-46c1eb90-dec-000280_parsed.json,run,.json,2319
run/prompts/decision_mock-24591-46c1eb90-dec-000280_response.json,run,.json,12866
run/prompts/decision_mock-24591-46c1eb90-dec-000280_system.txt,run,.txt,1912
run/prompts/decision_mock-24591-46c1eb90-dec-000280_tools.json,run,.json,1539
run/prompts/decision_mock-24591-46c1eb90-dec-000280_user.json,run,.json,11699
run/prompts/decision_mock-24591-46c1eb90-dec-000281_parsed.json,run,.json,2123
run/prompts/decision_mock-24591-46c1eb90-dec-000281_response.json,run,.json,11911
run/prompts/decision_mock-24591-46c1eb90-dec-000281_system.txt,run,.txt,1912
run/prompts/decision_mock-24591-46c1eb90-dec-000281_tools.json,run,.json,1539
run/prompts/decision_mock-24591-46c1eb90-dec-000281_user.json,run,.json,11756
run/prompts/decision_mock-24591-46c1eb90-dec-000282_parsed.json,run,.json,2403
run/prompts/decision_mock-24591-46c1eb90-dec-000282_response.json,run,.json,14233
run/prompts/decision_mock-24591-46c1eb90-dec-000282_system.txt,run,.txt,1912
run/prompts/decision_mock-24591-46c1eb90-dec-000282_tools.json,run,.json,1539
run/prompts/decision_mock-24591-46c1eb90-dec-000282_user.json,run,.json,11719
run/prompts/decision_mock-24591-46c1eb90-dec-000283_parsed.json,run,.json,2189
run/prompts/decision_mock-24591-46c1eb90-dec-000283_response.json,run,.json,17430
run/prompts/decision_mock-24591-46c1eb90-dec-000283_system.txt,run,.txt,1912
run/prompts/decision_mock-24591-46c1eb90-dec-000283_tools.json,run,.json,2485
run/prompts/decision_mock-24591-46c1eb90-dec-000283_user.json,run,.json,12496
run/prompts/decision_mock-24591-46c1eb90-dec-000284_parsed.json,run,.json,3179
run/prompts/decision_mock-24591-46c1eb90-dec-000284_response.json,run,.json,34606
run/prompts/decision_mock-24591-46c1eb90-dec-000284_system.txt,run,.txt,1912
run/prompts/decision_mock-24591-46c1eb90-dec-000284_tools.json,run,.json,913
run/prompts/decision_mock-24591-46c1eb90-dec-000284_user.json,run,.json,10129
run/prompts/decision_mock-24591-46c1eb90-dec-000285_parsed.json,run,.json,1807
run/prompts/decision_mock-24591-46c1eb90-dec-000285_response.json,run,.json,16822
run/prompts/decision_mock-24591-46c1eb90-dec-000285_system.txt,run,.txt,1912
run/prompts/decision_mock-24591-46c1eb90-dec-000285_tools.json,run,.json,2140
run/prompts/decision_mock-24591-46c1eb90-dec-000285_user.json,run,.json,10209
run/prompts/decision_mock-24591-46c1eb90-dec-000286_parsed.json,run,.json,1835
run/prompts/decision_mock-24591-46c1eb90-dec-000286_response.json,run,.json,17872
run/prompts/decision_mock-24591-46c1eb90-dec-000286_system.txt,run,.txt,1912
run/prompts/decision_mock-24591-46c1eb90-dec-000286_tools.json,run,.json,3088
run/prompts/decision_mock-24591-46c1eb90-dec-000286_user.json,run,.json,10237
run/prompts/decision_mock-24591-46c1eb90-dec-000287_parsed.json,run,.json,1911
run/prompts/decision_mock-24591-46c1eb90-dec-000287_response.json,run,.json,27272
run/prompts/decision_mock-24591-46c1eb90-dec-000287_system.txt,run,.txt,1912
run/prompts/decision_mock-24591-46c1eb90-dec-000287_tools.json,run,.json,2140
run/prompts/decision_mock-24591-46c1eb90-dec-000287_user.json,run,.json,9890
run/prompts/decision_mock-24591-46c1eb90-dec-000288_parsed.json,run,.json,2003
run/prompts/decision_mock-24591-46c1eb90-dec-000288_response.json,run,.json,7898
run/prompts/decision_mock-24591-46c1eb90-dec-000288_system.txt,run,.txt,1912
run/prompts/decision_mock-24591-46c1eb90-dec-000288_tools.json,run,.json,3088
run/prompts/decision_mock-24591-46c1eb90-dec-000288_user.json,run,.json,9958
run/prompts/decision_mock-24591-46c1eb90-dec-000289_parsed.json,run,.json,1819
run/prompts/decision_mock-24591-46c1eb90-dec-000289_response.json,run,.json,14441
run/prompts/decision_mock-24591-46c1eb90-dec-000289_system.txt,run,.txt,1912
run/prompts/decision_mock-24591-46c1eb90-dec-000289_tools.json,run,.json,2140
run/prompts/decision_mock-24591-46c1eb90-dec-000289_user.json,run,.json,9849
run/prompts/decision_mock-24591-46c1eb90-dec-000290_parsed.json,run,.json,2119
run/prompts/decision_mock-24591-46c1eb90-dec-000290_response.json,run,.json,19373
run/prompts/decision_mock-24591-46c1eb90-dec-000290_system.txt,run,.txt,1912
run/prompts/decision_mock-24591-46c1eb90-dec-000290_tools.json,run,.json,2144
run/prompts/decision_mock-24591-46c1eb90-dec-000290_user.json,run,.json,9929
run/prompts/decision_mock-24591-46c1eb90-dec-000291_parsed.json,run,.json,1867
run/prompts/decision_mock-24591-46c1eb90-dec-000291_response.json,run,.json,13837
run/prompts/decision_mock-24591-46c1eb90-dec-000291_system.txt,run,.txt,1912
run/prompts/decision_mock-24591-46c1eb90-dec-000291_tools.json,run,.json,2140
run/prompts/decision_mock-24591-46c1eb90-dec-000291_user.json,run,.json,9773
run/prompts/decision_mock-24591-46c1eb90-dec-000292_parsed.json,run,.json,1933
run/prompts/decision_mock-24591-46c1eb90-dec-000292_response.json,run,.json,28315
run/prompts/decision_mock-24591-46c1eb90-dec-000292_system.txt,run,.txt,1912
run/prompts/decision_mock-24591-46c1eb90-dec-000292_tools.json,run,.json,2144
run/prompts/decision_mock-24591-46c1eb90-dec-000292_user.json,run,.json,9836
run/prompts/decision_mock-24591-46c1eb90-dec-000293_parsed.json,run,.json,2291
run/prompts/decision_mock-24591-46c1eb90-dec-000293_response.json,run,.json,10042
run/prompts/decision_mock-24591-46c1eb90-dec-000293_system.txt,run,.txt,1912
run/prompts/decision_mock-24591-46c1eb90-dec-000293_tools.json,run,.json,913
run/prompts/decision_mock-24591-46c1eb90-dec-000293_user.json,run,.json,9778
run/prompts/decision_mock-24591-46c1eb90-dec-000294_parsed.json,run,.json,2145
run/prompts/decision_mock-24591-46c1eb90-dec-000294_response.json,run,.json,9856
run/prompts/decision_mock-24591-46c1eb90-dec-000294_retry1_parsed.json,run,.json,2278
run/prompts/decision_mock-24591-46c1eb90-dec-000294_retry1_response.json,run,.json,7064
run/prompts/decision_mock-24591-46c1eb90-dec-000294_retry1_system.txt,run,.txt,1912
run/prompts/decision_mock-24591-46c1eb90-dec-000294_retry1_tools.json,run,.json,913
run/prompts/decision_mock-24591-46c1eb90-dec-000294_retry1_user.json,run,.json,9973
run/prompts/decision_mock-24591-46c1eb90-dec-000294_system.txt,run,.txt,1912
run/prompts/decision_mock-24591-46c1eb90-dec-000294_tools.json,run,.json,913
run/prompts/decision_mock-24591-46c1eb90-dec-000294_user.json,run,.json,9816
run/prompts/decision_mock-24591-46c1eb90-dec-000295_parsed.json,run,.json,2219
run/prompts/decision_mock-24591-46c1eb90-dec-000295_response.json,run,.json,16973
run/prompts/decision_mock-24591-46c1eb90-dec-000295_system.txt,run,.txt,1912
run/prompts/decision_mock-24591-46c1eb90-dec-000295_tools.json,run,.json,1799
run/prompts/decision_mock-24591-46c1eb90-dec-000295_user.json,run,.json,9830
run/prompts/decision_mock-24591-46c1eb90-dec-000296_parsed.json,run,.json,1737
run/prompts/decision_mock-24591-46c1eb90-dec-000296_response.json,run,.json,5640
run/prompts/decision_mock-24591-46c1eb90-dec-000296_system.txt,run,.txt,1912
run/prompts/decision_mock-24591-46c1eb90-dec-000296_tools.json,run,.json,2747
run/prompts/decision_mock-24591-46c1eb90-dec-000296_user.json,run,.json,9956
run/prompts/decision_mock-24591-46c1eb90-dec-000297_parsed.json,run,.json,2351
run/prompts/decision_mock-24591-46c1eb90-dec-000297_response.json,run,.json,13435
run/prompts/decision_mock-24591-46c1eb90-dec-000297_system.txt,run,.txt,1912
run/prompts/decision_mock-24591-46c1eb90-dec-000297_tools.json,run,.json,1539
run/prompts/decision_mock-24591-46c1eb90-dec-000297_user.json,run,.json,11553
run/prompts/decision_mock-24591-46c1eb90-dec-000298_parsed.json,run,.json,2199
run/prompts/decision_mock-24591-46c1eb90-dec-000298_response.json,run,.json,5329
run/prompts/decision_mock-24591-46c1eb90-dec-000298_system.txt,run,.txt,1912
run/prompts/decision_mock-24591-46c1eb90-dec-000298_tools.json,run,.json,2485
run/prompts/decision_mock-24591-46c1eb90-dec-000298_user.json,run,.json,11975
run/prompts/decision_mock-24591-46c1eb90-dec-000299_parsed.json,run,.json,2151
run/prompts/decision_mock-24591-46c1eb90-dec-000299_response.json,run,.json,3914
run/prompts/decision_mock-24591-46c1eb90-dec-000299_system.txt,run,.txt,1912
run/prompts/decision_mock-24591-46c1eb90-dec-000299_tools.json,run,.json,2485
run/prompts/decision_mock-24591-46c1eb90-dec-000299_user.json,run,.json,11782
run/prompts/decision_mock-24591-46c1eb90-dec-000300_parsed.json,run,.json,2523
run/prompts/decision_mock-24591-46c1eb90-dec-000300_response.json,run,.json,5359
run/prompts/decision_mock-24591-46c1eb90-dec-000300_system.txt,run,.txt,1912
run/prompts/decision_mock-24591-46c1eb90-dec-000300_tools.json,run,.json,2485
run/prompts/decision_mock-24591-46c1eb90-dec-000300_user.json,run,.json,11641
run/prompts/decision_mock-24591-46c1eb90-dec-000301_parsed.json,run,.json,3723
run/prompts/decision_mock-24591-46c1eb90-dec-000301_response.json,run,.json,11495
run/prompts/decision_mock-24591-46c1eb90-dec-000301_system.txt,run,.txt,1912
run/prompts/decision_mock-24591-46c1eb90-dec-000301_tools.json,run,.json,3088
run/prompts/decision_mock-24591-46c1eb90-dec-000301_user.json,run,.json,11742
run/prompts/decision_mock-24591-46c1eb90-dec-000302_parsed.json,run,.json,2309
run/prompts/decision_mock-24591-46c1eb90-dec-000302_response.json,run,.json,11153
run/prompts/decision_mock-24591-46c1eb90-dec-000302_system.txt,run,.txt,1912
run/prompts/decision_mock-24591-46c1eb90-dec-000302_tools.json,run,.json,3088
run/prompts/decision_mock-24591-46c1eb90-dec-000302_user.json,run,.json,11733
run/prompts/decision_mock-24591-46c1eb90-dec-000303_parsed.json,run,.json,1863
run/prompts/decision_mock-24591-46c1eb90-dec-000303_response.json,run,.json,6690
run/prompts/decision_mock-24591-46c1eb90-dec-000303_system.txt,run,.txt,1912
run/prompts/decision_mock-24591-46c1eb90-dec-000303_tools.json,run,.json,913
run/prompts/decision_mock-24591-46c1eb90-dec-000303_user.json,run,.json,9854
run/prompts/decision_mock-24591-46c1eb90-dec-000304_parsed.json,run,.json,2087
run/prompts/decision_mock-24591-46c1eb90-dec-000304_response.json,run,.json,8050
run/prompts/decision_mock-24591-46c1eb90-dec-000304_system.txt,run,.txt,1912
run/prompts/decision_mock-24591-46c1eb90-dec-000304_tools.json,run,.json,1799
run/prompts/decision_mock-24591-46c1eb90-dec-000304_user.json,run,.json,9834
run/prompts/decision_mock-24591-46c1eb90-dec-000305_parsed.json,run,.json,1903
run/prompts/decision_mock-24591-46c1eb90-dec-000305_response.json,run,.json,15002
run/prompts/decision_mock-24591-46c1eb90-dec-000305_system.txt,run,.txt,1912
run/prompts/decision_mock-24591-46c1eb90-dec-000305_tools.json,run,.json,1539
run/prompts/decision_mock-24591-46c1eb90-dec-000305_user.json,run,.json,9860
run/prompts/decision_mock-24591-46c1eb90-dec-000306_parsed.json,run,.json,1953
run/prompts/decision_mock-24591-46c1eb90-dec-000306_response.json,run,.json,21567
run/prompts/decision_mock-24591-46c1eb90-dec-000306_system.txt,run,.txt,1912
run/prompts/decision_mock-24591-46c1eb90-dec-000306_tools.json,run,.json,1884
run/prompts/decision_mock-24591-46c1eb90-dec-000306_user.json,run,.json,9975
run/prompts/decision_mock-24591-46c1eb90-dec-000307_parsed.json,run,.json,2479
run/prompts/decision_mock-24591-46c1eb90-dec-000307_response.json,run,.json,12352
run/prompts/decision_mock-24591-46c1eb90-dec-000307_system.txt,run,.txt,1912
run/prompts/decision_mock-24591-46c1eb90-dec-000307_tools.json,run,.json,1539
run/prompts/decision_mock-24591-46c1eb90-dec-000307_user.json,run,.json,11596
run/prompts/decision_mock-24591-46c1eb90-dec-000308_parsed.json,run,.json,4495
run/prompts/decision_mock-24591-46c1eb90-dec-000308_response.json,run,.json,22676
run/prompts/decision_mock-24591-46c1eb90-dec-000308_system.txt,run,.txt,1912
run/prompts/decision_mock-24591-46c1eb90-dec-000308_tools.json,run,.json,3088
run/prompts/decision_mock-24591-46c1eb90-dec-000308_user.json,run,.json,11606
run/prompts/decision_mock-24591-46c1eb90-dec-000309_parsed.json,run,.json,1549
run/prompts/decision_mock-24591-46c1eb90-dec-000309_response.json,run,.json,11072
run/prompts/decision_mock-24591-46c1eb90-dec-000309_system.txt,run,.txt,1912
run/prompts/decision_mock-24591-46c1eb90-dec-000309_tools.json,run,.json,1466
run/prompts/decision_mock-24591-46c1eb90-dec-000309_user.json,run,.json,9964
run/prompts/decision_mock-24591-46c1eb90-dec-000310_parsed.json,run,.json,2657
run/prompts/decision_mock-24591-46c1eb90-dec-000310_response.json,run,.json,12826
run/prompts/decision_mock-24591-46c1eb90-dec-000310_system.txt,run,.txt,1912
run/prompts/decision_mock-24591-46c1eb90-dec-000310_tools.json,run,.json,3088
run/prompts/decision_mock-24591-46c1eb90-dec-000310_user.json,run,.json,11868
run/prompts/decision_mock-24591-46c1eb90-dec-000311_parsed.json,run,.json,1975
run/prompts/decision_mock-24591-46c1eb90-dec-000311_response.json,run,.json,35310
run/prompts/decision_mock-24591-46c1eb90-dec-000311_system.txt,run,.txt,1912
run/prompts/decision_mock-24591-46c1eb90-dec-000311_tools.json,run,.json,1884
run/prompts/decision_mock-24591-46c1eb90-dec-000311_user.json,run,.json,10153
run/prompts/decision_mock-24591-46c1eb90-dec-000312_parsed.json,run,.json,2471
run/prompts/decision_mock-24591-46c1eb90-dec-000312_response.json,run,.json,41063
run/prompts/decision_mock-24591-46c1eb90-dec-000312_system.txt,run,.txt,1912
run/prompts/decision_mock-24591-46c1eb90-dec-000312_tools.json,run,.json,2487
run/prompts/decision_mock-24591-46c1eb90-dec-000312_user.json,run,.json,10166
run/prompts/decision_mock-24591-46c1eb90-dec-000313_parsed.json,run,.json,2219
run/prompts/decision_mock-24591-46c1eb90-dec-000313_response.json,run,.json,6283
run/prompts/decision_mock-24591-46c1eb90-dec-000313_system.txt,run,.txt,1912
run/prompts/decision_mock-24591-46c1eb90-dec-000313_tools.json,run,.json,2747
run/prompts/decision_mock-24591-46c1eb90-dec-000313_user.json,run,.json,10291
run/prompts/decision_mock-24591-46c1eb90-dec-000314_parsed.json,run,.json,1565
run/prompts/decision_mock-24591-46c1eb90-dec-000314_response.json,run,.json,3833
run/prompts/decision_mock-24591-46c1eb90-dec-000314_system.txt,run,.txt,1912
run/prompts/decision_mock-24591-46c1eb90-dec-000314_tools.json,run,.json,1799
run/prompts/decision_mock-24591-46c1eb90-dec-000314_user.json,run,.json,10196
run/prompts/decision_mock-24591-46c1eb90-dec-000315_parsed.json,run,.json,2685
run/prompts/decision_mock-24591-46c1eb90-dec-000315_response.json,run,.json,19595
run/prompts/decision_mock-24591-46c1eb90-dec-000315_system.txt,run,.txt,1912
run/prompts/decision_mock-24591-46c1eb90-dec-000315_tools.json,run,.json,1539
run/prompts/decision_mock-24591-46c1eb90-dec-000315_user.json,run,.json,11867
run/prompts/decision_mock-24591-46c1eb90-dec-000316_parsed.json,run,.json,2277
run/prompts/decision_mock-24591-46c1eb90-dec-000316_response.json,run,.json,17305
run/prompts/decision_mock-24591-46c1eb90-dec-000316_system.txt,run,.txt,1912
run/prompts/decision_mock-24591-46c1eb90-dec-000316_tools.json,run,.json,1884
run/prompts/decision_mock-24591-46c1eb90-dec-000316_user.json,run,.json,11900
run/prompts/decision_mock-24591-46c1eb90-dec-000317_parsed.json,run,.json,2235
run/prompts/decision_mock-24591-46c1eb90-dec-000317_response.json,run,.json,19522
run/prompts/decision_mock-24591-46c1eb90-dec-000317_system.txt,run,.txt,1912
run/prompts/decision_mock-24591-46c1eb90-dec-000317_tools.json,run,.json,1539
run/prompts/decision_mock-24591-46c1eb90-dec-000317_user.json,run,.json,11726
run/prompts/decision_mock-24591-46c1eb90-dec-000318_parsed.json,run,.json,4299
run/prompts/decision_mock-24591-46c1eb90-dec-000318_response.json,run,.json,27395
run/prompts/decision_mock-24591-46c1eb90-dec-000318_system.txt,run,.txt,1912
run/prompts/decision_mock-24591-46c1eb90-dec-000318_tools.json,run,.json,3088
run/prompts/decision_mock-24591-46c1eb90-dec-000318_user.json,run,.json,11920
run/prompts/decision_mock-24591-46c1eb90-dec-000319_parsed.json,run,.json,3171
run/prompts/decision_mock-24591-46c1eb90-dec-000319_response.json,run,.json,11572
run/prompts/decision_mock-24591-46c1eb90-dec-000319_system.txt,run,.txt,1912
run/prompts/decision_mock-24591-46c1eb90-dec-000319_tools.json,run,.json,1466
run/prompts/decision_mock-24591-46c1eb90-dec-000319_user.json,run,.json,11571
run/prompts/decision_mock-24591-46c1eb90-dec-000320_parsed.json,run,.json,4463
run/prompts/decision_mock-24591-46c1eb90-dec-000320_response.json,run,.json,9879
run/prompts/decision_mock-24591-46c1eb90-dec-000320_system.txt,run,.txt,1912
run/prompts/decision_mock-24591-46c1eb90-dec-000320_tools.json,run,.json,3088
run/prompts/decision_mock-24591-46c1eb90-dec-000320_user.json,run,.json,12312
run/prompts/decision_mock-24591-46c1eb90-dec-000321_parsed.json,run,.json,3847
run/prompts/decision_mock-24591-46c1eb90-dec-000321_response.json,run,.json,11662
run/prompts/decision_mock-24591-46c1eb90-dec-000321_system.txt,run,.txt,1912
run/prompts/decision_mock-24591-46c1eb90-dec-000321_tools.json,run,.json,1466
run/prompts/decision_mock-24591-46c1eb90-dec-000321_user.json,run,.json,12106
run/prompts/decision_mock-24591-46c1eb90-dec-000322_parsed.json,run,.json,2967
run/prompts/decision_mock-24591-46c1eb90-dec-000322_response.json,run,.json,17137
run/prompts/decision_mock-24591-46c1eb90-dec-000322_system.txt,run,.txt,1912
run/prompts/decision_mock-24591-46c1eb90-dec-000322_tools.json,run,.json,3088
run/prompts/decision_mock-24591-46c1eb90-dec-000322_user.json,run,.json,12903
run/prompts/decision_mock-24591-46c1eb90-dec-000323_parsed.json,run,.json,2219
run/prompts/decision_mock-24591-46c1eb90-dec-000323_response.json,run,.json,16250
run/prompts/decision_mock-24591-46c1eb90-dec-000323_system.txt,run,.txt,1912
run/prompts/decision_mock-24591-46c1eb90-dec-000323_tools.json,run,.json,3088
run/prompts/decision_mock-24591-46c1eb90-dec-000323_user.json,run,.json,13017
run/prompts/decision_mock-24591-46c1eb90-dec-000324_parsed.json,run,.json,6103
run/prompts/decision_mock-24591-46c1eb90-dec-000324_response.json,run,.json,26814
run/prompts/decision_mock-24591-46c1eb90-dec-000324_system.txt,run,.txt,1912
run/prompts/decision_mock-24591-46c1eb90-dec-000324_tools.json,run,.json,3088
run/prompts/decision_mock-24591-46c1eb90-dec-000324_user.json,run,.json,13054
run/prompts/decision_mock-24591-46c1eb90-dec-000325_parsed.json,run,.json,3207
run/prompts/decision_mock-24591-46c1eb90-dec-000325_response.json,run,.json,24694
run/prompts/decision_mock-24591-46c1eb90-dec-000325_system.txt,run,.txt,1912
run/prompts/decision_mock-24591-46c1eb90-dec-000325_tools.json,run,.json,1466
run/prompts/decision_mock-24591-46c1eb90-dec-000325_user.json,run,.json,13138
run/prompts/decision_mock-24591-46c1eb90-dec-000326_parsed.json,run,.json,3009
run/prompts/decision_mock-24591-46c1eb90-dec-000326_response.json,run,.json,10864
run/prompts/decision_mock-24591-46c1eb90-dec-000326_system.txt,run,.txt,1912
run/prompts/decision_mock-24591-46c1eb90-dec-000326_tools.json,run,.json,3088
run/prompts/decision_mock-24591-46c1eb90-dec-000326_user.json,run,.json,14275
run/prompts/decision_mock-24591-46c1eb90-dec-000327_parsed.json,run,.json,2623
run/prompts/decision_mock-24591-46c1eb90-dec-000327_response.json,run,.json,9634
run/prompts/decision_mock-24591-46c1eb90-dec-000327_system.txt,run,.txt,1912
run/prompts/decision_mock-24591-46c1eb90-dec-000327_tools.json,run,.json,1799
run/prompts/decision_mock-24591-46c1eb90-dec-000327_user.json,run,.json,11794
run/prompts/decision_mock-24591-46c1eb90-dec-000328_parsed.json,run,.json,2239
run/prompts/decision_mock-24591-46c1eb90-dec-000328_response.json,run,.json,12710
run/prompts/decision_mock-24591-46c1eb90-dec-000328_retry1_parsed.json,run,.json,1488
run/prompts/decision_mock-24591-46c1eb90-dec-000328_retry1_response.json,run,.json,8549
run/prompts/decision_mock-24591-46c1eb90-dec-000328_retry1_system.txt,run,.txt,1912
run/prompts/decision_mock-24591-46c1eb90-dec-000328_retry1_tools.json,run,.json,2747
run/prompts/decision_mock-24591-46c1eb90-dec-000328_retry1_user.json,run,.json,12135
run/prompts/decision_mock-24591-46c1eb90-dec-000328_system.txt,run,.txt,1912
run/prompts/decision_mock-24591-46c1eb90-dec-000328_tools.json,run,.json,2747
run/prompts/decision_mock-24591-46c1eb90-dec-000328_user.json,run,.json,11968
run/prompts/decision_mock-24591-46c1eb90-dec-000329_parsed.json,run,.json,2651
run/prompts/decision_mock-24591-46c1eb90-dec-000329_response.json,run,.json,16026
run/prompts/decision_mock-24591-46c1eb90-dec-000329_system.txt,run,.txt,1912
run/prompts/decision_mock-24591-46c1eb90-dec-000329_tools.json,run,.json,1539
run/prompts/decision_mock-24591-46c1eb90-dec-000329_user.json,run,.json,13347
run/prompts/decision_mock-24591-46c1eb90-dec-000330_parsed.json,run,.json,4347
run/prompts/decision_mock-24591-46c1eb90-dec-000330_response.json,run,.json,21996
run/prompts/decision_mock-24591-46c1eb90-dec-000330_system.txt,run,.txt,1912
run/prompts/decision_mock-24591-46c1eb90-dec-000330_tools.json,run,.json,3088
run/prompts/decision_mock-24591-46c1eb90-dec-000330_user.json,run,.json,13918
run/prompts/decision_mock-24591-46c1eb90-dec-000331_parsed.json,run,.json,2161
run/prompts/decision_mock-24591-46c1eb90-dec-000331_response.json,run,.json,6979
run/prompts/decision_mock-24591-46c1eb90-dec-000331_system.txt,run,.txt,1912
run/prompts/decision_mock-24591-46c1eb90-dec-000331_tools.json,run,.json,1466
run/prompts/decision_mock-24591-46c1eb90-dec-000331_user.json,run,.json,11933
run/prompts/decision_mock-24591-46c1eb90-dec-000332_parsed.json,run,.json,4511
run/prompts/decision_mock-24591-46c1eb90-dec-000332_response.json,run,.json,18076
run/prompts/decision_mock-24591-46c1eb90-dec-000332_system.txt,run,.txt,1912
run/prompts/decision_mock-24591-46c1eb90-dec-000332_tools.json,run,.json,3088
run/prompts/decision_mock-24591-46c1eb90-dec-000332_user.json,run,.json,14461
run/prompts/decision_mock-24591-46c1eb90-dec-000333_parsed.json,run,.json,2679
run/prompts/decision_mock-24591-46c1eb90-dec-000333_response.json,run,.json,19816
run/prompts/decision_mock-24591-46c1eb90-dec-000333_system.txt,run,.txt,1912
run/prompts/decision_mock-24591-46c1eb90-dec-000333_tools.json,run,.json,1466
run/prompts/decision_mock-24591-46c1eb90-dec-000333_user.json,run,.json,12461
run/prompts/decision_mock-24591-46c1eb90-dec-000334_parsed.json,run,.json,3355
run/prompts/decision_mock-24591-46c1eb90-dec-000334_response.json,run,.json,12944
run/prompts/decision_mock-24591-46c1eb90-dec-000334_system.txt,run,.txt,1912
run/prompts/decision_mock-24591-46c1eb90-dec-000334_tools.json,run,.json,1466
run/prompts/decision_mock-24591-46c1eb90-dec-000334_user.json,run,.json,14558
run/prompts/decision_mock-24591-46c1eb90-dec-000335_parsed.json,run,.json,1709
run/prompts/decision_mock-24591-46c1eb90-dec-000335_response.json,run,.json,12719
run/prompts/decision_mock-24591-46c1eb90-dec-000335_system.txt,run,.txt,1912
run/prompts/decision_mock-24591-46c1eb90-dec-000335_tools.json,run,.json,1466
run/prompts/decision_mock-24591-46c1eb90-dec-000335_user.json,run,.json,13070
run/prompts/decision_mock-24591-46c1eb90-dec-000336_parsed.json,run,.json,3257
run/prompts/decision_mock-24591-46c1eb90-dec-000336_response.json,run,.json,11611
run/prompts/decision_mock-24591-46c1eb90-dec-000336_system.txt,run,.txt,1912
run/prompts/decision_mock-24591-46c1eb90-dec-000336_tools.json,run,.json,2485
run/prompts/decision_mock-24591-46c1eb90-dec-000336_user.json,run,.json,14582
run/prompts/decision_mock-24591-46c1eb90-dec-000337_parsed.json,run,.json,2493
run/prompts/decision_mock-24591-46c1eb90-dec-000337_response.json,run,.json,24114
run/prompts/decision_mock-24591-46c1eb90-dec-000337_system.txt,run,.txt,1912
run/prompts/decision_mock-24591-46c1eb90-dec-000337_tools.json,run,.json,2485
run/prompts/decision_mock-24591-46c1eb90-dec-000337_user.json,run,.json,14555
run/prompts/decision_mock-24591-46c1eb90-dec-000338_parsed.json,run,.json,2199
run/prompts/decision_mock-24591-46c1eb90-dec-000338_response.json,run,.json,21679
run/prompts/decision_mock-24591-46c1eb90-dec-000338_system.txt,run,.txt,1912
run/prompts/decision_mock-24591-46c1eb90-dec-000338_tools.json,run,.json,2747
run/prompts/decision_mock-24591-46c1eb90-dec-000338_user.json,run,.json,11998
run/prompts/decision_mock-24591-46c1eb90-dec-000339_parsed.json,run,.json,2043
run/prompts/decision_mock-24591-46c1eb90-dec-000339_response.json,run,.json,18810
run/prompts/decision_mock-24591-46c1eb90-dec-000339_system.txt,run,.txt,1912
run/prompts/decision_mock-24591-46c1eb90-dec-000339_tools.json,run,.json,2747
run/prompts/decision_mock-24591-46c1eb90-dec-000339_user.json,run,.json,11926
run/prompts/decision_mock-24591-46c1eb90-dec-000340_parsed.json,run,.json,2627
run/prompts/decision_mock-24591-46c1eb90-dec-000340_response.json,run,.json,44892
run/prompts/decision_mock-24591-46c1eb90-dec-000340_system.txt,run,.txt,1912
run/prompts/decision_mock-24591-46c1eb90-dec-000340_tools.json,run,.json,1799
run/prompts/decision_mock-24591-46c1eb90-dec-000340_user.json,run,.json,11751
run/prompts/decision_mock-24591-46c1eb90-dec-000341_parsed.json,run,.json,3507
run/prompts/decision_mock-24591-46c1eb90-dec-000341_response.json,run,.json,11665
run/prompts/decision_mock-24591-46c1eb90-dec-000341_system.txt,run,.txt,1912
run/prompts/decision_mock-24591-46c1eb90-dec-000341_tools.json,run,.json,1466
run/prompts/decision_mock-24591-46c1eb90-dec-000341_user.json,run,.json,13221
run/prompts/decision_mock-24591-46c1eb90-dec-000342_parsed.json,run,.json,2063
run/prompts/decision_mock-24591-46c1eb90-dec-000342_response.json,run,.json,16950
run/prompts/decision_mock-24591-46c1eb90-dec-000342_system.txt,run,.txt,1912
run/prompts/decision_mock-24591-46c1eb90-dec-000342_tools.json,run,.json,1799
run/prompts/decision_mock-24591-46c1eb90-dec-000342_user.json,run,.json,11530
run/prompts/decision_mock-24591-46c1eb90-dec-000343_parsed.json,run,.json,1831
run/prompts/decision_mock-24591-46c1eb90-dec-000343_response.json,run,.json,13357
run/prompts/decision_mock-24591-46c1eb90-dec-000343_system.txt,run,.txt,1912
run/prompts/decision_mock-24591-46c1eb90-dec-000343_tools.json,run,.json,2747
run/prompts/decision_mock-24591-46c1eb90-dec-000343_user.json,run,.json,11445
run/prompts/decision_mock-24591-46c1eb90-dec-000344_parsed.json,run,.json,1777
run/prompts/decision_mock-24591-46c1eb90-dec-000344_response.json,run,.json,37369
run/prompts/decision_mock-24591-46c1eb90-dec-000344_system.txt,run,.txt,1912
run/prompts/decision_mock-24591-46c1eb90-dec-000344_tools.json,run,.json,1799
run/prompts/decision_mock-24591-46c1eb90-dec-000344_user.json,run,.json,11183
run/prompts/decision_mock-24591-46c1eb90-dec-000345_parsed.json,run,.json,2035
run/prompts/decision_mock-24591-46c1eb90-dec-000345_response.json,run,.json,10547
run/prompts/decision_mock-24591-46c1eb90-dec-000345_system.txt,run,.txt,1912
run/prompts/decision_mock-24591-46c1eb90-dec-000345_tools.json,run,.json,1539
run/prompts/decision_mock-24591-46c1eb90-dec-000345_user.json,run,.json,12718
run/prompts/decision_mock-24591-46c1eb90-dec-000346_parsed.json,run,.json,1979
run/prompts/decision_mock-24591-46c1eb90-dec-000346_response.json,run,.json,17337
run/prompts/decision_mock-24591-46c1eb90-dec-000346_system.txt,run,.txt,1912
run/prompts/decision_mock-24591-46c1eb90-dec-000346_tools.json,run,.json,913
run/prompts/decision_mock-24591-46c1eb90-dec-000346_user.json,run,.json,10981
run/prompts/decision_mock-24591-46c1eb90-dec-000347_parsed.json,run,.json,2151
run/prompts/decision_mock-24591-46c1eb90-dec-000347_response.json,run,.json,5800
run/prompts/decision_mock-24591-46c1eb90-dec-000347_retry1_parsed.json,run,.json,2278
run/prompts/decision_mock-24591-46c1eb90-dec-000347_retry1_response.json,run,.json,8596
run/prompts/decision_mock-24591-46c1eb90-dec-000347_retry1_system.txt,run,.txt,1912
run/prompts/decision_mock-24591-46c1eb90-dec-000347_retry1_tools.json,run,.json,913
run/prompts/decision_mock-24591-46c1eb90-dec-000347_retry1_user.json,run,.json,11158
run/prompts/decision_mock-24591-46c1eb90-dec-000347_system.txt,run,.txt,1912
run/prompts/decision_mock-24591-46c1eb90-dec-000347_tools.json,run,.json,913
run/prompts/decision_mock-24591-46c1eb90-dec-000347_user.json,run,.json,11001
run/prompts/decision_mock-24591-46c1eb90-dec-000348_parsed.json,run,.json,2143
run/prompts/decision_mock-24591-46c1eb90-dec-000348_response.json,run,.json,29130
run/prompts/decision_mock-24591-46c1eb90-dec-000348_system.txt,run,.txt,1912
run/prompts/decision_mock-24591-46c1eb90-dec-000348_tools.json,run,.json,1799
run/prompts/decision_mock-24591-46c1eb90-dec-000348_user.json,run,.json,10655
run/prompts/decision_mock-24591-46c1eb90-dec-000349_parsed.json,run,.json,2123
run/prompts/decision_mock-24591-46c1eb90-dec-000349_response.json,run,.json,8797
run/prompts/decision_mock-24591-46c1eb90-dec-000349_system.txt,run,.txt,1912
run/prompts/decision_mock-24591-46c1eb90-dec-000349_tools.json,run,.json,2487
run/prompts/decision_mock-24591-46c1eb90-dec-000349_user.json,run,.json,10637
run/prompts/decision_mock-24591-46c1eb90-dec-000350_parsed.json,run,.json,1449
run/prompts/decision_mock-24591-46c1eb90-dec-000350_response.json,run,.json,8289
run/prompts/decision_mock-24591-46c1eb90-dec-000350_system.txt,run,.txt,1912
run/prompts/decision_mock-24591-46c1eb90-dec-000350_tools.json,run,.json,1799
run/prompts/decision_mock-24591-46c1eb90-dec-000350_user.json,run,.json,10056
run/prompts/decision_mock-24591-46c1eb90-dec-000351_parsed.json,run,.json,2335
run/prompts/decision_mock-24591-46c1eb90-dec-000351_response.json,run,.json,13819
run/prompts/decision_mock-24591-46c1eb90-dec-000351_system.txt,run,.txt,1912
run/prompts/decision_mock-24591-46c1eb90-dec-000351_tools.json,run,.json,1539
run/prompts/decision_mock-24591-46c1eb90-dec-000351_user.json,run,.json,11554
run/prompts/decision_mock-24591-46c1eb90-dec-000352_parsed.json,run,.json,2457
run/prompts/decision_mock-24591-46c1eb90-dec-000352_response.json,run,.json,5028
run/prompts/decision_mock-24591-46c1eb90-dec-000352_system.txt,run,.txt,1912
run/prompts/decision_mock-24591-46c1eb90-dec-000352_tools.json,run,.json,612
run/prompts/decision_mock-24591-46c1eb90-dec-000352_user.json,run,.json,11345
run/prompts/decision_mock-24591-46c1eb90-dec-000353_parsed.json,run,.json,2079
run/prompts/decision_mock-24591-46c1eb90-dec-000353_response.json,run,.json,12744
run/prompts/decision_mock-24591-46c1eb90-dec-000353_system.txt,run,.txt,1912
run/prompts/decision_mock-24591-46c1eb90-dec-000353_tools.json,run,.json,2747
run/prompts/decision_mock-24591-46c1eb90-dec-000353_user.json,run,.json,9685
run/prompts/decision_mock-24591-46c1eb90-dec-000354_parsed.json,run,.json,1937
run/prompts/decision_mock-24591-46c1eb90-dec-000354_response.json,run,.json,8892
run/prompts/decision_mock-24591-46c1eb90-dec-000354_system.txt,run,.txt,1912
run/prompts/decision_mock-24591-46c1eb90-dec-000354_tools.json,run,.json,1799
run/prompts/decision_mock-24591-46c1eb90-dec-000354_user.json,run,.json,9483
run/prompts/decision_mock-24591-46c1eb90-dec-000355_parsed.json,run,.json,2547
run/prompts/decision_mock-24591-46c1eb90-dec-000355_response.json,run,.json,17022
run/prompts/decision_mock-24591-46c1eb90-dec-000355_system.txt,run,.txt,1912
run/prompts/decision_mock-24591-46c1eb90-dec-000355_tools.json,run,.json,1539
run/prompts/decision_mock-24591-46c1eb90-dec-000355_user.json,run,.json,11278
run/prompts/decision_mock-24591-46c1eb90-dec-000356_parsed.json,run,.json,2401
run/prompts/decision_mock-24591-46c1eb90-dec-000356_response.json,run,.json,9296
run/prompts/decision_mock-24591-46c1eb90-dec-000356_system.txt,run,.txt,1912
run/prompts/decision_mock-24591-46c1eb90-dec-000356_tools.json,run,.json,612
run/prompts/decision_mock-24591-46c1eb90-dec-000356_user.json,run,.json,11057
run/prompts/decision_mock-24591-46c1eb90-dec-000357_parsed.json,run,.json,2351
run/prompts/decision_mock-24591-46c1eb90-dec-000357_response.json,run,.json,9353
run/prompts/decision_mock-24591-46c1eb90-dec-000357_system.txt,run,.txt,1912
run/prompts/decision_mock-24591-46c1eb90-dec-000357_tools.json,run,.json,3088
run/prompts/decision_mock-24591-46c1eb90-dec-000357_user.json,run,.json,11364
run/prompts/decision_mock-24591-46c1eb90-dec-000358_parsed.json,run,.json,2299
run/prompts/decision_mock-24591-46c1eb90-dec-000358_response.json,run,.json,6286
run/prompts/decision_mock-24591-46c1eb90-dec-000358_system.txt,run,.txt,1912
run/prompts/decision_mock-24591-46c1eb90-dec-000358_tools.json,run,.json,3088
run/prompts/decision_mock-24591-46c1eb90-dec-000358_user.json,run,.json,11480
run/prompts/decision_mock-24591-46c1eb90-dec-000359_parsed.json,run,.json,3523
run/prompts/decision_mock-24591-46c1eb90-dec-000359_response.json,run,.json,21307
run/prompts/decision_mock-24591-46c1eb90-dec-000359_system.txt,run,.txt,1912
run/prompts/decision_mock-24591-46c1eb90-dec-000359_tools.json,run,.json,2743
run/prompts/decision_mock-24591-46c1eb90-dec-000359_user.json,run,.json,11185
run/prompts/decision_mock-24591-46c1eb90-dec-000360_parsed.json,run,.json,1521
run/prompts/decision_mock-24591-46c1eb90-dec-000360_response.json,run,.json,11518
run/prompts/decision_mock-24591-46c1eb90-dec-000360_system.txt,run,.txt,1912
run/prompts/decision_mock-24591-46c1eb90-dec-000360_tools.json,run,.json,1466
run/prompts/decision_mock-24591-46c1eb90-dec-000360_user.json,run,.json,9265
run/prompts/decision_mock-24591-46c1eb90-dec-000361_parsed.json,run,.json,3795
run/prompts/decision_mock-24591-46c1eb90-dec-000361_response.json,run,.json,11139
run/prompts/decision_mock-24591-46c1eb90-dec-000361_system.txt,run,.txt,1912
run/prompts/decision_mock-24591-46c1eb90-dec-000361_tools.json,run,.json,3088
run/prompts/decision_mock-24591-46c1eb90-dec-000361_user.json,run,.json,11415
run/prompts/decision_mock-24591-46c1eb90-dec-000362_parsed.json,run,.json,3631
run/prompts/decision_mock-24591-46c1eb90-dec-000362_response.json,run,.json,9971
run/prompts/decision_mock-24591-46c1eb90-dec-000362_system.txt,run,.txt,1912
run/prompts/decision_mock-24591-46c1eb90-dec-000362_tools.json,run,.json,1466
run/prompts/decision_mock-24591-46c1eb90-dec-000362_user.json,run,.json,11450
run/prompts/decision_mock-24591-46c1eb90-dec-000363_parsed.json,run,.json,4487
run/prompts/decision_mock-24591-46c1eb90-dec-000363_response.json,run,.json,19597
run/prompts/decision_mock-24591-46c1eb90-dec-000363_system.txt,run,.txt,1912
run/prompts/decision_mock-24591-46c1eb90-dec-000363_tools.json,run,.json,3088
run/prompts/decision_mock-24591-46c1eb90-dec-000363_user.json,run,.json,11793
run/prompts/decision_mock-24591-46c1eb90-dec-000364_parsed.json,run,.json,3587
run/prompts/decision_mock-24591-46c1eb90-dec-000364_response.json,run,.json,10068
run/prompts/decision_mock-24591-46c1eb90-dec-000364_system.txt,run,.txt,1912
run/prompts/decision_mock-24591-46c1eb90-dec-000364_tools.json,run,.json,1466
run/prompts/decision_mock-24591-46c1eb90-dec-000364_user.json,run,.json,12250
run/prompts/decision_mock-24591-46c1eb90-dec-000365_parsed.json,run,.json,2407
run/prompts/decision_mock-24591-46c1eb90-dec-000365_response.json,run,.json,24278
run/prompts/decision_mock-24591-46c1eb90-dec-000365_system.txt,run,.txt,1912
run/prompts/decision_mock-24591-46c1eb90-dec-000365_tools.json,run,.json,3088
run/prompts/decision_mock-24591-46c1eb90-dec-000365_user.json,run,.json,12420
run/prompts/decision_mock-24591-46c1eb90-dec-000366_parsed.json,run,.json,2341
run/prompts/decision_mock-24591-46c1eb90-dec-000366_response.json,run,.json,16489
run/prompts/decision_mock-24591-46c1eb90-dec-000366_system.txt,run,.txt,1912
run/prompts/decision_mock-24591-46c1eb90-dec-000366_tools.json,run,.json,2743
run/prompts/decision_mock-24591-46c1eb90-dec-000366_user.json,run,.json,12320
run/prompts/decision_mock-24591-46c1eb90-dec-000367_parsed.json,run,.json,1995
run/prompts/decision_mock-24591-46c1eb90-dec-000367_response.json,run,.json,10612
run/prompts/decision_mock-24591-46c1eb90-dec-000367_system.txt,run,.txt,1912
run/prompts/decision_mock-24591-46c1eb90-dec-000367_tools.json,run,.json,2747
run/prompts/decision_mock-24591-46c1eb90-dec-000367_user.json,run,.json,10619
run/prompts/decision_mock-24591-46c1eb90-dec-000368_parsed.json,run,.json,2187
run/prompts/decision_mock-24591-46c1eb90-dec-000368_response.json,run,.json,5000
run/prompts/decision_mock-24591-46c1eb90-dec-000368_system.txt,run,.txt,1912
run/prompts/decision_mock-24591-46c1eb90-dec-000368_tools.json,run,.json,2747
run/prompts/decision_mock-24591-46c1eb90-dec-000368_user.json,run,.json,10712
run/prompts/decision_mock-24591-46c1eb90-dec-000369_parsed.json,run,.json,2235
run/prompts/decision_mock-24591-46c1eb90-dec-000369_response.json,run,.json,6748
run/prompts/decision_mock-24591-46c1eb90-dec-000369_system.txt,run,.txt,1912
run/prompts/decision_mock-24591-46c1eb90-dec-000369_tools.json,run,.json,2747
run/prompts/decision_mock-24591-46c1eb90-dec-000369_user.json,run,.json,10712
run/prompts/decision_mock-24591-46c1eb90-dec-000370_parsed.json,run,.json,2151
run/prompts/decision_mock-24591-46c1eb90-dec-000370_response.json,run,.json,6882
run/prompts/decision_mock-24591-46c1eb90-dec-000370_retry1_parsed.json,run,.json,1882
run/prompts/decision_mock-24591-46c1eb90-dec-000370_retry1_response.json,run,.json,5968
run/prompts/decision_mock-24591-46c1eb90-dec-000370_retry1_system.txt,run,.txt,1912
run/prompts/decision_mock-24591-46c1eb90-dec-000370_retry1_tools.json,run,.json,2747
run/prompts/decision_mock-24591-46c1eb90-dec-000370_retry1_user.json,run,.json,10926
run/prompts/decision_mock-24591-46c1eb90-dec-000370_system.txt,run,.txt,1912
run/prompts/decision_mock-24591-46c1eb90-dec-000370_tools.json,run,.json,2747
run/prompts/decision_mock-24591-46c1eb90-dec-000370_user.json,run,.json,10759
run/prompts/decision_mock-24591-46c1eb90-dec-000371_parsed.json,run,.json,1637
run/prompts/decision_mock-24591-46c1eb90-dec-000371_response.json,run,.json,11143
run/prompts/decision_mock-24591-46c1eb90-dec-000371_system.txt,run,.txt,1912
run/prompts/decision_mock-24591-46c1eb90-dec-000371_tools.json,run,.json,1799
run/prompts/decision_mock-24591-46c1eb90-dec-000371_user.json,run,.json,10596
run/prompts/decision_mock-24591-46c1eb90-dec-000372_parsed.json,run,.json,2639
run/prompts/decision_mock-24591-46c1eb90-dec-000372_response.json,run,.json,13869
run/prompts/decision_mock-24591-46c1eb90-dec-000372_system.txt,run,.txt,1912
run/prompts/decision_mock-24591-46c1eb90-dec-000372_tools.json,run,.json,632
run/prompts/decision_mock-24591-46c1eb90-dec-000372_user.json,run,.json,12733
run/prompts/decision_mock-24591-46c1eb90-dec-000373_parsed.json,run,.json,2271
run/prompts/decision_mock-24591-46c1eb90-dec-000373_response.json,run,.json,8778
run/prompts/decision_mock-24591-46c1eb90-dec-000373_system.txt,run,.txt,1912
run/prompts/decision_mock-24591-46c1eb90-dec-000373_tools.json,run,.json,652
run/prompts/decision_mock-24591-46c1eb90-dec-000373_user.json,run,.json,11876
run/prompts/decision_mock-24591-46c1eb90-dec-000374_parsed.json,run,.json,1357
run/prompts/decision_mock-24591-46c1eb90-dec-000374_response.json,run,.json,5114
run/prompts/decision_mock-24591-46c1eb90-dec-000374_system.txt,run,.txt,1912
run/prompts/decision_mock-24591-46c1eb90-dec-000374_tools.json,run,.json,652
run/prompts/decision_mock-24591-46c1eb90-dec-000374_user.json,run,.json,10488
run/prompts/decision_mock-24591-46c1eb90-dec-000375_parsed.json,run,.json,2375
run/prompts/decision_mock-24591-46c1eb90-dec-000375_response.json,run,.json,11084
run/prompts/decision_mock-24591-46c1eb90-dec-000375_system.txt,run,.txt,1912
run/prompts/decision_mock-24591-46c1eb90-dec-000375_tools.json,run,.json,652
run/prompts/decision_mock-24591-46c1eb90-dec-000375_user.json,run,.json,12951
run/prompts/decision_mock-24591-46c1eb90-dec-000376_parsed.json,run,.json,2167
run/prompts/decision_mock-24591-46c1eb90-dec-000376_response.json,run,.json,11465
run/prompts/decision_mock-24591-46c1eb90-dec-000376_system.txt,run,.txt,1912
run/prompts/decision_mock-24591-46c1eb90-dec-000376_tools.json,run,.json,1539
run/prompts/decision_mock-24591-46c1eb90-dec-000376_user.json,run,.json,12982
run/prompts/decision_mock-24591-46c1eb90-dec-000377_parsed.json,run,.json,3073
run/prompts/decision_mock-24591-46c1eb90-dec-000377_response.json,run,.json,43293
run/prompts/decision_mock-24591-46c1eb90-dec-000377_system.txt,run,.txt,1912
run/prompts/decision_mock-24591-46c1eb90-dec-000377_tools.json,run,.json,2743
run/prompts/decision_mock-24591-46c1eb90-dec-000377_user.json,run,.json,12622
run/prompts/decision_mock-24591-46c1eb90-dec-000378_parsed.json,run,.json,1841
run/prompts/decision_mock-24591-46c1eb90-dec-000378_response.json,run,.json,22948
run/prompts/decision_mock-24591-46c1eb90-dec-000378_system.txt,run,.txt,1912
run/prompts/decision_mock-24591-46c1eb90-dec-000378_tools.json,run,.json,1799
run/prompts/decision_mock-24591-46c1eb90-dec-000378_user.json,run,.json,10667
run/prompts/decision_mock-24591-46c1eb90-dec-000379_parsed.json,run,.json,2275
run/prompts/decision_mock-24591-46c1eb90-dec-000379_response.json,run,.json,16335
run/prompts/decision_mock-24591-46c1eb90-dec-000379_system.txt,run,.txt,1912
run/prompts/decision_mock-24591-46c1eb90-dec-000379_tools.json,run,.json,1539
run/prompts/decision_mock-24591-46c1eb90-dec-000379_user.json,run,.json,12682
run/prompts/decision_mock-24591-46c1eb90-dec-000380_parsed.json,run,.json,2031
run/prompts/decision_mock-24591-46c1eb90-dec-000380_response.json,run,.json,11559
run/prompts/decision_mock-24591-46c1eb90-dec-000380_system.txt,run,.txt,1912
run/prompts/decision_mock-24591-46c1eb90-dec-000380_tools.json,run,.json,913
run/prompts/decision_mock-24591-46c1eb90-dec-000380_user.json,run,.json,10071
run/prompts/decision_mock-24591-46c1eb90-dec-000381_parsed.json,run,.json,2323
run/prompts/decision_mock-24591-46c1eb90-dec-000381_response.json,run,.json,8520
run/prompts/decision_mock-24591-46c1eb90-dec-000381_system.txt,run,.txt,1912
run/prompts/decision_mock-24591-46c1eb90-dec-000381_tools.json,run,.json,913
run/prompts/decision_mock-24591-46c1eb90-dec-000381_user.json,run,.json,9922
run/prompts/decision_mock-24591-46c1eb90-dec-000382_parsed.json,run,.json,1413
run/prompts/decision_mock-24591-46c1eb90-dec-000382_response.json,run,.json,10020
run/prompts/decision_mock-24591-46c1eb90-dec-000382_system.txt,run,.txt,1912
run/prompts/decision_mock-24591-46c1eb90-dec-000382_tools.json,run,.json,1799
run/prompts/decision_mock-24591-46c1eb90-dec-000382_user.json,run,.json,9666
run/prompts/decision_mock-24591-46c1eb90-dec-000383_parsed.json,run,.json,3727
run/prompts/decision_mock-24591-46c1eb90-dec-000383_response.json,run,.json,32673
run/prompts/decision_mock-24591-46c1eb90-dec-000383_system.txt,run,.txt,1912
run/prompts/decision_mock-24591-46c1eb90-dec-000383_tools.json,run,.json,653
run/prompts/decision_mock-24591-46c1eb90-dec-000383_user.json,run,.json,11394
run/prompts/decision_mock-24591-46c1eb90-dec-000384_parsed.json,run,.json,2921
run/prompts/decision_mock-24591-46c1eb90-dec-000384_response.json,run,.json,9835
run/prompts/decision_mock-24591-46c1eb90-dec-000384_system.txt,run,.txt,1912
run/prompts/decision_mock-24591-46c1eb90-dec-000384_tools.json,run,.json,612
run/prompts/decision_mock-24591-46c1eb90-dec-000384_user.json,run,.json,10168
run/prompts/decision_mock-24591-46c1eb90-dec-000385_parsed.json,run,.json,1681
run/prompts/decision_mock-24591-46c1eb90-dec-000385_response.json,run,.json,11394
run/prompts/decision_mock-24591-46c1eb90-dec-000385_system.txt,run,.txt,1912
run/prompts/decision_mock-24591-46c1eb90-dec-000385_tools.json,run,.json,1799
run/prompts/decision_mock-24591-46c1eb90-dec-000385_user.json,run,.json,8944
run/prompts/decision_mock-24591-46c1eb90-dec-000386_parsed.json,run,.json,2389
run/prompts/decision_mock-24591-46c1eb90-dec-000386_response.json,run,.json,6445
run/prompts/decision_mock-24591-46c1eb90-dec-000386_system.txt,run,.txt,1912
run/prompts/decision_mock-24591-46c1eb90-dec-000386_tools.json,run,.json,612
run/prompts/decision_mock-24591-46c1eb90-dec-000386_user.json,run,.json,10308
run/prompts/decision_mock-24591-46c1eb90-dec-000387_parsed.json,run,.json,1731
run/prompts/decision_mock-24591-46c1eb90-dec-000387_response.json,run,.json,5983
run/prompts/decision_mock-24591-46c1eb90-dec-000387_system.txt,run,.txt,1912
run/prompts/decision_mock-24591-46c1eb90-dec-000387_tools.json,run,.json,913
run/prompts/decision_mock-24591-46c1eb90-dec-000387_user.json,run,.json,8876
run/prompts/decision_mock-24591-46c1eb90-dec-000388_parsed.json,run,.json,1517
run/prompts/decision_mock-24591-46c1eb90-dec-000388_response.json,run,.json,4974
run/prompts/decision_mock-24591-46c1eb90-dec-000388_system.txt,run,.txt,1912
run/prompts/decision_mock-24591-46c1eb90-dec-000388_tools.json,run,.json,1799
run/prompts/decision_mock-24591-46c1eb90-dec-000388_user.json,run,.json,8740
run/prompts/decision_mock-24591-46c1eb90-dec-000389_parsed.json,run,.json,2577
run/prompts/decision_mock-24591-46c1eb90-dec-000389_response.json,run,.json,7067
run/prompts/decision_mock-24591-46c1eb90-dec-000389_system.txt,run,.txt,1912
run/prompts/decision_mock-24591-46c1eb90-dec-000389_tools.json,run,.json,612
run/prompts/decision_mock-24591-46c1eb90-dec-000389_user.json,run,.json,10204
run/prompts/decision_mock-24591-46c1eb90-dec-000390_parsed.json,run,.json,2205
run/prompts/decision_mock-24591-46c1eb90-dec-000390_response.json,run,.json,3054
run/prompts/decision_mock-24591-46c1eb90-dec-000390_system.txt,run,.txt,1912
run/prompts/decision_mock-24591-46c1eb90-dec-000390_tools.json,run,.json,300
run/prompts/decision_mock-24591-46c1eb90-dec-000390_user.json,run,.json,10308
run/prompts/decision_mock-24591-46c1eb90-dec-000391_parsed.json,run,.json,3215
run/prompts/decision_mock-24591-46c1eb90-dec-000391_response.json,run,.json,18700
run/prompts/decision_mock-24591-46c1eb90-dec-000391_system.txt,run,.txt,1912
run/prompts/decision_mock-24591-46c1eb90-dec-000391_tools.json,run,.json,2743
run/prompts/decision_mock-24591-46c1eb90-dec-000391_user.json,run,.json,11252
run/prompts/decision_mock-24591-46c1eb90-dec-000392_parsed.json,run,.json,2409
run/prompts/decision_mock-24591-46c1eb90-dec-000392_response.json,run,.json,10770
run/prompts/decision_mock-24591-46c1eb90-dec-000392_system.txt,run,.txt,1912
run/prompts/decision_mock-24591-46c1eb90-dec-000392_tools.json,run,.json,2743
run/prompts/decision_mock-24591-46c1eb90-dec-000392_user.json,run,.json,11339
run/prompts/decision_mock-24591-46c1eb90-dec-000393_parsed.json,run,.json,2031
run/prompts/decision_mock-24591-46c1eb90-dec-000393_response.json,run,.json,4525
run/prompts/decision_mock-24591-46c1eb90-dec-000393_system.txt,run,.txt,1912
run/prompts/decision_mock-24591-46c1eb90-dec-000393_tools.json,run,.json,913
run/prompts/decision_mock-24591-46c1eb90-dec-000393_user.json,run,.json,9007
run/prompts/decision_mock-24591-46c1eb90-dec-000394_parsed.json,run,.json,2091
run/prompts/decision_mock-24591-46c1eb90-dec-000394_response.json,run,.json,7949
run/prompts/decision_mock-24591-46c1eb90-dec-000394_system.txt,run,.txt,1912
run/prompts/decision_mock-24591-46c1eb90-dec-000394_tools.json,run,.json,653
run/prompts/decision_mock-24591-46c1eb90-dec-000394_user.json,run,.json,9080
run/prompts/decision_mock-24591-46c1eb90-dec-000395_parsed.json,run,.json,2119
run/prompts/decision_mock-24591-46c1eb90-dec-000395_response.json,run,.json,4373
run/prompts/decision_mock-24591-46c1eb90-dec-000395_system.txt,run,.txt,1912
run/prompts/decision_mock-24591-46c1eb90-dec-000395_tools.json,run,.json,653
run/prompts/decision_mock-24591-46c1eb90-dec-000395_user.json,run,.json,9202
run/replay_diff.json,run,.json,553
run/replay_flags.jsonl,run,.jsonl,462985
run/replay_navigation.json,run,.json,61319
run/replay_report.json,run,.json,1950
run/replay_steps.jsonl,run,.jsonl,1736799
run/review_cost_aggregate.json,run,.json,1029489
run/review_cost_calls.jsonl,run,.jsonl,485967
run/review_queue.jsonl,run,.jsonl,85602
run/run_config.json,run,.json,2326
run/scorecard.json,run,.json,729983
run/scorecard_decisions.jsonl,run,.jsonl,185504
run/scorecard_events.jsonl,run,.jsonl,534084
run/scorecard_players.json,run,.json,9543
run/seat_assignment.json,run,.json,993
run/state/turn_0000.json,run,.json,6655
run/state/turn_0000_decision_0001.json,run,.json,6662
run/state/turn_0000_decision_0002.json,run,.json,6679
run/state/turn_0001.json,run,.json,6669
run/state/turn_0001_decision_0001.json,run,.json,6676
run/state/turn_0002.json,run,.json,6669
run/state/turn_0002_decision_0001.json,run,.json,6677
run/state/turn_0002_decision_0002.json,run,.json,6691
run/state/turn_0003.json,run,.json,6676
run/state/turn_0003_decision_0001.json,run,.json,6683
run/state/turn_0004.json,run,.json,6687
run/state/turn_0004_decision_0001.json,run,.json,6695
run/state/turn_0004_decision_0002.json,run,.json,6712
run/state/turn_0005.json,run,.json,6702
run/state/turn_0005_decision_0001.json,run,.json,6710
run/state/turn_0005_decision_0002.json,run,.json,6724
run/state/turn_0006.json,run,.json,6717
run/state/turn_0006_decision_0001.json,run,.json,6723
run/state/turn_0007.json,run,.json,6708
run/state/turn_0007_decision_0001.json,run,.json,6716
run/state/turn_0007_decision_0002.json,run,.json,7030
run/state/turn_0007_decision_0003.json,run,.json,7118
run/state/turn_0007_decision_0004.json,run,.json,7162
run/state/turn_0007_decision_0005.json,run,.json,7217
run/state/turn_0007_decision_0006.json,run,.json,7283
run/state/turn_0007_decision_0007.json,run,.json,7357
run/state/turn_0007_decision_0008.json,run,.json,7434
run/state/turn_0007_decision_0009.json,run,.json,7508
run/state/turn_0007_decision_0010.json,run,.json,7587
run/state/turn_0007_decision_0011.json,run,.json,6730
run/state/turn_0008.json,run,.json,6734
run/state/turn_0008_decision_0001.json,run,.json,6741
run/state/turn_0008_decision_0002.json,run,.json,6757
run/state/turn_0009.json,run,.json,6747
run/state/turn_0009_decision_0001.json,run,.json,6754
run/state/turn_0009_decision_0002.json,run,.json,6768
run/state/turn_0010.json,run,.json,6762
run/state/turn_0010_decision_0001.json,run,.json,6769
run/state/turn_0010_decision_0002.json,run,.json,6782
run/state/turn_0011.json,run,.json,6767
run/state/turn_0011_decision_0001.json,run,.json,6774
run/state/turn_0012.json,run,.json,6778
run/state/turn_0012_decision_0001.json,run,.json,6785
run/state/turn_0012_decision_0002.json,run,.json,6802
run/state/turn_0013.json,run,.json,6792
run/state/turn_0013_decision_0001.json,run,.json,6799
run/state/turn_0013_decision_0002.json,run,.json,7102
run/state/turn_0013_decision_0003.json,run,.json,7174
run/state/turn_0013_decision_0004.json,run,.json,7240
run/state/turn_0013_decision_0005.json,run,.json,7314
run/state/turn_0013_decision_0006.json,run,.json,7358
run/state/turn_0013_decision_0007.json,run,.json,7437
run/state/turn_0013_decision_0008.json,run,.json,7512
run/state/turn_0013_decision_0009.json,run,.json,7590
run/state/turn_0013_decision_0010.json,run,.json,6813
run/state/turn_0014.json,run,.json,6806
run/state/turn_0014_decision_0001.json,run,.json,6813
run/state/turn_0015.json,run,.json,6798
run/state/turn_0015_decision_0001.json,run,.json,6805
run/state/turn_0015_decision_0002.json,run,.json,6811
run/state/turn_0016.json,run,.json,6815
run/state/turn_0016_decision_0001.json,run,.json,6822
run/state/turn_0016_decision_0002.json,run,.json,6839
run/state/turn_0016_decision_0003.json,run,.json,7147
run/state/turn_0016_decision_0004.json,run,.json,6839
run/state/turn_0016_decision_0005.json,run,.json,7147
run/state/turn_0016_decision_0006.json,run,.json,6839
run/state/turn_0017.json,run,.json,6832
run/state/turn_0017_decision_0001.json,run,.json,6839
run/state/turn_0017_decision_0002.json,run,.json,6855
run/state/turn_0017_decision_0003.json,run,.json,6855
run/state/turn_0018.json,run,.json,6845
run/state/turn_0018_decision_0001.json,run,.json,6852
run/state/turn_0019.json,run,.json,6845
run/state/turn_0019_decision_0001.json,run,.json,6853
run/state/turn_0019_decision_0002.json,run,.json,6867
run/state/turn_0019_decision_0003.json,run,.json,7179
run/state/turn_0019_decision_0004.json,run,.json,6867
run/state/turn_0020.json,run,.json,6852
run/state/turn_0020_decision_0001.json,run,.json,6859
run/state/turn_0021.json,run,.json,6863
run/state/turn_0021_decision_0001.json,run,.json,6869
run/state/turn_0021_decision_0002.json,run,.json,6886
run/state/turn_0021_decision_0003.json,run,.json,7194
run/state/turn_0021_decision_0004.json,run,.json,6886
run/state/turn_0022.json,run,.json,6876
run/state/turn_0022_decision_0001.json,run,.json,6882
run/state/turn_0023.json,run,.json,6875
run/state/turn_0023_decision_0001.json,run,.json,6882
run/state/turn_0023_decision_0002.json,run,.json,6896
run/state/turn_0024.json,run,.json,6881
run/state/turn_0024_decision_0001.json,run,.json,6887
run/state/turn_0024_decision_0002.json,run,.json,6893
run/state/turn_0025.json,run,.json,6886
run/state/turn_0025_decision_0001.json,run,.json,6894
run/state/turn_0026.json,run,.json,6887
run/state/turn_0026_decision_0001.json,run,.json,6894
run/state/turn_0027.json,run,.json,6898
run/state/turn_0027_decision_0001.json,run,.json,6905
run/state/turn_0028.json,run,.json,6898
run/state/turn_0028_decision_0001.json,run,.json,6905
run/state/turn_0028_decision_0002.json,run,.json,6906
run/state/turn_0029.json,run,.json,6896
run/state/turn_0029_decision_0001.json,run,.json,6904
run/state/turn_0030.json,run,.json,6897
run/state/turn_0030_decision_0001.json,run,.json,6904
run/state/turn_0030_decision_0002.json,run,.json,7232
run/state/turn_0030_decision_0003.json,run,.json,6904
run/state/turn_0031.json,run,.json,6889
run/state/turn_0031_decision_0001.json,run,.json,6896
run/state/turn_0031_decision_0002.json,run,.json,6902
run/state/turn_0032.json,run,.json,6906
run/state/turn_0032_decision_0001.json,run,.json,6914
run/state/turn_0033.json,run,.json,6907
run/state/turn_0033_decision_0001.json,run,.json,6914
run/state/turn_0034.json,run,.json,6907
run/state/turn_0034_decision_0001.json,run,.json,6914
run/state/turn_0035.json,run,.json,6904
run/state/turn_0035_decision_0001.json,run,.json,6911
run/state/turn_0035_decision_0002.json,run,.json,7228
run/state/turn_0035_decision_0003.json,run,.json,7588
run/state/turn_0035_decision_0004.json,run,.json,6907
run/state/turn_0036.json,run,.json,6900
run/state/turn_0036_decision_0001.json,run,.json,6907
run/state/turn_0036_decision_0002.json,run,.json,6921
run/state/turn_0036_decision_0003.json,run,.json,7255
run/state/turn_0036_decision_0004.json,run,.json,6921
run/state/turn_0037.json,run,.json,6906
run/state/turn_0037_decision_0001.json,run,.json,6913
run/state/turn_0038.json,run,.json,6917
run/state/turn_0038_decision_0001.json,run,.json,6924
run/state/turn_0039.json,run,.json,6914
run/state/turn_0039_decision_0001.json,run,.json,6921
run/state/turn_0040.json,run,.json,6914
run/state/turn_0040_decision_0001.json,run,.json,6920
run/state/turn_0040_decision_0002.json,run,.json,7255
run/state/turn_0040_decision_0003.json,run,.json,6920
run/state/turn_0040_decision_0004.json,run,.json,7237
run/state/turn_0040_decision_0005.json,run,.json,6920
run/state/turn_0040_decision_0006.json,run,.json,7255
run/state/turn_0040_decision_0007.json,run,.json,6920
run/state/turn_0040_decision_0008.json,run,.json,7239
run/state/turn_0040_decision_0009.json,run,.json,6920
run/state/turn_0041.json,run,.json,6905
run/state/turn_0041_decision_0001.json,run,.json,6912
run/state/turn_0042.json,run,.json,6916
run/state/turn_0042_decision_0001.json,run,.json,6922
run/state/turn_0042_decision_0002.json,run,.json,7245
run/state/turn_0042_decision_0003.json,run,.json,7635
run/state/turn_0042_decision_0004.json,run,.json,8021
run/state/turn_0042_decision_0005.json,run,.json,6922
run/state/turn_0043.json,run,.json,6912
run/state/turn_0043_decision_0001.json,run,.json,6919
run/state/turn_0044.json,run,.json,6912
run/state/turn_0044_decision_0001.json,run,.json,6919
run/state/turn_0044_decision_0002.json,run,.json,7254
run/state/turn_0044_decision_0003.json,run,.json,7650
run/state/turn_0044_decision_0004.json,run,.json,8054
run/state/turn_0044_decision_0005.json,run,.json,8253
run/state/turn_0044_decision_0006.json,run,.json,8455
run/state/turn_0044_decision_0007.json,run,.json,6919
run/state/turn_0044_decision_0008.json,run,.json,7232
run/state/turn_0044_decision_0009.json,run,.json,6919
run/state/turn_0044_decision_0010.json,run,.json,7224
run/state/turn_0044_decision_0011.json,run,.json,6919
run/state/turn_0044_decision_0012.json,run,.json,7232
run/state/turn_0044_decision_0013.json,run,.json,6919
run/state/turn_0044_decision_0014.json,run,.json,7224
run/state/turn_0044_decision_0015.json,run,.json,6919
run/state/turn_0044_decision_0016.json,run,.json,7250
run/state/turn_0044_decision_0017.json,run,.json,6902
run/state/turn_0044_decision_0018.json,run,.json,6902
run/state/turn_0045.json,run,.json,6887
run/state/turn_0045_decision_0001.json,run,.json,6893
run/state/turn_0046.json,run,.json,6897
run/state/turn_0046_decision_0001.json,run,.json,6905
run/state/turn_0046_decision_0002.json,run,.json,6922
run/state/turn_0047.json,run,.json,6912
run/state/turn_0047_decision_0001.json,run,.json,6919
run/state/turn_0048.json,run,.json,6912
run/state/turn_0048_decision_0001.json,run,.json,6920
run/state/turn_0049.json,run,.json,6905
run/state/turn_0049_decision_0001.json,run,.json,6913
run/state/turn_0050.json,run,.json,6917
run/state/turn_0050_decision_0001.json,run,.json,6924
run/state/turn_0050_decision_0002.json,run,.json,6941
run/state/turn_0051.json,run,.json,6931
run/state/turn_0051_decision_0001.json,run,.json,6939
run/state/turn_0052.json,run,.json,6932
run/state/turn_0052_decision_0001.json,run,.json,6939
run/state/turn_0052_decision_0002.json,run,.json,7252
run/state/turn_0052_decision_0003.json,run,.json,6939
run/state/turn_0052_decision_0004.json,run,.json,7244
run/state/turn_0052_decision_0005.json,run,.json,6939
run/state/turn_0052_decision_0006.json,run,.json,7255
run/state/turn_0052_decision_0007.json,run,.json,6939
run/state/turn_0053.json,run,.json,6924
run/state/turn_0053_decision_0001.json,run,.json,6931
run/state/turn_0054.json,run,.json,6935
run/state/turn_0054_decision_0001.json,run,.json,6942
run/state/turn_0055.json,run,.json,6932
run/state/turn_0055_decision_0001.json,run,.json,6939
run/state/turn_0056.json,run,.json,6932
run/state/turn_0056_decision_0001.json,run,.json,6939
run/state/turn_0056_decision_0002.json,run,.json,6939
run/state/turn_0057.json,run,.json,6932
run/state/turn_0057_decision_0001.json,run,.json,6937
run/state/turn_0057_decision_0002.json,run,.json,7258
run/state/turn_0057_decision_0003.json,run,.json,6937
run/state/turn_0057_decision_0004.json,run,.json,7250
run/state/turn_0057_decision_0005.json,run,.json,6937
run/state/turn_0057_decision_0006.json,run,.json,7253
run/state/turn_0057_decision_0007.json,run,.json,6937
run/state/turn_0057_decision_0008.json,run,.json,7250
run/state/turn_0057_decision_0009.json,run,.json,6937
run/state/turn_0057_decision_0010.json,run,.json,7283
run/state/turn_0057_decision_0011.json,run,.json,6937
run/state/turn_0057_decision_0012.json,run,.json,6937
run/state/turn_0057_decision_0013.json,run,.json,7250
run/state/turn_0057_decision_0014.json,run,.json,6937
run/state/turn_0057_decision_0015.json,run,.json,7242
run/state/turn_0057_decision_0016.json,run,.json,6937
run/state/turn_0058.json,run,.json,6922
run/state/turn_0058_decision_0001.json,run,.json,6929
run/state/turn_0058_decision_0002.json,run,.json,7242
run/state/turn_0058_decision_0003.json,run,.json,7332
run/state/turn_0058_decision_0004.json,run,.json,7376
run/state/turn_0058_decision_0005.json,run,.json,7404
run/state/turn_0058_decision_0006.json,run,.json,6946
run/state/turn_0059.json,run,.json,6950
run/state/turn_0059_decision_0001.json,run,.json,6957
run/state/turn_0060.json,run,.json,6947
run/state/turn_0060_decision_0001.json,run,.json,6954
run/state/turn_0061.json,run,.json,6947
run/state/turn_0061_decision_0001.json,run,.json,6954
run/state/turn_0061_decision_0002.json,run,.json,7265
run/state/turn_0061_decision_0003.json,run,.json,7292
run/state/turn_0061_decision_0004.json,run,.json,7358
run/state/turn_0061_decision_0005.json,run,.json,7449
run/state/turn_0061_decision_0006.json,run,.json,6970
run/state/turn_0062.json,run,.json,6963
run/state/turn_0062_decision_0001.json,run,.json,6970
run/state/turn_0062_decision_0002.json,run,.json,7283
run/state/turn_0062_decision_0003.json,run,.json,6970
run/state/turn_0062_decision_0004.json,run,.json,7275
run/state/turn_0062_decision_0005.json,run,.json,6970
run/state/turn_0062_decision_0006.json,run,.json,6969
run/state/turn_0062_decision_0007.json,run,.json,6968
run/state/turn_0063.json,run,.json,6953
run/state/turn_0063_decision_0001.json,run,.json,6960
run/state/turn_0064.json,run,.json,6953
run/state/turn_0064_decision_0001.json,run,.json,6960
run/state/turn_0065.json,run,.json,6964
run/state/turn_0065_decision_0001.json,run,.json,6971
run/state/turn_0065_decision_0002.json,run,.json,6971
run/state/turn_0065_decision_0003.json,run,.json,6970
run/state/turn_0065_decision_0004.json,run,.json,6969
run/state/turn_0065_decision_0005.json,run,.json,6968
run/state/turn_0065_decision_0006.json,run,.json,6967
run/state/turn_0065_decision_0007.json,run,.json,6966
run/state/turn_0065_decision_0008.json,run,.json,6966
run/state/turn_0065_decision_0009.json,run,.json,6965
run/state/turn_0066.json,run,.json,6955
run/state/turn_0066_decision_0001.json,run,.json,6961
run/state/turn_0067.json,run,.json,6954
run/state/turn_0067_decision_0001.json,run,.json,6962
run/state/turn_0067_decision_0002.json,run,.json,6976
run/state/turn_0067_decision_0003.json,run,.json,6976
run/state/turn_0068.json,run,.json,6961
run/state/turn_0068_decision_0001.json,run,.json,6967
run/state/turn_0069.json,run,.json,6971
run/state/turn_0069_decision_0001.json,run,.json,6977
run/state/turn_0069_decision_0002.json,run,.json,6994
run/state/turn_0069_decision_0003.json,run,.json,6995
run/state/turn_0069_decision_0004.json,run,.json,6996
run/state/turn_0070.json,run,.json,6986
run/state/turn_0070_decision_0001.json,run,.json,6993
run/state/turn_0071.json,run,.json,6986
run/state/turn_0071_decision_0001.json,run,.json,6993
run/state/turn_0072.json,run,.json,6978
run/state/turn_0072_decision_0001.json,run,.json,6985
run/state/turn_0073.json,run,.json,6978
run/state/turn_0073_decision_0001.json,run,.json,6986
run/state/turn_0074.json,run,.json,6990
run/state/turn_0074_decision_0001.json,run,.json,6998
run/state/turn_0075.json,run,.json,6988
run/state/turn_0075_decision_0001.json,run,.json,6996
run/state/turn_0076.json,run,.json,6989
run/state/turn_0076_decision_0001.json,run,.json,6996
run/state/turn_0077.json,run,.json,6981
run/state/turn_0077_decision_0001.json,run,.json,6988
run/state/turn_0078.json,run,.json,6992
run/state/turn_0078_decision_0001.json,run,.json,6999
run/state/turn_0079.json,run,.json,6989
run/state/turn_0079_decision_0001.json,run,.json,6996
run/state/turn_0080.json,run,.json,6989
run/state/turn_0080_decision_0001.json,run,.json,6996
run/state/turn_0081.json,run,.json,6989
run/state/turn_0081_decision_0001.json,run,.json,6996
run/state/turn_0081_decision_0002.json,run,.json,6996
run/state/turn_0082.json,run,.json,6989
run/state/turn_0082_decision_0001.json,run,.json,6996
run/state/turn_0083.json,run,.json,6981
run/state/turn_0083_decision_0001.json,run,.json,6988
run/state/turn_0083_decision_0002.json,run,.json,6994
run/state/turn_0084.json,run,.json,6998
run/state/turn_0084_decision_0001.json,run,.json,7005
run/state/turn_0085.json,run,.json,6995
run/state/turn_0085_decision_0001.json,run,.json,7002
run/state/turn_0086.json,run,.json,6995
run/state/turn_0086_decision_0001.json,run,.json,7002
run/state/turn_0086_decision_0002.json,run,.json,7000
run/state/turn_0087.json,run,.json,6985
run/state/turn_0087_decision_0001.json,run,.json,6992
run/state/turn_0088.json,run,.json,7057
run/state/turn_0088_decision_0001.json,run,.json,7063
run/state/turn_0088_decision_0002.json,run,.json,7080
run/state/turn_0088_decision_0003.json,run,.json,7079
run/state/turn_0088_decision_0004.json,run,.json,7079
run/state/turn_0088_decision_0005.json,run,.json,7078
run/state/turn_0088_decision_0006.json,run,.json,7078
run/state/turn_0088_decision_0007.json,run,.json,7076
run/state/turn_0089.json,run,.json,7066
run/state/turn_0089_decision_0001.json,run,.json,7072
run/state/turn_0090.json,run,.json,7065
run/state/turn_0091.json,run,.json,7068
run/state/turn_0091_decision_0001.json,run,.json,7075
run/state/turn_0091_decision_0002.json,run,.json,7076
run/state/turn_0092.json,run,.json,7066
run/state/turn_0092_decision_0001.json,run,.json,7073
run/state/turn_0093.json,run,.json,7066
run/state/turn_0093_decision_0001.json,run,.json,7073
run/state/turn_0094.json,run,.json,7069
run/state/turn_0094_decision_0001.json,run,.json,7077
run/state/turn_0095.json,run,.json,7067
run/state/turn_0095_decision_0001.json,run,.json,7075
run/state/turn_0096.json,run,.json,7068
run/state/turn_0096_decision_0001.json,run,.json,7075
run/state/turn_0097.json,run,.json,7071
run/state/turn_0097_decision_0001.json,run,.json,7078
run/state/turn_0097_decision_0002.json,run,.json,7076
run/state/turn_0097_decision_0003.json,run,.json,7076
run/state/turn_0098.json,run,.json,7066
run/state/turn_0098_decision_0001.json,run,.json,7073
run/state/turn_0099.json,run,.json,7066
run/state/turn_0099_decision_0001.json,run,.json,7073
run/state/turn_0099_decision_0002.json,run,.json,7074
run/state/turn_0099_decision_0003.json,run,.json,7075
run/state/turn_0099_decision_0004.json,run,.json,7437
run/state/turn_0099_decision_0005.json,run,.json,7075
run/state/turn_0099_decision_0006.json,run,.json,7071
run/state/turn_0100.json,run,.json,7068
run/state/turn_0100_decision_0001.json,run,.json,7075
run/state/turn_0101.json,run,.json,7065
run/state/turn_0101_decision_0001.json,run,.json,7072
run/state/turn_0102.json,run,.json,7065
run/state/turn_0102_decision_0001.json,run,.json,7072
run/state/turn_0102_decision_0002.json,run,.json,7434
run/state/turn_0102_decision_0003.json,run,.json,7072
run/state/turn_0103.json,run,.json,7068
run/state/turn_0103_decision_0001.json,run,.json,7074
run/state/turn_0104.json,run,.json,7064
run/state/turn_0104_decision_0001.json,run,.json,7071
run/state/turn_0105.json,run,.json,7064
run/state/turn_0105_decision_0001.json,run,.json,7071
run/state/turn_0106.json,run,.json,7067
run/state/turn_0106_decision_0001.json,run,.json,7074
run/state/turn_0106_decision_0002.json,run,.json,7073
run/state/turn_0106_decision_0003.json,run,.json,7074
run/state/turn_0106_decision_0004.json,run,.json,7436
run/state/turn_0106_decision_0005.json,run,.json,7066
run/state/turn_0106_decision_0006.json,run,.json,7065
run/state/turn_0107.json,run,.json,7055
run/state/turn_0107_decision_0001.json,run,.json,7061
run/state/turn_0108.json,run,.json,7054
run/state/turn_0109.json,run,.json,7056
run/state/turn_0109_decision_0001.json,run,.json,7062
run/state/turn_0109_decision_0002.json,run,.json,7380
run/state/turn_0109_decision_0003.json,run,.json,7062
run/state/turn_0109_decision_0004.json,run,.json,7379
run/state/turn_0109_decision_0005.json,run,.json,7745
run/state/turn_0109_decision_0006.json,run,.json,7065
run/state/turn_0109_decision_0007.json,run,.json,7066
run/state/turn_0109_decision_0008.json,run,.json,7067
run/state/turn_0109_decision_0009.json,run,.json,7067
run/state/turn_0109_decision_0010.json,run,.json,7066
run/state/turn_0110.json,run,.json,7056
run/state/turn_0110_decision_0001.json,run,.json,7063
run/state/turn_0111.json,run,.json,7056
run/state/turn_0111_decision_0001.json,run,.json,7063
run/state/turn_0111_decision_0002.json,run,.json,7064
run/state/turn_0112.json,run,.json,7060
run/state/turn_0112_decision_0001.json,run,.json,7068
run/state/turn_0113.json,run,.json,7058
run/state/turn_0113_decision_0001.json,run,.json,7066
run/state/turn_0114.json,run,.json,7059
run/state/turn_0114_decision_0001.json,run,.json,7066
run/state/turn_0115.json,run,.json,7059
run/state/turn_0115_decision_0001.json,run,.json,7066
run/state/turn_0116.json,run,.json,7059
run/state/turn_0116_decision_0001.json,run,.json,7066
run/state/turn_0117.json,run,.json,7062
run/state/turn_0117_decision_0001.json,run,.json,7069
run/state/turn_0117_decision_0002.json,run,.json,7073
run/state/turn_0117_decision_0003.json,run,.json,7072
run/state/turn_0117_decision_0004.json,run,.json,7070
run/state/turn_0117_decision_0005.json,run,.json,7069
run/state/turn_0117_decision_0006.json,run,.json,7068
run/state/turn_0117_decision_0007.json,run,.json,7067
run/state/turn_0117_decision_0008.json,run,.json,7068
run/state/turn_0117_decision_0009.json,run,.json,7067
run/state/turn_0118.json,run,.json,7060
run/state/turn_0118_decision_0001.json,run,.json,7067
run/state/turn_0118_decision_0002.json,run,.json,7071
run/state/turn_0118_decision_0003.json,run,.json,7070
run/state/turn_0118_decision_0004.json,run,.json,7070
run/state/turn_0119.json,run,.json,7060
run/state/turn_0119_decision_0001.json,run,.json,7067
run/state/turn_0120.json,run,.json,7060
run/state/turn_0120_decision_0001.json,run,.json,7066
run/state/turn_0120_decision_0002.json,run,.json,7067
run/state/turn_0120_decision_0003.json,run,.json,7068
run/state/turn_0120_decision_0004.json,run,.json,7068
run/state/turn_0120_decision_0005.json,run,.json,7068
run/state/turn_0121.json,run,.json,7064
run/state/turn_0121_decision_0001.json,run,.json,7071
run/state/turn_0121_decision_0002.json,run,.json,7070
run/state/turn_0121_decision_0003.json,run,.json,7071
run/state/turn_0121_decision_0004.json,run,.json,7070
run/state/turn_0122.json,run,.json,7060
run/state/turn_0122_decision_0001.json,run,.json,7067
run/state/turn_0123.json,run,.json,7060
run/state/turn_0123_decision_0001.json,run,.json,7067
run/state/turn_0123_decision_0002.json,run,.json,7401
run/state/turn_0123_decision_0003.json,run,.json,7062
run/state/turn_0124.json,run,.json,7058
run/state/turn_0124_decision_0001.json,run,.json,7064
run/state/turn_0124_decision_0002.json,run,.json,7065
run/state/turn_0124_decision_0003.json,run,.json,7065
run/state/turn_0124_decision_0004.json,run,.json,7064
run/state/turn_0125.json,run,.json,7054
run/state/turn_0125_decision_0001.json,run,.json,7060
run/state/turn_0125_decision_0002.json,run,.json,7059
run/state/turn_0125_decision_0003.json,run,.json,7060
run/state/turn_0126.json,run,.json,7053
run/state/turn_0126_decision_0001.json,run,.json,7061
run/state/turn_0126_decision_0002.json,run,.json,7376
run/state/turn_0126_decision_0003.json,run,.json,7061
run/state/turn_0126_decision_0004.json,run,.json,7376
run/state/turn_0126_decision_0005.json,run,.json,7061
run/state/turn_0126_decision_0006.json,run,.json,7062
run/state/turn_0126_decision_0007.json,run,.json,7063
run/state/turn_0126_decision_0008.json,run,.json,7395
run/state/turn_0126_decision_0009.json,run,.json,7063
run/state/turn_0127.json,run,.json,7059
run/state/turn_0127_decision_0001.json,run,.json,7067
run/state/turn_0127_decision_0002.json,run,.json,7067
run/state/turn_0128.json,run,.json,7057
run/state/turn_0128_decision_0001.json,run,.json,7063
run/state/turn_0129.json,run,.json,7056
run/state/turn_0129_decision_0001.json,run,.json,7063
run/state/turn_0129_decision_0002.json,run,.json,7418
run/state/turn_0129_decision_0003.json,run,.json,7063
run/state/turn_0129_decision_0004.json,run,.json,7379
run/state/turn_0129_decision_0005.json,run,.json,7737
run/state/turn_0129_decision_0006.json,run,.json,8103
run/state/turn_0129_decision_0007.json,run,.json,7061
run/state/turn_0130.json,run,.json,7054
run/state/turn_0130_decision_0001.json,run,.json,7061
run/state/turn_0131.json,run,.json,7057
run/state/turn_0131_decision_0001.json,run,.json,7064
run/state/turn_0131_decision_0002.json,run,.json,7063
run/state/turn_0131_decision_0003.json,run,.json,7061
run/state/turn_0131_decision_0004.json,run,.json,7416
run/state/turn_0131_decision_0005.json,run,.json,7061
run/state/turn_0131_decision_0006.json,run,.json,7063
run/state/turn_0131_decision_0007.json,run,.json,7061
run/state/turn_0132.json,run,.json,7051
run/state/turn_0132_decision_0001.json,run,.json,7058
run/state/turn_0133.json,run,.json,7051
run/state/turn_0134.json,run,.json,7053
run/state/turn_0134_decision_0001.json,run,.json,7060
run/state/turn_0134_decision_0002.json,run,.json,7062
run/state/turn_0134_decision_0003.json,run,.json,7062
run/state/turn_0134_decision_0004.json,run,.json,7063
run/state/turn_0134_decision_0005.json,run,.json,7062
run/state/turn_0135.json,run,.json,7052
run/state/turn_0135_decision_0001.json,run,.json,7060
run/state/turn_0136.json,run,.json,7053
run/state/turn_0136_decision_0001.json,run,.json,7060
run/state/turn_0137.json,run,.json,7056
run/state/turn_0137_decision_0001.json,run,.json,7063
run/state/turn_0137_decision_0002.json,run,.json,7063
run/state/turn_0138.json,run,.json,7053
run/state/turn_0138_decision_0001.json,run,.json,7060
run/state/turn_0139.json,run,.json,7053
run/state/turn_0139_decision_0001.json,run,.json,7060
run/state/turn_0139_decision_0002.json,run,.json,7061
run/state/turn_0139_decision_0003.json,run,.json,7062
run/state/turn_0139_decision_0004.json,run,.json,7063
run/state/turn_0139_decision_0005.json,run,.json,7377
run/state/turn_0139_decision_0006.json,run,.json,7061
run/state/turn_0139_decision_0007.json,run,.json,7407
run/state/turn_0139_decision_0008.json,run,.json,7061
run/state/turn_0139_decision_0009.json,run,.json,7424
run/state/turn_0139_decision_0010.json,run,.json,7061
run/state/turn_0139_decision_0011.json,run,.json,7062
run/state/turn_0140.json,run,.json,7058
run/state/turn_0140_decision_0001.json,run,.json,7064
run/state/turn_0140_decision_0002.json,run,.json,7064
run/state/turn_0140_decision_0003.json,run,.json,7064
run/state/turn_0140_decision_0004.json,run,.json,7063
run/state/turn_0140_decision_0005.json,run,.json,7061
run/state/turn_0141.json,run,.json,7051
run/state/turn_0141_decision_0001.json,run,.json,7058
run/state/turn_0141_decision_0002.json,run,.json,7354
run/state/turn_0141_decision_0003.json,run,.json,7448
run/state/turn_0141_decision_0004.json,run,.json,7486
run/state/turn_0141_decision_0005.json,run,.json,7072
run/state/turn_0142.json,run,.json,7065
run/state/turn_0142_decision_0001.json,run,.json,7072
run/state/turn_0143.json,run,.json,7068
run/state/turn_0143_decision_0001.json,run,.json,7075
run/state/turn_0144.json,run,.json,7065
run/state/turn_0144_decision_0001.json,run,.json,7072
run/state/turn_0145.json,run,.json,7065
run/state/turn_0146.json,run,.json,7067
run/state/turn_0146_decision_0001.json,run,.json,7075
run/state/turn_0146_decision_0002.json,run,.json,7077
run/state/turn_0146_decision_0003.json,run,.json,7076
run/state/turn_0147.json,run,.json,7066
run/state/turn_0147_decision_0001.json,run,.json,7073
run/state/turn_0148.json,run,.json,7078
run/state/turn_0148_decision_0001.json,run,.json,7085
run/state/turn_0149.json,run,.json,7081
run/state/turn_0149_decision_0001.json,run,.json,7088
run/state/turn_0150.json,run,.json,7078
run/state/turn_0150_decision_0001.json,run,.json,7085
run/state/turn_0151.json,run,.json,7081
run/state/turn_0151_decision_0001.json,run,.json,7088
run/state/turn_0151_decision_0002.json,run,.json,7088
run/state/turn_0152.json,run,.json,7078
run/state/turn_0152_decision_0001.json,run,.json,7085
run/state/turn_0152_decision_0002.json,run,.json,7085
run/state/turn_0152_decision_0003.json,run,.json,7086
run/state/turn_0152_decision_0004.json,run,.json,7085
run/state/turn_0153.json,run,.json,7081
run/state/turn_0153_decision_0001.json,run,.json,7088
run/state/turn_0153_decision_0002.json,run,.json,7089
run/state/turn_0153_decision_0003.json,run,.json,7088
run/state/turn_0154.json,run,.json,7070
run/state_replay_report.json,run,.json,1295
run/summary.json,run,.json,5234
run/timeline.json,run,.json,697838
run/trace_findings.jsonl,run,.jsonl,395104
run/trace_summary.json,run,.json,1234
run/turn_index.json,run,.json,52734
run/usage.json,run,.json,3628
run/usage_attempts.jsonl,run,.jsonl,406168
run/usage_decisions.jsonl,run,.jsonl,307680
