relative_path,area,extension,size_bytes
quality_check/decision_mock-64394-c3bb8d94-dec-000000_request.txt,quality_check,.txt,4883
quality_check/decision_mock-64394-c3bb8d94-dec-000000_response.txt,quality_check,.txt,3531
quality_check/decision_mock-64394-c3bb8d94-dec-000001_request.txt,quality_check,.txt,6503
quality_check/decision_mock-64394-c3bb8d94-dec-000001_response.txt,quality_check,.txt,3399
quality_check/decision_mock-64394-c3bb8d94-dec-000002_request.txt,quality_check,.txt,6777
quality_check/decision_mock-64394-c3bb8d94-dec-000002_response.txt,quality_check,.txt,4177
quality_check/decision_mock-64394-c3bb8d94-dec-000003_request.txt,quality_check,.txt,5509
quality_check/decision_mock-64394-c3bb8d94-dec-000003_response.txt,quality_check,.txt,11720
quality_check/decision_mock-64394-c3bb8d94-dec-000004_request.txt,quality_check,.txt,7234
quality_check/decision_mock-64394-c3bb8d94-dec-000004_response.txt,quality_check,.txt,8967
quality_check/decision_mock-64394-c3bb8d94-dec-000005_request.txt,quality_check,.txt,6906
quality_check/decision_mock-64394-c3bb8d94-dec-000005_response.txt,quality_check,.txt,3750
quality_check/decision_mock-64394-c3bb8d94-dec-000006_request.txt,quality_check,.txt,6263
quality_check/decision_mock-64394-c3bb8d94-dec-000006_response.txt,quality_check,.txt,3786
quality_check/decision_mock-64394-c3bb8d94-dec-000007_request.txt,quality_check,.txt,7931
quality_check/decision_mock-64394-c3bb8d94-dec-000007_response.txt,quality_check,.txt,4882
quality_check/decision_mock-64394-c3bb8d94-dec-000008_request.txt,quality_check,.txt,8448
quality_check/decision_mock-64394-c3bb8d94-dec-000008_response.txt,quality_check,.txt,3895
quality_check/decision_mock-64394-c3bb8d94-dec-000009_request.txt,quality_check,.txt,9184
quality_check/decision_mock-64394-c3bb8d94-dec-000009_response.txt,quality_check,.txt,13286
quality_check/decision_mock-64394-c3bb8d94-dec-000010_request.txt,quality_check,.txt,8679
quality_check/decision_mock-64394-c3bb8d94-dec-000010_response.txt,quality_check,.txt,8151
quality_check/decision_mock-64394-c3bb8d94-dec-000011_request.txt,quality_check,.txt,8254
quality_check/decision_mock-64394-c3bb8d94-dec-000011_response.txt,quality_check,.txt,4698
quality_check/decision_mock-64394-c3bb8d94-dec-000012_request.txt,quality_check,.txt,9948
quality_check/decision_mock-64394-c3bb8d94-dec-000012_response.txt,quality_check,.txt,4387
quality_check/decision_mock-64394-c3bb8d94-dec-000013_request.txt,quality_check,.txt,8588
quality_check/decision_mock-64394-c3bb8d94-dec-000013_response.txt,quality_check,.txt,7781
quality_check/decision_mock-64394-c3bb8d94-dec-000014_request.txt,quality_check,.txt,10230
quality_check/decision_mock-64394-c3bb8d94-dec-000014_response.txt,quality_check,.txt,3785
quality_check/decision_mock-64394-c3bb8d94-dec-000015_request.txt,quality_check,.txt,10907
quality_check/decision_mock-64394-c3bb8d94-dec-000015_response.txt,quality_check,.txt,11612
quality_check/decision_mock-64394-c3bb8d94-dec-000016_request.txt,quality_check,.txt,9337
quality_check/decision_mock-64394-c3bb8d94-dec-000016_response.txt,quality_check,.txt,3048
quality_check/decision_mock-64394-c3bb8d94-dec-000017_request.txt,quality_check,.txt,10966
quality_check/decision_mock-64394-c3bb8d94-dec-000017_response.txt,quality_check,.txt,4033
quality_check/decision_mock-64394-c3bb8d94-dec-000018_request.txt,quality_check,.txt,9667
quality_check/decision_mock-64394-c3bb8d94-dec-000018_response.txt,quality_check,.txt,3680
quality_check/decision_mock-64394-c3bb8d94-dec-000019_request.txt,quality_check,.txt,11234
quality_check/decision_mock-64394-c3bb8d94-dec-000019_response.txt,quality_check,.txt,3716
quality_check/decision_mock-64394-c3bb8d94-dec-000020_request.txt,quality_check,.txt,11314
quality_check/decision_mock-64394-c3bb8d94-dec-000020_response.txt,quality_check,.txt,5477
quality_check/decision_mock-64394-c3bb8d94-dec-000021_request.txt,quality_check,.txt,9885
quality_check/decision_mock-64394-c3bb8d94-dec-000021_response.txt,quality_check,.txt,5773
quality_check/decision_mock-64394-c3bb8d94-dec-000022_request.txt,quality_check,.txt,10147
quality_check/decision_mock-64394-c3bb8d94-dec-000022_response.txt,quality_check,.txt,4510
quality_check/decision_mock-64394-c3bb8d94-dec-000023_request.txt,quality_check,.txt,11765
quality_check/decision_mock-64394-c3bb8d94-dec-000023_response.txt,quality_check,.txt,3721
quality_check/decision_mock-64394-c3bb8d94-dec-000024_request.txt,quality_check,.txt,10379
quality_check/decision_mock-64394-c3bb8d94-dec-000024_response.txt,quality_check,.txt,10478
quality_check/decision_mock-64394-c3bb8d94-dec-000025_request.txt,quality_check,.txt,12011
quality_check/decision_mock-64394-c3bb8d94-dec-000025_response.txt,quality_check,.txt,14139
quality_check/decision_mock-64394-c3bb8d94-dec-000026_request.txt,quality_check,.txt,10777
quality_check/decision_mock-64394-c3bb8d94-dec-000026_response.txt,quality_check,.txt,3152
quality_check/decision_mock-64394-c3bb8d94-dec-000027_request.txt,quality_check,.txt,12403
quality_check/decision_mock-64394-c3bb8d94-dec-000027_response.txt,quality_check,.txt,6565
quality_check/decision_mock-64394-c3bb8d94-dec-000028_request.txt,quality_check,.txt,10511
quality_check/decision_mock-64394-c3bb8d94-dec-000028_response.txt,quality_check,.txt,4414
quality_check/decision_mock-64394-c3bb8d94-dec-000029_request.txt,quality_check,.txt,12143
quality_check/decision_mock-64394-c3bb8d94-dec-000029_response.txt,quality_check,.txt,3805
quality_check/decision_mock-64394-c3bb8d94-dec-000030_request.txt,quality_check,.txt,12464
quality_check/decision_mock-64394-c3bb8d94-dec-000030_response.txt,quality_check,.txt,13934
quality_check/decision_mock-64394-c3bb8d94-dec-000031_request.txt,quality_check,.txt,11649
quality_check/decision_mock-64394-c3bb8d94-dec-000031_response.txt,quality_check,.txt,3492
quality_check/decision_mock-64394-c3bb8d94-dec-000032_request.txt,quality_check,.txt,13306
quality_check/decision_mock-64394-c3bb8d94-dec-000032_response.txt,quality_check,.txt,5727
quality_check/decision_mock-64394-c3bb8d94-dec-000033_request.txt,quality_check,.txt,10895
quality_check/decision_mock-64394-c3bb8d94-dec-000033_response.txt,quality_check,.txt,5485
quality_check/decision_mock-64394-c3bb8d94-dec-000034_request.txt,quality_check,.txt,10822
quality_check/decision_mock-64394-c3bb8d94-dec-000034_response.txt,quality_check,.txt,3842
quality_check/decision_mock-64394-c3bb8d94-dec-000035_request.txt,quality_check,.txt,12651
quality_check/decision_mock-64394-c3bb8d94-dec-000035_response.txt,quality_check,.txt,5085
quality_check/decision_mock-64394-c3bb8d94-dec-000036_request.txt,quality_check,.txt,12542
quality_check/decision_mock-64394-c3bb8d94-dec-000036_response.txt,quality_check,.txt,4458
quality_check/decision_mock-64394-c3bb8d94-dec-000037_request.txt,quality_check,.txt,11849
quality_check/decision_mock-64394-c3bb8d94-dec-000037_response.txt,quality_check,.txt,14626
quality_check/decision_mock-64394-c3bb8d94-dec-000038_request.txt,quality_check,.txt,13594
quality_check/decision_mock-64394-c3bb8d94-dec-000038_response.txt,quality_check,.txt,14690
quality_check/decision_mock-64394-c3bb8d94-dec-000039_request.txt,quality_check,.txt,13902
quality_check/decision_mock-64394-c3bb8d94-dec-000039_response.txt,quality_check,.txt,6086
quality_check/decision_mock-64394-c3bb8d94-dec-000040_request.txt,quality_check,.txt,13118
quality_check/decision_mock-64394-c3bb8d94-dec-000040_response.txt,quality_check,.txt,6234
quality_check/decision_mock-64394-c3bb8d94-dec-000041_request.txt,quality_check,.txt,11505
quality_check/decision_mock-64394-c3bb8d94-dec-000041_response.txt,quality_check,.txt,4155
quality_check/decision_mock-64394-c3bb8d94-dec-000042_request.txt,quality_check,.txt,12849
quality_check/decision_mock-64394-c3bb8d94-dec-000042_response.txt,quality_check,.txt,4186
quality_check/decision_mock-64394-c3bb8d94-dec-000043_request.txt,quality_check,.txt,12755
quality_check/decision_mock-64394-c3bb8d94-dec-000043_response.txt,quality_check,.txt,13079
quality_check/decision_mock-64394-c3bb8d94-dec-000044_request.txt,quality_check,.txt,13038
quality_check/decision_mock-64394-c3bb8d94-dec-000044_response.txt,quality_check,.txt,6383
quality_check/decision_mock-64394-c3bb8d94-dec-000045_request.txt,quality_check,.txt,12232
quality_check/decision_mock-64394-c3bb8d94-dec-000045_response.txt,quality_check,.txt,6895
quality_check/decision_mock-64394-c3bb8d94-dec-000046_request.txt,quality_check,.txt,11988
quality_check/decision_mock-64394-c3bb8d94-dec-000046_response.txt,quality_check,.txt,8551
quality_check/decision_mock-64394-c3bb8d94-dec-000047_request.txt,quality_check,.txt,13569
quality_check/decision_mock-64394-c3bb8d94-dec-000047_response.txt,quality_check,.txt,13082
quality_check/decision_mock-64394-c3bb8d94-dec-000048_request.txt,quality_check,.txt,13520
quality_check/decision_mock-64394-c3bb8d94-dec-000048_response.txt,quality_check,.txt,3585
quality_check/decision_mock-64394-c3bb8d94-dec-000049_request.txt,quality_check,.txt,12243
quality_check/decision_mock-64394-c3bb8d94-dec-000049_response.txt,quality_check,.txt,18036
quality_check/decision_mock-64394-c3bb8d94-dec-000050_request.txt,quality_check,.txt,13639
quality_check/decision_mock-64394-c3bb8d94-dec-000050_response.txt,quality_check,.txt,3660
quality_check/decision_mock-64394-c3bb8d94-dec-000051_request.txt,quality_check,.txt,12455
quality_check/decision_mock-64394-c3bb8d94-dec-000051_response.txt,quality_check,.txt,19955
quality_check/decision_mock-64394-c3bb8d94-dec-000052_request.txt,quality_check,.txt,13904
quality_check/decision_mock-64394-c3bb8d94-dec-000052_response.txt,quality_check,.txt,4424
quality_check/decision_mock-64394-c3bb8d94-dec-000053_request.txt,quality_check,.txt,12750
quality_check/decision_mock-64394-c3bb8d94-dec-000053_response.txt,quality_check,.txt,14011
quality_check/decision_mock-64394-c3bb8d94-dec-000054_request.txt,quality_check,.txt,14055
quality_check/decision_mock-64394-c3bb8d94-dec-000054_response.txt,quality_check,.txt,4254
quality_check/decision_mock-64394-c3bb8d94-dec-000055_request.txt,quality_check,.txt,13065
quality_check/decision_mock-64394-c3bb8d94-dec-000055_response.txt,quality_check,.txt,18046
quality_check/decision_mock-64394-c3bb8d94-dec-000056_request.txt,quality_check,.txt,14344
quality_check/decision_mock-64394-c3bb8d94-dec-000056_response.txt,quality_check,.txt,6214
quality_check/decision_mock-64394-c3bb8d94-dec-000057_request.txt,quality_check,.txt,13126
quality_check/decision_mock-64394-c3bb8d94-dec-000057_response.txt,quality_check,.txt,12649
quality_check/decision_mock-64394-c3bb8d94-dec-000058_request.txt,quality_check,.txt,14563
quality_check/decision_mock-64394-c3bb8d94-dec-000058_response.txt,quality_check,.txt,7033
quality_check/decision_mock-64394-c3bb8d94-dec-000059_request.txt,quality_check,.txt,14749
quality_check/decision_mock-64394-c3bb8d94-dec-000059_response.txt,quality_check,.txt,20834
quality_check/decision_mock-64394-c3bb8d94-dec-000060_request.txt,quality_check,.txt,13346
quality_check/decision_mock-64394-c3bb8d94-dec-000060_response.txt,quality_check,.txt,27184
quality_check/decision_mock-64394-c3bb8d94-dec-000061_request.txt,quality_check,.txt,14916
quality_check/decision_mock-64394-c3bb8d94-dec-000061_response.txt,quality_check,.txt,30582
quality_check/decision_mock-64394-c3bb8d94-dec-000062_request.txt,quality_check,.txt,15049
quality_check/decision_mock-64394-c3bb8d94-dec-000062_response.txt,quality_check,.txt,15205
quality_check/decision_mock-64394-c3bb8d94-dec-000063_request.txt,quality_check,.txt,13567
quality_check/decision_mock-64394-c3bb8d94-dec-000063_response.txt,quality_check,.txt,3529
quality_check/decision_mock-64394-c3bb8d94-dec-000064_request.txt,quality_check,.txt,14911
quality_check/decision_mock-64394-c3bb8d94-dec-000064_response.txt,quality_check,.txt,12273
quality_check/decision_mock-64394-c3bb8d94-dec-000065_request.txt,quality_check,.txt,13585
quality_check/decision_mock-64394-c3bb8d94-dec-000065_response.txt,quality_check,.txt,6070
quality_check/decision_mock-64394-c3bb8d94-dec-000066_request.txt,quality_check,.txt,15294
quality_check/decision_mock-64394-c3bb8d94-dec-000066_response.txt,quality_check,.txt,11450
quality_check/decision_mock-64394-c3bb8d94-dec-000067_request.txt,quality_check,.txt,15356
quality_check/decision_mock-64394-c3bb8d94-dec-000067_response.txt,quality_check,.txt,10714
quality_check/decision_mock-64394-c3bb8d94-dec-000068_request.txt,quality_check,.txt,15722
quality_check/decision_mock-64394-c3bb8d94-dec-000068_response.txt,quality_check,.txt,12959
quality_check/decision_mock-64394-c3bb8d94-dec-000069_request.txt,quality_check,.txt,14441
quality_check/decision_mock-64394-c3bb8d94-dec-000069_response.txt,quality_check,.txt,4700
quality_check/decision_mock-64394-c3bb8d94-dec-000070_request.txt,quality_check,.txt,16044
quality_check/decision_mock-64394-c3bb8d94-dec-000070_response.txt,quality_check,.txt,9695
quality_check/decision_mock-64394-c3bb8d94-dec-000071_request.txt,quality_check,.txt,14780
quality_check/decision_mock-64394-c3bb8d94-dec-000071_response.txt,quality_check,.txt,4883
quality_check/decision_mock-64394-c3bb8d94-dec-000072_request.txt,quality_check,.txt,13148
quality_check/decision_mock-64394-c3bb8d94-dec-000072_response.txt,quality_check,.txt,3598
quality_check/decision_mock-64394-c3bb8d94-dec-000073_request.txt,quality_check,.txt,14476
quality_check/decision_mock-64394-c3bb8d94-dec-000073_response.txt,quality_check,.txt,3620
quality_check/decision_mock-64394-c3bb8d94-dec-000074_request.txt,quality_check,.txt,15771
quality_check/decision_mock-64394-c3bb8d94-dec-000074_response.txt,quality_check,.txt,12807
quality_check/decision_mock-64394-c3bb8d94-dec-000075_request.txt,quality_check,.txt,14713
quality_check/decision_mock-64394-c3bb8d94-dec-000075_response.txt,quality_check,.txt,2452
quality_check/decision_mock-64394-c3bb8d94-dec-000076_request.txt,quality_check,.txt,15991
quality_check/decision_mock-64394-c3bb8d94-dec-000076_response.txt,quality_check,.txt,12002
quality_check/decision_mock-64394-c3bb8d94-dec-000077_request.txt,quality_check,.txt,15868
quality_check/decision_mock-64394-c3bb8d94-dec-000077_response.txt,quality_check,.txt,13485
quality_check/decision_mock-64394-c3bb8d94-dec-000078_request.txt,quality_check,.txt,16506
quality_check/decision_mock-64394-c3bb8d94-dec-000078_response.txt,quality_check,.txt,12038
quality_check/decision_mock-64394-c3bb8d94-dec-000079_request.txt,quality_check,.txt,16404
quality_check/decision_mock-64394-c3bb8d94-dec-000079_response.txt,quality_check,.txt,13299
quality_check/decision_mock-64394-c3bb8d94-dec-000080_request.txt,quality_check,.txt,17220
quality_check/decision_mock-64394-c3bb8d94-dec-000080_response.txt,quality_check,.txt,12694
quality_check/decision_mock-64394-c3bb8d94-dec-000081_request.txt,quality_check,.txt,15909
quality_check/decision_mock-64394-c3bb8d94-dec-000081_response.txt,quality_check,.txt,6754
quality_check/decision_mock-64394-c3bb8d94-dec-000082_request.txt,quality_check,.txt,17330
quality_check/decision_mock-64394-c3bb8d94-dec-000082_response.txt,quality_check,.txt,6005
quality_check/decision_mock-64394-c3bb8d94-dec-000083_request.txt,quality_check,.txt,16935
quality_check/decision_mock-64394-c3bb8d94-dec-000083_response.txt,quality_check,.txt,10510
quality_check/decision_mock-64394-c3bb8d94-dec-000084_request.txt,quality_check,.txt,15396
quality_check/decision_mock-64394-c3bb8d94-dec-000084_response.txt,quality_check,.txt,23658
quality_check/decision_mock-64394-c3bb8d94-dec-000085_request.txt,quality_check,.txt,17285
quality_check/decision_mock-64394-c3bb8d94-dec-000085_response.txt,quality_check,.txt,7187
quality_check/decision_mock-64394-c3bb8d94-dec-000086_request.txt,quality_check,.txt,16079
quality_check/decision_mock-64394-c3bb8d94-dec-000086_response.txt,quality_check,.txt,17711
quality_check/decision_mock-64394-c3bb8d94-dec-000087_request.txt,quality_check,.txt,17589
quality_check/decision_mock-64394-c3bb8d94-dec-000087_response.txt,quality_check,.txt,8508
quality_check/decision_mock-64394-c3bb8d94-dec-000088_request.txt,quality_check,.txt,16354
quality_check/decision_mock-64394-c3bb8d94-dec-000088_response.txt,quality_check,.txt,5410
quality_check/decision_mock-64394-c3bb8d94-dec-000089_request.txt,quality_check,.txt,14809
quality_check/decision_mock-64394-c3bb8d94-dec-000089_response.txt,quality_check,.txt,4833
quality_check/decision_mock-64394-c3bb8d94-dec-000090_request.txt,quality_check,.txt,16115
quality_check/decision_mock-64394-c3bb8d94-dec-000090_response.txt,quality_check,.txt,27781
quality_check/decision_mock-64394-c3bb8d94-dec-000091_request.txt,quality_check,.txt,16188
quality_check/decision_mock-64394-c3bb8d94-dec-000091_response.txt,quality_check,.txt,6722
quality_check/decision_mock-64394-c3bb8d94-dec-000092_request.txt,quality_check,.txt,16270
quality_check/decision_mock-64394-c3bb8d94-dec-000092_response.txt,quality_check,.txt,6841
quality_check/decision_mock-64394-c3bb8d94-dec-000093_request.txt,quality_check,.txt,16641
quality_check/decision_mock-64394-c3bb8d94-dec-000093_response.txt,quality_check,.txt,4936
quality_check/decision_mock-64394-c3bb8d94-dec-000094_request.txt,quality_check,.txt,16556
quality_check/decision_mock-64394-c3bb8d94-dec-000094_response.txt,quality_check,.txt,13157
quality_check/decision_mock-64394-c3bb8d94-dec-000095_request.txt,quality_check,.txt,17926
quality_check/decision_mock-64394-c3bb8d94-dec-000095_response.txt,quality_check,.txt,38526
quality_check/decision_mock-64394-c3bb8d94-dec-000096_request.txt,quality_check,.txt,16500
quality_check/decision_mock-64394-c3bb8d94-dec-000096_response.txt,quality_check,.txt,3988
quality_check/decision_mock-64394-c3bb8d94-dec-000097_request.txt,quality_check,.txt,17645
quality_check/decision_mock-64394-c3bb8d94-dec-000097_response.txt,quality_check,.txt,9531
quality_check/decision_mock-64394-c3bb8d94-dec-000098_request.txt,quality_check,.txt,16935
quality_check/decision_mock-64394-c3bb8d94-dec-000098_response.txt,quality_check,.txt,11659
quality_check/decision_mock-64394-c3bb8d94-dec-000099_request.txt,quality_check,.txt,16475
quality_check/decision_mock-64394-c3bb8d94-dec-000099_response.txt,quality_check,.txt,18899
quality_check/decision_mock-64394-c3bb8d94-dec-000100_request.txt,quality_check,.txt,17149
quality_check/decision_mock-64394-c3bb8d94-dec-000100_response.txt,quality_check,.txt,9526
quality_check/decision_mock-64394-c3bb8d94-dec-000101_request.txt,quality_check,.txt,16520
quality_check/decision_mock-64394-c3bb8d94-dec-000101_response.txt,quality_check,.txt,11933
quality_check/decision_mock-64394-c3bb8d94-dec-000102_request.txt,quality_check,.txt,13410
quality_check/decision_mock-64394-c3bb8d94-dec-000102_response.txt,quality_check,.txt,4281
quality_check/decision_mock-64394-c3bb8d94-dec-000103_request.txt,quality_check,.txt,14691
quality_check/decision_mock-64394-c3bb8d94-dec-000103_response.txt,quality_check,.txt,3734
quality_check/decision_mock-64394-c3bb8d94-dec-000104_request.txt,quality_check,.txt,14125
quality_check/decision_mock-64394-c3bb8d94-dec-000104_response.txt,quality_check,.txt,35948
quality_check/decision_mock-64394-c3bb8d94-dec-000105_request.txt,quality_check,.txt,14490
quality_check/decision_mock-64394-c3bb8d94-dec-000105_response.txt,quality_check,.txt,6744
quality_check/decision_mock-64394-c3bb8d94-dec-000106_request.txt,quality_check,.txt,14452
quality_check/decision_mock-64394-c3bb8d94-dec-000106_response.txt,quality_check,.txt,15568
quality_check/decision_mock-64394-c3bb8d94-dec-000107_request.txt,quality_check,.txt,14757
quality_check/decision_mock-64394-c3bb8d94-dec-000107_response.txt,quality_check,.txt,4696
quality_check/decision_mock-64394-c3bb8d94-dec-000108_request.txt,quality_check,.txt,14563
quality_check/decision_mock-64394-c3bb8d94-dec-000108_response.txt,quality_check,.txt,10022
quality_check/decision_mock-64394-c3bb8d94-dec-000109_request.txt,quality_check,.txt,15871
quality_check/decision_mock-64394-c3bb8d94-dec-000109_response.txt,quality_check,.txt,20119
quality_check/decision_mock-64394-c3bb8d94-dec-000110_request.txt,quality_check,.txt,16266
quality_check/decision_mock-64394-c3bb8d94-dec-000110_response.txt,quality_check,.txt,11068
quality_check/decision_mock-64394-c3bb8d94-dec-000111_request.txt,quality_check,.txt,15924
quality_check/decision_mock-64394-c3bb8d94-dec-000111_response.txt,quality_check,.txt,9589
quality_check/decision_mock-64394-c3bb8d94-dec-000112_request.txt,quality_check,.txt,16784
quality_check/decision_mock-64394-c3bb8d94-dec-000112_response.txt,quality_check,.txt,13712
quality_check/decision_mock-64394-c3bb8d94-dec-000113_request.txt,quality_check,.txt,14191
quality_check/decision_mock-64394-c3bb8d94-dec-000113_response.txt,quality_check,.txt,4860
quality_check/decision_mock-64394-c3bb8d94-dec-000114_request.txt,quality_check,.txt,15528
quality_check/decision_mock-64394-c3bb8d94-dec-000114_response.txt,quality_check,.txt,4485
quality_check/decision_mock-64394-c3bb8d94-dec-000115_request.txt,quality_check,.txt,13402
quality_check/decision_mock-64394-c3bb8d94-dec-000115_response.txt,quality_check,.txt,4494
quality_check/decision_mock-64394-c3bb8d94-dec-000116_request.txt,quality_check,.txt,14557
quality_check/decision_mock-64394-c3bb8d94-dec-000116_response.txt,quality_check,.txt,28134
quality_check/decision_mock-64394-c3bb8d94-dec-000117_request.txt,quality_check,.txt,16218
quality_check/decision_mock-64394-c3bb8d94-dec-000117_response.txt,quality_check,.txt,7034
quality_check/decision_mock-64394-c3bb8d94-dec-000118_request.txt,quality_check,.txt,14912
quality_check/decision_mock-64394-c3bb8d94-dec-000118_response.txt,quality_check,.txt,8610
quality_check/decision_mock-64394-c3bb8d94-dec-000119_request.txt,quality_check,.txt,16780
quality_check/decision_mock-64394-c3bb8d94-dec-000119_response.txt,quality_check,.txt,9906
quality_check/decision_mock-64394-c3bb8d94-dec-000120_request.txt,quality_check,.txt,15413
quality_check/decision_mock-64394-c3bb8d94-dec-000120_response.txt,quality_check,.txt,21389
quality_check/decision_mock-64394-c3bb8d94-dec-000121_request.txt,quality_check,.txt,17363
quality_check/decision_mock-64394-c3bb8d94-dec-000121_response.txt,quality_check,.txt,10281
quality_check/decision_mock-64394-c3bb8d94-dec-000122_request.txt,quality_check,.txt,16076
quality_check/decision_mock-64394-c3bb8d94-dec-000122_response.txt,quality_check,.txt,16281
quality_check/decision_mock-64394-c3bb8d94-dec-000123_request.txt,quality_check,.txt,17302
quality_check/decision_mock-64394-c3bb8d94-dec-000123_response.txt,quality_check,.txt,20522
quality_check/decision_mock-64394-c3bb8d94-dec-000124_request.txt,quality_check,.txt,17691
quality_check/decision_mock-64394-c3bb8d94-dec-000124_response.txt,quality_check,.txt,10021
quality_check/decision_mock-64394-c3bb8d94-dec-000125_request.txt,quality_check,.txt,17232
quality_check/decision_mock-64394-c3bb8d94-dec-000125_response.txt,quality_check,.txt,28682
quality_check/decision_mock-64394-c3bb8d94-dec-000126_request.txt,quality_check,.txt,18382
quality_check/decision_mock-64394-c3bb8d94-dec-000126_response.txt,quality_check,.txt,18354
quality_check/decision_mock-64394-c3bb8d94-dec-000127_request.txt,quality_check,.txt,17996
quality_check/decision_mock-64394-c3bb8d94-dec-000127_response.txt,quality_check,.txt,38996
quality_check/decision_mock-64394-c3bb8d94-dec-000128_request.txt,quality_check,.txt,18850
quality_check/decision_mock-64394-c3bb8d94-dec-000128_response.txt,quality_check,.txt,12430
quality_check/decision_mock-64394-c3bb8d94-dec-000129_request.txt,quality_check,.txt,15411
quality_check/decision_mock-64394-c3bb8d94-dec-000129_response.txt,quality_check,.txt,5370
quality_check/decision_mock-64394-c3bb8d94-dec-000130_request.txt,quality_check,.txt,16810
quality_check/decision_mock-64394-c3bb8d94-dec-000130_response.txt,quality_check,.txt,10351
quality_check/decision_mock-64394-c3bb8d94-dec-000131_request.txt,quality_check,.txt,16388
quality_check/decision_mock-64394-c3bb8d94-dec-000131_response.txt,quality_check,.txt,27353
quality_check/decision_mock-64394-c3bb8d94-dec-000132_request.txt,quality_check,.txt,16852
quality_check/decision_mock-64394-c3bb8d94-dec-000132_response.txt,quality_check,.txt,4472
quality_check/decision_mock-64394-c3bb8d94-dec-000133_request.txt,quality_check,.txt,16708
quality_check/decision_mock-64394-c3bb8d94-dec-000133_response.txt,quality_check,.txt,32890
quality_check/decision_mock-64394-c3bb8d94-dec-000134_request.txt,quality_check,.txt,17021
quality_check/decision_mock-64394-c3bb8d94-dec-000134_response.txt,quality_check,.txt,18679
quality_check/decision_mock-64394-c3bb8d94-dec-000135_request.txt,quality_check,.txt,18119
quality_check/decision_mock-64394-c3bb8d94-dec-000135_response.txt,quality_check,.txt,25655
quality_check/decision_mock-64394-c3bb8d94-dec-000136_request.txt,quality_check,.txt,18068
quality_check/decision_mock-64394-c3bb8d94-dec-000136_response.txt,quality_check,.txt,6674
quality_check/decision_mock-64394-c3bb8d94-dec-000137_request.txt,quality_check,.txt,16253
quality_check/decision_mock-64394-c3bb8d94-dec-000137_response.txt,quality_check,.txt,5372
quality_check/decision_mock-64394-c3bb8d94-dec-000138_request.txt,quality_check,.txt,15473
quality_check/decision_mock-64394-c3bb8d94-dec-000138_response.txt,quality_check,.txt,6471
quality_check/decision_mock-64394-c3bb8d94-dec-000139_request.txt,quality_check,.txt,17083
quality_check/decision_mock-64394-c3bb8d94-dec-000139_response.txt,quality_check,.txt,23610
quality_check/decision_mock-64394-c3bb8d94-dec-000140_request.txt,quality_check,.txt,16360
quality_check/decision_mock-64394-c3bb8d94-dec-000140_response.txt,quality_check,.txt,6622
quality_check/decision_mock-64394-c3bb8d94-dec-000141_request.txt,quality_check,.txt,17498
quality_check/decision_mock-64394-c3bb8d94-dec-000141_response.txt,quality_check,.txt,12501
quality_check/decision_mock-64394-c3bb8d94-dec-000142_request.txt,quality_check,.txt,16869
quality_check/decision_mock-64394-c3bb8d94-dec-000142_response.txt,quality_check,.txt,19503
quality_check/decision_mock-64394-c3bb8d94-dec-000143_request.txt,quality_check,.txt,17416
quality_check/decision_mock-64394-c3bb8d94-dec-000143_response.txt,quality_check,.txt,10172
quality_check/decision_mock-64394-c3bb8d94-dec-000144_request.txt,quality_check,.txt,16887
quality_check/decision_mock-64394-c3bb8d94-dec-000144_response.txt,quality_check,.txt,17240
quality_check/decision_mock-64394-c3bb8d94-dec-000145_request.txt,quality_check,.txt,17734
quality_check/decision_mock-64394-c3bb8d94-dec-000145_response.txt,quality_check,.txt,12127
quality_check/decision_mock-64394-c3bb8d94-dec-000146_request.txt,quality_check,.txt,17634
quality_check/decision_mock-64394-c3bb8d94-dec-000146_response.txt,quality_check,.txt,17002
quality_check/decision_mock-64394-c3bb8d94-dec-000147_request.txt,quality_check,.txt,18432
quality_check/decision_mock-64394-c3bb8d94-dec-000147_response.txt,quality_check,.txt,12470
quality_check/decision_mock-64394-c3bb8d94-dec-000148_request.txt,quality_check,.txt,16493
quality_check/decision_mock-64394-c3bb8d94-dec-000148_response.txt,quality_check,.txt,7716
quality_check/decision_mock-64394-c3bb8d94-dec-000149_request.txt,quality_check,.txt,18757
quality_check/decision_mock-64394-c3bb8d94-dec-000149_response.txt,quality_check,.txt,15741
quality_check/decision_mock-64394-c3bb8d94-dec-000150_request.txt,quality_check,.txt,17140
quality_check/decision_mock-64394-c3bb8d94-dec-000150_response.txt,quality_check,.txt,15364
quality_check/decision_mock-64394-c3bb8d94-dec-000151_request.txt,quality_check,.txt,19317
quality_check/decision_mock-64394-c3bb8d94-dec-000151_response.txt,quality_check,.txt,9015
quality_check/decision_mock-64394-c3bb8d94-dec-000152_request.txt,quality_check,.txt,17884
quality_check/decision_mock-64394-c3bb8d94-dec-000152_response.txt,quality_check,.txt,23542
quality_check/decision_mock-64394-c3bb8d94-dec-000153_request.txt,quality_check,.txt,19008
quality_check/decision_mock-64394-c3bb8d94-dec-000153_response.txt,quality_check,.txt,9654
quality_check/decision_mock-64394-c3bb8d94-dec-000154_request.txt,quality_check,.txt,19133
quality_check/decision_mock-64394-c3bb8d94-dec-000154_response.txt,quality_check,.txt,24058
quality_check/decision_mock-64394-c3bb8d94-dec-000155_request.txt,quality_check,.txt,17892
quality_check/decision_mock-64394-c3bb8d94-dec-000155_response.txt,quality_check,.txt,5477
quality_check/decision_mock-64394-c3bb8d94-dec-000156_request.txt,quality_check,.txt,17645
quality_check/decision_mock-64394-c3bb8d94-dec-000156_response.txt,quality_check,.txt,33594
quality_check/decision_mock-64394-c3bb8d94-dec-000157_request.txt,quality_check,.txt,19263
quality_check/decision_mock-64394-c3bb8d94-dec-000157_response.txt,quality_check,.txt,12576
quality_check/decision_mock-64394-c3bb8d94-dec-000158_request.txt,quality_check,.txt,17924
quality_check/decision_mock-64394-c3bb8d94-dec-000158_response.txt,quality_check,.txt,20882
quality_check/decision_mock-64394-c3bb8d94-dec-000159_request.txt,quality_check,.txt,19145
quality_check/decision_mock-64394-c3bb8d94-dec-000159_response.txt,quality_check,.txt,11428
quality_check/decision_mock-64394-c3bb8d94-dec-000160_request.txt,quality_check,.txt,17693
quality_check/decision_mock-64394-c3bb8d94-dec-000160_response.txt,quality_check,.txt,18365
quality_check/decision_mock-64394-c3bb8d94-dec-000161_request.txt,quality_check,.txt,18961
quality_check/decision_mock-64394-c3bb8d94-dec-000161_response.txt,quality_check,.txt,12589
quality_check/decision_mock-64394-c3bb8d94-dec-000162_request.txt,quality_check,.txt,17301
quality_check/decision_mock-64394-c3bb8d94-dec-000162_response.txt,quality_check,.txt,11324
quality_check/decision_mock-64394-c3bb8d94-dec-000163_request.txt,quality_check,.txt,17246
quality_check/decision_mock-64394-c3bb8d94-dec-000163_response.txt,quality_check,.txt,14836
quality_check/decision_mock-64394-c3bb8d94-dec-000164_request.txt,quality_check,.txt,17205
quality_check/decision_mock-64394-c3bb8d94-dec-000164_response.txt,quality_check,.txt,6352
quality_check/decision_mock-64394-c3bb8d94-dec-000165_request.txt,quality_check,.txt,15555
quality_check/decision_mock-64394-c3bb8d94-dec-000165_response.txt,quality_check,.txt,9003
quality_check/decision_mock-64394-c3bb8d94-dec-000166_request.txt,quality_check,.txt,15082
quality_check/decision_mock-64394-c3bb8d94-dec-000166_response.txt,quality_check,.txt,10861
quality_check/decision_mock-64394-c3bb8d94-dec-000167_request.txt,quality_check,.txt,16655
quality_check/decision_mock-64394-c3bb8d94-dec-000167_response.txt,quality_check,.txt,10543
quality_check/decision_mock-64394-c3bb8d94-dec-000168_request.txt,quality_check,.txt,16876
quality_check/decision_mock-64394-c3bb8d94-dec-000168_response.txt,quality_check,.txt,5989
quality_check/decision_mock-64394-c3bb8d94-dec-000169_request.txt,quality_check,.txt,15446
quality_check/decision_mock-64394-c3bb8d94-dec-000169_response.txt,quality_check,.txt,9430
quality_check/decision_mock-64394-c3bb8d94-dec-000170_request.txt,quality_check,.txt,14907
quality_check/decision_mock-64394-c3bb8d94-dec-000170_response.txt,quality_check,.txt,19053
quality_check/decision_mock-64394-c3bb8d94-dec-000171_request.txt,quality_check,.txt,16861
quality_check/decision_mock-64394-c3bb8d94-dec-000171_response.txt,quality_check,.txt,7221
quality_check/decision_mock-64394-c3bb8d94-dec-000172_request.txt,quality_check,.txt,16984
quality_check/decision_mock-64394-c3bb8d94-dec-000172_response.txt,quality_check,.txt,17692
quality_check/decision_mock-64394-c3bb8d94-dec-000173_request.txt,quality_check,.txt,16887
quality_check/decision_mock-64394-c3bb8d94-dec-000173_response.txt,quality_check,.txt,14982
quality_check/decision_mock-64394-c3bb8d94-dec-000174_request.txt,quality_check,.txt,16348
quality_check/decision_mock-64394-c3bb8d94-dec-000174_response.txt,quality_check,.txt,15529
quality_check/decision_mock-64394-c3bb8d94-dec-000175_request.txt,quality_check,.txt,16815
quality_check/decision_mock-64394-c3bb8d94-dec-000175_response.txt,quality_check,.txt,11404
quality_check/decision_mock-64394-c3bb8d94-dec-000176_request.txt,quality_check,.txt,16412
quality_check/decision_mock-64394-c3bb8d94-dec-000176_response.txt,quality_check,.txt,15976
quality_check/decision_mock-64394-c3bb8d94-dec-000177_request.txt,quality_check,.txt,14962
quality_check/decision_mock-64394-c3bb8d94-dec-000177_response.txt,quality_check,.txt,5369
quality_check/decision_mock-64394-c3bb8d94-dec-000178_request.txt,quality_check,.txt,14274
quality_check/decision_mock-64394-c3bb8d94-dec-000178_response.txt,quality_check,.txt,9822
quality_check/decision_mock-64394-c3bb8d94-dec-000179_request.txt,quality_check,.txt,15990
quality_check/decision_mock-64394-c3bb8d94-dec-000179_response.txt,quality_check,.txt,5556
quality_check/decision_mock-64394-c3bb8d94-dec-000180_request.txt,quality_check,.txt,14409
quality_check/decision_mock-64394-c3bb8d94-dec-000180_response.txt,quality_check,.txt,5987
quality_check/decision_mock-64394-c3bb8d94-dec-000181_request.txt,quality_check,.txt,15972
quality_check/decision_mock-64394-c3bb8d94-dec-000181_response.txt,quality_check,.txt,8038
quality_check/decision_mock-64394-c3bb8d94-dec-000182_request.txt,quality_check,.txt,14492
quality_check/decision_mock-64394-c3bb8d94-dec-000182_response.txt,quality_check,.txt,29395
quality_check/decision_mock-64394-c3bb8d94-dec-000183_request.txt,quality_check,.txt,16030
quality_check/decision_mock-64394-c3bb8d94-dec-000183_response.txt,quality_check,.txt,12090
quality_check/decision_mock-64394-c3bb8d94-dec-000184_request.txt,quality_check,.txt,14857
quality_check/decision_mock-64394-c3bb8d94-dec-000184_response.txt,quality_check,.txt,6095
quality_check/decision_mock-64394-c3bb8d94-dec-000185_request.txt,quality_check,.txt,14920
quality_check/decision_mock-64394-c3bb8d94-dec-000185_response.txt,quality_check,.txt,3502
quality_check/decision_mock-64394-c3bb8d94-dec-000186_request.txt,quality_check,.txt,15934
quality_check/decision_mock-64394-c3bb8d94-dec-000186_response.txt,quality_check,.txt,14714
quality_check/decision_mock-64394-c3bb8d94-dec-000187_request.txt,quality_check,.txt,16777
quality_check/decision_mock-64394-c3bb8d94-dec-000187_response.txt,quality_check,.txt,12185
quality_check/decision_mock-64394-c3bb8d94-dec-000188_request.txt,quality_check,.txt,15400
quality_check/decision_mock-64394-c3bb8d94-dec-000188_response.txt,quality_check,.txt,5430
quality_check/decision_mock-64394-c3bb8d94-dec-000189_request.txt,quality_check,.txt,14809
quality_check/decision_mock-64394-c3bb8d94-dec-000189_response.txt,quality_check,.txt,39344
quality_check/decision_mock-64394-c3bb8d94-dec-000190_request.txt,quality_check,.txt,16585
quality_check/decision_mock-64394-c3bb8d94-dec-000190_response.txt,quality_check,.txt,18741
quality_check/decision_mock-64394-c3bb8d94-dec-000191_request.txt,quality_check,.txt,14970
quality_check/decision_mock-64394-c3bb8d94-dec-000191_response.txt,quality_check,.txt,13932
quality_check/decision_mock-64394-c3bb8d94-dec-000192_request.txt,quality_check,.txt,15205
quality_check/decision_mock-64394-c3bb8d94-dec-000192_response.txt,quality_check,.txt,24999
quality_check/decision_mock-64394-c3bb8d94-dec-000193_request.txt,quality_check,.txt,17289
quality_check/decision_mock-64394-c3bb8d94-dec-000193_response.txt,quality_check,.txt,8927
quality_check/decision_mock-64394-c3bb8d94-dec-000194_request.txt,quality_check,.txt,15605
quality_check/decision_mock-64394-c3bb8d94-dec-000194_response.txt,quality_check,.txt,8860
quality_check/decision_mock-64394-c3bb8d94-dec-000195_request.txt,quality_check,.txt,15459
quality_check/decision_mock-64394-c3bb8d94-dec-000195_response.txt,quality_check,.txt,12796
quality_check/decision_mock-64394-c3bb8d94-dec-000196_request.txt,quality_check,.txt,16293
quality_check/decision_mock-64394-c3bb8d94-dec-000196_response.txt,quality_check,.txt,15356
quality_check/decision_mock-64394-c3bb8d94-dec-000197_request.txt,quality_check,.txt,17154
quality_check/decision_mock-64394-c3bb8d94-dec-000197_response.txt,quality_check,.txt,14068
quality_check/decision_mock-64394-c3bb8d94-dec-000198_request.txt,quality_check,.txt,15560
quality_check/decision_mock-64394-c3bb8d94-dec-000198_response.txt,quality_check,.txt,10202
quality_check/decision_mock-64394-c3bb8d94-dec-000199_request.txt,quality_check,.txt,14845
quality_check/decision_mock-64394-c3bb8d94-dec-000199_response.txt,quality_check,.txt,8942
quality_check/decision_mock-64394-c3bb8d94-dec-000200_request.txt,quality_check,.txt,15652
quality_check/decision_mock-64394-c3bb8d94-dec-000200_response.txt,quality_check,.txt,30978
quality_check/decision_mock-64394-c3bb8d94-dec-000201_request.txt,quality_check,.txt,17048
quality_check/decision_mock-64394-c3bb8d94-dec-000201_response.txt,quality_check,.txt,10795
quality_check/decision_mock-64394-c3bb8d94-dec-000202_request.txt,quality_check,.txt,15885
quality_check/decision_mock-64394-c3bb8d94-dec-000202_response.txt,quality_check,.txt,6133
quality_check/decision_mock-64394-c3bb8d94-dec-000203_request.txt,quality_check,.txt,17257
quality_check/decision_mock-64394-c3bb8d94-dec-000203_response.txt,quality_check,.txt,9409
quality_check/decision_mock-64394-c3bb8d94-dec-000204_request.txt,quality_check,.txt,15852
quality_check/decision_mock-64394-c3bb8d94-dec-000204_response.txt,quality_check,.txt,9778
quality_check/decision_mock-64394-c3bb8d94-dec-000205_request.txt,quality_check,.txt,15015
quality_check/decision_mock-64394-c3bb8d94-dec-000205_response.txt,quality_check,.txt,8724
quality_check/decision_mock-64394-c3bb8d94-dec-000206_request.txt,quality_check,.txt,15671
quality_check/decision_mock-64394-c3bb8d94-dec-000206_response.txt,quality_check,.txt,7066
quality_check/decision_mock-64394-c3bb8d94-dec-000207_request.txt,quality_check,.txt,16250
quality_check/decision_mock-64394-c3bb8d94-dec-000207_response.txt,quality_check,.txt,12717
quality_check/decision_mock-64394-c3bb8d94-dec-000208_request.txt,quality_check,.txt,14936
quality_check/decision_mock-64394-c3bb8d94-dec-000208_response.txt,quality_check,.txt,6499
quality_check/decision_mock-64394-c3bb8d94-dec-000209_request.txt,quality_check,.txt,14604
quality_check/decision_mock-64394-c3bb8d94-dec-000209_response.txt,quality_check,.txt,5761
quality_check/decision_mock-64394-c3bb8d94-dec-000210_request.txt,quality_check,.txt,13930
quality_check/decision_mock-64394-c3bb8d94-dec-000210_response.txt,quality_check,.txt,23963
quality_check/decision_mock-64394-c3bb8d94-dec-000211_request.txt,quality_check,.txt,13805
quality_check/decision_mock-64394-c3bb8d94-dec-000211_response.txt,quality_check,.txt,18404
quality_check/decision_mock-64394-c3bb8d94-dec-000212_request.txt,quality_check,.txt,14778
quality_check/decision_mock-64394-c3bb8d94-dec-000212_response.txt,quality_check,.txt,16448
quality_check/decision_mock-64394-c3bb8d94-dec-000213_request.txt,quality_check,.txt,16047
quality_check/decision_mock-64394-c3bb8d94-dec-000213_response.txt,quality_check,.txt,11712
quality_check/decision_mock-64394-c3bb8d94-dec-000214_request.txt,quality_check,.txt,14424
quality_check/decision_mock-64394-c3bb8d94-dec-000214_response.txt,quality_check,.txt,5364
quality_check/decision_mock-64394-c3bb8d94-dec-000215_request.txt,quality_check,.txt,13697
quality_check/decision_mock-64394-c3bb8d94-dec-000215_response.txt,quality_check,.txt,2854
quality_check/decision_mock-64394-c3bb8d94-dec-000216_request.txt,quality_check,.txt,14584
quality_check/decision_mock-64394-c3bb8d94-dec-000216_response.txt,quality_check,.txt,28267
quality_check/decision_mock-64394-c3bb8d94-dec-000217_request.txt,quality_check,.txt,14487
quality_check/decision_mock-64394-c3bb8d94-dec-000217_response.txt,quality_check,.txt,5755
quality_check/decision_mock-64394-c3bb8d94-dec-000218_request.txt,quality_check,.txt,13593
quality_check/decision_mock-64394-c3bb8d94-dec-000218_response.txt,quality_check,.txt,37417
quality_check/decision_mock-64394-c3bb8d94-dec-000219_request.txt,quality_check,.txt,15425
quality_check/decision_mock-64394-c3bb8d94-dec-000219_response.txt,quality_check,.txt,14391
quality_check/decision_mock-64394-c3bb8d94-dec-000220_request.txt,quality_check,.txt,13939
quality_check/decision_mock-64394-c3bb8d94-dec-000220_response.txt,quality_check,.txt,14245
quality_check/decision_mock-64394-c3bb8d94-dec-000221_request.txt,quality_check,.txt,15045
quality_check/decision_mock-64394-c3bb8d94-dec-000221_response.txt,quality_check,.txt,17522
quality_check/decision_mock-64394-c3bb8d94-dec-000222_request.txt,quality_check,.txt,14816
quality_check/decision_mock-64394-c3bb8d94-dec-000222_response.txt,quality_check,.txt,13586
quality_check/decision_mock-64394-c3bb8d94-dec-000223_request.txt,quality_check,.txt,16153
quality_check/decision_mock-64394-c3bb8d94-dec-000223_response.txt,quality_check,.txt,13896
quality_check/decision_mock-64394-c3bb8d94-dec-000224_request.txt,quality_check,.txt,15112
quality_check/decision_mock-64394-c3bb8d94-dec-000224_response.txt,quality_check,.txt,6825
quality_check/decision_mock-64394-c3bb8d94-dec-000225_request.txt,quality_check,.txt,15277
quality_check/decision_mock-64394-c3bb8d94-dec-000225_response.txt,quality_check,.txt,5459
quality_check/decision_mock-64394-c3bb8d94-dec-000226_request.txt,quality_check,.txt,14198
quality_check/decision_mock-64394-c3bb8d94-dec-000226_response.txt,quality_check,.txt,19448
quality_check/decision_mock-64394-c3bb8d94-dec-000227_request.txt,quality_check,.txt,15190
quality_check/decision_mock-64394-c3bb8d94-dec-000227_response.txt,quality_check,.txt,5573
quality_check/decision_mock-64394-c3bb8d94-dec-000228_request.txt,quality_check,.txt,14445
quality_check/decision_mock-64394-c3bb8d94-dec-000228_response.txt,quality_check,.txt,5858
quality_check/decision_mock-64394-c3bb8d94-dec-000229_request.txt,quality_check,.txt,15569
quality_check/decision_mock-64394-c3bb8d94-dec-000229_response.txt,quality_check,.txt,45536
quality_check/decision_mock-64394-c3bb8d94-dec-000230_request.txt,quality_check,.txt,16399
quality_check/decision_mock-64394-c3bb8d94-dec-000230_response.txt,quality_check,.txt,11814
quality_check/decision_mock-64394-c3bb8d94-dec-000231_request.txt,quality_check,.txt,15420
quality_check/decision_mock-64394-c3bb8d94-dec-000231_response.txt,quality_check,.txt,7676
quality_check/decision_mock-64394-c3bb8d94-dec-000232_request.txt,quality_check,.txt,14324
quality_check/decision_mock-64394-c3bb8d94-dec-000232_response.txt,quality_check,.txt,43618
quality_check/decision_mock-64394-c3bb8d94-dec-000233_request.txt,quality_check,.txt,14917
quality_check/decision_mock-64394-c3bb8d94-dec-000233_response.txt,quality_check,.txt,4427
quality_check/decision_mock-64394-c3bb8d94-dec-000233_retry1_request.txt,quality_check,.txt,15067
quality_check/decision_mock-64394-c3bb8d94-dec-000233_retry1_response.txt,quality_check,.txt,5536
quality_check/decision_mock-64394-c3bb8d94-dec-000234_request.txt,quality_check,.txt,14421
quality_check/decision_mock-64394-c3bb8d94-dec-000234_response.txt,quality_check,.txt,24993
quality_check/decision_mock-64394-c3bb8d94-dec-000235_request.txt,quality_check,.txt,15041
quality_check/decision_mock-64394-c3bb8d94-dec-000235_response.txt,quality_check,.txt,5441
quality_check/decision_mock-64394-c3bb8d94-dec-000236_request.txt,quality_check,.txt,14429
quality_check/decision_mock-64394-c3bb8d94-dec-000236_response.txt,quality_check,.txt,10201
quality_check/decision_mock-64394-c3bb8d94-dec-000237_request.txt,quality_check,.txt,15671
quality_check/decision_mock-64394-c3bb8d94-dec-000237_response.txt,quality_check,.txt,29109
quality_check/decision_mock-64394-c3bb8d94-dec-000238_request.txt,quality_check,.txt,13820
quality_check/decision_mock-64394-c3bb8d94-dec-000238_response.txt,quality_check,.txt,5878
quality_check/decision_mock-64394-c3bb8d94-dec-000239_request.txt,quality_check,.txt,14067
quality_check/decision_mock-64394-c3bb8d94-dec-000239_response.txt,quality_check,.txt,20816
quality_check/decision_mock-64394-c3bb8d94-dec-000240_request.txt,quality_check,.txt,14891
quality_check/decision_mock-64394-c3bb8d94-dec-000240_response.txt,quality_check,.txt,4419
quality_check/decision_mock-64394-c3bb8d94-dec-000241_request.txt,quality_check,.txt,14511
quality_check/decision_mock-64394-c3bb8d94-dec-000241_response.txt,quality_check,.txt,43592
quality_check/decision_mock-64394-c3bb8d94-dec-000242_request.txt,quality_check,.txt,16274
quality_check/decision_mock-64394-c3bb8d94-dec-000242_response.txt,quality_check,.txt,13129
quality_check/decision_mock-64394-c3bb8d94-dec-000243_request.txt,quality_check,.txt,14943
quality_check/decision_mock-64394-c3bb8d94-dec-000243_response.txt,quality_check,.txt,19378
quality_check/decision_mock-64394-c3bb8d94-dec-000244_request.txt,quality_check,.txt,16827
quality_check/decision_mock-64394-c3bb8d94-dec-000244_response.txt,quality_check,.txt,7018
quality_check/decision_mock-64394-c3bb8d94-dec-000245_request.txt,quality_check,.txt,15447
quality_check/decision_mock-64394-c3bb8d94-dec-000245_response.txt,quality_check,.txt,31576
quality_check/decision_mock-64394-c3bb8d94-dec-000246_request.txt,quality_check,.txt,16469
quality_check/decision_mock-64394-c3bb8d94-dec-000246_response.txt,quality_check,.txt,19543
quality_check/decision_mock-64394-c3bb8d94-dec-000247_request.txt,quality_check,.txt,16196
quality_check/decision_mock-64394-c3bb8d94-dec-000247_response.txt,quality_check,.txt,7227
quality_check/decision_mock-64394-c3bb8d94-dec-000248_request.txt,quality_check,.txt,17720
quality_check/decision_mock-64394-c3bb8d94-dec-000248_response.txt,quality_check,.txt,16983
quality_check/decision_mock-64394-c3bb8d94-dec-000249_request.txt,quality_check,.txt,14922
quality_check/decision_mock-64394-c3bb8d94-dec-000249_response.txt,quality_check,.txt,3417
quality_check/decision_mock-64394-c3bb8d94-dec-000250_request.txt,quality_check,.txt,15283
quality_check/decision_mock-64394-c3bb8d94-dec-000250_response.txt,quality_check,.txt,3595
quality_check/decision_mock-64394-c3bb8d94-dec-000251_request.txt,quality_check,.txt,15014
quality_check/decision_mock-64394-c3bb8d94-dec-000251_response.txt,quality_check,.txt,19523
quality_check/decision_mock-64394-c3bb8d94-dec-000252_request.txt,quality_check,.txt,16128
quality_check/decision_mock-64394-c3bb8d94-dec-000252_response.txt,quality_check,.txt,9751
quality_check/decision_mock-64394-c3bb8d94-dec-000253_request.txt,quality_check,.txt,14797
quality_check/decision_mock-64394-c3bb8d94-dec-000253_response.txt,quality_check,.txt,7316
quality_check/decision_mock-64394-c3bb8d94-dec-000254_request.txt,quality_check,.txt,14212
quality_check/decision_mock-64394-c3bb8d94-dec-000254_response.txt,quality_check,.txt,23625
quality_check/decision_mock-64394-c3bb8d94-dec-000255_request.txt,quality_check,.txt,15379
quality_check/decision_mock-64394-c3bb8d94-dec-000255_response.txt,quality_check,.txt,50590
quality_check/decision_mock-64394-c3bb8d94-dec-000256_request.txt,quality_check,.txt,16622
quality_check/decision_mock-64394-c3bb8d94-dec-000256_response.txt,quality_check,.txt,9036
quality_check/decision_mock-64394-c3bb8d94-dec-000257_request.txt,quality_check,.txt,15336
quality_check/decision_mock-64394-c3bb8d94-dec-000257_response.txt,quality_check,.txt,5634
quality_check/decision_mock-64394-c3bb8d94-dec-000258_request.txt,quality_check,.txt,14561
quality_check/decision_mock-64394-c3bb8d94-dec-000258_response.txt,quality_check,.txt,31729
quality_check/decision_mock-64394-c3bb8d94-dec-000259_request.txt,quality_check,.txt,15551
quality_check/decision_mock-64394-c3bb8d94-dec-000259_response.txt,quality_check,.txt,19777
quality_check/decision_mock-64394-c3bb8d94-dec-000260_request.txt,quality_check,.txt,16547
quality_check/decision_mock-64394-c3bb8d94-dec-000260_response.txt,quality_check,.txt,8674
quality_check/decision_mock-64394-c3bb8d94-dec-000260_retry1_request.txt,quality_check,.txt,16718
quality_check/decision_mock-64394-c3bb8d94-dec-000260_retry1_response.txt,quality_check,.txt,6508
quality_check/decision_mock-64394-c3bb8d94-dec-000261_request.txt,quality_check,.txt,15056
quality_check/decision_mock-64394-c3bb8d94-dec-000261_response.txt,quality_check,.txt,6761
quality_check/decision_mock-64394-c3bb8d94-dec-000262_request.txt,quality_check,.txt,15518
quality_check/decision_mock-64394-c3bb8d94-dec-000262_response.txt,quality_check,.txt,24757
quality_check/decision_mock-64394-c3bb8d94-dec-000263_request.txt,quality_check,.txt,15620
quality_check/decision_mock-64394-c3bb8d94-dec-000263_response.txt,quality_check,.txt,19003
quality_check/decision_mock-64394-c3bb8d94-dec-000264_request.txt,quality_check,.txt,16383
quality_check/decision_mock-64394-c3bb8d94-dec-000264_response.txt,quality_check,.txt,12752
quality_check/decision_mock-64394-c3bb8d94-dec-000265_request.txt,quality_check,.txt,14342
quality_check/decision_mock-64394-c3bb8d94-dec-000265_response.txt,quality_check,.txt,51825
quality_check/decision_mock-64394-c3bb8d94-dec-000266_request.txt,quality_check,.txt,17370
quality_check/decision_mock-64394-c3bb8d94-dec-000266_response.txt,quality_check,.txt,9156
quality_check/decision_mock-64394-c3bb8d94-dec-000266_retry1_request.txt,quality_check,.txt,17520
quality_check/decision_mock-64394-c3bb8d94-dec-000266_retry1_response.txt,quality_check,.txt,14799
quality_check/decision_mock-64394-c3bb8d94-dec-000267_request.txt,quality_check,.txt,14107
quality_check/decision_mock-64394-c3bb8d94-dec-000267_response.txt,quality_check,.txt,3292
quality_check/decision_mock-64394-c3bb8d94-dec-000268_request.txt,quality_check,.txt,15468
quality_check/decision_mock-64394-c3bb8d94-dec-000268_response.txt,quality_check,.txt,3986
quality_check/decision_mock-64394-c3bb8d94-dec-000269_request.txt,quality_check,.txt,15404
quality_check/decision_mock-64394-c3bb8d94-dec-000269_response.txt,quality_check,.txt,6308
quality_check/decision_mock-64394-c3bb8d94-dec-000269_retry1_request.txt,quality_check,.txt,15568
quality_check/decision_mock-64394-c3bb8d94-dec-000269_retry1_response.txt,quality_check,.txt,28606
quality_check/decision_mock-64394-c3bb8d94-dec-000270_request.txt,quality_check,.txt,15342
quality_check/decision_mock-64394-c3bb8d94-dec-000270_response.txt,quality_check,.txt,7522
quality_check/decision_mock-64394-c3bb8d94-dec-000271_request.txt,quality_check,.txt,15799
quality_check/decision_mock-64394-c3bb8d94-dec-000271_response.txt,quality_check,.txt,19325
quality_check/decision_mock-64394-c3bb8d94-dec-000272_request.txt,quality_check,.txt,17313
quality_check/decision_mock-64394-c3bb8d94-dec-000272_response.txt,quality_check,.txt,25998
quality_check/decision_mock-64394-c3bb8d94-dec-000273_request.txt,quality_check,.txt,17273
quality_check/decision_mock-64394-c3bb8d94-dec-000273_response.txt,quality_check,.txt,12587
quality_check/decision_mock-64394-c3bb8d94-dec-000274_request.txt,quality_check,.txt,15003
quality_check/decision_mock-64394-c3bb8d94-dec-000274_response.txt,quality_check,.txt,5084
quality_check/decision_mock-64394-c3bb8d94-dec-000275_request.txt,quality_check,.txt,15064
quality_check/decision_mock-64394-c3bb8d94-dec-000275_response.txt,quality_check,.txt,4536
quality_check/decision_mock-64394-c3bb8d94-dec-000276_request.txt,quality_check,.txt,15698
quality_check/decision_mock-64394-c3bb8d94-dec-000276_response.txt,quality_check,.txt,18491
quality_check/decision_mock-64394-c3bb8d94-dec-000277_request.txt,quality_check,.txt,16837
quality_check/decision_mock-64394-c3bb8d94-dec-000277_response.txt,quality_check,.txt,22737
quality_check/decision_mock-64394-c3bb8d94-dec-000278_request.txt,quality_check,.txt,14911
quality_check/decision_mock-64394-c3bb8d94-dec-000278_response.txt,quality_check,.txt,5293
quality_check/decision_mock-64394-c3bb8d94-dec-000278_retry1_request.txt,quality_check,.txt,15061
quality_check/decision_mock-64394-c3bb8d94-dec-000278_retry1_response.txt,quality_check,.txt,5060
quality_check/decision_mock-64394-c3bb8d94-dec-000279_request.txt,quality_check,.txt,14436
quality_check/decision_mock-64394-c3bb8d94-dec-000279_response.txt,quality_check,.txt,3409
quality_check/decision_mock-64394-c3bb8d94-dec-000280_request.txt,quality_check,.txt,13457
quality_check/decision_mock-64394-c3bb8d94-dec-000280_response.txt,quality_check,.txt,6624
quality_check/decision_mock-64394-c3bb8d94-dec-000281_request.txt,quality_check,.txt,14271
quality_check/decision_mock-64394-c3bb8d94-dec-000281_response.txt,quality_check,.txt,9239
quality_check/decision_mock-64394-c3bb8d94-dec-000282_request.txt,quality_check,.txt,14735
quality_check/decision_mock-64394-c3bb8d94-dec-000282_response.txt,quality_check,.txt,6227
quality_check/decision_mock-64394-c3bb8d94-dec-000283_request.txt,quality_check,.txt,13829
quality_check/decision_mock-64394-c3bb8d94-dec-000283_response.txt,quality_check,.txt,15742
quality_check/decision_mock-64394-c3bb8d94-dec-000284_request.txt,quality_check,.txt,14614
quality_check/decision_mock-64394-c3bb8d94-dec-000284_response.txt,quality_check,.txt,6723
quality_check/decision_mock-64394-c3bb8d94-dec-000285_request.txt,quality_check,.txt,13340
quality_check/decision_mock-64394-c3bb8d94-dec-000285_response.txt,quality_check,.txt,10377
quality_check/decision_mock-64394-c3bb8d94-dec-000286_request.txt,quality_check,.txt,12678
quality_check/decision_mock-64394-c3bb8d94-dec-000286_response.txt,quality_check,.txt,13823
quality_check/decision_mock-64394-c3bb8d94-dec-000287_request.txt,quality_check,.txt,14227
quality_check/decision_mock-64394-c3bb8d94-dec-000287_response.txt,quality_check,.txt,13353
quality_check/decision_mock-64394-c3bb8d94-dec-000288_request.txt,quality_check,.txt,14967
quality_check/decision_mock-64394-c3bb8d94-dec-000288_response.txt,quality_check,.txt,8966
quality_check/decision_mock-64394-c3bb8d94-dec-000289_request.txt,quality_check,.txt,13602
quality_check/decision_mock-64394-c3bb8d94-dec-000289_response.txt,quality_check,.txt,6141
quality_check/decision_mock-64394-c3bb8d94-dec-000290_request.txt,quality_check,.txt,15024
quality_check/decision_mock-64394-c3bb8d94-dec-000290_response.txt,quality_check,.txt,6843
quality_check/decision_mock-64394-c3bb8d94-dec-000291_request.txt,quality_check,.txt,15331
quality_check/decision_mock-64394-c3bb8d94-dec-000291_response.txt,quality_check,.txt,12254
quality_check/decision_mock-64394-c3bb8d94-dec-000292_request.txt,quality_check,.txt,17048
quality_check/decision_mock-64394-c3bb8d94-dec-000292_response.txt,quality_check,.txt,15255
quality_check/decision_mock-64394-c3bb8d94-dec-000293_request.txt,quality_check,.txt,17601
quality_check/decision_mock-64394-c3bb8d94-dec-000293_response.txt,quality_check,.txt,14200
quality_check/decision_mock-64394-c3bb8d94-dec-000294_request.txt,quality_check,.txt,14904
quality_check/decision_mock-64394-c3bb8d94-dec-000294_response.txt,quality_check,.txt,6664
quality_check/decision_mock-64394-c3bb8d94-dec-000295_request.txt,quality_check,.txt,15878
quality_check/decision_mock-64394-c3bb8d94-dec-000295_response.txt,quality_check,.txt,6830
quality_check/decision_mock-64394-c3bb8d94-dec-000296_request.txt,quality_check,.txt,15911
quality_check/decision_mock-64394-c3bb8d94-dec-000296_response.txt,quality_check,.txt,23514
quality_check/decision_mock-64394-c3bb8d94-dec-000297_request.txt,quality_check,.txt,14585
quality_check/decision_mock-64394-c3bb8d94-dec-000297_response.txt,quality_check,.txt,7956
quality_check/decision_mock-64394-c3bb8d94-dec-000298_request.txt,quality_check,.txt,16273
quality_check/decision_mock-64394-c3bb8d94-dec-000298_response.txt,quality_check,.txt,11744
quality_check/decision_mock-64394-c3bb8d94-dec-000298_retry1_request.txt,quality_check,.txt,16446
quality_check/decision_mock-64394-c3bb8d94-dec-000298_retry1_response.txt,quality_check,.txt,32329
quality_check/decision_mock-64394-c3bb8d94-dec-000299_request.txt,quality_check,.txt,16337
quality_check/decision_mock-64394-c3bb8d94-dec-000299_response.txt,quality_check,.txt,15158
quality_check/decision_mock-64394-c3bb8d94-dec-000300_request.txt,quality_check,.txt,15840
quality_check/decision_mock-64394-c3bb8d94-dec-000300_response.txt,quality_check,.txt,44756
quality_check/decision_mock-64394-c3bb8d94-dec-000301_request.txt,quality_check,.txt,17627
quality_check/decision_mock-64394-c3bb8d94-dec-000301_response.txt,quality_check,.txt,22618
quality_check/decision_mock-64394-c3bb8d94-dec-000302_request.txt,quality_check,.txt,16852
quality_check/decision_mock-64394-c3bb8d94-dec-000302_response.txt,quality_check,.txt,14375
quality_check/decision_mock-64394-c3bb8d94-dec-000303_request.txt,quality_check,.txt,15548
quality_check/decision_mock-64394-c3bb8d94-dec-000303_response.txt,quality_check,.txt,7498
quality_check/decision_mock-64394-c3bb8d94-dec-000304_request.txt,quality_check,.txt,16293
quality_check/decision_mock-64394-c3bb8d94-dec-000304_response.txt,quality_check,.txt,6109
quality_check/decision_mock-64394-c3bb8d94-dec-000305_request.txt,quality_check,.txt,16425
quality_check/decision_mock-64394-c3bb8d94-dec-000305_response.txt,quality_check,.txt,8251
quality_check/decision_mock-64394-c3bb8d94-dec-000306_request.txt,quality_check,.txt,15907
quality_check/decision_mock-64394-c3bb8d94-dec-000306_response.txt,quality_check,.txt,5385
quality_check/decision_mock-64394-c3bb8d94-dec-000307_request.txt,quality_check,.txt,16430
quality_check/decision_mock-64394-c3bb8d94-dec-000307_response.txt,quality_check,.txt,12345
quality_check/decision_mock-64394-c3bb8d94-dec-000308_request.txt,quality_check,.txt,16096
quality_check/decision_mock-64394-c3bb8d94-dec-000308_response.txt,quality_check,.txt,12570
quality_check/decision_mock-64394-c3bb8d94-dec-000309_request.txt,quality_check,.txt,17510
quality_check/decision_mock-64394-c3bb8d94-dec-000309_response.txt,quality_check,.txt,12681
quality_check/decision_mock-64394-c3bb8d94-dec-000310_request.txt,quality_check,.txt,15732
quality_check/decision_mock-64394-c3bb8d94-dec-000310_response.txt,quality_check,.txt,5274
quality_check/decision_mock-64394-c3bb8d94-dec-000311_request.txt,quality_check,.txt,14205
quality_check/decision_mock-64394-c3bb8d94-dec-000311_response.txt,quality_check,.txt,18880
quality_check/decision_mock-64394-c3bb8d94-dec-000312_request.txt,quality_check,.txt,14782
quality_check/decision_mock-64394-c3bb8d94-dec-000312_response.txt,quality_check,.txt,13480
quality_check/decision_mock-64394-c3bb8d94-dec-000313_request.txt,quality_check,.txt,15791
quality_check/decision_mock-64394-c3bb8d94-dec-000313_response.txt,quality_check,.txt,13169
quality_check/decision_mock-64394-c3bb8d94-dec-000314_request.txt,quality_check,.txt,15082
quality_check/decision_mock-64394-c3bb8d94-dec-000314_response.txt,quality_check,.txt,5291
quality_check/decision_mock-64394-c3bb8d94-dec-000314_retry1_request.txt,quality_check,.txt,15232
quality_check/decision_mock-64394-c3bb8d94-dec-000314_retry1_response.txt,quality_check,.txt,7490
quality_check/decision_mock-64394-c3bb8d94-dec-000315_request.txt,quality_check,.txt,14913
quality_check/decision_mock-64394-c3bb8d94-dec-000315_response.txt,quality_check,.txt,19195
quality_check/decision_mock-64394-c3bb8d94-dec-000316_request.txt,quality_check,.txt,13570
quality_check/decision_mock-64394-c3bb8d94-dec-000316_response.txt,quality_check,.txt,5513
quality_check/decision_mock-64394-c3bb8d94-dec-000317_request.txt,quality_check,.txt,13838
quality_check/decision_mock-64394-c3bb8d94-dec-000317_response.txt,quality_check,.txt,5565
quality_check/decision_mock-64394-c3bb8d94-dec-000318_request.txt,quality_check,.txt,14909
quality_check/decision_mock-64394-c3bb8d94-dec-000318_response.txt,quality_check,.txt,5489
quality_check/decision_mock-64394-c3bb8d94-dec-000319_request.txt,quality_check,.txt,15038
quality_check/decision_mock-64394-c3bb8d94-dec-000319_response.txt,quality_check,.txt,31899
quality_check/decision_mock-64394-c3bb8d94-dec-000320_request.txt,quality_check,.txt,15639
quality_check/decision_mock-64394-c3bb8d94-dec-000320_response.txt,quality_check,.txt,20575
quality_check/decision_mock-64394-c3bb8d94-dec-000321_request.txt,quality_check,.txt,15591
quality_check/decision_mock-64394-c3bb8d94-dec-000321_response.txt,quality_check,.txt,19686
quality_check/decision_mock-64394-c3bb8d94-dec-000322_request.txt,quality_check,.txt,15744
quality_check/decision_mock-64394-c3bb8d94-dec-000322_response.txt,quality_check,.txt,24492
quality_check/decision_mock-64394-c3bb8d94-dec-000323_request.txt,quality_check,.txt,14207
quality_check/decision_mock-64394-c3bb8d94-dec-000323_response.txt,quality_check,.txt,3954
quality_check/decision_mock-64394-c3bb8d94-dec-000324_request.txt,quality_check,.txt,16746
quality_check/decision_mock-64394-c3bb8d94-dec-000324_response.txt,quality_check,.txt,6739
quality_check/decision_mock-64394-c3bb8d94-dec-000325_request.txt,quality_check,.txt,16736
quality_check/decision_mock-64394-c3bb8d94-dec-000325_response.txt,quality_check,.txt,7130
quality_check/decision_mock-64394-c3bb8d94-dec-000326_request.txt,quality_check,.txt,16823
quality_check/decision_mock-64394-c3bb8d94-dec-000326_response.txt,quality_check,.txt,9979
quality_check/decision_mock-64394-c3bb8d94-dec-000327_request.txt,quality_check,.txt,16060
quality_check/decision_mock-64394-c3bb8d94-dec-000327_response.txt,quality_check,.txt,4756
quality_check/decision_mock-64394-c3bb8d94-dec-000328_request.txt,quality_check,.txt,14902
quality_check/decision_mock-64394-c3bb8d94-dec-000328_response.txt,quality_check,.txt,15394
quality_check/decision_mock-64394-c3bb8d94-dec-000329_request.txt,quality_check,.txt,15046
quality_check/decision_mock-64394-c3bb8d94-dec-000329_response.txt,quality_check,.txt,14362
quality_check/decision_mock-64394-c3bb8d94-dec-000330_request.txt,quality_check,.txt,14281
quality_check/decision_mock-64394-c3bb8d94-dec-000330_response.txt,quality_check,.txt,7088
quality_check/decision_mock-64394-c3bb8d94-dec-000331_request.txt,quality_check,.txt,14086
quality_check/decision_mock-64394-c3bb8d94-dec-000331_response.txt,quality_check,.txt,3448
quality_check/decision_mock-64394-c3bb8d94-dec-000332_request.txt,quality_check,.txt,15590
quality_check/decision_mock-64394-c3bb8d94-dec-000332_response.txt,quality_check,.txt,16745
quality_check/decision_mock-64394-c3bb8d94-dec-000333_request.txt,quality_check,.txt,15186
quality_check/decision_mock-64394-c3bb8d94-dec-000333_response.txt,quality_check,.txt,4622
quality_check/decision_mock-64394-c3bb8d94-dec-000334_request.txt,quality_check,.txt,14934
quality_check/decision_mock-64394-c3bb8d94-dec-000334_response.txt,quality_check,.txt,5941
quality_check/decision_mock-64394-c3bb8d94-dec-000334_retry1_request.txt,quality_check,.txt,15661
quality_check/decision_mock-64394-c3bb8d94-dec-000334_retry1_response.txt,quality_check,.txt,10948
quality_check/decision_mock-64394-c3bb8d94-dec-000335_request.txt,quality_check,.txt,14829
quality_check/decision_mock-64394-c3bb8d94-dec-000335_response.txt,quality_check,.txt,3594
quality_check/decision_mock-64394-c3bb8d94-dec-000335_retry1_request.txt,quality_check,.txt,15618
quality_check/decision_mock-64394-c3bb8d94-dec-000335_retry1_response.txt,quality_check,.txt,7072
quality_check/decision_mock-64394-c3bb8d94-dec-000336_request.txt,quality_check,.txt,15404
quality_check/decision_mock-64394-c3bb8d94-dec-000336_response.txt,quality_check,.txt,14508
quality_check/decision_mock-64394-c3bb8d94-dec-000337_request.txt,quality_check,.txt,15230
quality_check/decision_mock-64394-c3bb8d94-dec-000337_response.txt,quality_check,.txt,7272
quality_check/decision_mock-64394-c3bb8d94-dec-000338_request.txt,quality_check,.txt,16135
quality_check/decision_mock-64394-c3bb8d94-dec-000338_response.txt,quality_check,.txt,7398
quality_check/decision_mock-64394-c3bb8d94-dec-000339_request.txt,quality_check,.txt,15891
quality_check/decision_mock-64394-c3bb8d94-dec-000339_response.txt,quality_check,.txt,5361
quality_check/decision_mock-64394-c3bb8d94-dec-000340_request.txt,quality_check,.txt,16470
quality_check/decision_mock-64394-c3bb8d94-dec-000340_response.txt,quality_check,.txt,8839
quality_check/decision_mock-64394-c3bb8d94-dec-000341_request.txt,quality_check,.txt,16308
quality_check/decision_mock-64394-c3bb8d94-dec-000341_response.txt,quality_check,.txt,3526
quality_check/decision_mock-64394-c3bb8d94-dec-000342_request.txt,quality_check,.txt,17047
quality_check/decision_mock-64394-c3bb8d94-dec-000342_response.txt,quality_check,.txt,3153
quality_check/decision_mock-64394-c3bb8d94-dec-000343_request.txt,quality_check,.txt,17326
quality_check/decision_mock-64394-c3bb8d94-dec-000343_response.txt,quality_check,.txt,6767
quality_check/decision_mock-64394-c3bb8d94-dec-000344_request.txt,quality_check,.txt,18858
quality_check/decision_mock-64394-c3bb8d94-dec-000344_response.txt,quality_check,.txt,7297
quality_check/decision_mock-64394-c3bb8d94-dec-000345_request.txt,quality_check,.txt,16095
quality_check/decision_mock-64394-c3bb8d94-dec-000345_response.txt,quality_check,.txt,10988
run/actions.jsonl,run,.jsonl,244046
run/artifact_manifest.json,run,.json,12428
run/asset_flow.jsonl,run,.jsonl,27623
run/auction_threads.jsonl,run,.jsonl,8062
run/behavioral_flags.jsonl,run,.jsonl,120533
run/cash_flow.jsonl,run,.jsonl,60217
run/cost_report.json,run,.json,3262
run/decision_index.json,run,.json,125928
run/decisions.jsonl,run,.jsonl,18202053
run/event_hashes.json,run,.json,473305
run/events.jsonl,run,.jsonl,954645
run/experiment_manifest.json,run,.json,3592
run/failure_findings.jsonl,run,.jsonl,18524
run/failure_summary.json,run,.json,530
run/negotiation_threads.jsonl,run,.jsonl,17970
run/player_timelines.json,run,.json,558718
run/players.json,run,.json,1095
run/pricing_snapshot.json,run,.json,500324
run/prompts/decision_mock-64394-c3bb8d94-dec-000000_parsed.json,run,.json,1505
run/prompts/decision_mock-64394-c3bb8d94-dec-000000_response.json,run,.json,3771
run/prompts/decision_mock-64394-c3bb8d94-dec-000000_system.txt,run,.txt,1912
run/prompts/decision_mock-64394-c3bb8d94-dec-000000_tools.json,run,.json,632
run/prompts/decision_mock-64394-c3bb8d94-dec-000000_user.json,run,.json,1849
run/prompts/decision_mock-64394-c3bb8d94-dec-000001_parsed.json,run,.json,1365
run/prompts/decision_mock-64394-c3bb8d94-dec-000001_response.json,run,.json,3642
run/prompts/decision_mock-64394-c3bb8d94-dec-000001_system.txt,run,.txt,1912
run/prompts/decision_mock-64394-c3bb8d94-dec-000001_tools.json,run,.json,1539
run/prompts/decision_mock-64394-c3bb8d94-dec-000001_user.json,run,.json,2525
run/prompts/decision_mock-64394-c3bb8d94-dec-000002_parsed.json,run,.json,1673
run/prompts/decision_mock-64394-c3bb8d94-dec-000002_response.json,run,.json,4362
run/prompts/decision_mock-64394-c3bb8d94-dec-000002_system.txt,run,.txt,1912
run/prompts/decision_mock-64394-c3bb8d94-dec-000002_tools.json,run,.json,1539
run/prompts/decision_mock-64394-c3bb8d94-dec-000002_user.json,run,.json,2775
run/prompts/decision_mock-64394-c3bb8d94-dec-000003_parsed.json,run,.json,2007
run/prompts/decision_mock-64394-c3bb8d94-dec-000003_response.json,run,.json,11632
run/prompts/decision_mock-64394-c3bb8d94-dec-000003_system.txt,run,.txt,1912
run/prompts/decision_mock-64394-c3bb8d94-dec-000003_tools.json,run,.json,632
run/prompts/decision_mock-64394-c3bb8d94-dec-000003_user.json,run,.json,2402
run/prompts/decision_mock-64394-c3bb8d94-dec-000004_parsed.json,run,.json,2331
run/prompts/decision_mock-64394-c3bb8d94-dec-000004_response.json,run,.json,8989
run/prompts/decision_mock-64394-c3bb8d94-dec-000004_system.txt,run,.txt,1912
run/prompts/decision_mock-64394-c3bb8d94-dec-000004_tools.json,run,.json,1539
run/prompts/decision_mock-64394-c3bb8d94-dec-000004_user.json,run,.json,3184
run/prompts/decision_mock-64394-c3bb8d94-dec-000005_parsed.json,run,.json,2269
run/prompts/decision_mock-64394-c3bb8d94-dec-000005_response.json,run,.json,3974
run/prompts/decision_mock-64394-c3bb8d94-dec-000005_system.txt,run,.txt,1912
run/prompts/decision_mock-64394-c3bb8d94-dec-000005_tools.json,run,.json,1198
run/prompts/decision_mock-64394-c3bb8d94-dec-000005_user.json,run,.json,3169
run/prompts/decision_mock-64394-c3bb8d94-dec-000006_parsed.json,run,.json,1781
run/prompts/decision_mock-64394-c3bb8d94-dec-000006_response.json,run,.json,3841
run/prompts/decision_mock-64394-c3bb8d94-dec-000006_system.txt,run,.txt,1912
run/prompts/decision_mock-64394-c3bb8d94-dec-000006_tools.json,run,.json,632
run/prompts/decision_mock-64394-c3bb8d94-dec-000006_user.json,run,.json,3097
run/prompts/decision_mock-64394-c3bb8d94-dec-000007_parsed.json,run,.json,1705
run/prompts/decision_mock-64394-c3bb8d94-dec-000007_response.json,run,.json,4924
run/prompts/decision_mock-64394-c3bb8d94-dec-000007_system.txt,run,.txt,1912
run/prompts/decision_mock-64394-c3bb8d94-dec-000007_tools.json,run,.json,1539
run/prompts/decision_mock-64394-c3bb8d94-dec-000007_user.json,run,.json,3822
run/prompts/decision_mock-64394-c3bb8d94-dec-000008_parsed.json,run,.json,1549
run/prompts/decision_mock-64394-c3bb8d94-dec-000008_response.json,run,.json,3950
run/prompts/decision_mock-64394-c3bb8d94-dec-000008_system.txt,run,.txt,1912
run/prompts/decision_mock-64394-c3bb8d94-dec-000008_tools.json,run,.json,1539
run/prompts/decision_mock-64394-c3bb8d94-dec-000008_user.json,run,.json,4299
run/prompts/decision_mock-64394-c3bb8d94-dec-000009_parsed.json,run,.json,2279
run/prompts/decision_mock-64394-c3bb8d94-dec-000009_response.json,run,.json,13187
run/prompts/decision_mock-64394-c3bb8d94-dec-000009_system.txt,run,.txt,1912
run/prompts/decision_mock-64394-c3bb8d94-dec-000009_tools.json,run,.json,1539
run/prompts/decision_mock-64394-c3bb8d94-dec-000009_user.json,run,.json,4965
run/prompts/decision_mock-64394-c3bb8d94-dec-000010_parsed.json,run,.json,2129
run/prompts/decision_mock-64394-c3bb8d94-dec-000010_response.json,run,.json,8297
run/prompts/decision_mock-64394-c3bb8d94-dec-000010_system.txt,run,.txt,1912
run/prompts/decision_mock-64394-c3bb8d94-dec-000010_tools.json,run,.json,1198
run/prompts/decision_mock-64394-c3bb8d94-dec-000010_user.json,run,.json,4790
run/prompts/decision_mock-64394-c3bb8d94-dec-000011_parsed.json,run,.json,1785
run/prompts/decision_mock-64394-c3bb8d94-dec-000011_response.json,run,.json,4662
run/prompts/decision_mock-64394-c3bb8d94-dec-000011_system.txt,run,.txt,1912
run/prompts/decision_mock-64394-c3bb8d94-dec-000011_tools.json,run,.json,632
run/prompts/decision_mock-64394-c3bb8d94-dec-000011_user.json,run,.json,4924
run/prompts/decision_mock-64394-c3bb8d94-dec-000012_parsed.json,run,.json,1905
run/prompts/decision_mock-64394-c3bb8d94-dec-000012_response.json,run,.json,4416
run/prompts/decision_mock-64394-c3bb8d94-dec-000012_system.txt,run,.txt,1912
run/prompts/decision_mock-64394-c3bb8d94-dec-000012_tools.json,run,.json,1539
run/prompts/decision_mock-64394-c3bb8d94-dec-000012_user.json,run,.json,5673
run/prompts/decision_mock-64394-c3bb8d94-dec-000013_parsed.json,run,.json,1729
run/prompts/decision_mock-64394-c3bb8d94-dec-000013_response.json,run,.json,7922
run/prompts/decision_mock-64394-c3bb8d94-dec-000013_system.txt,run,.txt,1912
run/prompts/decision_mock-64394-c3bb8d94-dec-000013_tools.json,run,.json,612
run/prompts/decision_mock-64394-c3bb8d94-dec-000013_user.json,run,.json,5235
run/prompts/decision_mock-64394-c3bb8d94-dec-000014_parsed.json,run,.json,1665
run/prompts/decision_mock-64394-c3bb8d94-dec-000014_response.json,run,.json,4050
run/prompts/decision_mock-64394-c3bb8d94-dec-000014_system.txt,run,.txt,1912
run/prompts/decision_mock-64394-c3bb8d94-dec-000014_tools.json,run,.json,1539
run/prompts/decision_mock-64394-c3bb8d94-dec-000014_user.json,run,.json,5911
run/prompts/decision_mock-64394-c3bb8d94-dec-000015_parsed.json,run,.json,2111
run/prompts/decision_mock-64394-c3bb8d94-dec-000015_response.json,run,.json,11571
run/prompts/decision_mock-64394-c3bb8d94-dec-000015_system.txt,run,.txt,1912
run/prompts/decision_mock-64394-c3bb8d94-dec-000015_tools.json,run,.json,1539
run/prompts/decision_mock-64394-c3bb8d94-dec-000015_user.json,run,.json,6547
run/prompts/decision_mock-64394-c3bb8d94-dec-000016_parsed.json,run,.json,2161
run/prompts/decision_mock-64394-c3bb8d94-dec-000016_response.json,run,.json,3285
run/prompts/decision_mock-64394-c3bb8d94-dec-000016_system.txt,run,.txt,1912
run/prompts/decision_mock-64394-c3bb8d94-dec-000016_tools.json,run,.json,632
run/prompts/decision_mock-64394-c3bb8d94-dec-000016_user.json,run,.json,5893
run/prompts/decision_mock-64394-c3bb8d94-dec-000017_parsed.json,run,.json,2465
run/prompts/decision_mock-64394-c3bb8d94-dec-000017_response.json,run,.json,4250
run/prompts/decision_mock-64394-c3bb8d94-dec-000017_system.txt,run,.txt,1912
run/prompts/decision_mock-64394-c3bb8d94-dec-000017_tools.json,run,.json,1539
run/prompts/decision_mock-64394-c3bb8d94-dec-000017_user.json,run,.json,6597
run/prompts/decision_mock-64394-c3bb8d94-dec-000018_parsed.json,run,.json,1885
run/prompts/decision_mock-64394-c3bb8d94-dec-000018_response.json,run,.json,3935
run/prompts/decision_mock-64394-c3bb8d94-dec-000018_system.txt,run,.txt,1912
run/prompts/decision_mock-64394-c3bb8d94-dec-000018_tools.json,run,.json,632
run/prompts/decision_mock-64394-c3bb8d94-dec-000018_user.json,run,.json,6213
run/prompts/decision_mock-64394-c3bb8d94-dec-000019_parsed.json,run,.json,1609
run/prompts/decision_mock-64394-c3bb8d94-dec-000019_response.json,run,.json,3927
run/prompts/decision_mock-64394-c3bb8d94-dec-000019_system.txt,run,.txt,1912
run/prompts/decision_mock-64394-c3bb8d94-dec-000019_tools.json,run,.json,1539
run/prompts/decision_mock-64394-c3bb8d94-dec-000019_user.json,run,.json,6853
run/prompts/decision_mock-64394-c3bb8d94-dec-000020_parsed.json,run,.json,2325
run/prompts/decision_mock-64394-c3bb8d94-dec-000020_response.json,run,.json,5675
run/prompts/decision_mock-64394-c3bb8d94-dec-000020_system.txt,run,.txt,1912
run/prompts/decision_mock-64394-c3bb8d94-dec-000020_tools.json,run,.json,1539
run/prompts/decision_mock-64394-c3bb8d94-dec-000020_user.json,run,.json,6935
run/prompts/decision_mock-64394-c3bb8d94-dec-000021_parsed.json,run,.json,1725
run/prompts/decision_mock-64394-c3bb8d94-dec-000021_response.json,run,.json,5659
run/prompts/decision_mock-64394-c3bb8d94-dec-000021_system.txt,run,.txt,1912
run/prompts/decision_mock-64394-c3bb8d94-dec-000021_tools.json,run,.json,612
run/prompts/decision_mock-64394-c3bb8d94-dec-000021_user.json,run,.json,6464
run/prompts/decision_mock-64394-c3bb8d94-dec-000022_parsed.json,run,.json,2069
run/prompts/decision_mock-64394-c3bb8d94-dec-000022_response.json,run,.json,4742
run/prompts/decision_mock-64394-c3bb8d94-dec-000022_system.txt,run,.txt,1912
run/prompts/decision_mock-64394-c3bb8d94-dec-000022_tools.json,run,.json,632
run/prompts/decision_mock-64394-c3bb8d94-dec-000022_user.json,run,.json,6673
run/prompts/decision_mock-64394-c3bb8d94-dec-000023_parsed.json,run,.json,1569
run/prompts/decision_mock-64394-c3bb8d94-dec-000023_response.json,run,.json,3848
run/prompts/decision_mock-64394-c3bb8d94-dec-000023_system.txt,run,.txt,1912
run/prompts/decision_mock-64394-c3bb8d94-dec-000023_tools.json,run,.json,1539
run/prompts/decision_mock-64394-c3bb8d94-dec-000023_user.json,run,.json,7361
run/prompts/decision_mock-64394-c3bb8d94-dec-000024_parsed.json,run,.json,2371
run/prompts/decision_mock-64394-c3bb8d94-dec-000024_response.json,run,.json,10418
run/prompts/decision_mock-64394-c3bb8d94-dec-000024_system.txt,run,.txt,1912
run/prompts/decision_mock-64394-c3bb8d94-dec-000024_tools.json,run,.json,612
run/prompts/decision_mock-64394-c3bb8d94-dec-000024_user.json,run,.json,6928
run/prompts/decision_mock-64394-c3bb8d94-dec-000025_parsed.json,run,.json,2287
run/prompts/decision_mock-64394-c3bb8d94-dec-000025_response.json,run,.json,13969
run/prompts/decision_mock-64394-c3bb8d94-dec-000025_system.txt,run,.txt,1912
run/prompts/decision_mock-64394-c3bb8d94-dec-000025_tools.json,run,.json,1539
run/prompts/decision_mock-64394-c3bb8d94-dec-000025_user.json,run,.json,7609
run/prompts/decision_mock-64394-c3bb8d94-dec-000026_parsed.json,run,.json,2345
run/prompts/decision_mock-64394-c3bb8d94-dec-000026_response.json,run,.json,3389
run/prompts/decision_mock-64394-c3bb8d94-dec-000026_system.txt,run,.txt,1912
run/prompts/decision_mock-64394-c3bb8d94-dec-000026_tools.json,run,.json,632
run/prompts/decision_mock-64394-c3bb8d94-dec-000026_user.json,run,.json,7286
run/prompts/decision_mock-64394-c3bb8d94-dec-000027_parsed.json,run,.json,2597
run/prompts/decision_mock-64394-c3bb8d94-dec-000027_response.json,run,.json,6737
run/prompts/decision_mock-64394-c3bb8d94-dec-000027_system.txt,run,.txt,1912
run/prompts/decision_mock-64394-c3bb8d94-dec-000027_tools.json,run,.json,1539
run/prompts/decision_mock-64394-c3bb8d94-dec-000027_user.json,run,.json,7985
run/prompts/decision_mock-64394-c3bb8d94-dec-000028_parsed.json,run,.json,1977
run/prompts/decision_mock-64394-c3bb8d94-dec-000028_response.json,run,.json,4433
run/prompts/decision_mock-64394-c3bb8d94-dec-000028_system.txt,run,.txt,1912
run/prompts/decision_mock-64394-c3bb8d94-dec-000028_tools.json,run,.json,612
run/prompts/decision_mock-64394-c3bb8d94-dec-000028_user.json,run,.json,7059
run/prompts/decision_mock-64394-c3bb8d94-dec-000029_parsed.json,run,.json,1741
run/prompts/decision_mock-64394-c3bb8d94-dec-000029_response.json,run,.json,4066
run/prompts/decision_mock-64394-c3bb8d94-dec-000029_system.txt,run,.txt,1912
run/prompts/decision_mock-64394-c3bb8d94-dec-000029_tools.json,run,.json,1539
run/prompts/decision_mock-64394-c3bb8d94-dec-000029_user.json,run,.json,7721
run/prompts/decision_mock-64394-c3bb8d94-dec-000030_parsed.json,run,.json,2451
run/prompts/decision_mock-64394-c3bb8d94-dec-000030_response.json,run,.json,13786
run/prompts/decision_mock-64394-c3bb8d94-dec-000030_system.txt,run,.txt,1912
run/prompts/decision_mock-64394-c3bb8d94-dec-000030_tools.json,run,.json,1539
run/prompts/decision_mock-64394-c3bb8d94-dec-000030_user.json,run,.json,8049
run/prompts/decision_mock-64394-c3bb8d94-dec-000031_parsed.json,run,.json,2297
run/prompts/decision_mock-64394-c3bb8d94-dec-000031_response.json,run,.json,3716
run/prompts/decision_mock-64394-c3bb8d94-dec-000031_system.txt,run,.txt,1912
run/prompts/decision_mock-64394-c3bb8d94-dec-000031_tools.json,run,.json,632
run/prompts/decision_mock-64394-c3bb8d94-dec-000031_user.json,run,.json,8136
run/prompts/decision_mock-64394-c3bb8d94-dec-000032_parsed.json,run,.json,2469
run/prompts/decision_mock-64394-c3bb8d94-dec-000032_response.json,run,.json,5925
run/prompts/decision_mock-64394-c3bb8d94-dec-000032_system.txt,run,.txt,1912
run/prompts/decision_mock-64394-c3bb8d94-dec-000032_tools.json,run,.json,1539
run/prompts/decision_mock-64394-c3bb8d94-dec-000032_user.json,run,.json,8864
run/prompts/decision_mock-64394-c3bb8d94-dec-000033_parsed.json,run,.json,2261
run/prompts/decision_mock-64394-c3bb8d94-dec-000033_response.json,run,.json,5371
run/prompts/decision_mock-64394-c3bb8d94-dec-000033_system.txt,run,.txt,1912
run/prompts/decision_mock-64394-c3bb8d94-dec-000033_tools.json,run,.json,612
run/prompts/decision_mock-64394-c3bb8d94-dec-000033_user.json,run,.json,7427
run/prompts/decision_mock-64394-c3bb8d94-dec-000034_parsed.json,run,.json,1913
run/prompts/decision_mock-64394-c3bb8d94-dec-000034_response.json,run,.json,3871
run/prompts/decision_mock-64394-c3bb8d94-dec-000034_system.txt,run,.txt,1912
run/prompts/decision_mock-64394-c3bb8d94-dec-000034_tools.json,run,.json,300
run/prompts/decision_mock-64394-c3bb8d94-dec-000034_user.json,run,.json,7662
run/prompts/decision_mock-64394-c3bb8d94-dec-000035_parsed.json,run,.json,2205
run/prompts/decision_mock-64394-c3bb8d94-dec-000035_response.json,run,.json,5039
run/prompts/decision_mock-64394-c3bb8d94-dec-000035_system.txt,run,.txt,1912
run/prompts/decision_mock-64394-c3bb8d94-dec-000035_tools.json,run,.json,1539
run/prompts/decision_mock-64394-c3bb8d94-dec-000035_user.json,run,.json,8228
run/prompts/decision_mock-64394-c3bb8d94-dec-000036_parsed.json,run,.json,1869
run/prompts/decision_mock-64394-c3bb8d94-dec-000036_response.json,run,.json,4684
run/prompts/decision_mock-64394-c3bb8d94-dec-000036_system.txt,run,.txt,1912
run/prompts/decision_mock-64394-c3bb8d94-dec-000036_tools.json,run,.json,1539
run/prompts/decision_mock-64394-c3bb8d94-dec-000036_user.json,run,.json,8101
run/prompts/decision_mock-64394-c3bb8d94-dec-000037_parsed.json,run,.json,2607
run/prompts/decision_mock-64394-c3bb8d94-dec-000037_response.json,run,.json,14449
run/prompts/decision_mock-64394-c3bb8d94-dec-000037_system.txt,run,.txt,1912
run/prompts/decision_mock-64394-c3bb8d94-dec-000037_tools.json,run,.json,632
run/prompts/decision_mock-64394-c3bb8d94-dec-000037_user.json,run,.json,8324
run/prompts/decision_mock-64394-c3bb8d94-dec-000038_parsed.json,run,.json,2935
run/prompts/decision_mock-64394-c3bb8d94-dec-000038_response.json,run,.json,14549
run/prompts/decision_mock-64394-c3bb8d94-dec-000038_system.txt,run,.txt,1912
run/prompts/decision_mock-64394-c3bb8d94-dec-000038_tools.json,run,.json,1539
run/prompts/decision_mock-64394-c3bb8d94-dec-000038_user.json,run,.json,9140
run/prompts/decision_mock-64394-c3bb8d94-dec-000039_parsed.json,run,.json,2321
run/prompts/decision_mock-64394-c3bb8d94-dec-000039_response.json,run,.json,6219
run/prompts/decision_mock-64394-c3bb8d94-dec-000039_system.txt,run,.txt,1912
run/prompts/decision_mock-64394-c3bb8d94-dec-000039_tools.json,run,.json,1539
run/prompts/decision_mock-64394-c3bb8d94-dec-000039_user.json,run,.json,9441
run/prompts/decision_mock-64394-c3bb8d94-dec-000040_parsed.json,run,.json,2185
run/prompts/decision_mock-64394-c3bb8d94-dec-000040_response.json,run,.json,6110
run/prompts/decision_mock-64394-c3bb8d94-dec-000040_system.txt,run,.txt,1912
run/prompts/decision_mock-64394-c3bb8d94-dec-000040_tools.json,run,.json,1539
run/prompts/decision_mock-64394-c3bb8d94-dec-000040_user.json,run,.json,8680
run/prompts/decision_mock-64394-c3bb8d94-dec-000041_parsed.json,run,.json,1565
run/prompts/decision_mock-64394-c3bb8d94-dec-000041_response.json,run,.json,4375
run/prompts/decision_mock-64394-c3bb8d94-dec-000041_system.txt,run,.txt,1912
run/prompts/decision_mock-64394-c3bb8d94-dec-000041_tools.json,run,.json,632
run/prompts/decision_mock-64394-c3bb8d94-dec-000041_user.json,run,.json,7971
run/prompts/decision_mock-64394-c3bb8d94-dec-000042_parsed.json,run,.json,1705
run/prompts/decision_mock-64394-c3bb8d94-dec-000042_response.json,run,.json,4418
run/prompts/decision_mock-64394-c3bb8d94-dec-000042_system.txt,run,.txt,1912
run/prompts/decision_mock-64394-c3bb8d94-dec-000042_tools.json,run,.json,1539
run/prompts/decision_mock-64394-c3bb8d94-dec-000042_user.json,run,.json,8389
run/prompts/decision_mock-64394-c3bb8d94-dec-000043_parsed.json,run,.json,2523
run/prompts/decision_mock-64394-c3bb8d94-dec-000043_response.json,run,.json,12944
run/prompts/decision_mock-64394-c3bb8d94-dec-000043_system.txt,run,.txt,1912
run/prompts/decision_mock-64394-c3bb8d94-dec-000043_tools.json,run,.json,632
run/prompts/decision_mock-64394-c3bb8d94-dec-000043_user.json,run,.json,9202
run/prompts/decision_mock-64394-c3bb8d94-dec-000044_parsed.json,run,.json,2091
run/prompts/decision_mock-64394-c3bb8d94-dec-000044_response.json,run,.json,6555
run/prompts/decision_mock-64394-c3bb8d94-dec-000044_system.txt,run,.txt,1912
run/prompts/decision_mock-64394-c3bb8d94-dec-000044_tools.json,run,.json,652
run/prompts/decision_mock-64394-c3bb8d94-dec-000044_user.json,run,.json,9455
run/prompts/decision_mock-64394-c3bb8d94-dec-000045_parsed.json,run,.json,1977
run/prompts/decision_mock-64394-c3bb8d94-dec-000045_response.json,run,.json,6810
run/prompts/decision_mock-64394-c3bb8d94-dec-000045_system.txt,run,.txt,1912
run/prompts/decision_mock-64394-c3bb8d94-dec-000045_tools.json,run,.json,652
run/prompts/decision_mock-64394-c3bb8d94-dec-000045_user.json,run,.json,8659
run/prompts/decision_mock-64394-c3bb8d94-dec-000046_parsed.json,run,.json,1819
run/prompts/decision_mock-64394-c3bb8d94-dec-000046_response.json,run,.json,8685
run/prompts/decision_mock-64394-c3bb8d94-dec-000046_system.txt,run,.txt,1912
run/prompts/decision_mock-64394-c3bb8d94-dec-000046_tools.json,run,.json,652
run/prompts/decision_mock-64394-c3bb8d94-dec-000046_user.json,run,.json,8395
run/prompts/decision_mock-64394-c3bb8d94-dec-000047_parsed.json,run,.json,2363
run/prompts/decision_mock-64394-c3bb8d94-dec-000047_response.json,run,.json,12996
run/prompts/decision_mock-64394-c3bb8d94-dec-000047_system.txt,run,.txt,1912
run/prompts/decision_mock-64394-c3bb8d94-dec-000047_tools.json,run,.json,652
run/prompts/decision_mock-64394-c3bb8d94-dec-000047_user.json,run,.json,9950
run/prompts/decision_mock-64394-c3bb8d94-dec-000048_parsed.json,run,.json,2143
run/prompts/decision_mock-64394-c3bb8d94-dec-000048_response.json,run,.json,3796
run/prompts/decision_mock-64394-c3bb8d94-dec-000048_system.txt,run,.txt,1912
run/prompts/decision_mock-64394-c3bb8d94-dec-000048_tools.json,run,.json,652
run/prompts/decision_mock-64394-c3bb8d94-dec-000048_user.json,run,.json,9894
run/prompts/decision_mock-64394-c3bb8d94-dec-000049_parsed.json,run,.json,1683
run/prompts/decision_mock-64394-c3bb8d94-dec-000049_response.json,run,.json,17958
run/prompts/decision_mock-64394-c3bb8d94-dec-000049_system.txt,run,.txt,1912
run/prompts/decision_mock-64394-c3bb8d94-dec-000049_tools.json,run,.json,652
run/prompts/decision_mock-64394-c3bb8d94-dec-000049_user.json,run,.json,8619
run/prompts/decision_mock-64394-c3bb8d94-dec-000050_parsed.json,run,.json,2327
run/prompts/decision_mock-64394-c3bb8d94-dec-000050_response.json,run,.json,3845
run/prompts/decision_mock-64394-c3bb8d94-dec-000050_system.txt,run,.txt,1912
run/prompts/decision_mock-64394-c3bb8d94-dec-000050_tools.json,run,.json,652
run/prompts/decision_mock-64394-c3bb8d94-dec-000050_user.json,run,.json,9989
run/prompts/decision_mock-64394-c3bb8d94-dec-000051_parsed.json,run,.json,1911
run/prompts/decision_mock-64394-c3bb8d94-dec-000051_response.json,run,.json,19836
run/prompts/decision_mock-64394-c3bb8d94-dec-000051_system.txt,run,.txt,1912
run/prompts/decision_mock-64394-c3bb8d94-dec-000051_tools.json,run,.json,652
run/prompts/decision_mock-64394-c3bb8d94-dec-000051_user.json,run,.json,8807
run/prompts/decision_mock-64394-c3bb8d94-dec-000052_parsed.json,run,.json,2147
run/prompts/decision_mock-64394-c3bb8d94-dec-000052_response.json,run,.json,4388
run/prompts/decision_mock-64394-c3bb8d94-dec-000052_system.txt,run,.txt,1912
run/prompts/decision_mock-64394-c3bb8d94-dec-000052_tools.json,run,.json,652
run/prompts/decision_mock-64394-c3bb8d94-dec-000052_user.json,run,.json,10229
run/prompts/decision_mock-64394-c3bb8d94-dec-000053_parsed.json,run,.json,2115
run/prompts/decision_mock-64394-c3bb8d94-dec-000053_response.json,run,.json,14001
run/prompts/decision_mock-64394-c3bb8d94-dec-000053_system.txt,run,.txt,1912
run/prompts/decision_mock-64394-c3bb8d94-dec-000053_tools.json,run,.json,652
run/prompts/decision_mock-64394-c3bb8d94-dec-000053_user.json,run,.json,9074
run/prompts/decision_mock-64394-c3bb8d94-dec-000054_parsed.json,run,.json,2919
run/prompts/decision_mock-64394-c3bb8d94-dec-000054_response.json,run,.json,4452
run/prompts/decision_mock-64394-c3bb8d94-dec-000054_system.txt,run,.txt,1912
run/prompts/decision_mock-64394-c3bb8d94-dec-000054_tools.json,run,.json,652
run/prompts/decision_mock-64394-c3bb8d94-dec-000054_user.json,run,.json,10354
run/prompts/decision_mock-64394-c3bb8d94-dec-000055_parsed.json,run,.json,1839
run/prompts/decision_mock-64394-c3bb8d94-dec-000055_response.json,run,.json,17999
run/prompts/decision_mock-64394-c3bb8d94-dec-000055_system.txt,run,.txt,1912
run/prompts/decision_mock-64394-c3bb8d94-dec-000055_tools.json,run,.json,652
run/prompts/decision_mock-64394-c3bb8d94-dec-000055_user.json,run,.json,9364
run/prompts/decision_mock-64394-c3bb8d94-dec-000056_parsed.json,run,.json,2475
run/prompts/decision_mock-64394-c3bb8d94-dec-000056_response.json,run,.json,6386
run/prompts/decision_mock-64394-c3bb8d94-dec-000056_system.txt,run,.txt,1912
run/prompts/decision_mock-64394-c3bb8d94-dec-000056_tools.json,run,.json,652
run/prompts/decision_mock-64394-c3bb8d94-dec-000056_user.json,run,.json,10619
run/prompts/decision_mock-64394-c3bb8d94-dec-000057_parsed.json,run,.json,1931
run/prompts/decision_mock-64394-c3bb8d94-dec-000057_response.json,run,.json,12653
run/prompts/decision_mock-64394-c3bb8d94-dec-000057_system.txt,run,.txt,1912
run/prompts/decision_mock-64394-c3bb8d94-dec-000057_tools.json,run,.json,652
run/prompts/decision_mock-64394-c3bb8d94-dec-000057_user.json,run,.json,9400
run/prompts/decision_mock-64394-c3bb8d94-dec-000058_parsed.json,run,.json,2949
run/prompts/decision_mock-64394-c3bb8d94-dec-000058_response.json,run,.json,7179
run/prompts/decision_mock-64394-c3bb8d94-dec-000058_system.txt,run,.txt,1912
run/prompts/decision_mock-64394-c3bb8d94-dec-000058_tools.json,run,.json,652
run/prompts/decision_mock-64394-c3bb8d94-dec-000058_user.json,run,.json,10812
run/prompts/decision_mock-64394-c3bb8d94-dec-000059_parsed.json,run,.json,3593
run/prompts/decision_mock-64394-c3bb8d94-dec-000059_response.json,run,.json,20399
run/prompts/decision_mock-64394-c3bb8d94-dec-000059_system.txt,run,.txt,1912
run/prompts/decision_mock-64394-c3bb8d94-dec-000059_tools.json,run,.json,1539
run/prompts/decision_mock-64394-c3bb8d94-dec-000059_user.json,run,.json,10265
run/prompts/decision_mock-64394-c3bb8d94-dec-000060_parsed.json,run,.json,2271
run/prompts/decision_mock-64394-c3bb8d94-dec-000060_response.json,run,.json,26957
run/prompts/decision_mock-64394-c3bb8d94-dec-000060_system.txt,run,.txt,1912
run/prompts/decision_mock-64394-c3bb8d94-dec-000060_tools.json,run,.json,1466
run/prompts/decision_mock-64394-c3bb8d94-dec-000060_user.json,run,.json,8938
run/prompts/decision_mock-64394-c3bb8d94-dec-000061_parsed.json,run,.json,2679
run/prompts/decision_mock-64394-c3bb8d94-dec-000061_response.json,run,.json,29779
run/prompts/decision_mock-64394-c3bb8d94-dec-000061_system.txt,run,.txt,1912
run/prompts/decision_mock-64394-c3bb8d94-dec-000061_tools.json,run,.json,1466
run/prompts/decision_mock-64394-c3bb8d94-dec-000061_user.json,run,.json,10475
run/prompts/decision_mock-64394-c3bb8d94-dec-000062_parsed.json,run,.json,2451
run/prompts/decision_mock-64394-c3bb8d94-dec-000062_response.json,run,.json,14976
run/prompts/decision_mock-64394-c3bb8d94-dec-000062_system.txt,run,.txt,1912
run/prompts/decision_mock-64394-c3bb8d94-dec-000062_tools.json,run,.json,1539
run/prompts/decision_mock-64394-c3bb8d94-dec-000062_user.json,run,.json,10564
run/prompts/decision_mock-64394-c3bb8d94-dec-000063_parsed.json,run,.json,2141
run/prompts/decision_mock-64394-c3bb8d94-dec-000063_response.json,run,.json,3740
run/prompts/decision_mock-64394-c3bb8d94-dec-000063_system.txt,run,.txt,1912
run/prompts/decision_mock-64394-c3bb8d94-dec-000063_tools.json,run,.json,632
run/prompts/decision_mock-64394-c3bb8d94-dec-000063_user.json,run,.json,10001
run/prompts/decision_mock-64394-c3bb8d94-dec-000064_parsed.json,run,.json,4727
run/prompts/decision_mock-64394-c3bb8d94-dec-000064_response.json,run,.json,12354
run/prompts/decision_mock-64394-c3bb8d94-dec-000064_system.txt,run,.txt,1912
run/prompts/decision_mock-64394-c3bb8d94-dec-000064_tools.json,run,.json,1539
run/prompts/decision_mock-64394-c3bb8d94-dec-000064_user.json,run,.json,10421
run/prompts/decision_mock-64394-c3bb8d94-dec-000065_parsed.json,run,.json,1753
run/prompts/decision_mock-64394-c3bb8d94-dec-000065_response.json,run,.json,6269
run/prompts/decision_mock-64394-c3bb8d94-dec-000065_system.txt,run,.txt,1912
run/prompts/decision_mock-64394-c3bb8d94-dec-000065_tools.json,run,.json,1466
run/prompts/decision_mock-64394-c3bb8d94-dec-000065_user.json,run,.json,9173
run/prompts/decision_mock-64394-c3bb8d94-dec-000066_parsed.json,run,.json,4035
run/prompts/decision_mock-64394-c3bb8d94-dec-000066_response.json,run,.json,11537
run/prompts/decision_mock-64394-c3bb8d94-dec-000066_system.txt,run,.txt,1912
run/prompts/decision_mock-64394-c3bb8d94-dec-000066_tools.json,run,.json,1539
run/prompts/decision_mock-64394-c3bb8d94-dec-000066_user.json,run,.json,10803
run/prompts/decision_mock-64394-c3bb8d94-dec-000067_parsed.json,run,.json,2539
run/prompts/decision_mock-64394-c3bb8d94-dec-000067_response.json,run,.json,10687
run/prompts/decision_mock-64394-c3bb8d94-dec-000067_system.txt,run,.txt,1912
run/prompts/decision_mock-64394-c3bb8d94-dec-000067_tools.json,run,.json,1466
run/prompts/decision_mock-64394-c3bb8d94-dec-000067_user.json,run,.json,10933
run/prompts/decision_mock-64394-c3bb8d94-dec-000068_parsed.json,run,.json,3775
run/prompts/decision_mock-64394-c3bb8d94-dec-000068_response.json,run,.json,13027
run/prompts/decision_mock-64394-c3bb8d94-dec-000068_system.txt,run,.txt,1912
run/prompts/decision_mock-64394-c3bb8d94-dec-000068_tools.json,run,.json,1539
run/prompts/decision_mock-64394-c3bb8d94-dec-000068_user.json,run,.json,11231
run/prompts/decision_mock-64394-c3bb8d94-dec-000069_parsed.json,run,.json,2157
run/prompts/decision_mock-64394-c3bb8d94-dec-000069_response.json,run,.json,4667
run/prompts/decision_mock-64394-c3bb8d94-dec-000069_system.txt,run,.txt,1912
run/prompts/decision_mock-64394-c3bb8d94-dec-000069_tools.json,run,.json,1466
run/prompts/decision_mock-64394-c3bb8d94-dec-000069_user.json,run,.json,10043
run/prompts/decision_mock-64394-c3bb8d94-dec-000070_parsed.json,run,.json,2541
run/prompts/decision_mock-64394-c3bb8d94-dec-000070_response.json,run,.json,9828
run/prompts/decision_mock-64394-c3bb8d94-dec-000070_system.txt,run,.txt,1912
run/prompts/decision_mock-64394-c3bb8d94-dec-000070_tools.json,run,.json,1539
run/prompts/decision_mock-64394-c3bb8d94-dec-000070_user.json,run,.json,11553
run/prompts/decision_mock-64394-c3bb8d94-dec-000071_parsed.json,run,.json,1729
run/prompts/decision_mock-64394-c3bb8d94-dec-000071_response.json,run,.json,4860
run/prompts/decision_mock-64394-c3bb8d94-dec-000071_system.txt,run,.txt,1912
run/prompts/decision_mock-64394-c3bb8d94-dec-000071_tools.json,run,.json,1539
run/prompts/decision_mock-64394-c3bb8d94-dec-000071_user.json,run,.json,10319
run/prompts/decision_mock-64394-c3bb8d94-dec-000072_parsed.json,run,.json,1617
run/prompts/decision_mock-64394-c3bb8d94-dec-000072_response.json,run,.json,3856
run/prompts/decision_mock-64394-c3bb8d94-dec-000072_system.txt,run,.txt,1912
run/prompts/decision_mock-64394-c3bb8d94-dec-000072_tools.json,run,.json,632
run/prompts/decision_mock-64394-c3bb8d94-dec-000072_user.json,run,.json,9587
run/prompts/decision_mock-64394-c3bb8d94-dec-000073_parsed.json,run,.json,1869
run/prompts/decision_mock-64394-c3bb8d94-dec-000073_response.json,run,.json,3860
run/prompts/decision_mock-64394-c3bb8d94-dec-000073_system.txt,run,.txt,1912
run/prompts/decision_mock-64394-c3bb8d94-dec-000073_tools.json,run,.json,1539
run/prompts/decision_mock-64394-c3bb8d94-dec-000073_user.json,run,.json,9987
run/prompts/decision_mock-64394-c3bb8d94-dec-000074_parsed.json,run,.json,2751
run/prompts/decision_mock-64394-c3bb8d94-dec-000074_response.json,run,.json,12644
run/prompts/decision_mock-64394-c3bb8d94-dec-000074_system.txt,run,.txt,1912
run/prompts/decision_mock-64394-c3bb8d94-dec-000074_tools.json,run,.json,1539
run/prompts/decision_mock-64394-c3bb8d94-dec-000074_user.json,run,.json,11278
run/prompts/decision_mock-64394-c3bb8d94-dec-000075_parsed.json,run,.json,2321
run/prompts/decision_mock-64394-c3bb8d94-dec-000075_response.json,run,.json,2689
run/prompts/decision_mock-64394-c3bb8d94-dec-000075_system.txt,run,.txt,1912
run/prompts/decision_mock-64394-c3bb8d94-dec-000075_tools.json,run,.json,632
run/prompts/decision_mock-64394-c3bb8d94-dec-000075_user.json,run,.json,11134
run/prompts/decision_mock-64394-c3bb8d94-dec-000076_parsed.json,run,.json,4231
run/prompts/decision_mock-64394-c3bb8d94-dec-000076_response.json,run,.json,12057
run/prompts/decision_mock-64394-c3bb8d94-dec-000076_system.txt,run,.txt,1912
run/prompts/decision_mock-64394-c3bb8d94-dec-000076_tools.json,run,.json,1539
run/prompts/decision_mock-64394-c3bb8d94-dec-000076_user.json,run,.json,11486
run/prompts/decision_mock-64394-c3bb8d94-dec-000077_parsed.json,run,.json,3139
run/prompts/decision_mock-64394-c3bb8d94-dec-000077_response.json,run,.json,13315
run/prompts/decision_mock-64394-c3bb8d94-dec-000077_system.txt,run,.txt,1912
run/prompts/decision_mock-64394-c3bb8d94-dec-000077_tools.json,run,.json,1466
run/prompts/decision_mock-64394-c3bb8d94-dec-000077_user.json,run,.json,11433
run/prompts/decision_mock-64394-c3bb8d94-dec-000078_parsed.json,run,.json,4467
run/prompts/decision_mock-64394-c3bb8d94-dec-000078_response.json,run,.json,12106
run/prompts/decision_mock-64394-c3bb8d94-dec-000078_system.txt,run,.txt,1912
run/prompts/decision_mock-64394-c3bb8d94-dec-000078_tools.json,run,.json,1539
run/prompts/decision_mock-64394-c3bb8d94-dec-000078_user.json,run,.json,12001
run/prompts/decision_mock-64394-c3bb8d94-dec-000079_parsed.json,run,.json,3511
run/prompts/decision_mock-64394-c3bb8d94-dec-000079_response.json,run,.json,13194
run/prompts/decision_mock-64394-c3bb8d94-dec-000079_system.txt,run,.txt,1912
run/prompts/decision_mock-64394-c3bb8d94-dec-000079_tools.json,run,.json,1466
run/prompts/decision_mock-64394-c3bb8d94-dec-000079_user.json,run,.json,11966
run/prompts/decision_mock-64394-c3bb8d94-dec-000080_parsed.json,run,.json,4399
run/prompts/decision_mock-64394-c3bb8d94-dec-000080_response.json,run,.json,12736
run/prompts/decision_mock-64394-c3bb8d94-dec-000080_system.txt,run,.txt,1912
run/prompts/decision_mock-64394-c3bb8d94-dec-000080_tools.json,run,.json,1539
run/prompts/decision_mock-64394-c3bb8d94-dec-000080_user.json,run,.json,12712
run/prompts/decision_mock-64394-c3bb8d94-dec-000081_parsed.json,run,.json,2413
run/prompts/decision_mock-64394-c3bb8d94-dec-000081_response.json,run,.json,6636
run/prompts/decision_mock-64394-c3bb8d94-dec-000081_system.txt,run,.txt,1912
run/prompts/decision_mock-64394-c3bb8d94-dec-000081_tools.json,run,.json,1466
run/prompts/decision_mock-64394-c3bb8d94-dec-000081_user.json,run,.json,11495
run/prompts/decision_mock-64394-c3bb8d94-dec-000082_parsed.json,run,.json,2809
run/prompts/decision_mock-64394-c3bb8d94-dec-000082_response.json,run,.json,6190
run/prompts/decision_mock-64394-c3bb8d94-dec-000082_system.txt,run,.txt,1912
run/prompts/decision_mock-64394-c3bb8d94-dec-000082_tools.json,run,.json,1539
run/prompts/decision_mock-64394-c3bb8d94-dec-000082_user.json,run,.json,12821
run/prompts/decision_mock-64394-c3bb8d94-dec-000083_parsed.json,run,.json,5211
run/prompts/decision_mock-64394-c3bb8d94-dec-000083_response.json,run,.json,10604
run/prompts/decision_mock-64394-c3bb8d94-dec-000083_system.txt,run,.txt,1912
run/prompts/decision_mock-64394-c3bb8d94-dec-000083_tools.json,run,.json,1539
run/prompts/decision_mock-64394-c3bb8d94-dec-000083_user.json,run,.json,12430
run/prompts/decision_mock-64394-c3bb8d94-dec-000084_parsed.json,run,.json,2595
run/prompts/decision_mock-64394-c3bb8d94-dec-000084_response.json,run,.json,23514
run/prompts/decision_mock-64394-c3bb8d94-dec-000084_system.txt,run,.txt,1912
run/prompts/decision_mock-64394-c3bb8d94-dec-000084_tools.json,run,.json,1466
run/prompts/decision_mock-64394-c3bb8d94-dec-000084_user.json,run,.json,10969
run/prompts/decision_mock-64394-c3bb8d94-dec-000085_parsed.json,run,.json,4235
run/prompts/decision_mock-64394-c3bb8d94-dec-000085_response.json,run,.json,7320
run/prompts/decision_mock-64394-c3bb8d94-dec-000085_system.txt,run,.txt,1912
run/prompts/decision_mock-64394-c3bb8d94-dec-000085_tools.json,run,.json,1466
run/prompts/decision_mock-64394-c3bb8d94-dec-000085_user.json,run,.json,12824
run/prompts/decision_mock-64394-c3bb8d94-dec-000086_parsed.json,run,.json,2037
run/prompts/decision_mock-64394-c3bb8d94-dec-000086_response.json,run,.json,17664
run/prompts/decision_mock-64394-c3bb8d94-dec-000086_system.txt,run,.txt,1912
run/prompts/decision_mock-64394-c3bb8d94-dec-000086_tools.json,run,.json,1466
run/prompts/decision_mock-64394-c3bb8d94-dec-000086_user.json,run,.json,11602
run/prompts/decision_mock-64394-c3bb8d94-dec-000087_parsed.json,run,.json,2545
run/prompts/decision_mock-64394-c3bb8d94-dec-000087_response.json,run,.json,8654
run/prompts/decision_mock-64394-c3bb8d94-dec-000087_system.txt,run,.txt,1912
run/prompts/decision_mock-64394-c3bb8d94-dec-000087_tools.json,run,.json,1539
run/prompts/decision_mock-64394-c3bb8d94-dec-000087_user.json,run,.json,13084
run/prompts/decision_mock-64394-c3bb8d94-dec-000088_parsed.json,run,.json,1653
run/prompts/decision_mock-64394-c3bb8d94-dec-000088_response.json,run,.json,5387
run/prompts/decision_mock-64394-c3bb8d94-dec-000088_system.txt,run,.txt,1912
run/prompts/decision_mock-64394-c3bb8d94-dec-000088_tools.json,run,.json,1539
run/prompts/decision_mock-64394-c3bb8d94-dec-000088_user.json,run,.json,11876
run/prompts/decision_mock-64394-c3bb8d94-dec-000089_parsed.json,run,.json,1609
run/prompts/decision_mock-64394-c3bb8d94-dec-000089_response.json,run,.json,4503
run/prompts/decision_mock-64394-c3bb8d94-dec-000089_system.txt,run,.txt,1912
run/prompts/decision_mock-64394-c3bb8d94-dec-000089_tools.json,run,.json,632
run/prompts/decision_mock-64394-c3bb8d94-dec-000089_user.json,run,.json,11228
run/prompts/decision_mock-64394-c3bb8d94-dec-000090_parsed.json,run,.json,2595
run/prompts/decision_mock-64394-c3bb8d94-dec-000090_response.json,run,.json,27442
run/prompts/decision_mock-64394-c3bb8d94-dec-000090_system.txt,run,.txt,1912
run/prompts/decision_mock-64394-c3bb8d94-dec-000090_tools.json,run,.json,1539
run/prompts/decision_mock-64394-c3bb8d94-dec-000090_user.json,run,.json,11605
run/prompts/decision_mock-64394-c3bb8d94-dec-000091_parsed.json,run,.json,2485
run/prompts/decision_mock-64394-c3bb8d94-dec-000091_response.json,run,.json,6585
run/prompts/decision_mock-64394-c3bb8d94-dec-000091_system.txt,run,.txt,1912
run/prompts/decision_mock-64394-c3bb8d94-dec-000091_tools.json,run,.json,1466
run/prompts/decision_mock-64394-c3bb8d94-dec-000091_user.json,run,.json,11767
run/prompts/decision_mock-64394-c3bb8d94-dec-000092_parsed.json,run,.json,2935
run/prompts/decision_mock-64394-c3bb8d94-dec-000092_response.json,run,.json,6992
run/prompts/decision_mock-64394-c3bb8d94-dec-000092_system.txt,run,.txt,1912
run/prompts/decision_mock-64394-c3bb8d94-dec-000092_tools.json,run,.json,1539
run/prompts/decision_mock-64394-c3bb8d94-dec-000092_user.json,run,.json,11759
run/prompts/decision_mock-64394-c3bb8d94-dec-000093_parsed.json,run,.json,2201
run/prompts/decision_mock-64394-c3bb8d94-dec-000093_response.json,run,.json,4942
run/prompts/decision_mock-64394-c3bb8d94-dec-000093_system.txt,run,.txt,1912
run/prompts/decision_mock-64394-c3bb8d94-dec-000093_tools.json,run,.json,1466
run/prompts/decision_mock-64394-c3bb8d94-dec-000093_user.json,run,.json,12215
run/prompts/decision_mock-64394-c3bb8d94-dec-000094_parsed.json,run,.json,1533
run/prompts/decision_mock-64394-c3bb8d94-dec-000094_response.json,run,.json,13224
run/prompts/decision_mock-64394-c3bb8d94-dec-000094_system.txt,run,.txt,1912
run/prompts/decision_mock-64394-c3bb8d94-dec-000094_tools.json,run,.json,1539
run/prompts/decision_mock-64394-c3bb8d94-dec-000094_user.json,run,.json,12041
run/prompts/decision_mock-64394-c3bb8d94-dec-000095_parsed.json,run,.json,2455
run/prompts/decision_mock-64394-c3bb8d94-dec-000095_response.json,run,.json,37570
run/prompts/decision_mock-64394-c3bb8d94-dec-000095_system.txt,run,.txt,1912
run/prompts/decision_mock-64394-c3bb8d94-dec-000095_tools.json,run,.json,1539
run/prompts/decision_mock-64394-c3bb8d94-dec-000095_user.json,run,.json,13406
run/prompts/decision_mock-64394-c3bb8d94-dec-000096_parsed.json,run,.json,2465
run/prompts/decision_mock-64394-c3bb8d94-dec-000096_response.json,run,.json,4186
run/prompts/decision_mock-64394-c3bb8d94-dec-000096_system.txt,run,.txt,1912
run/prompts/decision_mock-64394-c3bb8d94-dec-000096_tools.json,run,.json,632
run/prompts/decision_mock-64394-c3bb8d94-dec-000096_user.json,run,.json,12897
run/prompts/decision_mock-64394-c3bb8d94-dec-000097_parsed.json,run,.json,2473
run/prompts/decision_mock-64394-c3bb8d94-dec-000097_response.json,run,.json,9651
run/prompts/decision_mock-64394-c3bb8d94-dec-000097_system.txt,run,.txt,1912
run/prompts/decision_mock-64394-c3bb8d94-dec-000097_tools.json,run,.json,1539
run/prompts/decision_mock-64394-c3bb8d94-dec-000097_user.json,run,.json,13114
run/prompts/decision_mock-64394-c3bb8d94-dec-000098_parsed.json,run,.json,4655
run/prompts/decision_mock-64394-c3bb8d94-dec-000098_response.json,run,.json,11714
run/prompts/decision_mock-64394-c3bb8d94-dec-000098_system.txt,run,.txt,1912
run/prompts/decision_mock-64394-c3bb8d94-dec-000098_tools.json,run,.json,1539
run/prompts/decision_mock-64394-c3bb8d94-dec-000098_user.json,run,.json,12407
run/prompts/decision_mock-64394-c3bb8d94-dec-000099_parsed.json,run,.json,2583
run/prompts/decision_mock-64394-c3bb8d94-dec-000099_response.json,run,.json,18702
run/prompts/decision_mock-64394-c3bb8d94-dec-000099_system.txt,run,.txt,1912
run/prompts/decision_mock-64394-c3bb8d94-dec-000099_tools.json,run,.json,1466
run/prompts/decision_mock-64394-c3bb8d94-dec-000099_user.json,run,.json,12016
run/prompts/decision_mock-64394-c3bb8d94-dec-000100_parsed.json,run,.json,2761
run/prompts/decision_mock-64394-c3bb8d94-dec-000100_response.json,run,.json,9633
run/prompts/decision_mock-64394-c3bb8d94-dec-000100_system.txt,run,.txt,1912
run/prompts/decision_mock-64394-c3bb8d94-dec-000100_tools.json,run,.json,1539
run/prompts/decision_mock-64394-c3bb8d94-dec-000100_user.json,run,.json,12622
run/prompts/decision_mock-64394-c3bb8d94-dec-000101_parsed.json,run,.json,3201
run/prompts/decision_mock-64394-c3bb8d94-dec-000101_response.json,run,.json,12014
run/prompts/decision_mock-64394-c3bb8d94-dec-000101_system.txt,run,.txt,1912
run/prompts/decision_mock-64394-c3bb8d94-dec-000101_tools.json,run,.json,1539
run/prompts/decision_mock-64394-c3bb8d94-dec-000101_user.json,run,.json,11995
run/prompts/decision_mock-64394-c3bb8d94-dec-000102_parsed.json,run,.json,2157
run/prompts/decision_mock-64394-c3bb8d94-dec-000102_response.json,run,.json,4274
run/prompts/decision_mock-64394-c3bb8d94-dec-000102_system.txt,run,.txt,1912
run/prompts/decision_mock-64394-c3bb8d94-dec-000102_tools.json,run,.json,632
run/prompts/decision_mock-64394-c3bb8d94-dec-000102_user.json,run,.json,9832
run/prompts/decision_mock-64394-c3bb8d94-dec-000103_parsed.json,run,.json,1861
run/prompts/decision_mock-64394-c3bb8d94-dec-000103_response.json,run,.json,3789
run/prompts/decision_mock-64394-c3bb8d94-dec-000103_system.txt,run,.txt,1912
run/prompts/decision_mock-64394-c3bb8d94-dec-000103_tools.json,run,.json,1539
run/prompts/decision_mock-64394-c3bb8d94-dec-000103_user.json,run,.json,10189
run/prompts/decision_mock-64394-c3bb8d94-dec-000104_parsed.json,run,.json,2687
run/prompts/decision_mock-64394-c3bb8d94-dec-000104_response.json,run,.json,35578
run/prompts/decision_mock-64394-c3bb8d94-dec-000104_system.txt,run,.txt,1912
run/prompts/decision_mock-64394-c3bb8d94-dec-000104_tools.json,run,.json,1539
run/prompts/decision_mock-64394-c3bb8d94-dec-000104_user.json,run,.json,9602
run/prompts/decision_mock-64394-c3bb8d94-dec-000105_parsed.json,run,.json,2673
run/prompts/decision_mock-64394-c3bb8d94-dec-000105_response.json,run,.json,6555
run/prompts/decision_mock-64394-c3bb8d94-dec-000105_system.txt,run,.txt,1912
run/prompts/decision_mock-64394-c3bb8d94-dec-000105_tools.json,run,.json,1466
run/prompts/decision_mock-64394-c3bb8d94-dec-000105_user.json,run,.json,10053
run/prompts/decision_mock-64394-c3bb8d94-dec-000106_parsed.json,run,.json,2911
run/prompts/decision_mock-64394-c3bb8d94-dec-000106_response.json,run,.json,15527
run/prompts/decision_mock-64394-c3bb8d94-dec-000106_system.txt,run,.txt,1912
run/prompts/decision_mock-64394-c3bb8d94-dec-000106_tools.json,run,.json,1539
run/prompts/decision_mock-64394-c3bb8d94-dec-000106_user.json,run,.json,9929
run/prompts/decision_mock-64394-c3bb8d94-dec-000107_parsed.json,run,.json,2557
run/prompts/decision_mock-64394-c3bb8d94-dec-000107_response.json,run,.json,4663
run/prompts/decision_mock-64394-c3bb8d94-dec-000107_system.txt,run,.txt,1912
run/prompts/decision_mock-64394-c3bb8d94-dec-000107_tools.json,run,.json,1466
run/prompts/decision_mock-64394-c3bb8d94-dec-000107_user.json,run,.json,10320
run/prompts/decision_mock-64394-c3bb8d94-dec-000108_parsed.json,run,.json,2029
run/prompts/decision_mock-64394-c3bb8d94-dec-000108_response.json,run,.json,10142
run/prompts/decision_mock-64394-c3bb8d94-dec-000108_system.txt,run,.txt,1912
run/prompts/decision_mock-64394-c3bb8d94-dec-000108_tools.json,run,.json,1539
run/prompts/decision_mock-64394-c3bb8d94-dec-000108_user.json,run,.json,10041
run/prompts/decision_mock-64394-c3bb8d94-dec-000109_parsed.json,run,.json,2831
run/prompts/decision_mock-64394-c3bb8d94-dec-000109_response.json,run,.json,19716
run/prompts/decision_mock-64394-c3bb8d94-dec-000109_system.txt,run,.txt,1912
run/prompts/decision_mock-64394-c3bb8d94-dec-000109_tools.json,run,.json,1539
run/prompts/decision_mock-64394-c3bb8d94-dec-000109_user.json,run,.json,11343
run/prompts/decision_mock-64394-c3bb8d94-dec-000110_parsed.json,run,.json,4023
run/prompts/decision_mock-64394-c3bb8d94-dec-000110_response.json,run,.json,11136
run/prompts/decision_mock-64394-c3bb8d94-dec-000110_system.txt,run,.txt,1912
run/prompts/decision_mock-64394-c3bb8d94-dec-000110_tools.json,run,.json,1539
run/prompts/decision_mock-64394-c3bb8d94-dec-000110_user.json,run,.json,11734
run/prompts/decision_mock-64394-c3bb8d94-dec-000111_parsed.json,run,.json,3471
run/prompts/decision_mock-64394-c3bb8d94-dec-000111_response.json,run,.json,9594
run/prompts/decision_mock-64394-c3bb8d94-dec-000111_system.txt,run,.txt,1912
run/prompts/decision_mock-64394-c3bb8d94-dec-000111_tools.json,run,.json,1466
run/prompts/decision_mock-64394-c3bb8d94-dec-000111_user.json,run,.json,11463
run/prompts/decision_mock-64394-c3bb8d94-dec-000112_parsed.json,run,.json,2985
run/prompts/decision_mock-64394-c3bb8d94-dec-000112_response.json,run,.json,13728
run/prompts/decision_mock-64394-c3bb8d94-dec-000112_system.txt,run,.txt,1912
run/prompts/decision_mock-64394-c3bb8d94-dec-000112_tools.json,run,.json,1539
run/prompts/decision_mock-64394-c3bb8d94-dec-000112_user.json,run,.json,12253
run/prompts/decision_mock-64394-c3bb8d94-dec-000113_parsed.json,run,.json,2145
run/prompts/decision_mock-64394-c3bb8d94-dec-000113_response.json,run,.json,4853
run/prompts/decision_mock-64394-c3bb8d94-dec-000113_system.txt,run,.txt,1912
run/prompts/decision_mock-64394-c3bb8d94-dec-000113_tools.json,run,.json,632
run/prompts/decision_mock-64394-c3bb8d94-dec-000113_user.json,run,.json,10604
run/prompts/decision_mock-64394-c3bb8d94-dec-000114_parsed.json,run,.json,1821
run/prompts/decision_mock-64394-c3bb8d94-dec-000114_response.json,run,.json,4501
run/prompts/decision_mock-64394-c3bb8d94-dec-000114_system.txt,run,.txt,1912
run/prompts/decision_mock-64394-c3bb8d94-dec-000114_tools.json,run,.json,1539
run/prompts/decision_mock-64394-c3bb8d94-dec-000114_user.json,run,.json,11015
run/prompts/decision_mock-64394-c3bb8d94-dec-000115_parsed.json,run,.json,1529
run/prompts/decision_mock-64394-c3bb8d94-dec-000115_response.json,run,.json,4692
run/prompts/decision_mock-64394-c3bb8d94-dec-000115_system.txt,run,.txt,1912
run/prompts/decision_mock-64394-c3bb8d94-dec-000115_tools.json,run,.json,632
run/prompts/decision_mock-64394-c3bb8d94-dec-000115_user.json,run,.json,9792
run/prompts/decision_mock-64394-c3bb8d94-dec-000116_parsed.json,run,.json,2899
run/prompts/decision_mock-64394-c3bb8d94-dec-000116_response.json,run,.json,27815
run/prompts/decision_mock-64394-c3bb8d94-dec-000116_system.txt,run,.txt,1912
run/prompts/decision_mock-64394-c3bb8d94-dec-000116_tools.json,run,.json,1539
run/prompts/decision_mock-64394-c3bb8d94-dec-000116_user.json,run,.json,10016
run/prompts/decision_mock-64394-c3bb8d94-dec-000117_parsed.json,run,.json,3245
run/prompts/decision_mock-64394-c3bb8d94-dec-000117_response.json,run,.json,7180
run/prompts/decision_mock-64394-c3bb8d94-dec-000117_system.txt,run,.txt,1912
run/prompts/decision_mock-64394-c3bb8d94-dec-000117_tools.json,run,.json,1466
run/prompts/decision_mock-64394-c3bb8d94-dec-000117_user.json,run,.json,11740
run/prompts/decision_mock-64394-c3bb8d94-dec-000118_parsed.json,run,.json,3519
run/prompts/decision_mock-64394-c3bb8d94-dec-000118_response.json,run,.json,8701
run/prompts/decision_mock-64394-c3bb8d94-dec-000118_system.txt,run,.txt,1912
run/prompts/decision_mock-64394-c3bb8d94-dec-000118_tools.json,run,.json,1539
run/prompts/decision_mock-64394-c3bb8d94-dec-000118_user.json,run,.json,10370
run/prompts/decision_mock-64394-c3bb8d94-dec-000119_parsed.json,run,.json,3225
run/prompts/decision_mock-64394-c3bb8d94-dec-000119_response.json,run,.json,10026
run/prompts/decision_mock-64394-c3bb8d94-dec-000119_system.txt,run,.txt,1912
run/prompts/decision_mock-64394-c3bb8d94-dec-000119_tools.json,run,.json,1466
run/prompts/decision_mock-64394-c3bb8d94-dec-000119_user.json,run,.json,12296
run/prompts/decision_mock-64394-c3bb8d94-dec-000120_parsed.json,run,.json,3687
run/prompts/decision_mock-64394-c3bb8d94-dec-000120_response.json,run,.json,21228
run/prompts/decision_mock-64394-c3bb8d94-dec-000120_system.txt,run,.txt,1912
run/prompts/decision_mock-64394-c3bb8d94-dec-000120_tools.json,run,.json,1539
run/prompts/decision_mock-64394-c3bb8d94-dec-000120_user.json,run,.json,10867
run/prompts/decision_mock-64394-c3bb8d94-dec-000121_parsed.json,run,.json,3725
run/prompts/decision_mock-64394-c3bb8d94-dec-000121_response.json,run,.json,10375
run/prompts/decision_mock-64394-c3bb8d94-dec-000121_system.txt,run,.txt,1912
run/prompts/decision_mock-64394-c3bb8d94-dec-000121_tools.json,run,.json,1466
run/prompts/decision_mock-64394-c3bb8d94-dec-000121_user.json,run,.json,12874
run/prompts/decision_mock-64394-c3bb8d94-dec-000122_parsed.json,run,.json,1613
run/prompts/decision_mock-64394-c3bb8d94-dec-000122_response.json,run,.json,16102
run/prompts/decision_mock-64394-c3bb8d94-dec-000122_system.txt,run,.txt,1912
run/prompts/decision_mock-64394-c3bb8d94-dec-000122_tools.json,run,.json,1539
run/prompts/decision_mock-64394-c3bb8d94-dec-000122_user.json,run,.json,11529
run/prompts/decision_mock-64394-c3bb8d94-dec-000123_parsed.json,run,.json,3839
run/prompts/decision_mock-64394-c3bb8d94-dec-000123_response.json,run,.json,20126
run/prompts/decision_mock-64394-c3bb8d94-dec-000123_system.txt,run,.txt,1912
run/prompts/decision_mock-64394-c3bb8d94-dec-000123_tools.json,run,.json,1539
run/prompts/decision_mock-64394-c3bb8d94-dec-000123_user.json,run,.json,12750
run/prompts/decision_mock-64394-c3bb8d94-dec-000124_parsed.json,run,.json,4975
run/prompts/decision_mock-64394-c3bb8d94-dec-000124_response.json,run,.json,10102
run/prompts/decision_mock-64394-c3bb8d94-dec-000124_system.txt,run,.txt,1912
run/prompts/decision_mock-64394-c3bb8d94-dec-000124_tools.json,run,.json,1539
run/prompts/decision_mock-64394-c3bb8d94-dec-000124_user.json,run,.json,13140
run/prompts/decision_mock-64394-c3bb8d94-dec-000125_parsed.json,run,.json,3963
run/prompts/decision_mock-64394-c3bb8d94-dec-000125_response.json,run,.json,28002
run/prompts/decision_mock-64394-c3bb8d94-dec-000125_system.txt,run,.txt,1912
run/prompts/decision_mock-64394-c3bb8d94-dec-000125_tools.json,run,.json,1466
run/prompts/decision_mock-64394-c3bb8d94-dec-000125_user.json,run,.json,12749
run/prompts/decision_mock-64394-c3bb8d94-dec-000126_parsed.json,run,.json,5027
run/prompts/decision_mock-64394-c3bb8d94-dec-000126_response.json,run,.json,18292
run/prompts/decision_mock-64394-c3bb8d94-dec-000126_system.txt,run,.txt,1912
run/prompts/decision_mock-64394-c3bb8d94-dec-000126_tools.json,run,.json,1539
run/prompts/decision_mock-64394-c3bb8d94-dec-000126_user.json,run,.json,13833
run/prompts/decision_mock-64394-c3bb8d94-dec-000127_parsed.json,run,.json,3039
run/prompts/decision_mock-64394-c3bb8d94-dec-000127_response.json,run,.json,38034
run/prompts/decision_mock-64394-c3bb8d94-dec-000127_system.txt,run,.txt,1912
run/prompts/decision_mock-64394-c3bb8d94-dec-000127_tools.json,run,.json,1466
run/prompts/decision_mock-64394-c3bb8d94-dec-000127_user.json,run,.json,13518
run/prompts/decision_mock-64394-c3bb8d94-dec-000128_parsed.json,run,.json,2461
run/prompts/decision_mock-64394-c3bb8d94-dec-000128_response.json,run,.json,12485
run/prompts/decision_mock-64394-c3bb8d94-dec-000128_system.txt,run,.txt,1912
run/prompts/decision_mock-64394-c3bb8d94-dec-000128_tools.json,run,.json,1539
run/prompts/decision_mock-64394-c3bb8d94-dec-000128_user.json,run,.json,14299
run/prompts/decision_mock-64394-c3bb8d94-dec-000129_parsed.json,run,.json,2389
run/prompts/decision_mock-64394-c3bb8d94-dec-000129_response.json,run,.json,5363
run/prompts/decision_mock-64394-c3bb8d94-dec-000129_system.txt,run,.txt,1912
run/prompts/decision_mock-64394-c3bb8d94-dec-000129_tools.json,run,.json,632
run/prompts/decision_mock-64394-c3bb8d94-dec-000129_user.json,run,.json,11806
run/prompts/decision_mock-64394-c3bb8d94-dec-000130_parsed.json,run,.json,2465
run/prompts/decision_mock-64394-c3bb8d94-dec-000130_response.json,run,.json,10003
run/prompts/decision_mock-64394-c3bb8d94-dec-000130_system.txt,run,.txt,1912
run/prompts/decision_mock-64394-c3bb8d94-dec-000130_tools.json,run,.json,1539
run/prompts/decision_mock-64394-c3bb8d94-dec-000130_user.json,run,.json,12277
run/prompts/decision_mock-64394-c3bb8d94-dec-000131_parsed.json,run,.json,2979
run/prompts/decision_mock-64394-c3bb8d94-dec-000131_response.json,run,.json,27042
run/prompts/decision_mock-64394-c3bb8d94-dec-000131_system.txt,run,.txt,1912
run/prompts/decision_mock-64394-c3bb8d94-dec-000131_tools.json,run,.json,1539
run/prompts/decision_mock-64394-c3bb8d94-dec-000131_user.json,run,.json,11843
run/prompts/decision_mock-64394-c3bb8d94-dec-000132_parsed.json,run,.json,2337
run/prompts/decision_mock-64394-c3bb8d94-dec-000132_response.json,run,.json,4504
run/prompts/decision_mock-64394-c3bb8d94-dec-000132_system.txt,run,.txt,1912
run/prompts/decision_mock-64394-c3bb8d94-dec-000132_tools.json,run,.json,1466
run/prompts/decision_mock-64394-c3bb8d94-dec-000132_user.json,run,.json,12389
run/prompts/decision_mock-64394-c3bb8d94-dec-000133_parsed.json,run,.json,1745
run/prompts/decision_mock-64394-c3bb8d94-dec-000133_response.json,run,.json,32494
run/prompts/decision_mock-64394-c3bb8d94-dec-000133_system.txt,run,.txt,1912
run/prompts/decision_mock-64394-c3bb8d94-dec-000133_tools.json,run,.json,1539
run/prompts/decision_mock-64394-c3bb8d94-dec-000133_user.json,run,.json,12162
run/prompts/decision_mock-64394-c3bb8d94-dec-000134_parsed.json,run,.json,2443
run/prompts/decision_mock-64394-c3bb8d94-dec-000134_response.json,run,.json,18280
run/prompts/decision_mock-64394-c3bb8d94-dec-000134_system.txt,run,.txt,1912
run/prompts/decision_mock-64394-c3bb8d94-dec-000134_tools.json,run,.json,632
run/prompts/decision_mock-64394-c3bb8d94-dec-000134_user.json,run,.json,13382
run/prompts/decision_mock-64394-c3bb8d94-dec-000135_parsed.json,run,.json,2379
run/prompts/decision_mock-64394-c3bb8d94-dec-000135_response.json,run,.json,25166
run/prompts/decision_mock-64394-c3bb8d94-dec-000135_system.txt,run,.txt,1912
run/prompts/decision_mock-64394-c3bb8d94-dec-000135_tools.json,run,.json,1539
run/prompts/decision_mock-64394-c3bb8d94-dec-000135_user.json,run,.json,13553
run/prompts/decision_mock-64394-c3bb8d94-dec-000136_parsed.json,run,.json,2669
run/prompts/decision_mock-64394-c3bb8d94-dec-000136_response.json,run,.json,6820
run/prompts/decision_mock-64394-c3bb8d94-dec-000136_system.txt,run,.txt,1912
run/prompts/decision_mock-64394-c3bb8d94-dec-000136_tools.json,run,.json,1539
run/prompts/decision_mock-64394-c3bb8d94-dec-000136_user.json,run,.json,13505
run/prompts/decision_mock-64394-c3bb8d94-dec-000137_parsed.json,run,.json,1997
run/prompts/decision_mock-64394-c3bb8d94-dec-000137_response.json,run,.json,5297
run/prompts/decision_mock-64394-c3bb8d94-dec-000137_system.txt,run,.txt,1912
run/prompts/decision_mock-64394-c3bb8d94-dec-000137_tools.json,run,.json,1539
run/prompts/decision_mock-64394-c3bb8d94-dec-000137_user.json,run,.json,11718
run/prompts/decision_mock-64394-c3bb8d94-dec-000138_parsed.json,run,.json,1897
run/prompts/decision_mock-64394-c3bb8d94-dec-000138_response.json,run,.json,6613
run/prompts/decision_mock-64394-c3bb8d94-dec-000138_system.txt,run,.txt,1912
run/prompts/decision_mock-64394-c3bb8d94-dec-000138_tools.json,run,.json,1539
run/prompts/decision_mock-64394-c3bb8d94-dec-000138_user.json,run,.json,10925
run/prompts/decision_mock-64394-c3bb8d94-dec-000139_parsed.json,run,.json,3155
run/prompts/decision_mock-64394-c3bb8d94-dec-000139_response.json,run,.json,23090
run/prompts/decision_mock-64394-c3bb8d94-dec-000139_system.txt,run,.txt,1912
run/prompts/decision_mock-64394-c3bb8d94-dec-000139_tools.json,run,.json,1539
run/prompts/decision_mock-64394-c3bb8d94-dec-000139_user.json,run,.json,12522
run/prompts/decision_mock-64394-c3bb8d94-dec-000140_parsed.json,run,.json,3381
run/prompts/decision_mock-64394-c3bb8d94-dec-000140_response.json,run,.json,6781
run/prompts/decision_mock-64394-c3bb8d94-dec-000140_system.txt,run,.txt,1912
run/prompts/decision_mock-64394-c3bb8d94-dec-000140_tools.json,run,.json,632
run/prompts/decision_mock-64394-c3bb8d94-dec-000140_user.json,run,.json,12715
run/prompts/decision_mock-64394-c3bb8d94-dec-000141_parsed.json,run,.json,5063
run/prompts/decision_mock-64394-c3bb8d94-dec-000141_response.json,run,.json,12569
run/prompts/decision_mock-64394-c3bb8d94-dec-000141_system.txt,run,.txt,1912
run/prompts/decision_mock-64394-c3bb8d94-dec-000141_tools.json,run,.json,1539
run/prompts/decision_mock-64394-c3bb8d94-dec-000141_user.json,run,.json,12924
run/prompts/decision_mock-64394-c3bb8d94-dec-000142_parsed.json,run,.json,3203
run/prompts/decision_mock-64394-c3bb8d94-dec-000142_response.json,run,.json,19202
run/prompts/decision_mock-64394-c3bb8d94-dec-000142_system.txt,run,.txt,1912
run/prompts/decision_mock-64394-c3bb8d94-dec-000142_tools.json,run,.json,1466
run/prompts/decision_mock-64394-c3bb8d94-dec-000142_user.json,run,.json,12365
run/prompts/decision_mock-64394-c3bb8d94-dec-000143_parsed.json,run,.json,4283
run/prompts/decision_mock-64394-c3bb8d94-dec-000143_response.json,run,.json,10253
run/prompts/decision_mock-64394-c3bb8d94-dec-000143_system.txt,run,.txt,1912
run/prompts/decision_mock-64394-c3bb8d94-dec-000143_tools.json,run,.json,1539
run/prompts/decision_mock-64394-c3bb8d94-dec-000143_user.json,run,.json,12842
run/prompts/decision_mock-64394-c3bb8d94-dec-000144_parsed.json,run,.json,3167
run/prompts/decision_mock-64394-c3bb8d94-dec-000144_response.json,run,.json,16929
run/prompts/decision_mock-64394-c3bb8d94-dec-000144_system.txt,run,.txt,1912
run/prompts/decision_mock-64394-c3bb8d94-dec-000144_tools.json,run,.json,1466
run/prompts/decision_mock-64394-c3bb8d94-dec-000144_user.json,run,.json,12384
run/prompts/decision_mock-64394-c3bb8d94-dec-000145_parsed.json,run,.json,5131
run/prompts/decision_mock-64394-c3bb8d94-dec-000145_response.json,run,.json,12208
run/prompts/decision_mock-64394-c3bb8d94-dec-000145_system.txt,run,.txt,1912
run/prompts/decision_mock-64394-c3bb8d94-dec-000145_tools.json,run,.json,1539
run/prompts/decision_mock-64394-c3bb8d94-dec-000145_user.json,run,.json,13159
run/prompts/decision_mock-64394-c3bb8d94-dec-000146_parsed.json,run,.json,2907
run/prompts/decision_mock-64394-c3bb8d94-dec-000146_response.json,run,.json,16327
run/prompts/decision_mock-64394-c3bb8d94-dec-000146_system.txt,run,.txt,1912
run/prompts/decision_mock-64394-c3bb8d94-dec-000146_tools.json,run,.json,1466
run/prompts/decision_mock-64394-c3bb8d94-dec-000146_user.json,run,.json,13129
run/prompts/decision_mock-64394-c3bb8d94-dec-000147_parsed.json,run,.json,4787
run/prompts/decision_mock-64394-c3bb8d94-dec-000147_response.json,run,.json,12525
run/prompts/decision_mock-64394-c3bb8d94-dec-000147_system.txt,run,.txt,1912
run/prompts/decision_mock-64394-c3bb8d94-dec-000147_tools.json,run,.json,1539
run/prompts/decision_mock-64394-c3bb8d94-dec-000147_user.json,run,.json,13857
run/prompts/decision_mock-64394-c3bb8d94-dec-000148_parsed.json,run,.json,3107
run/prompts/decision_mock-64394-c3bb8d94-dec-000148_response.json,run,.json,7815
run/prompts/decision_mock-64394-c3bb8d94-dec-000148_system.txt,run,.txt,1912
run/prompts/decision_mock-64394-c3bb8d94-dec-000148_tools.json,run,.json,1466
run/prompts/decision_mock-64394-c3bb8d94-dec-000148_user.json,run,.json,12005
run/prompts/decision_mock-64394-c3bb8d94-dec-000149_parsed.json,run,.json,3811
run/prompts/decision_mock-64394-c3bb8d94-dec-000149_response.json,run,.json,15731
run/prompts/decision_mock-64394-c3bb8d94-dec-000149_system.txt,run,.txt,1912
run/prompts/decision_mock-64394-c3bb8d94-dec-000149_tools.json,run,.json,1466
run/prompts/decision_mock-64394-c3bb8d94-dec-000149_user.json,run,.json,14225
run/prompts/decision_mock-64394-c3bb8d94-dec-000150_parsed.json,run,.json,2535
run/prompts/decision_mock-64394-c3bb8d94-dec-000150_response.json,run,.json,15355
run/prompts/decision_mock-64394-c3bb8d94-dec-000150_system.txt,run,.txt,1912
run/prompts/decision_mock-64394-c3bb8d94-dec-000150_tools.json,run,.json,1466
run/prompts/decision_mock-64394-c3bb8d94-dec-000150_user.json,run,.json,12603
run/prompts/decision_mock-64394-c3bb8d94-dec-000151_parsed.json,run,.json,3707
run/prompts/decision_mock-64394-c3bb8d94-dec-000151_response.json,run,.json,9128
run/prompts/decision_mock-64394-c3bb8d94-dec-000151_system.txt,run,.txt,1912
run/prompts/decision_mock-64394-c3bb8d94-dec-000151_tools.json,run,.json,1466
run/prompts/decision_mock-64394-c3bb8d94-dec-000151_user.json,run,.json,14737
run/prompts/decision_mock-64394-c3bb8d94-dec-000152_parsed.json,run,.json,1785
run/prompts/decision_mock-64394-c3bb8d94-dec-000152_response.json,run,.json,23403
run/prompts/decision_mock-64394-c3bb8d94-dec-000152_system.txt,run,.txt,1912
run/prompts/decision_mock-64394-c3bb8d94-dec-000152_tools.json,run,.json,1466
run/prompts/decision_mock-64394-c3bb8d94-dec-000152_user.json,run,.json,13298
run/prompts/decision_mock-64394-c3bb8d94-dec-000153_parsed.json,run,.json,3525
run/prompts/decision_mock-64394-c3bb8d94-dec-000153_response.json,run,.json,9748
run/prompts/decision_mock-64394-c3bb8d94-dec-000153_system.txt,run,.txt,1912
run/prompts/decision_mock-64394-c3bb8d94-dec-000153_tools.json,run,.json,1539
run/prompts/decision_mock-64394-c3bb8d94-dec-000153_user.json,run,.json,14432
run/prompts/decision_mock-64394-c3bb8d94-dec-000154_parsed.json,run,.json,3557
run/prompts/decision_mock-64394-c3bb8d94-dec-000154_response.json,run,.json,23892
run/prompts/decision_mock-64394-c3bb8d94-dec-000154_system.txt,run,.txt,1912
run/prompts/decision_mock-64394-c3bb8d94-dec-000154_tools.json,run,.json,1539
run/prompts/decision_mock-64394-c3bb8d94-dec-000154_user.json,run,.json,14561
run/prompts/decision_mock-64394-c3bb8d94-dec-000155_parsed.json,run,.json,2033
run/prompts/decision_mock-64394-c3bb8d94-dec-000155_response.json,run,.json,5376
run/prompts/decision_mock-64394-c3bb8d94-dec-000155_system.txt,run,.txt,1912
run/prompts/decision_mock-64394-c3bb8d94-dec-000155_tools.json,run,.json,1539
run/prompts/decision_mock-64394-c3bb8d94-dec-000155_user.json,run,.json,13344
run/prompts/decision_mock-64394-c3bb8d94-dec-000156_parsed.json,run,.json,3011
run/prompts/decision_mock-64394-c3bb8d94-dec-000156_response.json,run,.json,32851
run/prompts/decision_mock-64394-c3bb8d94-dec-000156_system.txt,run,.txt,1912
run/prompts/decision_mock-64394-c3bb8d94-dec-000156_tools.json,run,.json,1539
run/prompts/decision_mock-64394-c3bb8d94-dec-000156_user.json,run,.json,13078
run/prompts/decision_mock-64394-c3bb8d94-dec-000157_parsed.json,run,.json,3389
run/prompts/decision_mock-64394-c3bb8d94-dec-000157_response.json,run,.json,12657
run/prompts/decision_mock-64394-c3bb8d94-dec-000157_system.txt,run,.txt,1912
run/prompts/decision_mock-64394-c3bb8d94-dec-000157_tools.json,run,.json,1466
run/prompts/decision_mock-64394-c3bb8d94-dec-000157_user.json,run,.json,14760
run/prompts/decision_mock-64394-c3bb8d94-dec-000158_parsed.json,run,.json,3043
run/prompts/decision_mock-64394-c3bb8d94-dec-000158_response.json,run,.json,20758
run/prompts/decision_mock-64394-c3bb8d94-dec-000158_system.txt,run,.txt,1912
run/prompts/decision_mock-64394-c3bb8d94-dec-000158_tools.json,run,.json,1539
run/prompts/decision_mock-64394-c3bb8d94-dec-000158_user.json,run,.json,13356
run/prompts/decision_mock-64394-c3bb8d94-dec-000159_parsed.json,run,.json,3765
run/prompts/decision_mock-64394-c3bb8d94-dec-000159_response.json,run,.json,11509
run/prompts/decision_mock-64394-c3bb8d94-dec-000159_system.txt,run,.txt,1912
run/prompts/decision_mock-64394-c3bb8d94-dec-000159_tools.json,run,.json,1466
run/prompts/decision_mock-64394-c3bb8d94-dec-000159_user.json,run,.json,14641
run/prompts/decision_mock-64394-c3bb8d94-dec-000160_parsed.json,run,.json,2663
run/prompts/decision_mock-64394-c3bb8d94-dec-000160_response.json,run,.json,18310
run/prompts/decision_mock-64394-c3bb8d94-dec-000160_system.txt,run,.txt,1912
run/prompts/decision_mock-64394-c3bb8d94-dec-000160_tools.json,run,.json,1539
run/prompts/decision_mock-64394-c3bb8d94-dec-000160_user.json,run,.json,13124
run/prompts/decision_mock-64394-c3bb8d94-dec-000161_parsed.json,run,.json,3273
run/prompts/decision_mock-64394-c3bb8d94-dec-000161_response.json,run,.json,12631
run/prompts/decision_mock-64394-c3bb8d94-dec-000161_system.txt,run,.txt,1912
run/prompts/decision_mock-64394-c3bb8d94-dec-000161_tools.json,run,.json,1466
run/prompts/decision_mock-64394-c3bb8d94-dec-000161_user.json,run,.json,14457
run/prompts/decision_mock-64394-c3bb8d94-dec-000162_parsed.json,run,.json,1785
run/prompts/decision_mock-64394-c3bb8d94-dec-000162_response.json,run,.json,11352
run/prompts/decision_mock-64394-c3bb8d94-dec-000162_system.txt,run,.txt,1912
run/prompts/decision_mock-64394-c3bb8d94-dec-000162_tools.json,run,.json,1539
run/prompts/decision_mock-64394-c3bb8d94-dec-000162_user.json,run,.json,12734
run/prompts/decision_mock-64394-c3bb8d94-dec-000163_parsed.json,run,.json,2555
run/prompts/decision_mock-64394-c3bb8d94-dec-000163_response.json,run,.json,14656
run/prompts/decision_mock-64394-c3bb8d94-dec-000163_system.txt,run,.txt,1912
run/prompts/decision_mock-64394-c3bb8d94-dec-000163_tools.json,run,.json,632
run/prompts/decision_mock-64394-c3bb8d94-dec-000163_user.json,run,.json,13586
run/prompts/decision_mock-64394-c3bb8d94-dec-000164_parsed.json,run,.json,2635
run/prompts/decision_mock-64394-c3bb8d94-dec-000164_response.json,run,.json,6524
run/prompts/decision_mock-64394-c3bb8d94-dec-000164_system.txt,run,.txt,1912
run/prompts/decision_mock-64394-c3bb8d94-dec-000164_tools.json,run,.json,652
run/prompts/decision_mock-64394-c3bb8d94-dec-000164_user.json,run,.json,13528
run/prompts/decision_mock-64394-c3bb8d94-dec-000165_parsed.json,run,.json,2251
run/prompts/decision_mock-64394-c3bb8d94-dec-000165_response.json,run,.json,8642
run/prompts/decision_mock-64394-c3bb8d94-dec-000165_system.txt,run,.txt,1912
run/prompts/decision_mock-64394-c3bb8d94-dec-000165_tools.json,run,.json,652
run/prompts/decision_mock-64394-c3bb8d94-dec-000165_user.json,run,.json,11887
run/prompts/decision_mock-64394-c3bb8d94-dec-000166_parsed.json,run,.json,1835
run/prompts/decision_mock-64394-c3bb8d94-dec-000166_response.json,run,.json,10854
run/prompts/decision_mock-64394-c3bb8d94-dec-000166_system.txt,run,.txt,1912
run/prompts/decision_mock-64394-c3bb8d94-dec-000166_tools.json,run,.json,652
run/prompts/decision_mock-64394-c3bb8d94-dec-000166_user.json,run,.json,11395
run/prompts/decision_mock-64394-c3bb8d94-dec-000167_parsed.json,run,.json,2131
run/prompts/decision_mock-64394-c3bb8d94-dec-000167_response.json,run,.json,10489
run/prompts/decision_mock-64394-c3bb8d94-dec-000167_system.txt,run,.txt,1912
run/prompts/decision_mock-64394-c3bb8d94-dec-000167_tools.json,run,.json,652
run/prompts/decision_mock-64394-c3bb8d94-dec-000167_user.json,run,.json,12936
run/prompts/decision_mock-64394-c3bb8d94-dec-000168_parsed.json,run,.json,2839
run/prompts/decision_mock-64394-c3bb8d94-dec-000168_response.json,run,.json,6161
run/prompts/decision_mock-64394-c3bb8d94-dec-000168_system.txt,run,.txt,1912
run/prompts/decision_mock-64394-c3bb8d94-dec-000168_tools.json,run,.json,652
run/prompts/decision_mock-64394-c3bb8d94-dec-000168_user.json,run,.json,13156
run/prompts/decision_mock-64394-c3bb8d94-dec-000169_parsed.json,run,.json,2351
run/prompts/decision_mock-64394-c3bb8d94-dec-000169_response.json,run,.json,9095
run/prompts/decision_mock-64394-c3bb8d94-dec-000169_system.txt,run,.txt,1912
run/prompts/decision_mock-64394-c3bb8d94-dec-000169_tools.json,run,.json,652
run/prompts/decision_mock-64394-c3bb8d94-dec-000169_user.json,run,.json,11737
run/prompts/decision_mock-64394-c3bb8d94-dec-000170_parsed.json,run,.json,1725
run/prompts/decision_mock-64394-c3bb8d94-dec-000170_response.json,run,.json,18845
run/prompts/decision_mock-64394-c3bb8d94-dec-000170_system.txt,run,.txt,1912
run/prompts/decision_mock-64394-c3bb8d94-dec-000170_tools.json,run,.json,652
run/prompts/decision_mock-64394-c3bb8d94-dec-000170_user.json,run,.json,11178
run/prompts/decision_mock-64394-c3bb8d94-dec-000171_parsed.json,run,.json,3001
run/prompts/decision_mock-64394-c3bb8d94-dec-000171_response.json,run,.json,7367
run/prompts/decision_mock-64394-c3bb8d94-dec-000171_system.txt,run,.txt,1912
run/prompts/decision_mock-64394-c3bb8d94-dec-000171_tools.json,run,.json,652
run/prompts/decision_mock-64394-c3bb8d94-dec-000171_user.json,run,.json,13109
run/prompts/decision_mock-64394-c3bb8d94-dec-000172_parsed.json,run,.json,2423
run/prompts/decision_mock-64394-c3bb8d94-dec-000172_response.json,run,.json,17342
run/prompts/decision_mock-64394-c3bb8d94-dec-000172_system.txt,run,.txt,1912
run/prompts/decision_mock-64394-c3bb8d94-dec-000172_tools.json,run,.json,1539
run/prompts/decision_mock-64394-c3bb8d94-dec-000172_user.json,run,.json,12402
run/prompts/decision_mock-64394-c3bb8d94-dec-000173_parsed.json,run,.json,2211
run/prompts/decision_mock-64394-c3bb8d94-dec-000173_response.json,run,.json,14724
run/prompts/decision_mock-64394-c3bb8d94-dec-000173_system.txt,run,.txt,1912
run/prompts/decision_mock-64394-c3bb8d94-dec-000173_tools.json,run,.json,1539
run/prompts/decision_mock-64394-c3bb8d94-dec-000173_user.json,run,.json,12305
run/prompts/decision_mock-64394-c3bb8d94-dec-000174_parsed.json,run,.json,2667
run/prompts/decision_mock-64394-c3bb8d94-dec-000174_response.json,run,.json,15338
run/prompts/decision_mock-64394-c3bb8d94-dec-000174_system.txt,run,.txt,1912
run/prompts/decision_mock-64394-c3bb8d94-dec-000174_tools.json,run,.json,1539
run/prompts/decision_mock-64394-c3bb8d94-dec-000174_user.json,run,.json,11771
run/prompts/decision_mock-64394-c3bb8d94-dec-000175_parsed.json,run,.json,2841
run/prompts/decision_mock-64394-c3bb8d94-dec-000175_response.json,run,.json,11498
run/prompts/decision_mock-64394-c3bb8d94-dec-000175_system.txt,run,.txt,1912
run/prompts/decision_mock-64394-c3bb8d94-dec-000175_tools.json,run,.json,1539
run/prompts/decision_mock-64394-c3bb8d94-dec-000175_user.json,run,.json,12247
run/prompts/decision_mock-64394-c3bb8d94-dec-000176_parsed.json,run,.json,2737
run/prompts/decision_mock-64394-c3bb8d94-dec-000176_response.json,run,.json,15992
run/prompts/decision_mock-64394-c3bb8d94-dec-000176_system.txt,run,.txt,1912
run/prompts/decision_mock-64394-c3bb8d94-dec-000176_tools.json,run,.json,1539
run/prompts/decision_mock-64394-c3bb8d94-dec-000176_user.json,run,.json,11848
run/prompts/decision_mock-64394-c3bb8d94-dec-000177_parsed.json,run,.json,2317
run/prompts/decision_mock-64394-c3bb8d94-dec-000177_response.json,run,.json,5307
run/prompts/decision_mock-64394-c3bb8d94-dec-000177_system.txt,run,.txt,1912
run/prompts/decision_mock-64394-c3bb8d94-dec-000177_tools.json,run,.json,1539
run/prompts/decision_mock-64394-c3bb8d94-dec-000177_user.json,run,.json,10417
run/prompts/decision_mock-64394-c3bb8d94-dec-000178_parsed.json,run,.json,2707
run/prompts/decision_mock-64394-c3bb8d94-dec-000178_response.json,run,.json,9902
run/prompts/decision_mock-64394-c3bb8d94-dec-000178_system.txt,run,.txt,1912
run/prompts/decision_mock-64394-c3bb8d94-dec-000178_tools.json,run,.json,1539
run/prompts/decision_mock-64394-c3bb8d94-dec-000178_user.json,run,.json,9716
run/prompts/decision_mock-64394-c3bb8d94-dec-000179_parsed.json,run,.json,2957
run/prompts/decision_mock-64394-c3bb8d94-dec-000179_response.json,run,.json,5754
run/prompts/decision_mock-64394-c3bb8d94-dec-000179_system.txt,run,.txt,1912
run/prompts/decision_mock-64394-c3bb8d94-dec-000179_tools.json,run,.json,1466
run/prompts/decision_mock-64394-c3bb8d94-dec-000179_user.json,run,.json,11497
run/prompts/decision_mock-64394-c3bb8d94-dec-000180_parsed.json,run,.json,2935
run/prompts/decision_mock-64394-c3bb8d94-dec-000180_response.json,run,.json,6126
run/prompts/decision_mock-64394-c3bb8d94-dec-000180_system.txt,run,.txt,1912
run/prompts/decision_mock-64394-c3bb8d94-dec-000180_tools.json,run,.json,1539
run/prompts/decision_mock-64394-c3bb8d94-dec-000180_user.json,run,.json,9851
run/prompts/decision_mock-64394-c3bb8d94-dec-000181_parsed.json,run,.json,2769
run/prompts/decision_mock-64394-c3bb8d94-dec-000181_response.json,run,.json,8184
run/prompts/decision_mock-64394-c3bb8d94-dec-000181_system.txt,run,.txt,1912
run/prompts/decision_mock-64394-c3bb8d94-dec-000181_tools.json,run,.json,1466
run/prompts/decision_mock-64394-c3bb8d94-dec-000181_user.json,run,.json,11478
run/prompts/decision_mock-64394-c3bb8d94-dec-000182_parsed.json,run,.json,3287
run/prompts/decision_mock-64394-c3bb8d94-dec-000182_response.json,run,.json,29085
run/prompts/decision_mock-64394-c3bb8d94-dec-000182_system.txt,run,.txt,1912
run/prompts/decision_mock-64394-c3bb8d94-dec-000182_tools.json,run,.json,1539
run/prompts/decision_mock-64394-c3bb8d94-dec-000182_user.json,run,.json,9932
run/prompts/decision_mock-64394-c3bb8d94-dec-000183_parsed.json,run,.json,4609
run/prompts/decision_mock-64394-c3bb8d94-dec-000183_response.json,run,.json,12145
run/prompts/decision_mock-64394-c3bb8d94-dec-000183_system.txt,run,.txt,1912
run/prompts/decision_mock-64394-c3bb8d94-dec-000183_tools.json,run,.json,1466
run/prompts/decision_mock-64394-c3bb8d94-dec-000183_user.json,run,.json,11535
run/prompts/decision_mock-64394-c3bb8d94-dec-000184_parsed.json,run,.json,1897
run/prompts/decision_mock-64394-c3bb8d94-dec-000184_response.json,run,.json,6262
run/prompts/decision_mock-64394-c3bb8d94-dec-000184_system.txt,run,.txt,1912
run/prompts/decision_mock-64394-c3bb8d94-dec-000184_tools.json,run,.json,1539
run/prompts/decision_mock-64394-c3bb8d94-dec-000184_user.json,run,.json,10298
run/prompts/decision_mock-64394-c3bb8d94-dec-000185_parsed.json,run,.json,1813
run/prompts/decision_mock-64394-c3bb8d94-dec-000185_response.json,run,.json,3754
run/prompts/decision_mock-64394-c3bb8d94-dec-000185_system.txt,run,.txt,1912
run/prompts/decision_mock-64394-c3bb8d94-dec-000185_tools.json,run,.json,1539
run/prompts/decision_mock-64394-c3bb8d94-dec-000185_user.json,run,.json,10358
run/prompts/decision_mock-64394-c3bb8d94-dec-000186_parsed.json,run,.json,2147
run/prompts/decision_mock-64394-c3bb8d94-dec-000186_response.json,run,.json,14536
run/prompts/decision_mock-64394-c3bb8d94-dec-000186_system.txt,run,.txt,1912
run/prompts/decision_mock-64394-c3bb8d94-dec-000186_tools.json,run,.json,1539
run/prompts/decision_mock-64394-c3bb8d94-dec-000186_user.json,run,.json,11362
run/prompts/decision_mock-64394-c3bb8d94-dec-000187_parsed.json,run,.json,3053
run/prompts/decision_mock-64394-c3bb8d94-dec-000187_response.json,run,.json,12253
run/prompts/decision_mock-64394-c3bb8d94-dec-000187_system.txt,run,.txt,1912
run/prompts/decision_mock-64394-c3bb8d94-dec-000187_tools.json,run,.json,1539
run/prompts/decision_mock-64394-c3bb8d94-dec-000187_user.json,run,.json,12211
run/prompts/decision_mock-64394-c3bb8d94-dec-000188_parsed.json,run,.json,2617
run/prompts/decision_mock-64394-c3bb8d94-dec-000188_response.json,run,.json,5381
run/prompts/decision_mock-64394-c3bb8d94-dec-000188_system.txt,run,.txt,1912
run/prompts/decision_mock-64394-c3bb8d94-dec-000188_tools.json,run,.json,1539
run/prompts/decision_mock-64394-c3bb8d94-dec-000188_user.json,run,.json,10853
run/prompts/decision_mock-64394-c3bb8d94-dec-000189_parsed.json,run,.json,2759
run/prompts/decision_mock-64394-c3bb8d94-dec-000189_response.json,run,.json,38912
run/prompts/decision_mock-64394-c3bb8d94-dec-000189_system.txt,run,.txt,1912
run/prompts/decision_mock-64394-c3bb8d94-dec-000189_tools.json,run,.json,1539
run/prompts/decision_mock-64394-c3bb8d94-dec-000189_user.json,run,.json,10246
run/prompts/decision_mock-64394-c3bb8d94-dec-000190_parsed.json,run,.json,4595
run/prompts/decision_mock-64394-c3bb8d94-dec-000190_response.json,run,.json,18705
run/prompts/decision_mock-64394-c3bb8d94-dec-000190_system.txt,run,.txt,1912
run/prompts/decision_mock-64394-c3bb8d94-dec-000190_tools.json,run,.json,1466
run/prompts/decision_mock-64394-c3bb8d94-dec-000190_user.json,run,.json,12084
run/prompts/decision_mock-64394-c3bb8d94-dec-000191_parsed.json,run,.json,1713
run/prompts/decision_mock-64394-c3bb8d94-dec-000191_response.json,run,.json,13916
run/prompts/decision_mock-64394-c3bb8d94-dec-000191_system.txt,run,.txt,1912
run/prompts/decision_mock-64394-c3bb8d94-dec-000191_tools.json,run,.json,1466
run/prompts/decision_mock-64394-c3bb8d94-dec-000191_user.json,run,.json,10458
run/prompts/decision_mock-64394-c3bb8d94-dec-000192_parsed.json,run,.json,3067
run/prompts/decision_mock-64394-c3bb8d94-dec-000192_response.json,run,.json,24668
run/prompts/decision_mock-64394-c3bb8d94-dec-000192_system.txt,run,.txt,1912
run/prompts/decision_mock-64394-c3bb8d94-dec-000192_tools.json,run,.json,1539
run/prompts/decision_mock-64394-c3bb8d94-dec-000192_user.json,run,.json,10638
run/prompts/decision_mock-64394-c3bb8d94-dec-000193_parsed.json,run,.json,2809
run/prompts/decision_mock-64394-c3bb8d94-dec-000193_response.json,run,.json,9060
run/prompts/decision_mock-64394-c3bb8d94-dec-000193_system.txt,run,.txt,1912
run/prompts/decision_mock-64394-c3bb8d94-dec-000193_tools.json,run,.json,1466
run/prompts/decision_mock-64394-c3bb8d94-dec-000193_user.json,run,.json,12784
run/prompts/decision_mock-64394-c3bb8d94-dec-000194_parsed.json,run,.json,1777
run/prompts/decision_mock-64394-c3bb8d94-dec-000194_response.json,run,.json,8987
run/prompts/decision_mock-64394-c3bb8d94-dec-000194_system.txt,run,.txt,1912
run/prompts/decision_mock-64394-c3bb8d94-dec-000194_tools.json,run,.json,1539
run/prompts/decision_mock-64394-c3bb8d94-dec-000194_user.json,run,.json,11035
run/prompts/decision_mock-64394-c3bb8d94-dec-000195_parsed.json,run,.json,2615
run/prompts/decision_mock-64394-c3bb8d94-dec-000195_response.json,run,.json,12655
run/prompts/decision_mock-64394-c3bb8d94-dec-000195_system.txt,run,.txt,1912
run/prompts/decision_mock-64394-c3bb8d94-dec-000195_tools.json,run,.json,922
run/prompts/decision_mock-64394-c3bb8d94-dec-000195_user.json,run,.json,11517
run/prompts/decision_mock-64394-c3bb8d94-dec-000196_parsed.json,run,.json,2403
run/prompts/decision_mock-64394-c3bb8d94-dec-000196_response.json,run,.json,15094
run/prompts/decision_mock-64394-c3bb8d94-dec-000196_system.txt,run,.txt,1912
run/prompts/decision_mock-64394-c3bb8d94-dec-000196_tools.json,run,.json,1539
run/prompts/decision_mock-64394-c3bb8d94-dec-000196_user.json,run,.json,11714
run/prompts/decision_mock-64394-c3bb8d94-dec-000197_parsed.json,run,.json,3297
run/prompts/decision_mock-64394-c3bb8d94-dec-000197_response.json,run,.json,14110
run/prompts/decision_mock-64394-c3bb8d94-dec-000197_system.txt,run,.txt,1912
run/prompts/decision_mock-64394-c3bb8d94-dec-000197_tools.json,run,.json,1539
run/prompts/decision_mock-64394-c3bb8d94-dec-000197_user.json,run,.json,12584
run/prompts/decision_mock-64394-c3bb8d94-dec-000198_parsed.json,run,.json,2149
run/prompts/decision_mock-64394-c3bb8d94-dec-000198_response.json,run,.json,9821
run/prompts/decision_mock-64394-c3bb8d94-dec-000198_system.txt,run,.txt,1912
run/prompts/decision_mock-64394-c3bb8d94-dec-000198_tools.json,run,.json,1539
run/prompts/decision_mock-64394-c3bb8d94-dec-000198_user.json,run,.json,11009
run/prompts/decision_mock-64394-c3bb8d94-dec-000199_parsed.json,run,.json,1633
run/prompts/decision_mock-64394-c3bb8d94-dec-000199_response.json,run,.json,9035
run/prompts/decision_mock-64394-c3bb8d94-dec-000199_system.txt,run,.txt,1912
run/prompts/decision_mock-64394-c3bb8d94-dec-000199_tools.json,run,.json,1539
run/prompts/decision_mock-64394-c3bb8d94-dec-000199_user.json,run,.json,10281
run/prompts/decision_mock-64394-c3bb8d94-dec-000200_parsed.json,run,.json,2671
run/prompts/decision_mock-64394-c3bb8d94-dec-000200_response.json,run,.json,30223
run/prompts/decision_mock-64394-c3bb8d94-dec-000200_system.txt,run,.txt,1912
run/prompts/decision_mock-64394-c3bb8d94-dec-000200_tools.json,run,.json,1539
run/prompts/decision_mock-64394-c3bb8d94-dec-000200_user.json,run,.json,11077
run/prompts/decision_mock-64394-c3bb8d94-dec-000201_parsed.json,run,.json,3037
run/prompts/decision_mock-64394-c3bb8d94-dec-000201_response.json,run,.json,10915
run/prompts/decision_mock-64394-c3bb8d94-dec-000201_system.txt,run,.txt,1912
run/prompts/decision_mock-64394-c3bb8d94-dec-000201_tools.json,run,.json,1539
run/prompts/decision_mock-64394-c3bb8d94-dec-000201_user.json,run,.json,12480
run/prompts/decision_mock-64394-c3bb8d94-dec-000202_parsed.json,run,.json,2905
run/prompts/decision_mock-64394-c3bb8d94-dec-000202_response.json,run,.json,6321
run/prompts/decision_mock-64394-c3bb8d94-dec-000202_system.txt,run,.txt,1912
run/prompts/decision_mock-64394-c3bb8d94-dec-000202_tools.json,run,.json,632
run/prompts/decision_mock-64394-c3bb8d94-dec-000202_user.json,run,.json,12232
run/prompts/decision_mock-64394-c3bb8d94-dec-000203_parsed.json,run,.json,2453
run/prompts/decision_mock-64394-c3bb8d94-dec-000203_response.json,run,.json,9529
run/prompts/decision_mock-64394-c3bb8d94-dec-000203_system.txt,run,.txt,1912
run/prompts/decision_mock-64394-c3bb8d94-dec-000203_tools.json,run,.json,1539
run/prompts/decision_mock-64394-c3bb8d94-dec-000203_user.json,run,.json,12676
run/prompts/decision_mock-64394-c3bb8d94-dec-000204_parsed.json,run,.json,2145
run/prompts/decision_mock-64394-c3bb8d94-dec-000204_response.json,run,.json,9371
run/prompts/decision_mock-64394-c3bb8d94-dec-000204_system.txt,run,.txt,1912
run/prompts/decision_mock-64394-c3bb8d94-dec-000204_tools.json,run,.json,1539
run/prompts/decision_mock-64394-c3bb8d94-dec-000204_user.json,run,.json,11293
run/prompts/decision_mock-64394-c3bb8d94-dec-000205_parsed.json,run,.json,1741
run/prompts/decision_mock-64394-c3bb8d94-dec-000205_response.json,run,.json,8857
run/prompts/decision_mock-64394-c3bb8d94-dec-000205_system.txt,run,.txt,1912
run/prompts/decision_mock-64394-c3bb8d94-dec-000205_tools.json,run,.json,1539
run/prompts/decision_mock-64394-c3bb8d94-dec-000205_user.json,run,.json,10439
run/prompts/decision_mock-64394-c3bb8d94-dec-000206_parsed.json,run,.json,2557
run/prompts/decision_mock-64394-c3bb8d94-dec-000206_response.json,run,.json,7212
run/prompts/decision_mock-64394-c3bb8d94-dec-000206_system.txt,run,.txt,1912
run/prompts/decision_mock-64394-c3bb8d94-dec-000206_tools.json,run,.json,922
run/prompts/decision_mock-64394-c3bb8d94-dec-000206_user.json,run,.json,11730
run/prompts/decision_mock-64394-c3bb8d94-dec-000207_parsed.json,run,.json,2557
run/prompts/decision_mock-64394-c3bb8d94-dec-000207_response.json,run,.json,12772
run/prompts/decision_mock-64394-c3bb8d94-dec-000207_system.txt,run,.txt,1912
run/prompts/decision_mock-64394-c3bb8d94-dec-000207_tools.json,run,.json,1539
run/prompts/decision_mock-64394-c3bb8d94-dec-000207_user.json,run,.json,11675
run/prompts/decision_mock-64394-c3bb8d94-dec-000208_parsed.json,run,.json,1793
run/prompts/decision_mock-64394-c3bb8d94-dec-000208_response.json,run,.json,6372
run/prompts/decision_mock-64394-c3bb8d94-dec-000208_system.txt,run,.txt,1912
run/prompts/decision_mock-64394-c3bb8d94-dec-000208_tools.json,run,.json,1539
run/prompts/decision_mock-64394-c3bb8d94-dec-000208_user.json,run,.json,10384
run/prompts/decision_mock-64394-c3bb8d94-dec-000209_parsed.json,run,.json,2521
run/prompts/decision_mock-64394-c3bb8d94-dec-000209_response.json,run,.json,5634
run/prompts/decision_mock-64394-c3bb8d94-dec-000209_system.txt,run,.txt,1912
run/prompts/decision_mock-64394-c3bb8d94-dec-000209_tools.json,run,.json,1539
run/prompts/decision_mock-64394-c3bb8d94-dec-000209_user.json,run,.json,10054
run/prompts/decision_mock-64394-c3bb8d94-dec-000210_parsed.json,run,.json,1829
run/prompts/decision_mock-64394-c3bb8d94-dec-000210_response.json,run,.json,23738
run/prompts/decision_mock-64394-c3bb8d94-dec-000210_system.txt,run,.txt,1912
run/prompts/decision_mock-64394-c3bb8d94-dec-000210_tools.json,run,.json,1539
run/prompts/decision_mock-64394-c3bb8d94-dec-000210_user.json,run,.json,9362
run/prompts/decision_mock-64394-c3bb8d94-dec-000211_parsed.json,run,.json,2147
run/prompts/decision_mock-64394-c3bb8d94-dec-000211_response.json,run,.json,18009
run/prompts/decision_mock-64394-c3bb8d94-dec-000211_system.txt,run,.txt,1912
run/prompts/decision_mock-64394-c3bb8d94-dec-000211_tools.json,run,.json,922
run/prompts/decision_mock-64394-c3bb8d94-dec-000211_user.json,run,.json,9867
run/prompts/decision_mock-64394-c3bb8d94-dec-000212_parsed.json,run,.json,2483
run/prompts/decision_mock-64394-c3bb8d94-dec-000212_response.json,run,.json,16141
run/prompts/decision_mock-64394-c3bb8d94-dec-000212_system.txt,run,.txt,1912
run/prompts/decision_mock-64394-c3bb8d94-dec-000212_tools.json,run,.json,1539
run/prompts/decision_mock-64394-c3bb8d94-dec-000212_user.json,run,.json,10204
run/prompts/decision_mock-64394-c3bb8d94-dec-000213_parsed.json,run,.json,2889
run/prompts/decision_mock-64394-c3bb8d94-dec-000213_response.json,run,.json,11780
run/prompts/decision_mock-64394-c3bb8d94-dec-000213_system.txt,run,.txt,1912
run/prompts/decision_mock-64394-c3bb8d94-dec-000213_tools.json,run,.json,1539
run/prompts/decision_mock-64394-c3bb8d94-dec-000213_user.json,run,.json,11475
run/prompts/decision_mock-64394-c3bb8d94-dec-000214_parsed.json,run,.json,2265
run/prompts/decision_mock-64394-c3bb8d94-dec-000214_response.json,run,.json,5354
run/prompts/decision_mock-64394-c3bb8d94-dec-000214_system.txt,run,.txt,1912
run/prompts/decision_mock-64394-c3bb8d94-dec-000214_tools.json,run,.json,1539
run/prompts/decision_mock-64394-c3bb8d94-dec-000214_user.json,run,.json,9876
run/prompts/decision_mock-64394-c3bb8d94-dec-000215_parsed.json,run,.json,1857
run/prompts/decision_mock-64394-c3bb8d94-dec-000215_response.json,run,.json,3091
run/prompts/decision_mock-64394-c3bb8d94-dec-000215_system.txt,run,.txt,1912
run/prompts/decision_mock-64394-c3bb8d94-dec-000215_tools.json,run,.json,1539
run/prompts/decision_mock-64394-c3bb8d94-dec-000215_user.json,run,.json,9132
run/prompts/decision_mock-64394-c3bb8d94-dec-000216_parsed.json,run,.json,2491
run/prompts/decision_mock-64394-c3bb8d94-dec-000216_response.json,run,.json,27611
run/prompts/decision_mock-64394-c3bb8d94-dec-000216_system.txt,run,.txt,1912
run/prompts/decision_mock-64394-c3bb8d94-dec-000216_tools.json,run,.json,1539
run/prompts/decision_mock-64394-c3bb8d94-dec-000216_user.json,run,.json,10012
run/prompts/decision_mock-64394-c3bb8d94-dec-000217_parsed.json,run,.json,2201
run/prompts/decision_mock-64394-c3bb8d94-dec-000217_response.json,run,.json,5667
run/prompts/decision_mock-64394-c3bb8d94-dec-000217_system.txt,run,.txt,1912
run/prompts/decision_mock-64394-c3bb8d94-dec-000217_tools.json,run,.json,1539
run/prompts/decision_mock-64394-c3bb8d94-dec-000217_user.json,run,.json,9939
run/prompts/decision_mock-64394-c3bb8d94-dec-000218_parsed.json,run,.json,2707
run/prompts/decision_mock-64394-c3bb8d94-dec-000218_response.json,run,.json,36915
run/prompts/decision_mock-64394-c3bb8d94-dec-000218_system.txt,run,.txt,1912
run/prompts/decision_mock-64394-c3bb8d94-dec-000218_tools.json,run,.json,1539
run/prompts/decision_mock-64394-c3bb8d94-dec-000218_user.json,run,.json,9028
run/prompts/decision_mock-64394-c3bb8d94-dec-000219_parsed.json,run,.json,3417
run/prompts/decision_mock-64394-c3bb8d94-dec-000219_response.json,run,.json,14433
run/prompts/decision_mock-64394-c3bb8d94-dec-000219_system.txt,run,.txt,1912
run/prompts/decision_mock-64394-c3bb8d94-dec-000219_tools.json,run,.json,1466
run/prompts/decision_mock-64394-c3bb8d94-dec-000219_user.json,run,.json,10924
run/prompts/decision_mock-64394-c3bb8d94-dec-000220_parsed.json,run,.json,1661
run/prompts/decision_mock-64394-c3bb8d94-dec-000220_response.json,run,.json,14232
run/prompts/decision_mock-64394-c3bb8d94-dec-000220_system.txt,run,.txt,1912
run/prompts/decision_mock-64394-c3bb8d94-dec-000220_tools.json,run,.json,1539
run/prompts/decision_mock-64394-c3bb8d94-dec-000220_user.json,run,.json,9374
run/prompts/decision_mock-64394-c3bb8d94-dec-000221_parsed.json,run,.json,3343
run/prompts/decision_mock-64394-c3bb8d94-dec-000221_response.json,run,.json,17175
run/prompts/decision_mock-64394-c3bb8d94-dec-000221_system.txt,run,.txt,1912
run/prompts/decision_mock-64394-c3bb8d94-dec-000221_tools.json,run,.json,1539
run/prompts/decision_mock-64394-c3bb8d94-dec-000221_user.json,run,.json,10472
run/prompts/decision_mock-64394-c3bb8d94-dec-000222_parsed.json,run,.json,3101
run/prompts/decision_mock-64394-c3bb8d94-dec-000222_response.json,run,.json,13641
run/prompts/decision_mock-64394-c3bb8d94-dec-000222_system.txt,run,.txt,1912
run/prompts/decision_mock-64394-c3bb8d94-dec-000222_tools.json,run,.json,612
run/prompts/decision_mock-64394-c3bb8d94-dec-000222_user.json,run,.json,11193
run/prompts/decision_mock-64394-c3bb8d94-dec-000223_parsed.json,run,.json,2797
run/prompts/decision_mock-64394-c3bb8d94-dec-000223_response.json,run,.json,13951
run/prompts/decision_mock-64394-c3bb8d94-dec-000223_system.txt,run,.txt,1912
run/prompts/decision_mock-64394-c3bb8d94-dec-000223_tools.json,run,.json,1539
run/prompts/decision_mock-64394-c3bb8d94-dec-000223_user.json,run,.json,11581
run/prompts/decision_mock-64394-c3bb8d94-dec-000224_parsed.json,run,.json,2657
run/prompts/decision_mock-64394-c3bb8d94-dec-000224_response.json,run,.json,6685
run/prompts/decision_mock-64394-c3bb8d94-dec-000224_system.txt,run,.txt,1912
run/prompts/decision_mock-64394-c3bb8d94-dec-000224_tools.json,run,.json,1539
run/prompts/decision_mock-64394-c3bb8d94-dec-000224_user.json,run,.json,10562
run/prompts/decision_mock-64394-c3bb8d94-dec-000225_parsed.json,run,.json,2657
run/prompts/decision_mock-64394-c3bb8d94-dec-000225_response.json,run,.json,5397
run/prompts/decision_mock-64394-c3bb8d94-dec-000225_system.txt,run,.txt,1912
run/prompts/decision_mock-64394-c3bb8d94-dec-000225_tools.json,run,.json,1539
run/prompts/decision_mock-64394-c3bb8d94-dec-000225_user.json,run,.json,10725
run/prompts/decision_mock-64394-c3bb8d94-dec-000226_parsed.json,run,.json,2971
run/prompts/decision_mock-64394-c3bb8d94-dec-000226_response.json,run,.json,19279
run/prompts/decision_mock-64394-c3bb8d94-dec-000226_system.txt,run,.txt,1912
run/prompts/decision_mock-64394-c3bb8d94-dec-000226_tools.json,run,.json,1539
run/prompts/decision_mock-64394-c3bb8d94-dec-000226_user.json,run,.json,9629
run/prompts/decision_mock-64394-c3bb8d94-dec-000227_parsed.json,run,.json,1941
run/prompts/decision_mock-64394-c3bb8d94-dec-000227_response.json,run,.json,5498
run/prompts/decision_mock-64394-c3bb8d94-dec-000227_system.txt,run,.txt,1912
run/prompts/decision_mock-64394-c3bb8d94-dec-000227_tools.json,run,.json,1466
run/prompts/decision_mock-64394-c3bb8d94-dec-000227_user.json,run,.json,10707
run/prompts/decision_mock-64394-c3bb8d94-dec-000228_parsed.json,run,.json,1953
run/prompts/decision_mock-64394-c3bb8d94-dec-000228_response.json,run,.json,6029
run/prompts/decision_mock-64394-c3bb8d94-dec-000228_system.txt,run,.txt,1912
run/prompts/decision_mock-64394-c3bb8d94-dec-000228_tools.json,run,.json,1539
run/prompts/decision_mock-64394-c3bb8d94-dec-000228_user.json,run,.json,9874
run/prompts/decision_mock-64394-c3bb8d94-dec-000229_parsed.json,run,.json,2727
run/prompts/decision_mock-64394-c3bb8d94-dec-000229_response.json,run,.json,44240
run/prompts/decision_mock-64394-c3bb8d94-dec-000229_system.txt,run,.txt,1912
run/prompts/decision_mock-64394-c3bb8d94-dec-000229_tools.json,run,.json,1539
run/prompts/decision_mock-64394-c3bb8d94-dec-000229_user.json,run,.json,10993
run/prompts/decision_mock-64394-c3bb8d94-dec-000230_parsed.json,run,.json,2977
run/prompts/decision_mock-64394-c3bb8d94-dec-000230_response.json,run,.json,11895
run/prompts/decision_mock-64394-c3bb8d94-dec-000230_system.txt,run,.txt,1912
run/prompts/decision_mock-64394-c3bb8d94-dec-000230_tools.json,run,.json,1539
run/prompts/decision_mock-64394-c3bb8d94-dec-000230_user.json,run,.json,11825
run/prompts/decision_mock-64394-c3bb8d94-dec-000231_parsed.json,run,.json,2509
run/prompts/decision_mock-64394-c3bb8d94-dec-000231_response.json,run,.json,7523
run/prompts/decision_mock-64394-c3bb8d94-dec-000231_system.txt,run,.txt,1912
run/prompts/decision_mock-64394-c3bb8d94-dec-000231_tools.json,run,.json,1539
run/prompts/decision_mock-64394-c3bb8d94-dec-000231_user.json,run,.json,10866
run/prompts/decision_mock-64394-c3bb8d94-dec-000232_parsed.json,run,.json,3339
run/prompts/decision_mock-64394-c3bb8d94-dec-000232_response.json,run,.json,43038
run/prompts/decision_mock-64394-c3bb8d94-dec-000232_system.txt,run,.txt,1912
run/prompts/decision_mock-64394-c3bb8d94-dec-000232_tools.json,run,.json,1539
run/prompts/decision_mock-64394-c3bb8d94-dec-000232_user.json,run,.json,9756
run/prompts/decision_mock-64394-c3bb8d94-dec-000233_parsed.json,run,.json,955
run/prompts/decision_mock-64394-c3bb8d94-dec-000233_response.json,run,.json,4446
run/prompts/decision_mock-64394-c3bb8d94-dec-000233_retry1_parsed.json,run,.json,2084
run/prompts/decision_mock-64394-c3bb8d94-dec-000233_retry1_response.json,run,.json,5461
run/prompts/decision_mock-64394-c3bb8d94-dec-000233_retry1_system.txt,run,.txt,1912
run/prompts/decision_mock-64394-c3bb8d94-dec-000233_retry1_tools.json,run,.json,1466
run/prompts/decision_mock-64394-c3bb8d94-dec-000233_retry1_user.json,run,.json,10578
run/prompts/decision_mock-64394-c3bb8d94-dec-000233_system.txt,run,.txt,1912
run/prompts/decision_mock-64394-c3bb8d94-dec-000233_tools.json,run,.json,1466
run/prompts/decision_mock-64394-c3bb8d94-dec-000233_user.json,run,.json,10434
run/prompts/decision_mock-64394-c3bb8d94-dec-000234_parsed.json,run,.json,2711
run/prompts/decision_mock-64394-c3bb8d94-dec-000234_response.json,run,.json,24749
run/prompts/decision_mock-64394-c3bb8d94-dec-000234_system.txt,run,.txt,1912
run/prompts/decision_mock-64394-c3bb8d94-dec-000234_tools.json,run,.json,1539
run/prompts/decision_mock-64394-c3bb8d94-dec-000234_user.json,run,.json,9853
run/prompts/decision_mock-64394-c3bb8d94-dec-000235_parsed.json,run,.json,1977
run/prompts/decision_mock-64394-c3bb8d94-dec-000235_response.json,run,.json,5379
run/prompts/decision_mock-64394-c3bb8d94-dec-000235_system.txt,run,.txt,1912
run/prompts/decision_mock-64394-c3bb8d94-dec-000235_tools.json,run,.json,1466
run/prompts/decision_mock-64394-c3bb8d94-dec-000235_user.json,run,.json,10558
run/prompts/decision_mock-64394-c3bb8d94-dec-000236_parsed.json,run,.json,1965
run/prompts/decision_mock-64394-c3bb8d94-dec-000236_response.json,run,.json,10306
run/prompts/decision_mock-64394-c3bb8d94-dec-000236_system.txt,run,.txt,1912
run/prompts/decision_mock-64394-c3bb8d94-dec-000236_tools.json,run,.json,1539
run/prompts/decision_mock-64394-c3bb8d94-dec-000236_user.json,run,.json,9861
run/prompts/decision_mock-64394-c3bb8d94-dec-000237_parsed.json,run,.json,2295
run/prompts/decision_mock-64394-c3bb8d94-dec-000237_response.json,run,.json,28392
run/prompts/decision_mock-64394-c3bb8d94-dec-000237_system.txt,run,.txt,1912
run/prompts/decision_mock-64394-c3bb8d94-dec-000237_tools.json,run,.json,1539
run/prompts/decision_mock-64394-c3bb8d94-dec-000237_user.json,run,.json,11094
run/prompts/decision_mock-64394-c3bb8d94-dec-000238_parsed.json,run,.json,2117
run/prompts/decision_mock-64394-c3bb8d94-dec-000238_response.json,run,.json,5712
run/prompts/decision_mock-64394-c3bb8d94-dec-000238_system.txt,run,.txt,1912
run/prompts/decision_mock-64394-c3bb8d94-dec-000238_tools.json,run,.json,612
run/prompts/decision_mock-64394-c3bb8d94-dec-000238_user.json,run,.json,10221
run/prompts/decision_mock-64394-c3bb8d94-dec-000239_parsed.json,run,.json,3179
run/prompts/decision_mock-64394-c3bb8d94-dec-000239_response.json,run,.json,20633
run/prompts/decision_mock-64394-c3bb8d94-dec-000239_system.txt,run,.txt,1912
run/prompts/decision_mock-64394-c3bb8d94-dec-000239_tools.json,run,.json,1539
run/prompts/decision_mock-64394-c3bb8d94-dec-000239_user.json,run,.json,9503
run/prompts/decision_mock-64394-c3bb8d94-dec-000240_parsed.json,run,.json,2545
run/prompts/decision_mock-64394-c3bb8d94-dec-000240_response.json,run,.json,4425
run/prompts/decision_mock-64394-c3bb8d94-dec-000240_system.txt,run,.txt,1912
run/prompts/decision_mock-64394-c3bb8d94-dec-000240_tools.json,run,.json,1466
run/prompts/decision_mock-64394-c3bb8d94-dec-000240_user.json,run,.json,10410
run/prompts/decision_mock-64394-c3bb8d94-dec-000241_parsed.json,run,.json,2935
run/prompts/decision_mock-64394-c3bb8d94-dec-000241_response.json,run,.json,43124
run/prompts/decision_mock-64394-c3bb8d94-dec-000241_system.txt,run,.txt,1912
run/prompts/decision_mock-64394-c3bb8d94-dec-000241_tools.json,run,.json,1539
run/prompts/decision_mock-64394-c3bb8d94-dec-000241_user.json,run,.json,9945
run/prompts/decision_mock-64394-c3bb8d94-dec-000242_parsed.json,run,.json,3773
run/prompts/decision_mock-64394-c3bb8d94-dec-000242_response.json,run,.json,12729
run/prompts/decision_mock-64394-c3bb8d94-dec-000242_system.txt,run,.txt,1912
run/prompts/decision_mock-64394-c3bb8d94-dec-000242_tools.json,run,.json,1466
run/prompts/decision_mock-64394-c3bb8d94-dec-000242_user.json,run,.json,11768
run/prompts/decision_mock-64394-c3bb8d94-dec-000243_parsed.json,run,.json,3003
run/prompts/decision_mock-64394-c3bb8d94-dec-000243_response.json,run,.json,19354
run/prompts/decision_mock-64394-c3bb8d94-dec-000243_system.txt,run,.txt,1912
run/prompts/decision_mock-64394-c3bb8d94-dec-000243_tools.json,run,.json,1539
run/prompts/decision_mock-64394-c3bb8d94-dec-000243_user.json,run,.json,10375
run/prompts/decision_mock-64394-c3bb8d94-dec-000244_parsed.json,run,.json,3773
run/prompts/decision_mock-64394-c3bb8d94-dec-000244_response.json,run,.json,7190
run/prompts/decision_mock-64394-c3bb8d94-dec-000244_system.txt,run,.txt,1912
run/prompts/decision_mock-64394-c3bb8d94-dec-000244_tools.json,run,.json,1466
run/prompts/decision_mock-64394-c3bb8d94-dec-000244_user.json,run,.json,12319
run/prompts/decision_mock-64394-c3bb8d94-dec-000245_parsed.json,run,.json,1801
run/prompts/decision_mock-64394-c3bb8d94-dec-000245_response.json,run,.json,31216
run/prompts/decision_mock-64394-c3bb8d94-dec-000245_system.txt,run,.txt,1912
run/prompts/decision_mock-64394-c3bb8d94-dec-000245_tools.json,run,.json,1539
run/prompts/decision_mock-64394-c3bb8d94-dec-000245_user.json,run,.json,10877
run/prompts/decision_mock-64394-c3bb8d94-dec-000246_parsed.json,run,.json,2415
run/prompts/decision_mock-64394-c3bb8d94-dec-000246_response.json,run,.json,19232
run/prompts/decision_mock-64394-c3bb8d94-dec-000246_system.txt,run,.txt,1912
run/prompts/decision_mock-64394-c3bb8d94-dec-000246_tools.json,run,.json,1539
run/prompts/decision_mock-64394-c3bb8d94-dec-000246_user.json,run,.json,11889
run/prompts/decision_mock-64394-c3bb8d94-dec-000247_parsed.json,run,.json,2681
run/prompts/decision_mock-64394-c3bb8d94-dec-000247_response.json,run,.json,7386
run/prompts/decision_mock-64394-c3bb8d94-dec-000247_system.txt,run,.txt,1912
run/prompts/decision_mock-64394-c3bb8d94-dec-000247_tools.json,run,.json,612
run/prompts/decision_mock-64394-c3bb8d94-dec-000247_user.json,run,.json,12566
run/prompts/decision_mock-64394-c3bb8d94-dec-000248_parsed.json,run,.json,2845
run/prompts/decision_mock-64394-c3bb8d94-dec-000248_response.json,run,.json,16960
run/prompts/decision_mock-64394-c3bb8d94-dec-000248_system.txt,run,.txt,1912
run/prompts/decision_mock-64394-c3bb8d94-dec-000248_tools.json,run,.json,1539
run/prompts/decision_mock-64394-c3bb8d94-dec-000248_user.json,run,.json,13139
run/prompts/decision_mock-64394-c3bb8d94-dec-000249_parsed.json,run,.json,1837
run/prompts/decision_mock-64394-c3bb8d94-dec-000249_response.json,run,.json,3524
run/prompts/decision_mock-64394-c3bb8d94-dec-000249_system.txt,run,.txt,1912
run/prompts/decision_mock-64394-c3bb8d94-dec-000249_tools.json,run,.json,612
run/prompts/decision_mock-64394-c3bb8d94-dec-000249_user.json,run,.json,11313
run/prompts/decision_mock-64394-c3bb8d94-dec-000250_parsed.json,run,.json,1789
run/prompts/decision_mock-64394-c3bb8d94-dec-000250_response.json,run,.json,3815
run/prompts/decision_mock-64394-c3bb8d94-dec-000250_system.txt,run,.txt,1912
run/prompts/decision_mock-64394-c3bb8d94-dec-000250_tools.json,run,.json,1539
run/prompts/decision_mock-64394-c3bb8d94-dec-000250_user.json,run,.json,10710
run/prompts/decision_mock-64394-c3bb8d94-dec-000251_parsed.json,run,.json,2087
run/prompts/decision_mock-64394-c3bb8d94-dec-000251_response.json,run,.json,19069
run/prompts/decision_mock-64394-c3bb8d94-dec-000251_system.txt,run,.txt,1912
run/prompts/decision_mock-64394-c3bb8d94-dec-000251_tools.json,run,.json,632
run/prompts/decision_mock-64394-c3bb8d94-dec-000251_user.json,run,.json,11349
run/prompts/decision_mock-64394-c3bb8d94-dec-000252_parsed.json,run,.json,2455
run/prompts/decision_mock-64394-c3bb8d94-dec-000252_response.json,run,.json,9871
run/prompts/decision_mock-64394-c3bb8d94-dec-000252_system.txt,run,.txt,1912
run/prompts/decision_mock-64394-c3bb8d94-dec-000252_tools.json,run,.json,652
run/prompts/decision_mock-64394-c3bb8d94-dec-000252_user.json,run,.json,12443
run/prompts/decision_mock-64394-c3bb8d94-dec-000253_parsed.json,run,.json,2359
run/prompts/decision_mock-64394-c3bb8d94-dec-000253_response.json,run,.json,7098
run/prompts/decision_mock-64394-c3bb8d94-dec-000253_system.txt,run,.txt,1912
run/prompts/decision_mock-64394-c3bb8d94-dec-000253_tools.json,run,.json,652
run/prompts/decision_mock-64394-c3bb8d94-dec-000253_user.json,run,.json,11119
run/prompts/decision_mock-64394-c3bb8d94-dec-000254_parsed.json,run,.json,1739
run/prompts/decision_mock-64394-c3bb8d94-dec-000254_response.json,run,.json,23375
run/prompts/decision_mock-64394-c3bb8d94-dec-000254_system.txt,run,.txt,1912
run/prompts/decision_mock-64394-c3bb8d94-dec-000254_tools.json,run,.json,652
run/prompts/decision_mock-64394-c3bb8d94-dec-000254_user.json,run,.json,10513
run/prompts/decision_mock-64394-c3bb8d94-dec-000255_parsed.json,run,.json,2297
run/prompts/decision_mock-64394-c3bb8d94-dec-000255_response.json,run,.json,49151
run/prompts/decision_mock-64394-c3bb8d94-dec-000255_system.txt,run,.txt,1912
run/prompts/decision_mock-64394-c3bb8d94-dec-000255_tools.json,run,.json,652
run/prompts/decision_mock-64394-c3bb8d94-dec-000255_user.json,run,.json,11649
run/prompts/decision_mock-64394-c3bb8d94-dec-000256_parsed.json,run,.json,2267
run/prompts/decision_mock-64394-c3bb8d94-dec-000256_response.json,run,.json,9169
run/prompts/decision_mock-64394-c3bb8d94-dec-000256_system.txt,run,.txt,1912
run/prompts/decision_mock-64394-c3bb8d94-dec-000256_tools.json,run,.json,652
run/prompts/decision_mock-64394-c3bb8d94-dec-000256_user.json,run,.json,12883
run/prompts/decision_mock-64394-c3bb8d94-dec-000257_parsed.json,run,.json,2243
run/prompts/decision_mock-64394-c3bb8d94-dec-000257_response.json,run,.json,5572
run/prompts/decision_mock-64394-c3bb8d94-dec-000257_system.txt,run,.txt,1912
run/prompts/decision_mock-64394-c3bb8d94-dec-000257_tools.json,run,.json,652
run/prompts/decision_mock-64394-c3bb8d94-dec-000257_user.json,run,.json,11606
run/prompts/decision_mock-64394-c3bb8d94-dec-000258_parsed.json,run,.json,1571
run/prompts/decision_mock-64394-c3bb8d94-dec-000258_response.json,run,.json,31319
run/prompts/decision_mock-64394-c3bb8d94-dec-000258_system.txt,run,.txt,1912
run/prompts/decision_mock-64394-c3bb8d94-dec-000258_tools.json,run,.json,652
run/prompts/decision_mock-64394-c3bb8d94-dec-000258_user.json,run,.json,10810
run/prompts/decision_mock-64394-c3bb8d94-dec-000259_parsed.json,run,.json,2427
run/prompts/decision_mock-64394-c3bb8d94-dec-000259_response.json,run,.json,19365
run/prompts/decision_mock-64394-c3bb8d94-dec-000259_system.txt,run,.txt,1912
run/prompts/decision_mock-64394-c3bb8d94-dec-000259_tools.json,run,.json,652
run/prompts/decision_mock-64394-c3bb8d94-dec-000259_user.json,run,.json,11772
run/prompts/decision_mock-64394-c3bb8d94-dec-000260_parsed.json,run,.json,2568
run/prompts/decision_mock-64394-c3bb8d94-dec-000260_response.json,run,.json,8794
run/prompts/decision_mock-64394-c3bb8d94-dec-000260_retry1_parsed.json,run,.json,2816
run/prompts/decision_mock-64394-c3bb8d94-dec-000260_retry1_response.json,run,.json,6680
run/prompts/decision_mock-64394-c3bb8d94-dec-000260_retry1_system.txt,run,.txt,1912
run/prompts/decision_mock-64394-c3bb8d94-dec-000260_retry1_tools.json,run,.json,652
run/prompts/decision_mock-64394-c3bb8d94-dec-000260_retry1_user.json,run,.json,12928
run/prompts/decision_mock-64394-c3bb8d94-dec-000260_system.txt,run,.txt,1912
run/prompts/decision_mock-64394-c3bb8d94-dec-000260_tools.json,run,.json,652
run/prompts/decision_mock-64394-c3bb8d94-dec-000260_user.json,run,.json,12763
run/prompts/decision_mock-64394-c3bb8d94-dec-000261_parsed.json,run,.json,2281
run/prompts/decision_mock-64394-c3bb8d94-dec-000261_response.json,run,.json,6556
run/prompts/decision_mock-64394-c3bb8d94-dec-000261_system.txt,run,.txt,1912
run/prompts/decision_mock-64394-c3bb8d94-dec-000261_tools.json,run,.json,652
run/prompts/decision_mock-64394-c3bb8d94-dec-000261_user.json,run,.json,11287
run/prompts/decision_mock-64394-c3bb8d94-dec-000262_parsed.json,run,.json,2599
run/prompts/decision_mock-64394-c3bb8d94-dec-000262_response.json,run,.json,24198
run/prompts/decision_mock-64394-c3bb8d94-dec-000262_system.txt,run,.txt,1912
run/prompts/decision_mock-64394-c3bb8d94-dec-000262_tools.json,run,.json,1539
run/prompts/decision_mock-64394-c3bb8d94-dec-000262_user.json,run,.json,10925
run/prompts/decision_mock-64394-c3bb8d94-dec-000263_parsed.json,run,.json,2507
run/prompts/decision_mock-64394-c3bb8d94-dec-000263_response.json,run,.json,18713
run/prompts/decision_mock-64394-c3bb8d94-dec-000263_system.txt,run,.txt,1912
run/prompts/decision_mock-64394-c3bb8d94-dec-000263_tools.json,run,.json,1539
run/prompts/decision_mock-64394-c3bb8d94-dec-000263_user.json,run,.json,11027
run/prompts/decision_mock-64394-c3bb8d94-dec-000264_parsed.json,run,.json,4239
run/prompts/decision_mock-64394-c3bb8d94-dec-000264_response.json,run,.json,12833
run/prompts/decision_mock-64394-c3bb8d94-dec-000264_system.txt,run,.txt,1912
run/prompts/decision_mock-64394-c3bb8d94-dec-000264_tools.json,run,.json,1539
run/prompts/decision_mock-64394-c3bb8d94-dec-000264_user.json,run,.json,11796
run/prompts/decision_mock-64394-c3bb8d94-dec-000265_parsed.json,run,.json,1585
run/prompts/decision_mock-64394-c3bb8d94-dec-000265_response.json,run,.json,51063
run/prompts/decision_mock-64394-c3bb8d94-dec-000265_system.txt,run,.txt,1912
run/prompts/decision_mock-64394-c3bb8d94-dec-000265_tools.json,run,.json,1466
run/prompts/decision_mock-64394-c3bb8d94-dec-000265_user.json,run,.json,9837
run/prompts/decision_mock-64394-c3bb8d94-dec-000266_parsed.json,run,.json,1266
run/prompts/decision_mock-64394-c3bb8d94-dec-000266_response.json,run,.json,5493
run/prompts/decision_mock-64394-c3bb8d94-dec-000266_retry1_parsed.json,run,.json,3328
run/prompts/decision_mock-64394-c3bb8d94-dec-000266_retry1_response.json,run,.json,14802
run/prompts/decision_mock-64394-c3bb8d94-dec-000266_retry1_system.txt,run,.txt,1912
run/prompts/decision_mock-64394-c3bb8d94-dec-000266_retry1_tools.json,run,.json,2142
run/prompts/decision_mock-64394-c3bb8d94-dec-000266_retry1_user.json,run,.json,12314
run/prompts/decision_mock-64394-c3bb8d94-dec-000266_system.txt,run,.txt,1912
run/prompts/decision_mock-64394-c3bb8d94-dec-000266_tools.json,run,.json,2142
run/prompts/decision_mock-64394-c3bb8d94-dec-000266_user.json,run,.json,12170
run/prompts/decision_mock-64394-c3bb8d94-dec-000267_parsed.json,run,.json,2053
run/prompts/decision_mock-64394-c3bb8d94-dec-000267_response.json,run,.json,3386
run/prompts/decision_mock-64394-c3bb8d94-dec-000267_system.txt,run,.txt,1912
run/prompts/decision_mock-64394-c3bb8d94-dec-000267_tools.json,run,.json,612
run/prompts/decision_mock-64394-c3bb8d94-dec-000267_user.json,run,.json,10491
run/prompts/decision_mock-64394-c3bb8d94-dec-000268_parsed.json,run,.json,2005
run/prompts/decision_mock-64394-c3bb8d94-dec-000268_response.json,run,.json,4054
run/prompts/decision_mock-64394-c3bb8d94-dec-000268_system.txt,run,.txt,1912
run/prompts/decision_mock-64394-c3bb8d94-dec-000268_tools.json,run,.json,1539
run/prompts/decision_mock-64394-c3bb8d94-dec-000268_user.json,run,.json,10901
run/prompts/decision_mock-64394-c3bb8d94-dec-000269_parsed.json,run,.json,2339
run/prompts/decision_mock-64394-c3bb8d94-dec-000269_response.json,run,.json,6510
run/prompts/decision_mock-64394-c3bb8d94-dec-000269_retry1_parsed.json,run,.json,2094
run/prompts/decision_mock-64394-c3bb8d94-dec-000269_retry1_response.json,run,.json,28311
run/prompts/decision_mock-64394-c3bb8d94-dec-000269_retry1_system.txt,run,.txt,1912
run/prompts/decision_mock-64394-c3bb8d94-dec-000269_retry1_tools.json,run,.json,2142
run/prompts/decision_mock-64394-c3bb8d94-dec-000269_retry1_user.json,run,.json,10368
run/prompts/decision_mock-64394-c3bb8d94-dec-000269_system.txt,run,.txt,1912
run/prompts/decision_mock-64394-c3bb8d94-dec-000269_tools.json,run,.json,2142
run/prompts/decision_mock-64394-c3bb8d94-dec-000269_user.json,run,.json,10210
run/prompts/decision_mock-64394-c3bb8d94-dec-000270_parsed.json,run,.json,1753
run/prompts/decision_mock-64394-c3bb8d94-dec-000270_response.json,run,.json,7647
run/prompts/decision_mock-64394-c3bb8d94-dec-000270_system.txt,run,.txt,1912
run/prompts/decision_mock-64394-c3bb8d94-dec-000270_tools.json,run,.json,2140
run/prompts/decision_mock-64394-c3bb8d94-dec-000270_user.json,run,.json,10158
run/prompts/decision_mock-64394-c3bb8d94-dec-000271_parsed.json,run,.json,3047
run/prompts/decision_mock-64394-c3bb8d94-dec-000271_response.json,run,.json,18943
run/prompts/decision_mock-64394-c3bb8d94-dec-000271_system.txt,run,.txt,1912
run/prompts/decision_mock-64394-c3bb8d94-dec-000271_tools.json,run,.json,1539
run/prompts/decision_mock-64394-c3bb8d94-dec-000271_user.json,run,.json,11212
run/prompts/decision_mock-64394-c3bb8d94-dec-000272_parsed.json,run,.json,3835
run/prompts/decision_mock-64394-c3bb8d94-dec-000272_response.json,run,.json,25793
run/prompts/decision_mock-64394-c3bb8d94-dec-000272_system.txt,run,.txt,1912
run/prompts/decision_mock-64394-c3bb8d94-dec-000272_tools.json,run,.json,2142
run/prompts/decision_mock-64394-c3bb8d94-dec-000272_user.json,run,.json,12120
run/prompts/decision_mock-64394-c3bb8d94-dec-000273_parsed.json,run,.json,2461
run/prompts/decision_mock-64394-c3bb8d94-dec-000273_response.json,run,.json,12655
run/prompts/decision_mock-64394-c3bb8d94-dec-000273_system.txt,run,.txt,1912
run/prompts/decision_mock-64394-c3bb8d94-dec-000273_tools.json,run,.json,2140
run/prompts/decision_mock-64394-c3bb8d94-dec-000273_user.json,run,.json,12092
run/prompts/decision_mock-64394-c3bb8d94-dec-000274_parsed.json,run,.json,1945
run/prompts/decision_mock-64394-c3bb8d94-dec-000274_response.json,run,.json,5074
run/prompts/decision_mock-64394-c3bb8d94-dec-000274_system.txt,run,.txt,1912
run/prompts/decision_mock-64394-c3bb8d94-dec-000274_tools.json,run,.json,1539
run/prompts/decision_mock-64394-c3bb8d94-dec-000274_user.json,run,.json,10444
run/prompts/decision_mock-64394-c3bb8d94-dec-000275_parsed.json,run,.json,1761
run/prompts/decision_mock-64394-c3bb8d94-dec-000275_response.json,run,.json,4757
run/prompts/decision_mock-64394-c3bb8d94-dec-000275_system.txt,run,.txt,1912
run/prompts/decision_mock-64394-c3bb8d94-dec-000275_tools.json,run,.json,2140
run/prompts/decision_mock-64394-c3bb8d94-dec-000275_user.json,run,.json,9884
run/prompts/decision_mock-64394-c3bb8d94-dec-000276_parsed.json,run,.json,2403
run/prompts/decision_mock-64394-c3bb8d94-dec-000276_response.json,run,.json,18212
run/prompts/decision_mock-64394-c3bb8d94-dec-000276_system.txt,run,.txt,1912
run/prompts/decision_mock-64394-c3bb8d94-dec-000276_tools.json,run,.json,1539
run/prompts/decision_mock-64394-c3bb8d94-dec-000276_user.json,run,.json,11114
run/prompts/decision_mock-64394-c3bb8d94-dec-000277_parsed.json,run,.json,2881
run/prompts/decision_mock-64394-c3bb8d94-dec-000277_response.json,run,.json,22337
run/prompts/decision_mock-64394-c3bb8d94-dec-000277_system.txt,run,.txt,1912
run/prompts/decision_mock-64394-c3bb8d94-dec-000277_tools.json,run,.json,2140
run/prompts/decision_mock-64394-c3bb8d94-dec-000277_user.json,run,.json,11657
run/prompts/decision_mock-64394-c3bb8d94-dec-000278_parsed.json,run,.json,895
run/prompts/decision_mock-64394-c3bb8d94-dec-000278_response.json,run,.json,5244
run/prompts/decision_mock-64394-c3bb8d94-dec-000278_retry1_parsed.json,run,.json,1844
run/prompts/decision_mock-64394-c3bb8d94-dec-000278_retry1_response.json,run,.json,5095
run/prompts/decision_mock-64394-c3bb8d94-dec-000278_retry1_system.txt,run,.txt,1912
run/prompts/decision_mock-64394-c3bb8d94-dec-000278_retry1_tools.json,run,.json,1539
run/prompts/decision_mock-64394-c3bb8d94-dec-000278_retry1_user.json,run,.json,10493
run/prompts/decision_mock-64394-c3bb8d94-dec-000278_system.txt,run,.txt,1912
run/prompts/decision_mock-64394-c3bb8d94-dec-000278_tools.json,run,.json,1539
run/prompts/decision_mock-64394-c3bb8d94-dec-000278_user.json,run,.json,10349
run/prompts/decision_mock-64394-c3bb8d94-dec-000279_parsed.json,run,.json,2017
run/prompts/decision_mock-64394-c3bb8d94-dec-000279_response.json,run,.json,3490
run/prompts/decision_mock-64394-c3bb8d94-dec-000279_system.txt,run,.txt,1912
run/prompts/decision_mock-64394-c3bb8d94-dec-000279_tools.json,run,.json,1539
run/prompts/decision_mock-64394-c3bb8d94-dec-000279_user.json,run,.json,9876
run/prompts/decision_mock-64394-c3bb8d94-dec-000280_parsed.json,run,.json,1635
run/prompts/decision_mock-64394-c3bb8d94-dec-000280_response.json,run,.json,6749
run/prompts/decision_mock-64394-c3bb8d94-dec-000280_system.txt,run,.txt,1912
run/prompts/decision_mock-64394-c3bb8d94-dec-000280_tools.json,run,.json,1254
run/prompts/decision_mock-64394-c3bb8d94-dec-000280_user.json,run,.json,9168
run/prompts/decision_mock-64394-c3bb8d94-dec-000281_parsed.json,run,.json,1943
run/prompts/decision_mock-64394-c3bb8d94-dec-000281_response.json,run,.json,9305
run/prompts/decision_mock-64394-c3bb8d94-dec-000281_system.txt,run,.txt,1912
run/prompts/decision_mock-64394-c3bb8d94-dec-000281_tools.json,run,.json,2140
run/prompts/decision_mock-64394-c3bb8d94-dec-000281_user.json,run,.json,9092
run/prompts/decision_mock-64394-c3bb8d94-dec-000282_parsed.json,run,.json,1741
run/prompts/decision_mock-64394-c3bb8d94-dec-000282_response.json,run,.json,6333
run/prompts/decision_mock-64394-c3bb8d94-dec-000282_system.txt,run,.txt,1912
run/prompts/decision_mock-64394-c3bb8d94-dec-000282_tools.json,run,.json,2485
run/prompts/decision_mock-64394-c3bb8d94-dec-000282_user.json,run,.json,9201
run/prompts/decision_mock-64394-c3bb8d94-dec-000283_parsed.json,run,.json,2479
run/prompts/decision_mock-64394-c3bb8d94-dec-000283_response.json,run,.json,15494
run/prompts/decision_mock-64394-c3bb8d94-dec-000283_system.txt,run,.txt,1912
run/prompts/decision_mock-64394-c3bb8d94-dec-000283_tools.json,run,.json,632
run/prompts/decision_mock-64394-c3bb8d94-dec-000283_user.json,run,.json,10156
run/prompts/decision_mock-64394-c3bb8d94-dec-000284_parsed.json,run,.json,2443
run/prompts/decision_mock-64394-c3bb8d94-dec-000284_response.json,run,.json,6895
run/prompts/decision_mock-64394-c3bb8d94-dec-000284_system.txt,run,.txt,1912
run/prompts/decision_mock-64394-c3bb8d94-dec-000284_tools.json,run,.json,652
run/prompts/decision_mock-64394-c3bb8d94-dec-000284_user.json,run,.json,10920
run/prompts/decision_mock-64394-c3bb8d94-dec-000285_parsed.json,run,.json,2263
run/prompts/decision_mock-64394-c3bb8d94-dec-000285_response.json,run,.json,9990
run/prompts/decision_mock-64394-c3bb8d94-dec-000285_system.txt,run,.txt,1912
run/prompts/decision_mock-64394-c3bb8d94-dec-000285_tools.json,run,.json,652
run/prompts/decision_mock-64394-c3bb8d94-dec-000285_user.json,run,.json,9653
run/prompts/decision_mock-64394-c3bb8d94-dec-000286_parsed.json,run,.json,1697
run/prompts/decision_mock-64394-c3bb8d94-dec-000286_response.json,run,.json,13738
run/prompts/decision_mock-64394-c3bb8d94-dec-000286_system.txt,run,.txt,1912
run/prompts/decision_mock-64394-c3bb8d94-dec-000286_tools.json,run,.json,652
run/prompts/decision_mock-64394-c3bb8d94-dec-000286_user.json,run,.json,8969
run/prompts/decision_mock-64394-c3bb8d94-dec-000287_parsed.json,run,.json,2411
run/prompts/decision_mock-64394-c3bb8d94-dec-000287_response.json,run,.json,13169
run/prompts/decision_mock-64394-c3bb8d94-dec-000287_system.txt,run,.txt,1912
run/prompts/decision_mock-64394-c3bb8d94-dec-000287_tools.json,run,.json,652
run/prompts/decision_mock-64394-c3bb8d94-dec-000287_user.json,run,.json,10491
run/prompts/decision_mock-64394-c3bb8d94-dec-000288_parsed.json,run,.json,2183
run/prompts/decision_mock-64394-c3bb8d94-dec-000288_response.json,run,.json,9099
run/prompts/decision_mock-64394-c3bb8d94-dec-000288_system.txt,run,.txt,1912
run/prompts/decision_mock-64394-c3bb8d94-dec-000288_tools.json,run,.json,652
run/prompts/decision_mock-64394-c3bb8d94-dec-000288_user.json,run,.json,11226
run/prompts/decision_mock-64394-c3bb8d94-dec-000289_parsed.json,run,.json,1899
run/prompts/decision_mock-64394-c3bb8d94-dec-000289_response.json,run,.json,6079
run/prompts/decision_mock-64394-c3bb8d94-dec-000289_system.txt,run,.txt,1912
run/prompts/decision_mock-64394-c3bb8d94-dec-000289_tools.json,run,.json,652
run/prompts/decision_mock-64394-c3bb8d94-dec-000289_user.json,run,.json,9872
run/prompts/decision_mock-64394-c3bb8d94-dec-000290_parsed.json,run,.json,2137
run/prompts/decision_mock-64394-c3bb8d94-dec-000290_response.json,run,.json,7002
run/prompts/decision_mock-64394-c3bb8d94-dec-000290_system.txt,run,.txt,1912
run/prompts/decision_mock-64394-c3bb8d94-dec-000290_tools.json,run,.json,652
run/prompts/decision_mock-64394-c3bb8d94-dec-000290_user.json,run,.json,11257
run/prompts/decision_mock-64394-c3bb8d94-dec-000291_parsed.json,run,.json,2887
run/prompts/decision_mock-64394-c3bb8d94-dec-000291_response.json,run,.json,12155
run/prompts/decision_mock-64394-c3bb8d94-dec-000291_system.txt,run,.txt,1912
run/prompts/decision_mock-64394-c3bb8d94-dec-000291_tools.json,run,.json,1539
run/prompts/decision_mock-64394-c3bb8d94-dec-000291_user.json,run,.json,10726
run/prompts/decision_mock-64394-c3bb8d94-dec-000292_parsed.json,run,.json,4131
run/prompts/decision_mock-64394-c3bb8d94-dec-000292_response.json,run,.json,15258
run/prompts/decision_mock-64394-c3bb8d94-dec-000292_system.txt,run,.txt,1912
run/prompts/decision_mock-64394-c3bb8d94-dec-000292_tools.json,run,.json,2743
run/prompts/decision_mock-64394-c3bb8d94-dec-000292_user.json,run,.json,11242
run/prompts/decision_mock-64394-c3bb8d94-dec-000293_parsed.json,run,.json,2649
run/prompts/decision_mock-64394-c3bb8d94-dec-000293_response.json,run,.json,14229
run/prompts/decision_mock-64394-c3bb8d94-dec-000293_system.txt,run,.txt,1912
run/prompts/decision_mock-64394-c3bb8d94-dec-000293_tools.json,run,.json,2743
run/prompts/decision_mock-64394-c3bb8d94-dec-000293_user.json,run,.json,11787
run/prompts/decision_mock-64394-c3bb8d94-dec-000294_parsed.json,run,.json,2073
run/prompts/decision_mock-64394-c3bb8d94-dec-000294_response.json,run,.json,6641
run/prompts/decision_mock-64394-c3bb8d94-dec-000294_system.txt,run,.txt,1912
run/prompts/decision_mock-64394-c3bb8d94-dec-000294_tools.json,run,.json,1539
run/prompts/decision_mock-64394-c3bb8d94-dec-000294_user.json,run,.json,10323
run/prompts/decision_mock-64394-c3bb8d94-dec-000295_parsed.json,run,.json,2055
run/prompts/decision_mock-64394-c3bb8d94-dec-000295_response.json,run,.json,6962
run/prompts/decision_mock-64394-c3bb8d94-dec-000295_system.txt,run,.txt,1912
run/prompts/decision_mock-64394-c3bb8d94-dec-000295_tools.json,run,.json,3088
run/prompts/decision_mock-64394-c3bb8d94-dec-000295_user.json,run,.json,9725
run/prompts/decision_mock-64394-c3bb8d94-dec-000296_parsed.json,run,.json,2895
run/prompts/decision_mock-64394-c3bb8d94-dec-000296_response.json,run,.json,23292
run/prompts/decision_mock-64394-c3bb8d94-dec-000296_system.txt,run,.txt,1912
run/prompts/decision_mock-64394-c3bb8d94-dec-000296_tools.json,run,.json,3088
run/prompts/decision_mock-64394-c3bb8d94-dec-000296_user.json,run,.json,9752
run/prompts/decision_mock-64394-c3bb8d94-dec-000297_parsed.json,run,.json,2529
run/prompts/decision_mock-64394-c3bb8d94-dec-000297_response.json,run,.json,7751
run/prompts/decision_mock-64394-c3bb8d94-dec-000297_system.txt,run,.txt,1912
run/prompts/decision_mock-64394-c3bb8d94-dec-000297_tools.json,run,.json,1466
run/prompts/decision_mock-64394-c3bb8d94-dec-000297_user.json,run,.json,10076
run/prompts/decision_mock-64394-c3bb8d94-dec-000298_parsed.json,run,.json,2575
run/prompts/decision_mock-64394-c3bb8d94-dec-000298_response.json,run,.json,11720
run/prompts/decision_mock-64394-c3bb8d94-dec-000298_retry1_parsed.json,run,.json,2162
run/prompts/decision_mock-64394-c3bb8d94-dec-000298_retry1_response.json,run,.json,31935
run/prompts/decision_mock-64394-c3bb8d94-dec-000298_retry1_system.txt,run,.txt,1912
run/prompts/decision_mock-64394-c3bb8d94-dec-000298_retry1_tools.json,run,.json,3088
run/prompts/decision_mock-64394-c3bb8d94-dec-000298_retry1_user.json,run,.json,10275
run/prompts/decision_mock-64394-c3bb8d94-dec-000298_system.txt,run,.txt,1912
run/prompts/decision_mock-64394-c3bb8d94-dec-000298_tools.json,run,.json,3088
run/prompts/decision_mock-64394-c3bb8d94-dec-000298_user.json,run,.json,10108
run/prompts/decision_mock-64394-c3bb8d94-dec-000299_parsed.json,run,.json,1885
run/prompts/decision_mock-64394-c3bb8d94-dec-000299_response.json,run,.json,15138
run/prompts/decision_mock-64394-c3bb8d94-dec-000299_system.txt,run,.txt,1912
run/prompts/decision_mock-64394-c3bb8d94-dec-000299_tools.json,run,.json,3088
run/prompts/decision_mock-64394-c3bb8d94-dec-000299_user.json,run,.json,10168
run/prompts/decision_mock-64394-c3bb8d94-dec-000300_parsed.json,run,.json,2575
run/prompts/decision_mock-64394-c3bb8d94-dec-000300_response.json,run,.json,43545
run/prompts/decision_mock-64394-c3bb8d94-dec-000300_system.txt,run,.txt,1912
run/prompts/decision_mock-64394-c3bb8d94-dec-000300_tools.json,run,.json,1539
run/prompts/decision_mock-64394-c3bb8d94-dec-000300_user.json,run,.json,11233
run/prompts/decision_mock-64394-c3bb8d94-dec-000301_parsed.json,run,.json,2649
run/prompts/decision_mock-64394-c3bb8d94-dec-000301_response.json,run,.json,22530
run/prompts/decision_mock-64394-c3bb8d94-dec-000301_system.txt,run,.txt,1912
run/prompts/decision_mock-64394-c3bb8d94-dec-000301_tools.json,run,.json,2743
run/prompts/decision_mock-64394-c3bb8d94-dec-000301_user.json,run,.json,11811
run/prompts/decision_mock-64394-c3bb8d94-dec-000302_parsed.json,run,.json,2169
run/prompts/decision_mock-64394-c3bb8d94-dec-000302_response.json,run,.json,14429
run/prompts/decision_mock-64394-c3bb8d94-dec-000302_system.txt,run,.txt,1912
run/prompts/decision_mock-64394-c3bb8d94-dec-000302_tools.json,run,.json,2140
run/prompts/decision_mock-64394-c3bb8d94-dec-000302_user.json,run,.json,11649
run/prompts/decision_mock-64394-c3bb8d94-dec-000303_parsed.json,run,.json,3075
run/prompts/decision_mock-64394-c3bb8d94-dec-000303_response.json,run,.json,7371
run/prompts/decision_mock-64394-c3bb8d94-dec-000303_system.txt,run,.txt,1912
run/prompts/decision_mock-64394-c3bb8d94-dec-000303_tools.json,run,.json,2142
run/prompts/decision_mock-64394-c3bb8d94-dec-000303_user.json,run,.json,10356
run/prompts/decision_mock-64394-c3bb8d94-dec-000304_parsed.json,run,.json,3087
run/prompts/decision_mock-64394-c3bb8d94-dec-000304_response.json,run,.json,6060
run/prompts/decision_mock-64394-c3bb8d94-dec-000304_system.txt,run,.txt,1912
run/prompts/decision_mock-64394-c3bb8d94-dec-000304_tools.json,run,.json,2743
run/prompts/decision_mock-64394-c3bb8d94-dec-000304_user.json,run,.json,10496
run/prompts/decision_mock-64394-c3bb8d94-dec-000305_parsed.json,run,.json,3063
run/prompts/decision_mock-64394-c3bb8d94-dec-000305_response.json,run,.json,8013
run/prompts/decision_mock-64394-c3bb8d94-dec-000305_system.txt,run,.txt,1912
run/prompts/decision_mock-64394-c3bb8d94-dec-000305_tools.json,run,.json,2743
run/prompts/decision_mock-64394-c3bb8d94-dec-000305_user.json,run,.json,10628
run/prompts/decision_mock-64394-c3bb8d94-dec-000306_parsed.json,run,.json,2277
run/prompts/decision_mock-64394-c3bb8d94-dec-000306_response.json,run,.json,5310
run/prompts/decision_mock-64394-c3bb8d94-dec-000306_system.txt,run,.txt,1912
run/prompts/decision_mock-64394-c3bb8d94-dec-000306_tools.json,run,.json,2140
run/prompts/decision_mock-64394-c3bb8d94-dec-000306_user.json,run,.json,10721
run/prompts/decision_mock-64394-c3bb8d94-dec-000307_parsed.json,run,.json,1949
run/prompts/decision_mock-64394-c3bb8d94-dec-000307_response.json,run,.json,12414
run/prompts/decision_mock-64394-c3bb8d94-dec-000307_system.txt,run,.txt,1912
run/prompts/decision_mock-64394-c3bb8d94-dec-000307_tools.json,run,.json,3088
run/prompts/decision_mock-64394-c3bb8d94-dec-000307_user.json,run,.json,10264
run/prompts/decision_mock-64394-c3bb8d94-dec-000308_parsed.json,run,.json,2427
run/prompts/decision_mock-64394-c3bb8d94-dec-000308_response.json,run,.json,12448
run/prompts/decision_mock-64394-c3bb8d94-dec-000308_system.txt,run,.txt,1912
run/prompts/decision_mock-64394-c3bb8d94-dec-000308_tools.json,run,.json,1539
run/prompts/decision_mock-64394-c3bb8d94-dec-000308_user.json,run,.json,11490
run/prompts/decision_mock-64394-c3bb8d94-dec-000309_parsed.json,run,.json,2617
run/prompts/decision_mock-64394-c3bb8d94-dec-000309_response.json,run,.json,12502
run/prompts/decision_mock-64394-c3bb8d94-dec-000309_system.txt,run,.txt,1912
run/prompts/decision_mock-64394-c3bb8d94-dec-000309_tools.json,run,.json,2743
run/prompts/decision_mock-64394-c3bb8d94-dec-000309_user.json,run,.json,11691
run/prompts/decision_mock-64394-c3bb8d94-dec-000310_parsed.json,run,.json,1841
run/prompts/decision_mock-64394-c3bb8d94-dec-000310_response.json,run,.json,5228
run/prompts/decision_mock-64394-c3bb8d94-dec-000310_system.txt,run,.txt,1912
run/prompts/decision_mock-64394-c3bb8d94-dec-000310_tools.json,run,.json,2140
run/prompts/decision_mock-64394-c3bb8d94-dec-000310_user.json,run,.json,10545
run/prompts/decision_mock-64394-c3bb8d94-dec-000311_parsed.json,run,.json,1833
run/prompts/decision_mock-64394-c3bb8d94-dec-000311_response.json,run,.json,18700
run/prompts/decision_mock-64394-c3bb8d94-dec-000311_system.txt,run,.txt,1912
run/prompts/decision_mock-64394-c3bb8d94-dec-000311_tools.json,run,.json,1254
run/prompts/decision_mock-64394-c3bb8d94-dec-000311_user.json,run,.json,9896
run/prompts/decision_mock-64394-c3bb8d94-dec-000312_parsed.json,run,.json,2255
run/prompts/decision_mock-64394-c3bb8d94-dec-000312_response.json,run,.json,13333
run/prompts/decision_mock-64394-c3bb8d94-dec-000312_system.txt,run,.txt,1912
run/prompts/decision_mock-64394-c3bb8d94-dec-000312_tools.json,run,.json,1539
run/prompts/decision_mock-64394-c3bb8d94-dec-000312_user.json,run,.json,10198
run/prompts/decision_mock-64394-c3bb8d94-dec-000313_parsed.json,run,.json,2915
run/prompts/decision_mock-64394-c3bb8d94-dec-000313_response.json,run,.json,12509
run/prompts/decision_mock-64394-c3bb8d94-dec-000313_system.txt,run,.txt,1912
run/prompts/decision_mock-64394-c3bb8d94-dec-000313_tools.json,run,.json,3088
run/prompts/decision_mock-64394-c3bb8d94-dec-000313_user.json,run,.json,9641
run/prompts/decision_mock-64394-c3bb8d94-dec-000314_parsed.json,run,.json,1037
run/prompts/decision_mock-64394-c3bb8d94-dec-000314_response.json,run,.json,5216
run/prompts/decision_mock-64394-c3bb8d94-dec-000314_retry1_parsed.json,run,.json,2412
run/prompts/decision_mock-64394-c3bb8d94-dec-000314_retry1_response.json,run,.json,7366
run/prompts/decision_mock-64394-c3bb8d94-dec-000314_retry1_system.txt,run,.txt,1912
run/prompts/decision_mock-64394-c3bb8d94-dec-000314_retry1_tools.json,run,.json,2485
run/prompts/decision_mock-64394-c3bb8d94-dec-000314_retry1_user.json,run,.json,9699
run/prompts/decision_mock-64394-c3bb8d94-dec-000314_system.txt,run,.txt,1912
run/prompts/decision_mock-64394-c3bb8d94-dec-000314_tools.json,run,.json,2485
run/prompts/decision_mock-64394-c3bb8d94-dec-000314_user.json,run,.json,9555
run/prompts/decision_mock-64394-c3bb8d94-dec-000315_parsed.json,run,.json,2295
run/prompts/decision_mock-64394-c3bb8d94-dec-000315_response.json,run,.json,18809
run/prompts/decision_mock-64394-c3bb8d94-dec-000315_system.txt,run,.txt,1912
run/prompts/decision_mock-64394-c3bb8d94-dec-000315_tools.json,run,.json,1539
run/prompts/decision_mock-64394-c3bb8d94-dec-000315_user.json,run,.json,10331
run/prompts/decision_mock-64394-c3bb8d94-dec-000316_parsed.json,run,.json,2545
run/prompts/decision_mock-64394-c3bb8d94-dec-000316_response.json,run,.json,5698
run/prompts/decision_mock-64394-c3bb8d94-dec-000316_system.txt,run,.txt,1912
run/prompts/decision_mock-64394-c3bb8d94-dec-000316_tools.json,run,.json,612
run/prompts/decision_mock-64394-c3bb8d94-dec-000316_user.json,run,.json,9934
run/prompts/decision_mock-64394-c3bb8d94-dec-000317_parsed.json,run,.json,2143
run/prompts/decision_mock-64394-c3bb8d94-dec-000317_response.json,run,.json,5490
run/prompts/decision_mock-64394-c3bb8d94-dec-000317_system.txt,run,.txt,1912
run/prompts/decision_mock-64394-c3bb8d94-dec-000317_tools.json,run,.json,1254
run/prompts/decision_mock-64394-c3bb8d94-dec-000317_user.json,run,.json,9549
run/prompts/decision_mock-64394-c3bb8d94-dec-000318_parsed.json,run,.json,2277
run/prompts/decision_mock-64394-c3bb8d94-dec-000318_response.json,run,.json,5414
run/prompts/decision_mock-64394-c3bb8d94-dec-000318_system.txt,run,.txt,1912
run/prompts/decision_mock-64394-c3bb8d94-dec-000318_tools.json,run,.json,2140
run/prompts/decision_mock-64394-c3bb8d94-dec-000318_user.json,run,.json,9726
run/prompts/decision_mock-64394-c3bb8d94-dec-000319_parsed.json,run,.json,2941
run/prompts/decision_mock-64394-c3bb8d94-dec-000319_response.json,run,.json,31001
run/prompts/decision_mock-64394-c3bb8d94-dec-000319_system.txt,run,.txt,1912
run/prompts/decision_mock-64394-c3bb8d94-dec-000319_tools.json,run,.json,1539
run/prompts/decision_mock-64394-c3bb8d94-dec-000319_user.json,run,.json,10448
run/prompts/decision_mock-64394-c3bb8d94-dec-000320_parsed.json,run,.json,2301
run/prompts/decision_mock-64394-c3bb8d94-dec-000320_response.json,run,.json,20166
run/prompts/decision_mock-64394-c3bb8d94-dec-000320_system.txt,run,.txt,1912
run/prompts/decision_mock-64394-c3bb8d94-dec-000320_tools.json,run,.json,1884
run/prompts/decision_mock-64394-c3bb8d94-dec-000320_user.json,run,.json,10693
run/prompts/decision_mock-64394-c3bb8d94-dec-000321_parsed.json,run,.json,2569
run/prompts/decision_mock-64394-c3bb8d94-dec-000321_response.json,run,.json,19296
run/prompts/decision_mock-64394-c3bb8d94-dec-000321_system.txt,run,.txt,1912
run/prompts/decision_mock-64394-c3bb8d94-dec-000321_tools.json,run,.json,1884
run/prompts/decision_mock-64394-c3bb8d94-dec-000321_user.json,run,.json,10639
run/prompts/decision_mock-64394-c3bb8d94-dec-000322_parsed.json,run,.json,2535
run/prompts/decision_mock-64394-c3bb8d94-dec-000322_response.json,run,.json,23898
run/prompts/decision_mock-64394-c3bb8d94-dec-000322_system.txt,run,.txt,1912
run/prompts/decision_mock-64394-c3bb8d94-dec-000322_tools.json,run,.json,1884
run/prompts/decision_mock-64394-c3bb8d94-dec-000322_user.json,run,.json,10786
run/prompts/decision_mock-64394-c3bb8d94-dec-000323_parsed.json,run,.json,2669
run/prompts/decision_mock-64394-c3bb8d94-dec-000323_response.json,run,.json,4165
run/prompts/decision_mock-64394-c3bb8d94-dec-000323_system.txt,run,.txt,1912
run/prompts/decision_mock-64394-c3bb8d94-dec-000323_tools.json,run,.json,612
run/prompts/decision_mock-64394-c3bb8d94-dec-000323_user.json,run,.json,10542
run/prompts/decision_mock-64394-c3bb8d94-dec-000324_parsed.json,run,.json,2651
run/prompts/decision_mock-64394-c3bb8d94-dec-000324_response.json,run,.json,6625
run/prompts/decision_mock-64394-c3bb8d94-dec-000324_system.txt,run,.txt,1912
run/prompts/decision_mock-64394-c3bb8d94-dec-000324_tools.json,run,.json,3088
run/prompts/decision_mock-64394-c3bb8d94-dec-000324_user.json,run,.json,10568
run/prompts/decision_mock-64394-c3bb8d94-dec-000325_parsed.json,run,.json,2575
run/prompts/decision_mock-64394-c3bb8d94-dec-000325_response.json,run,.json,6977
run/prompts/decision_mock-64394-c3bb8d94-dec-000325_system.txt,run,.txt,1912
run/prompts/decision_mock-64394-c3bb8d94-dec-000325_tools.json,run,.json,3088
run/prompts/decision_mock-64394-c3bb8d94-dec-000325_user.json,run,.json,10556
run/prompts/decision_mock-64394-c3bb8d94-dec-000326_parsed.json,run,.json,2463
run/prompts/decision_mock-64394-c3bb8d94-dec-000326_response.json,run,.json,9644
run/prompts/decision_mock-64394-c3bb8d94-dec-000326_system.txt,run,.txt,1912
run/prompts/decision_mock-64394-c3bb8d94-dec-000326_tools.json,run,.json,3088
run/prompts/decision_mock-64394-c3bb8d94-dec-000326_user.json,run,.json,10637
run/prompts/decision_mock-64394-c3bb8d94-dec-000327_parsed.json,run,.json,2069
run/prompts/decision_mock-64394-c3bb8d94-dec-000327_response.json,run,.json,4736
run/prompts/decision_mock-64394-c3bb8d94-dec-000327_system.txt,run,.txt,1912
run/prompts/decision_mock-64394-c3bb8d94-dec-000327_tools.json,run,.json,2485
run/prompts/decision_mock-64394-c3bb8d94-dec-000327_user.json,run,.json,10495
run/prompts/decision_mock-64394-c3bb8d94-dec-000328_parsed.json,run,.json,2561
run/prompts/decision_mock-64394-c3bb8d94-dec-000328_response.json,run,.json,15068
run/prompts/decision_mock-64394-c3bb8d94-dec-000328_system.txt,run,.txt,1912
run/prompts/decision_mock-64394-c3bb8d94-dec-000328_tools.json,run,.json,653
run/prompts/decision_mock-64394-c3bb8d94-dec-000328_user.json,run,.json,11176
run/prompts/decision_mock-64394-c3bb8d94-dec-000329_parsed.json,run,.json,2357
run/prompts/decision_mock-64394-c3bb8d94-dec-000329_response.json,run,.json,14175
run/prompts/decision_mock-64394-c3bb8d94-dec-000329_system.txt,run,.txt,1912
run/prompts/decision_mock-64394-c3bb8d94-dec-000329_tools.json,run,.json,653
run/prompts/decision_mock-64394-c3bb8d94-dec-000329_user.json,run,.json,11316
run/prompts/decision_mock-64394-c3bb8d94-dec-000330_parsed.json,run,.json,2841
run/prompts/decision_mock-64394-c3bb8d94-dec-000330_response.json,run,.json,7240
run/prompts/decision_mock-64394-c3bb8d94-dec-000330_system.txt,run,.txt,1912
run/prompts/decision_mock-64394-c3bb8d94-dec-000330_tools.json,run,.json,612
run/prompts/decision_mock-64394-c3bb8d94-dec-000330_user.json,run,.json,10607
run/prompts/decision_mock-64394-c3bb8d94-dec-000331_parsed.json,run,.json,2373
run/prompts/decision_mock-64394-c3bb8d94-dec-000331_response.json,run,.json,3672
run/prompts/decision_mock-64394-c3bb8d94-dec-000331_system.txt,run,.txt,1912
run/prompts/decision_mock-64394-c3bb8d94-dec-000331_tools.json,run,.json,300
run/prompts/decision_mock-64394-c3bb8d94-dec-000331_user.json,run,.json,10726
run/prompts/decision_mock-64394-c3bb8d94-dec-000332_parsed.json,run,.json,3555
run/prompts/decision_mock-64394-c3bb8d94-dec-000332_response.json,run,.json,16709
run/prompts/decision_mock-64394-c3bb8d94-dec-000332_system.txt,run,.txt,1912
run/prompts/decision_mock-64394-c3bb8d94-dec-000332_tools.json,run,.json,1254
run/prompts/decision_mock-64394-c3bb8d94-dec-000332_user.json,run,.json,11252
run/prompts/decision_mock-64394-c3bb8d94-dec-000333_parsed.json,run,.json,1855
run/prompts/decision_mock-64394-c3bb8d94-dec-000333_response.json,run,.json,4794
run/prompts/decision_mock-64394-c3bb8d94-dec-000333_system.txt,run,.txt,1912
run/prompts/decision_mock-64394-c3bb8d94-dec-000333_tools.json,run,.json,653
run/prompts/decision_mock-64394-c3bb8d94-dec-000333_user.json,run,.json,11451
run/prompts/decision_mock-64394-c3bb8d94-dec-000334_parsed.json,run,.json,2924
run/prompts/decision_mock-64394-c3bb8d94-dec-000334_response.json,run,.json,6113
run/prompts/decision_mock-64394-c3bb8d94-dec-000334_retry1_parsed.json,run,.json,2038
run/prompts/decision_mock-64394-c3bb8d94-dec-000334_retry1_response.json,run,.json,11042
run/prompts/decision_mock-64394-c3bb8d94-dec-000334_retry1_system.txt,run,.txt,1912
run/prompts/decision_mock-64394-c3bb8d94-dec-000334_retry1_tools.json,run,.json,653
run/prompts/decision_mock-64394-c3bb8d94-dec-000334_retry1_user.json,run,.json,11916
run/prompts/decision_mock-64394-c3bb8d94-dec-000334_system.txt,run,.txt,1912
run/prompts/decision_mock-64394-c3bb8d94-dec-000334_tools.json,run,.json,653
run/prompts/decision_mock-64394-c3bb8d94-dec-000334_user.json,run,.json,11195
run/prompts/decision_mock-64394-c3bb8d94-dec-000335_parsed.json,run,.json,3102
run/prompts/decision_mock-64394-c3bb8d94-dec-000335_response.json,run,.json,3818
run/prompts/decision_mock-64394-c3bb8d94-dec-000335_retry1_parsed.json,run,.json,1750
run/prompts/decision_mock-64394-c3bb8d94-dec-000335_retry1_response.json,run,.json,7231
run/prompts/decision_mock-64394-c3bb8d94-dec-000335_retry1_system.txt,run,.txt,1912
run/prompts/decision_mock-64394-c3bb8d94-dec-000335_retry1_tools.json,run,.json,653
run/prompts/decision_mock-64394-c3bb8d94-dec-000335_retry1_user.json,run,.json,11871
run/prompts/decision_mock-64394-c3bb8d94-dec-000335_system.txt,run,.txt,1912
run/prompts/decision_mock-64394-c3bb8d94-dec-000335_tools.json,run,.json,653
run/prompts/decision_mock-64394-c3bb8d94-dec-000335_user.json,run,.json,11088
run/prompts/decision_mock-64394-c3bb8d94-dec-000336_parsed.json,run,.json,5039
run/prompts/decision_mock-64394-c3bb8d94-dec-000336_response.json,run,.json,14530
run/prompts/decision_mock-64394-c3bb8d94-dec-000336_system.txt,run,.txt,1912
run/prompts/decision_mock-64394-c3bb8d94-dec-000336_tools.json,run,.json,1539
run/prompts/decision_mock-64394-c3bb8d94-dec-000336_user.json,run,.json,10777
run/prompts/decision_mock-64394-c3bb8d94-dec-000337_parsed.json,run,.json,2869
run/prompts/decision_mock-64394-c3bb8d94-dec-000337_response.json,run,.json,7145
run/prompts/decision_mock-64394-c3bb8d94-dec-000337_system.txt,run,.txt,1912
run/prompts/decision_mock-64394-c3bb8d94-dec-000337_tools.json,run,.json,1466
run/prompts/decision_mock-64394-c3bb8d94-dec-000337_user.json,run,.json,10675
run/prompts/decision_mock-64394-c3bb8d94-dec-000338_parsed.json,run,.json,4123
run/prompts/decision_mock-64394-c3bb8d94-dec-000338_response.json,run,.json,7537
run/prompts/decision_mock-64394-c3bb8d94-dec-000338_system.txt,run,.txt,1912
run/prompts/decision_mock-64394-c3bb8d94-dec-000338_tools.json,run,.json,1539
run/prompts/decision_mock-64394-c3bb8d94-dec-000338_user.json,run,.json,11507
run/prompts/decision_mock-64394-c3bb8d94-dec-000339_parsed.json,run,.json,2589
run/prompts/decision_mock-64394-c3bb8d94-dec-000339_response.json,run,.json,5328
run/prompts/decision_mock-64394-c3bb8d94-dec-000339_system.txt,run,.txt,1912
run/prompts/decision_mock-64394-c3bb8d94-dec-000339_tools.json,run,.json,1466
run/prompts/decision_mock-64394-c3bb8d94-dec-000339_user.json,run,.json,11332
run/prompts/decision_mock-64394-c3bb8d94-dec-000340_parsed.json,run,.json,4355
run/prompts/decision_mock-64394-c3bb8d94-dec-000340_response.json,run,.json,8965
run/prompts/decision_mock-64394-c3bb8d94-dec-000340_system.txt,run,.txt,1912
run/prompts/decision_mock-64394-c3bb8d94-dec-000340_tools.json,run,.json,1539
run/prompts/decision_mock-64394-c3bb8d94-dec-000340_user.json,run,.json,11837
run/prompts/decision_mock-64394-c3bb8d94-dec-000341_parsed.json,run,.json,2341
run/prompts/decision_mock-64394-c3bb8d94-dec-000341_response.json,run,.json,3688
run/prompts/decision_mock-64394-c3bb8d94-dec-000341_system.txt,run,.txt,1912
run/prompts/decision_mock-64394-c3bb8d94-dec-000341_tools.json,run,.json,1466
run/prompts/decision_mock-64394-c3bb8d94-dec-000341_user.json,run,.json,11747
run/prompts/decision_mock-64394-c3bb8d94-dec-000342_parsed.json,run,.json,2019
run/prompts/decision_mock-64394-c3bb8d94-dec-000342_response.json,run,.json,3377
run/prompts/decision_mock-64394-c3bb8d94-dec-000342_system.txt,run,.txt,1912
run/prompts/decision_mock-64394-c3bb8d94-dec-000342_tools.json,run,.json,1539
run/prompts/decision_mock-64394-c3bb8d94-dec-000342_user.json,run,.json,12412
run/prompts/decision_mock-64394-c3bb8d94-dec-000343_parsed.json,run,.json,2241
run/prompts/decision_mock-64394-c3bb8d94-dec-000343_response.json,run,.json,6913
run/prompts/decision_mock-64394-c3bb8d94-dec-000343_system.txt,run,.txt,1912
run/prompts/decision_mock-64394-c3bb8d94-dec-000343_tools.json,run,.json,1884
run/prompts/decision_mock-64394-c3bb8d94-dec-000343_user.json,run,.json,12340
run/prompts/decision_mock-64394-c3bb8d94-dec-000344_parsed.json,run,.json,2153
run/prompts/decision_mock-64394-c3bb8d94-dec-000344_response.json,run,.json,7215
run/prompts/decision_mock-64394-c3bb8d94-dec-000344_system.txt,run,.txt,1912
run/prompts/decision_mock-64394-c3bb8d94-dec-000344_tools.json,run,.json,3088
run/prompts/decision_mock-64394-c3bb8d94-dec-000344_user.json,run,.json,12637
run/prompts/decision_mock-64394-c3bb8d94-dec-000345_parsed.json,run,.json,2697
run/prompts/decision_mock-64394-c3bb8d94-dec-000345_response.json,run,.json,11082
run/prompts/decision_mock-64394-c3bb8d94-dec-000345_system.txt,run,.txt,1912
run/prompts/decision_mock-64394-c3bb8d94-dec-000345_tools.json,run,.json,653
run/prompts/decision_mock-64394-c3bb8d94-dec-000345_user.json,run,.json,12339
run/replay_diff.json,run,.json,553
run/replay_flags.jsonl,run,.jsonl,387340
run/replay_navigation.json,run,.json,53782
run/replay_report.json,run,.json,833
run/replay_steps.jsonl,run,.jsonl,1549397
run/review_cost_aggregate.json,run,.json,934796
run/review_cost_calls.jsonl,run,.jsonl,429285
run/review_queue.jsonl,run,.jsonl,101169
run/run_config.json,run,.json,2326
run/scorecard.json,run,.json,644768
run/scorecard_decisions.jsonl,run,.jsonl,160785
run/scorecard_events.jsonl,run,.jsonl,473237
run/scorecard_players.json,run,.json,9574
run/seat_assignment.json,run,.json,993
run/state/turn_0000.json,run,.json,6655
run/state/turn_0000_decision_0001.json,run,.json,6663
run/state/turn_0000_decision_0002.json,run,.json,6680
run/state/turn_0001.json,run,.json,6673
run/state/turn_0001_decision_0001.json,run,.json,6680
run/state/turn_0002.json,run,.json,6670
run/state/turn_0002_decision_0001.json,run,.json,6677
run/state/turn_0002_decision_0002.json,run,.json,6691
run/state/turn_0003.json,run,.json,6684
run/state/turn_0003_decision_0001.json,run,.json,6691
run/state/turn_0004.json,run,.json,6676
run/state/turn_0004_decision_0001.json,run,.json,6683
run/state/turn_0004_decision_0002.json,run,.json,6689
run/state/turn_0005.json,run,.json,6682
run/state/turn_0005_decision_0001.json,run,.json,6690
run/state/turn_0006.json,run,.json,6694
run/state/turn_0007.json,run,.json,6690
run/state/turn_0007_decision_0001.json,run,.json,6698
run/state/turn_0008.json,run,.json,6691
run/state/turn_0008_decision_0001.json,run,.json,6698
run/state/turn_0009.json,run,.json,6683
run/state/turn_0009_decision_0001.json,run,.json,6690
run/state/turn_0009_decision_0002.json,run,.json,6696
run/state/turn_0010.json,run,.json,6701
run/state/turn_0010_decision_0001.json,run,.json,6708
run/state/turn_0010_decision_0002.json,run,.json,6709
run/state/turn_0011.json,run,.json,6699
run/state/turn_0011_decision_0001.json,run,.json,6706
run/state/turn_0012.json,run,.json,6699
run/state/turn_0012_decision_0001.json,run,.json,6707
run/state/turn_0012_decision_0002.json,run,.json,6721
run/state/turn_0013.json,run,.json,6706
run/state/turn_0014.json,run,.json,6716
run/state/turn_0014_decision_0001.json,run,.json,6723
run/state/turn_0014_decision_0002.json,run,.json,6740
run/state/turn_0015.json,run,.json,6730
run/state/turn_0016.json,run,.json,6729
run/state/turn_0016_decision_0001.json,run,.json,6736
run/state/turn_0017.json,run,.json,6721
run/state/turn_0017_decision_0001.json,run,.json,6728
run/state/turn_0018.json,run,.json,6732
run/state/turn_0018_decision_0001.json,run,.json,6739
run/state/turn_0018_decision_0002.json,run,.json,6755
run/state/turn_0019.json,run,.json,6745
run/state/turn_0019_decision_0001.json,run,.json,6752
run/state/turn_0019_decision_0002.json,run,.json,6753
run/state/turn_0020.json,run,.json,6746
run/state/turn_0020_decision_0001.json,run,.json,6753
run/state/turn_0020_decision_0002.json,run,.json,6767
run/state/turn_0021.json,run,.json,6752
run/state/turn_0021_decision_0001.json,run,.json,6759
run/state/turn_0022.json,run,.json,6763
run/state/turn_0022_decision_0001.json,run,.json,6770
run/state/turn_0023.json,run,.json,6760
run/state/turn_0023_decision_0001.json,run,.json,6767
run/state/turn_0024.json,run,.json,6760
run/state/turn_0024_decision_0001.json,run,.json,6767
run/state/turn_0024_decision_0002.json,run,.json,6780
run/state/turn_0025.json,run,.json,6765
run/state/turn_0025_decision_0001.json,run,.json,6772
run/state/turn_0025_decision_0002.json,run,.json,6772
run/state/turn_0025_decision_0003.json,run,.json,6773
run/state/turn_0026.json,run,.json,6777
run/state/turn_0026_decision_0001.json,run,.json,6785
run/state/turn_0027.json,run,.json,6775
run/state/turn_0027_decision_0001.json,run,.json,6782
run/state/turn_0027_decision_0002.json,run,.json,6796
run/state/turn_0028.json,run,.json,6789
run/state/turn_0028_decision_0001.json,run,.json,6796
run/state/turn_0029.json,run,.json,6781
run/state/turn_0029_decision_0001.json,run,.json,6788
run/state/turn_0030.json,run,.json,6792
run/state/turn_0030_decision_0001.json,run,.json,6799
run/state/turn_0030_decision_0002.json,run,.json,6815
run/state/turn_0031.json,run,.json,6805
run/state/turn_0031_decision_0001.json,run,.json,6812
run/state/turn_0031_decision_0002.json,run,.json,7123
run/state/turn_0031_decision_0003.json,run,.json,7197
run/state/turn_0031_decision_0004.json,run,.json,7263
run/state/turn_0031_decision_0005.json,run,.json,7338
run/state/turn_0031_decision_0006.json,run,.json,7382
run/state/turn_0031_decision_0007.json,run,.json,7460
run/state/turn_0031_decision_0008.json,run,.json,7535
run/state/turn_0031_decision_0009.json,run,.json,7613
run/state/turn_0031_decision_0010.json,run,.json,7688
run/state/turn_0031_decision_0011.json,run,.json,7766
run/state/turn_0031_decision_0012.json,run,.json,7843
run/state/turn_0031_decision_0013.json,run,.json,7922
run/state/turn_0031_decision_0014.json,run,.json,7998
run/state/turn_0031_decision_0015.json,run,.json,8077
run/state/turn_0031_decision_0016.json,run,.json,8153
run/state/turn_0031_decision_0017.json,run,.json,6829
run/state/turn_0031_decision_0018.json,run,.json,7144
run/state/turn_0031_decision_0019.json,run,.json,7500
run/state/turn_0031_decision_0020.json,run,.json,6825
run/state/turn_0032.json,run,.json,6818
run/state/turn_0032_decision_0001.json,run,.json,6825
run/state/turn_0032_decision_0002.json,run,.json,6838
run/state/turn_0032_decision_0003.json,run,.json,7174
run/state/turn_0032_decision_0004.json,run,.json,6838
run/state/turn_0032_decision_0005.json,run,.json,7150
run/state/turn_0032_decision_0006.json,run,.json,6838
run/state/turn_0032_decision_0007.json,run,.json,7144
run/state/turn_0032_decision_0008.json,run,.json,6838
run/state/turn_0033.json,run,.json,6823
run/state/turn_0033_decision_0001.json,run,.json,6830
run/state/turn_0034.json,run,.json,6834
run/state/turn_0034_decision_0001.json,run,.json,6841
run/state/turn_0034_decision_0002.json,run,.json,6858
run/state/turn_0035.json,run,.json,6848
run/state/turn_0035_decision_0001.json,run,.json,6854
run/state/turn_0036.json,run,.json,6847
run/state/turn_0036_decision_0001.json,run,.json,6855
run/state/turn_0036_decision_0002.json,run,.json,6869
run/state/turn_0036_decision_0003.json,run,.json,7180
run/state/turn_0036_decision_0004.json,run,.json,6869
run/state/turn_0036_decision_0005.json,run,.json,7196
run/state/turn_0036_decision_0006.json,run,.json,6869
run/state/turn_0036_decision_0007.json,run,.json,7175
run/state/turn_0036_decision_0008.json,run,.json,6869
run/state/turn_0037.json,run,.json,6862
run/state/turn_0037_decision_0001.json,run,.json,6869
run/state/turn_0037_decision_0002.json,run,.json,7205
run/state/turn_0037_decision_0003.json,run,.json,7604
run/state/turn_0037_decision_0004.json,run,.json,8012
run/state/turn_0037_decision_0005.json,run,.json,6869
run/state/turn_0038.json,run,.json,6854
run/state/turn_0038_decision_0001.json,run,.json,6861
run/state/turn_0039.json,run,.json,6865
run/state/turn_0039_decision_0001.json,run,.json,6872
run/state/turn_0039_decision_0002.json,run,.json,6889
run/state/turn_0039_decision_0003.json,run,.json,7198
run/state/turn_0039_decision_0004.json,run,.json,6889
run/state/turn_0039_decision_0005.json,run,.json,7198
run/state/turn_0039_decision_0006.json,run,.json,6889
run/state/turn_0040.json,run,.json,6879
run/state/turn_0040_decision_0001.json,run,.json,6886
run/state/turn_0041.json,run,.json,6879
run/state/turn_0041_decision_0001.json,run,.json,6886
run/state/turn_0041_decision_0002.json,run,.json,6900
run/state/turn_0042.json,run,.json,6893
run/state/turn_0042_decision_0001.json,run,.json,6900
run/state/turn_0042_decision_0002.json,run,.json,7226
run/state/turn_0042_decision_0003.json,run,.json,6900
run/state/turn_0043.json,run,.json,6893
run/state/turn_0043_decision_0001.json,run,.json,6899
run/state/turn_0044.json,run,.json,6884
run/state/turn_0044_decision_0001.json,run,.json,6890
run/state/turn_0044_decision_0002.json,run,.json,6896
run/state/turn_0045.json,run,.json,6900
run/state/turn_0045_decision_0001.json,run,.json,6907
run/state/turn_0045_decision_0002.json,run,.json,7233
run/state/turn_0045_decision_0003.json,run,.json,6907
run/state/turn_0045_decision_0004.json,run,.json,7233
run/state/turn_0045_decision_0005.json,run,.json,6907
run/state/turn_0046.json,run,.json,6897
run/state/turn_0046_decision_0001.json,run,.json,6905
run/state/turn_0047.json,run,.json,6898
run/state/turn_0047_decision_0001.json,run,.json,6905
run/state/turn_0047_decision_0002.json,run,.json,7219
run/state/turn_0047_decision_0003.json,run,.json,6905
run/state/turn_0048.json,run,.json,6890
run/state/turn_0048_decision_0001.json,run,.json,6897
run/state/turn_0048_decision_0002.json,run,.json,6903
run/state/turn_0049.json,run,.json,6907
run/state/turn_0049_decision_0001.json,run,.json,6913
run/state/turn_0049_decision_0002.json,run,.json,6930
run/state/turn_0049_decision_0003.json,run,.json,7264
run/state/turn_0049_decision_0004.json,run,.json,6930
run/state/turn_0049_decision_0005.json,run,.json,7264
run/state/turn_0049_decision_0006.json,run,.json,6930
run/state/turn_0049_decision_0007.json,run,.json,7282
run/state/turn_0049_decision_0008.json,run,.json,6930
run/state/turn_0050.json,run,.json,6920
run/state/turn_0050_decision_0001.json,run,.json,6927
run/state/turn_0051.json,run,.json,6920
run/state/turn_0051_decision_0001.json,run,.json,6928
run/state/turn_0051_decision_0002.json,run,.json,7254
run/state/turn_0051_decision_0003.json,run,.json,6928
run/state/turn_0051_decision_0004.json,run,.json,7242
run/state/turn_0051_decision_0005.json,run,.json,6928
run/state/turn_0052.json,run,.json,6913
run/state/turn_0052_decision_0001.json,run,.json,6921
run/state/turn_0052_decision_0002.json,run,.json,6927
run/state/turn_0053.json,run,.json,6931
run/state/turn_0053_decision_0001.json,run,.json,6938
run/state/turn_0053_decision_0002.json,run,.json,7264
run/state/turn_0053_decision_0003.json,run,.json,6938
run/state/turn_0054.json,run,.json,6928
run/state/turn_0054_decision_0001.json,run,.json,6935
run/state/turn_0054_decision_0002.json,run,.json,6949
run/state/turn_0055.json,run,.json,6942
run/state/turn_0055_decision_0001.json,run,.json,6949
run/state/turn_0056.json,run,.json,6934
run/state/turn_0056_decision_0001.json,run,.json,6941
run/state/turn_0057.json,run,.json,6945
run/state/turn_0057_decision_0001.json,run,.json,6953
run/state/turn_0058.json,run,.json,6943
run/state/turn_0058_decision_0001.json,run,.json,6949
run/state/turn_0059.json,run,.json,6942
run/state/turn_0059_decision_0001.json,run,.json,6949
run/state/turn_0059_decision_0002.json,run,.json,6962
run/state/turn_0059_decision_0003.json,run,.json,7301
run/state/turn_0059_decision_0004.json,run,.json,6962
run/state/turn_0059_decision_0005.json,run,.json,7301
run/state/turn_0059_decision_0006.json,run,.json,6962
run/state/turn_0059_decision_0007.json,run,.json,7301
run/state/turn_0059_decision_0008.json,run,.json,6962
run/state/turn_0059_decision_0009.json,run,.json,7304
run/state/turn_0059_decision_0010.json,run,.json,7714
run/state/turn_0059_decision_0011.json,run,.json,8132
run/state/turn_0059_decision_0012.json,run,.json,8338
run/state/turn_0059_decision_0013.json,run,.json,8547
run/state/turn_0059_decision_0014.json,run,.json,6969
run/state/turn_0060.json,run,.json,6962
run/state/turn_0060_decision_0001.json,run,.json,6969
run/state/turn_0061.json,run,.json,6954
run/state/turn_0061_decision_0001.json,run,.json,6961
run/state/turn_0062.json,run,.json,6965
run/state/turn_0062_decision_0001.json,run,.json,6972
run/state/turn_0062_decision_0002.json,run,.json,7289
run/state/turn_0062_decision_0003.json,run,.json,6972
run/state/turn_0062_decision_0004.json,run,.json,7289
run/state/turn_0062_decision_0005.json,run,.json,6972
run/state/turn_0062_decision_0006.json,run,.json,7289
run/state/turn_0062_decision_0007.json,run,.json,6972
run/state/turn_0063.json,run,.json,6962
run/state/turn_0063_decision_0001.json,run,.json,6970
run/state/turn_0063_decision_0002.json,run,.json,7278
run/state/turn_0063_decision_0003.json,run,.json,7350
run/state/turn_0063_decision_0004.json,run,.json,7430
run/state/turn_0063_decision_0005.json,run,.json,7514
run/state/turn_0063_decision_0006.json,run,.json,7558
run/state/turn_0063_decision_0007.json,run,.json,7614
run/state/turn_0063_decision_0008.json,run,.json,7695
run/state/turn_0063_decision_0009.json,run,.json,7733
run/state/turn_0063_decision_0010.json,run,.json,6976
run/state/turn_0064.json,run,.json,6969
run/state/turn_0064_decision_0001.json,run,.json,6976
run/state/turn_0065.json,run,.json,6969
run/state/turn_0065_decision_0001.json,run,.json,6976
run/state/turn_0066.json,run,.json,6969
run/state/turn_0066_decision_0001.json,run,.json,6976
run/state/turn_0067.json,run,.json,6969
run/state/turn_0067_decision_0001.json,run,.json,6975
run/state/turn_0068.json,run,.json,6960
run/state/turn_0068_decision_0001.json,run,.json,6966
run/state/turn_0069.json,run,.json,6970
run/state/turn_0069_decision_0001.json,run,.json,6976
run/state/turn_0069_decision_0002.json,run,.json,7293
run/state/turn_0069_decision_0003.json,run,.json,6976
run/state/turn_0069_decision_0004.json,run,.json,7293
run/state/turn_0069_decision_0005.json,run,.json,6976
run/state/turn_0069_decision_0006.json,run,.json,7316
run/state/turn_0069_decision_0007.json,run,.json,6976
run/state/turn_0070.json,run,.json,6969
run/state/turn_0070_decision_0001.json,run,.json,6977
run/state/turn_0071.json,run,.json,6967
run/state/turn_0071_decision_0001.json,run,.json,6974
run/state/turn_0072.json,run,.json,6967
run/state/turn_0073.json,run,.json,6966
run/state/turn_0073_decision_0001.json,run,.json,6974
run/state/turn_0074.json,run,.json,6959
run/state/turn_0074_decision_0001.json,run,.json,6966
run/state/turn_0075.json,run,.json,6970
run/state/turn_0075_decision_0001.json,run,.json,6977
run/state/turn_0075_decision_0002.json,run,.json,7311
run/state/turn_0075_decision_0003.json,run,.json,7711
run/state/turn_0075_decision_0004.json,run,.json,6977
run/state/turn_0075_decision_0005.json,run,.json,7311
run/state/turn_0075_decision_0006.json,run,.json,6977
run/state/turn_0076.json,run,.json,6967
run/state/turn_0076_decision_0001.json,run,.json,6974
run/state/turn_0076_decision_0002.json,run,.json,6975
run/state/turn_0077.json,run,.json,6968
run/state/turn_0077_decision_0001.json,run,.json,6975
run/state/turn_0078.json,run,.json,6960
run/state/turn_0078_decision_0001.json,run,.json,6968
run/state/turn_0079.json,run,.json,6972
run/state/turn_0079_decision_0001.json,run,.json,6979
run/state/turn_0080.json,run,.json,6969
run/state/turn_0080_decision_0001.json,run,.json,6976
run/state/turn_0081.json,run,.json,6969
run/state/turn_0081_decision_0001.json,run,.json,6976
run/state/turn_0082.json,run,.json,6969
run/state/turn_0082_decision_0001.json,run,.json,6976
run/state/turn_0082_decision_0002.json,run,.json,6990
run/state/turn_0083.json,run,.json,6983
run/state/turn_0084.json,run,.json,6974
run/state/turn_0084_decision_0001.json,run,.json,6981
run/state/turn_0085.json,run,.json,6985
run/state/turn_0085_decision_0001.json,run,.json,6991
run/state/turn_0086.json,run,.json,6981
run/state/turn_0087.json,run,.json,6980
run/state/turn_0087_decision_0001.json,run,.json,6987
run/state/turn_0087_decision_0002.json,run,.json,6988
run/state/turn_0088.json,run,.json,6973
run/state/turn_0088_decision_0001.json,run,.json,6980
run/state/turn_0089.json,run,.json,6973
run/state/turn_0089_decision_0001.json,run,.json,6980
run/state/turn_0090.json,run,.json,6984
run/state/turn_0090_decision_0001.json,run,.json,6992
run/state/turn_0091.json,run,.json,6982
run/state/turn_0091_decision_0001.json,run,.json,6989
run/state/turn_0091_decision_0002.json,run,.json,6990
run/state/turn_0092.json,run,.json,6983
run/state/turn_0092_decision_0001.json,run,.json,6990
run/state/turn_0093.json,run,.json,6975
run/state/turn_0093_decision_0001.json,run,.json,6981
run/state/turn_0094.json,run,.json,6985
run/state/turn_0094_decision_0001.json,run,.json,6992
run/state/turn_0095.json,run,.json,6982
run/state/turn_0095_decision_0001.json,run,.json,6989
run/state/turn_0096.json,run,.json,6982
run/state/turn_0097.json,run,.json,6973
run/state/turn_0097_decision_0001.json,run,.json,6980
run/state/turn_0098.json,run,.json,6984
run/state/turn_0098_decision_0001.json,run,.json,6991
run/state/turn_0098_decision_0002.json,run,.json,7326
run/state/turn_0098_decision_0003.json,run,.json,6991
run/state/turn_0099.json,run,.json,6981
run/state/turn_0099_decision_0001.json,run,.json,6988
run/state/turn_0100.json,run,.json,6982
run/state/turn_0100_decision_0001.json,run,.json,6989
run/state/turn_0100_decision_0002.json,run,.json,6990
run/state/turn_0101.json,run,.json,6975
run/state/turn_0101_decision_0001.json,run,.json,6982
run/state/turn_0102.json,run,.json,6975
run/state/turn_0102_decision_0001.json,run,.json,6983
run/state/turn_0103.json,run,.json,6987
run/state/turn_0103_decision_0001.json,run,.json,6994
run/state/turn_0103_decision_0002.json,run,.json,7321
run/state/turn_0103_decision_0003.json,run,.json,6994
run/state/turn_0104.json,run,.json,6984
run/state/turn_0104_decision_0001.json,run,.json,6990
run/state/turn_0105.json,run,.json,6983
run/state/turn_0105_decision_0001.json,run,.json,6990
run/state/turn_0106.json,run,.json,6975
run/state/turn_0106_decision_0001.json,run,.json,6982
run/state/turn_0107.json,run,.json,6975
run/state/turn_0108.json,run,.json,6985
run/state/turn_0108_decision_0001.json,run,.json,6991
run/state/turn_0108_decision_0002.json,run,.json,7342
run/state/turn_0108_decision_0003.json,run,.json,6991
run/state/turn_0108_decision_0004.json,run,.json,7342
run/state/turn_0108_decision_0005.json,run,.json,6991
run/state/turn_0109.json,run,.json,6981
run/state/turn_0109_decision_0001.json,run,.json,6988
run/state/turn_0110.json,run,.json,6981
run/state/turn_0111.json,run,.json,6972
run/state/turn_0111_decision_0001.json,run,.json,6979
run/state/turn_0112.json,run,.json,6983
run/state/turn_0112_decision_0001.json,run,.json,6991
run/state/turn_0112_decision_0002.json,run,.json,7359
run/state/turn_0112_decision_0003.json,run,.json,6991
run/state/turn_0112_decision_0004.json,run,.json,7326
run/state/turn_0112_decision_0005.json,run,.json,6991
run/state/turn_0112_decision_0006.json,run,.json,7326
run/state/turn_0112_decision_0007.json,run,.json,6991
run/state/turn_0113.json,run,.json,6981
run/state/turn_0113_decision_0001.json,run,.json,6989
run/state/turn_0114.json,run,.json,6982
run/state/turn_0114_decision_0001.json,run,.json,6989
run/state/turn_0114_decision_0002.json,run,.json,6990
run/state/turn_0115.json,run,.json,6975
run/state/turn_0115_decision_0001.json,run,.json,6982
run/state/turn_0116.json,run,.json,6986
run/state/turn_0116_decision_0001.json,run,.json,6993
run/state/turn_0117.json,run,.json,6983
run/state/turn_0117_decision_0001.json,run,.json,6990
run/state/turn_0117_decision_0002.json,run,.json,7296
run/state/turn_0117_decision_0003.json,run,.json,7370
run/state/turn_0117_decision_0004.json,run,.json,7451
run/state/turn_0117_decision_0005.json,run,.json,7534
run/state/turn_0117_decision_0006.json,run,.json,7606
run/state/turn_0117_decision_0007.json,run,.json,7665
run/state/turn_0117_decision_0008.json,run,.json,7746
run/state/turn_0117_decision_0009.json,run,.json,7829
run/state/turn_0117_decision_0010.json,run,.json,7873
run/state/turn_0117_decision_0011.json,run,.json,7901
run/state/turn_0117_decision_0012.json,run,.json,7007
run/state/turn_0118.json,run,.json,7000
run/state/turn_0118_decision_0001.json,run,.json,7007
run/state/turn_0119.json,run,.json,7000
run/state/turn_0119_decision_0001.json,run,.json,7007
run/state/turn_0119_decision_0002.json,run,.json,7338
run/state/turn_0119_decision_0003.json,run,.json,7007
run/state/turn_0120.json,run,.json,6992
run/state/turn_0120_decision_0001.json,run,.json,6999
run/state/turn_0120_decision_0002.json,run,.json,7000
run/state/turn_0121.json,run,.json,7004
run/state/turn_0121_decision_0001.json,run,.json,7011
run/state/turn_0121_decision_0002.json,run,.json,7011
run/state/turn_0122.json,run,.json,7001
run/state/turn_0122_decision_0001.json,run,.json,7008
run/state/turn_0123.json,run,.json,7001
run/state/turn_0123_decision_0001.json,run,.json,7008
run/state/turn_0123_decision_0002.json,run,.json,7008
run/state/turn_0124.json,run,.json,6993
run/state/turn_0124_decision_0001.json,run,.json,7000
run/state/turn_0125.json,run,.json,7004
run/state/turn_0125_decision_0001.json,run,.json,7011
run/state/turn_0126.json,run,.json,7001
run/state/turn_0126_decision_0001.json,run,.json,7007
run/state/turn_0127.json,run,.json,7000
run/state/turn_0127_decision_0001.json,run,.json,7007
run/state/turn_0128.json,run,.json,6992
run/state/turn_0128_decision_0001.json,run,.json,6999
run/state/turn_0129.json,run,.json,6992
run/state/turn_0129_decision_0001.json,run,.json,6998
run/state/turn_0130.json,run,.json,7002
run/state/turn_0130_decision_0001.json,run,.json,7009
run/state/turn_0130_decision_0002.json,run,.json,7007
run/state/turn_0130_decision_0003.json,run,.json,7006
run/state/turn_0131.json,run,.json,6996
run/state/turn_0131_decision_0001.json,run,.json,7004
run/state/turn_0131_decision_0002.json,run,.json,7310
run/state/turn_0131_decision_0003.json,run,.json,7382
run/state/turn_0131_decision_0004.json,run,.json,7462
run/state/turn_0131_decision_0005.json,run,.json,7500
run/state/turn_0131_decision_0006.json,run,.json,7544
run/state/turn_0131_decision_0007.json,run,.json,7610
run/state/turn_0131_decision_0008.json,run,.json,7686
run/state/turn_0131_decision_0009.json,run,.json,7010
run/state/turn_0132.json,run,.json,7003
run/state/turn_0132_decision_0001.json,run,.json,7010
run/state/turn_0132_decision_0002.json,run,.json,7010
run/state/turn_0133.json,run,.json,6995
run/state/turn_0133_decision_0001.json,run,.json,7002
run/state/turn_0134.json,run,.json,7006
run/state/turn_0134_decision_0001.json,run,.json,7012
run/state/turn_0134_decision_0002.json,run,.json,7012
run/state/turn_0134_decision_0003.json,run,.json,7336
run/state/turn_0134_decision_0004.json,run,.json,7012
run/state/turn_0134_decision_0005.json,run,.json,7011
run/state/turn_0135.json,run,.json,7001
run/state/turn_0135_decision_0001.json,run,.json,7008
run/state/turn_0136.json,run,.json,7001
run/state/turn_0136_decision_0001.json,run,.json,7009
run/state/turn_0137.json,run,.json,7002
run/state/turn_0137_decision_0001.json,run,.json,7009
run/state/turn_0138.json,run,.json,6994
run/state/turn_0138_decision_0001.json,run,.json,7002
run/state/turn_0138_decision_0002.json,run,.json,7002
run/state/turn_0138_decision_0003.json,run,.json,7001
run/state/turn_0138_decision_0004.json,run,.json,6997
run/state/turn_0139.json,run,.json,7001
run/state/turn_0139_decision_0001.json,run,.json,7009
run/state/turn_0140.json,run,.json,6999
run/state/turn_0140_decision_0001.json,run,.json,7006
run/state/turn_0141.json,run,.json,6999
run/state/turn_0141_decision_0001.json,run,.json,7006
run/state/turn_0142.json,run,.json,6991
run/state/turn_0142_decision_0001.json,run,.json,6998
run/state/turn_0143.json,run,.json,7002
run/state/turn_0143_decision_0001.json,run,.json,7009
run/state/turn_0144.json,run,.json,6892
run/state/turn_0144_decision_0001.json,run,.json,6898
run/state/turn_0145.json,run,.json,6891
run/state/turn_0146.json,run,.json,6882
run/state/turn_0146_decision_0001.json,run,.json,6889
run/state/turn_0146_decision_0002.json,run,.json,6888
run/state/turn_0147.json,run,.json,6889
run/state/turn_0147_decision_0001.json,run,.json,6896
run/state/turn_0148.json,run,.json,6889
run/state/turn_0148_decision_0001.json,run,.json,6896
run/state/turn_0149.json,run,.json,6881
run/state/turn_0149_decision_0001.json,run,.json,6888
run/state/turn_0149_decision_0002.json,run,.json,6886
run/state/turn_0150.json,run,.json,6887
run/state/turn_0150_decision_0001.json,run,.json,6896
run/state/turn_0150_decision_0002.json,run,.json,6895
run/state/turn_0150_decision_0003.json,run,.json,6895
run/state/turn_0150_decision_0004.json,run,.json,6894
run/state/turn_0151.json,run,.json,6887
run/state/turn_0151_decision_0001.json,run,.json,6894
run/state/turn_0152.json,run,.json,6879
run/state/turn_0152_decision_0001.json,run,.json,6886
run/state/turn_0152_decision_0002.json,run,.json,6885
run/state/turn_0152_decision_0003.json,run,.json,6885
run/state/turn_0152_decision_0004.json,run,.json,6885
run/state/turn_0153.json,run,.json,6886
run/state/turn_0153_decision_0001.json,run,.json,6893
run/state/turn_0153_decision_0002.json,run,.json,6892
run/state/turn_0154.json,run,.json,6847
run/state/turn_0154_decision_0001.json,run,.json,6854
run/state/turn_0154_decision_0002.json,run,.json,6854
run/state/turn_0154_decision_0003.json,run,.json,6855
run/state/turn_0154_decision_0004.json,run,.json,6855
run/state/turn_0154_decision_0005.json,run,.json,6854
run/state/turn_0154_decision_0006.json,run,.json,6853
run/state/turn_0154_decision_0007.json,run,.json,6852
run/state/turn_0154_decision_0008.json,run,.json,7235
run/state/turn_0154_decision_0009.json,run,.json,6852
run/state/turn_0154_decision_0010.json,run,.json,7234
run/state/turn_0154_decision_0011.json,run,.json,6852
run/state/turn_0154_decision_0012.json,run,.json,7234
run/state/turn_0154_decision_0013.json,run,.json,6852
run/state/turn_0154_decision_0014.json,run,.json,6852
run/state/turn_0155.json,run,.json,6837
run/state/turn_0155_decision_0001.json,run,.json,6845
run/state/turn_0156.json,run,.json,6846
run/state/turn_0156_decision_0001.json,run,.json,6853
run/state/turn_0157.json,run,.json,6800
run/summary.json,run,.json,5018
run/timeline.json,run,.json,622408
run/trace_findings.jsonl,run,.jsonl,329856
run/trace_summary.json,run,.json,1209
run/turn_index.json,run,.json,50714
run/usage.json,run,.json,3585
run/usage_attempts.jsonl,run,.jsonl,358640
run/usage_decisions.jsonl,run,.jsonl,267984
