candidate_id_sha256,episode_family,run_id_sha256,turn_start,turn_end,decision_count,selection_basis,selected
bac80726632d734dc653b25ee93a0304803e59b460a60077343e90f954169bbd,ACCUSATION_OR_HIGH_RISK,ae3c5c763dc923291e7b4339ec3952b616f580032a7c485348171e303a3a5188,119,124,1,"public language contains accusation, threat, betrayal, or deception cue",False
92b558444c0de99c6effad8e7e9f7323568dffafdecb8cf000091f78f8071481,ACCUSATION_OR_HIGH_RISK,38d4e1318130ba66ab3185fc18a03f67b7cafcbd234536f2c8d1ae9eb9ed8fbb,75,80,1,"public language contains accusation, threat, betrayal, or deception cue",True
9f4cc6669315542b7da1ccea6e99f60f9cfc4acc91a0a014183f1b63d4111730,ACCUSATION_OR_HIGH_RISK,38d4e1318130ba66ab3185fc18a03f67b7cafcbd234536f2c8d1ae9eb9ed8fbb,89,94,1,"public language contains accusation, threat, betrayal, or deception cue",False
2f8c22910483f07e4782715708abec614c941f386839b6c2ad2619278b0e464c,ACCUSATION_OR_HIGH_RISK,38d4e1318130ba66ab3185fc18a03f67b7cafcbd234536f2c8d1ae9eb9ed8fbb,132,137,1,"public language contains accusation, threat, betrayal, or deception cue",False
bbb17b9dc50c065855381af6529a332e69a371eaa9e13afb36cf31f3f368bf93,ACCUSATION_OR_HIGH_RISK,38d4e1318130ba66ab3185fc18a03f67b7cafcbd234536f2c8d1ae9eb9ed8fbb,137,142,1,"public language contains accusation, threat, betrayal, or deception cue",False
506f8b149edf1b5d386ebe04523321a7a91a41925c343f91582e62cd6fe443d3,ACCUSATION_OR_HIGH_RISK,38d4e1318130ba66ab3185fc18a03f67b7cafcbd234536f2c8d1ae9eb9ed8fbb,162,167,1,"public language contains accusation, threat, betrayal, or deception cue",False
793321d011deaf5f5b6e46544f9b2bcad24490b940cb0bd86663abbaf3a62f27,ACCUSATION_OR_HIGH_RISK,1b2a66f6ca3d62978bb77829003650ad1085d3f45ef821d976860e5f78d36b73,120,125,1,"public language contains accusation, threat, betrayal, or deception cue",False
4692650a9f5f3aab1e60b15a8fe6501cb2ef38f5fb591a920b21a20ee8dcfda9,ACCUSATION_OR_HIGH_RISK,1b2a66f6ca3d62978bb77829003650ad1085d3f45ef821d976860e5f78d36b73,120,125,1,"public language contains accusation, threat, betrayal, or deception cue",False
0d1842ee5c7124ed8c3f0546a213fb98baaa2b893eb58acb16908869099167ad,ACCUSATION_OR_HIGH_RISK,1b2a66f6ca3d62978bb77829003650ad1085d3f45ef821d976860e5f78d36b73,120,125,1,"public language contains accusation, threat, betrayal, or deception cue",False
cda4ca8ef71ec56ad34554eaed4c1c4e520a88f26dc42b1cc08661a9b2f2e91b,ACCUSATION_OR_HIGH_RISK,1b2a66f6ca3d62978bb77829003650ad1085d3f45ef821d976860e5f78d36b73,125,130,1,"public language contains accusation, threat, betrayal, or deception cue",False
33ea7cab2690410e8fe0eb8b17c1bed3332e3f8826b8fc405efa9df034c7ce68,ACCUSATION_OR_HIGH_RISK,3cbbc09499c1275328c9c27a3ce1ca60b93581b17e87857d07d0a1ff41ab2b01,77,82,1,"public language contains accusation, threat, betrayal, or deception cue",False
bfaca981a4575e87cc1790b5dee6e993432eabfab6bb0d1d8cb4755078e23f50,ACCUSATION_OR_HIGH_RISK,3cbbc09499c1275328c9c27a3ce1ca60b93581b17e87857d07d0a1ff41ab2b01,90,95,1,"public language contains accusation, threat, betrayal, or deception cue",False
7aba1ce4cf7b8d3b6f34b25b82c66990cd893aef5da266eeaa5319e62569bcba,ACCUSATION_OR_HIGH_RISK,840335b51c3164c1d4c0f8f76b1960024e1a5f4396206890a248d6841c84f8b0,77,82,1,"public language contains accusation, threat, betrayal, or deception cue",False
8eaba25034d69db6ccd660e4df59842ef9cd3b5e870fd5db0311c8e8f125a098,ACCUSATION_OR_HIGH_RISK,840335b51c3164c1d4c0f8f76b1960024e1a5f4396206890a248d6841c84f8b0,85,90,1,"public language contains accusation, threat, betrayal, or deception cue",False
8a135d4fd394e45f421380ceec6768995b396b422adec8f80e1adb9c473ded6d,ACCUSATION_OR_HIGH_RISK,840335b51c3164c1d4c0f8f76b1960024e1a5f4396206890a248d6841c84f8b0,118,123,1,"public language contains accusation, threat, betrayal, or deception cue",False
31abac27ee60e163d711e84d07580a30f03372eaf457c78692246eef6485f575,ACCUSATION_OR_HIGH_RISK,840335b51c3164c1d4c0f8f76b1960024e1a5f4396206890a248d6841c84f8b0,144,149,1,"public language contains accusation, threat, betrayal, or deception cue",True
38e69a7251b96f33ef3dffd9037706a5cc6932460ee272d9eaab4c97062d6900,ACCUSATION_OR_HIGH_RISK,3b81679fe9d1a8001adc0c8fcd83b4648a68131ca3a3ab8157f73118ad7df4dc,140,145,1,"public language contains accusation, threat, betrayal, or deception cue",False
d84d945b494d4f192e0879a059d5b18c4ae6dfd6f1046276897bbdf8cfbd56e7,ACCUSATION_OR_HIGH_RISK,9b64b50b21246a813a276af7a32e56a5ec4b88a3bd464355ae9cc3e77f313efb,59,64,1,"public language contains accusation, threat, betrayal, or deception cue",False
63306b74c43c7d1dee3434f83b95b33bbf4b3e21315e51a9270eef9c469a0969,ACCUSATION_OR_HIGH_RISK,9b64b50b21246a813a276af7a32e56a5ec4b88a3bd464355ae9cc3e77f313efb,69,74,1,"public language contains accusation, threat, betrayal, or deception cue",False
67c03ef9308aa1d973435ae349f31c4b488a824f35aea5a65266767d03496f45,ACCUSATION_OR_HIGH_RISK,9b64b50b21246a813a276af7a32e56a5ec4b88a3bd464355ae9cc3e77f313efb,69,74,1,"public language contains accusation, threat, betrayal, or deception cue",False
8e6f1c2250028537b4d46d89b80ba7131e797a0c99114fc95cef8db46cf65158,ACCUSATION_OR_HIGH_RISK,7e5c042a6c2641d49b6acfb017ddbfa16c3dcfbe567a6dd7386fd1dc0fa3a8a4,50,55,1,"public language contains accusation, threat, betrayal, or deception cue",True
846d7438181d22a779525d4a2359c898b679eab98afa81e50ab5bd1d163ed951,ACCUSATION_OR_HIGH_RISK,7e5c042a6c2641d49b6acfb017ddbfa16c3dcfbe567a6dd7386fd1dc0fa3a8a4,108,113,1,"public language contains accusation, threat, betrayal, or deception cue",False
fc794dc9b80bf36450c0b81d7419027476c422b1bd2070e386a8ddbf4db0749d,ACCUSATION_OR_HIGH_RISK,7e5c042a6c2641d49b6acfb017ddbfa16c3dcfbe567a6dd7386fd1dc0fa3a8a4,122,127,1,"public language contains accusation, threat, betrayal, or deception cue",False
4c6f5cbf11dab80a7c6fb7d34d63ccebd5eecfc7f8554b34f5fc33bbd4348169,AUCTION_COORDINATION,ae3c5c763dc923291e7b4339ec3952b616f580032a7c485348171e303a3a5188,62,62,6,canonical AUCTION_STARTED through terminal auction event,False
0b53da8f2397953b266c1509f221ac8034ad298e744626de44078975e6a17d96,AUCTION_COORDINATION,ae3c5c763dc923291e7b4339ec3952b616f580032a7c485348171e303a3a5188,80,80,8,canonical AUCTION_STARTED through terminal auction event,False
eacdd645955f7d36b98197bfbfcb2a712928acac269584891cd6b27b177ea367,AUCTION_COORDINATION,ae3c5c763dc923291e7b4339ec3952b616f580032a7c485348171e303a3a5188,86,86,8,canonical AUCTION_STARTED through terminal auction event,False
b764bddde59d0a0e7a624bce1fb6e73347a4c1ec74bbd091064ba4e26eed6fd7,AUCTION_COORDINATION,ae3c5c763dc923291e7b4339ec3952b616f580032a7c485348171e303a3a5188,113,113,4,canonical AUCTION_STARTED through terminal auction event,False
e090faa650117ffc630af3c4c751acbf12f7c701e567cce0206b8230751a9837,AUCTION_COORDINATION,38d4e1318130ba66ab3185fc18a03f67b7cafcbd234536f2c8d1ae9eb9ed8fbb,24,24,6,canonical AUCTION_STARTED through terminal auction event,False
a6debf7ab691bb9a09a1d8d466259e04f2e2f9eceb938369f99b44ed6dd524ee,AUCTION_COORDINATION,38d4e1318130ba66ab3185fc18a03f67b7cafcbd234536f2c8d1ae9eb9ed8fbb,35,35,10,canonical AUCTION_STARTED through terminal auction event,False
268a0092d3ca917b67a8202f869bf1ab0ad5a9adc84e150b290fb403d7134344,AUCTION_COORDINATION,38d4e1318130ba66ab3185fc18a03f67b7cafcbd234536f2c8d1ae9eb9ed8fbb,38,38,7,canonical AUCTION_STARTED through terminal auction event,False
df8278db6fca7721db0f2b44052341bd8ea6fcca7381fd6b4582495305b804c3,AUCTION_COORDINATION,38d4e1318130ba66ab3185fc18a03f67b7cafcbd234536f2c8d1ae9eb9ed8fbb,49,49,4,canonical AUCTION_STARTED through terminal auction event,False
a9df059606dc454ae3138417d12070df03aa3e379a3acf5ce4de270206c2bbfd,AUCTION_COORDINATION,38d4e1318130ba66ab3185fc18a03f67b7cafcbd234536f2c8d1ae9eb9ed8fbb,61,61,6,canonical AUCTION_STARTED through terminal auction event,False
90d89890c88adfe691d69c8901c5d0ba92aa41b6e6ea2b26049501041b540a62,AUCTION_COORDINATION,38d4e1318130ba66ab3185fc18a03f67b7cafcbd234536f2c8d1ae9eb9ed8fbb,84,84,9,canonical AUCTION_STARTED through terminal auction event,False
84b5e2214f5f6d79fbc2a76cb595325126bab71dd6e0013635d9a4bd5196f483,AUCTION_COORDINATION,38d4e1318130ba66ab3185fc18a03f67b7cafcbd234536f2c8d1ae9eb9ed8fbb,89,89,6,canonical AUCTION_STARTED through terminal auction event,False
76de2fc78cf4be0dcaf2778e6566cff84a0e26af64cb06a140e5aa105d6e5411,AUCTION_COORDINATION,38d4e1318130ba66ab3185fc18a03f67b7cafcbd234536f2c8d1ae9eb9ed8fbb,112,112,4,canonical AUCTION_STARTED through terminal auction event,False
91b6f4ea6418f8e4f6ec545e061f27e90cb67488764176665c1e0acea88c096b,AUCTION_COORDINATION,38d4e1318130ba66ab3185fc18a03f67b7cafcbd234536f2c8d1ae9eb9ed8fbb,132,132,5,canonical AUCTION_STARTED through terminal auction event,False
2fe1a115d58dc3d6cff1a629e8195dbca3a784b74917db57d7caa4c96c075ddc,AUCTION_COORDINATION,1b2a66f6ca3d62978bb77829003650ad1085d3f45ef821d976860e5f78d36b73,7,7,9,canonical AUCTION_STARTED through terminal auction event,False
d2e10be4b6d9fa6cb47cc3a6851179cc5740642a6fcbdf9589ac493f6d1252c5,AUCTION_COORDINATION,1b2a66f6ca3d62978bb77829003650ad1085d3f45ef821d976860e5f78d36b73,13,13,8,canonical AUCTION_STARTED through terminal auction event,False
f1c51b3b5a19a57029794d58ba49b98df124f30ae1c8e481019fe7d40f286aed,AUCTION_COORDINATION,1b2a66f6ca3d62978bb77829003650ad1085d3f45ef821d976860e5f78d36b73,58,58,4,canonical AUCTION_STARTED through terminal auction event,False
2fd0443bbd8df21051b95257dffb91526d745e93f4d20de616cfd01219caa3e9,AUCTION_COORDINATION,1b2a66f6ca3d62978bb77829003650ad1085d3f45ef821d976860e5f78d36b73,61,61,4,canonical AUCTION_STARTED through terminal auction event,False
6c929dd673aa2c850c49a00527afeeab4ddb29c8f9d6399096a2b724b5681811,AUCTION_COORDINATION,1b2a66f6ca3d62978bb77829003650ad1085d3f45ef821d976860e5f78d36b73,141,141,3,canonical AUCTION_STARTED through terminal auction event,False
99dd7fed4386f3b63afe22bccf1a238c34e2182b81a3b2e77b6d8744d284b3a2,AUCTION_COORDINATION,840335b51c3164c1d4c0f8f76b1960024e1a5f4396206890a248d6841c84f8b0,35,35,4,canonical AUCTION_STARTED through terminal auction event,False
96ced04e225c27d2bf439cae20e5dda9c198f21357ababf00a93d42dae40dcfe,AUCTION_COORDINATION,3b81679fe9d1a8001adc0c8fcd83b4648a68131ca3a3ab8157f73118ad7df4dc,15,15,9,canonical AUCTION_STARTED through terminal auction event,False
ecec2948595ef77fdbae7daf9aaf050eb2beaa30d6cb9843b5c9f75d6669754b,AUCTION_COORDINATION,3b81679fe9d1a8001adc0c8fcd83b4648a68131ca3a3ab8157f73118ad7df4dc,22,22,8,canonical AUCTION_STARTED through terminal auction event,False
048ff5bf2d23cad8ed724a63dfa46f504e6ac333e091465afb84275f0ce4df85,AUCTION_COORDINATION,3b81679fe9d1a8001adc0c8fcd83b4648a68131ca3a3ab8157f73118ad7df4dc,40,40,14,canonical AUCTION_STARTED through terminal auction event,False
e52192b18f1466aa2e186d6cda8999609b32680ce3327601f6025ca9f94d4a77,AUCTION_COORDINATION,3b81679fe9d1a8001adc0c8fcd83b4648a68131ca3a3ab8157f73118ad7df4dc,47,47,9,canonical AUCTION_STARTED through terminal auction event,False
a55c31a1a17dead0bffcfb6eb06517f9a2e1826cd08c7a0b01b0fbeb5908d659,AUCTION_COORDINATION,3b81679fe9d1a8001adc0c8fcd83b4648a68131ca3a3ab8157f73118ad7df4dc,48,48,6,canonical AUCTION_STARTED through terminal auction event,False
886805a3a79a919cf96290942f775da1fc6435ca99059dea7883dc5f1435bfde,AUCTION_COORDINATION,3b81679fe9d1a8001adc0c8fcd83b4648a68131ca3a3ab8157f73118ad7df4dc,52,52,4,canonical AUCTION_STARTED through terminal auction event,True
7274c04e519ac46bef2dcc708988c55e7b0909643d5933338f72055af050b017,AUCTION_COORDINATION,3b81679fe9d1a8001adc0c8fcd83b4648a68131ca3a3ab8157f73118ad7df4dc,55,55,8,canonical AUCTION_STARTED through terminal auction event,False
add848ba9e47ad95b4e650e4a925c694dfffac109a8adb67302a3ec5875dbbd3,AUCTION_COORDINATION,3b81679fe9d1a8001adc0c8fcd83b4648a68131ca3a3ab8157f73118ad7df4dc,121,121,3,canonical AUCTION_STARTED through terminal auction event,False
5f7e025dd5a6d7626c9dce4968ec59bcd6625688558d5f755a3a55823c892c97,AUCTION_COORDINATION,9b64b50b21246a813a276af7a32e56a5ec4b88a3bd464355ae9cc3e77f313efb,31,31,15,canonical AUCTION_STARTED through terminal auction event,False
0323145a3c4a8075b2e28a63e9650a3649b100b3dc3b2053ffc93b2708bb273b,AUCTION_COORDINATION,9b64b50b21246a813a276af7a32e56a5ec4b88a3bd464355ae9cc3e77f313efb,63,63,8,canonical AUCTION_STARTED through terminal auction event,False
27ead642c86d1a15c4d0068f59ecd34995de5383755dc71b63cf18430a6a308d,AUCTION_COORDINATION,9b64b50b21246a813a276af7a32e56a5ec4b88a3bd464355ae9cc3e77f313efb,117,117,10,canonical AUCTION_STARTED through terminal auction event,False
ae686be1bdad379e2fd5644eee4e507947520d01faecfb1cb03863a9e9463f88,AUCTION_COORDINATION,9b64b50b21246a813a276af7a32e56a5ec4b88a3bd464355ae9cc3e77f313efb,131,131,7,canonical AUCTION_STARTED through terminal auction event,False
4cc4c7ed3396cd64557268a897aafcb16974dec94312ef9e0a6b22c422e93a90,AUCTION_COORDINATION,7e5c042a6c2641d49b6acfb017ddbfa16c3dcfbe567a6dd7386fd1dc0fa3a8a4,31,31,9,canonical AUCTION_STARTED through terminal auction event,False
76ffa0b73e8d6bebc0b1ae0a36721731aa75ee0a67cbb170fee7bcaa082887f7,AUCTION_COORDINATION,7e5c042a6c2641d49b6acfb017ddbfa16c3dcfbe567a6dd7386fd1dc0fa3a8a4,37,37,9,canonical AUCTION_STARTED through terminal auction event,False
1ec6b70db0b44ea32086234e3b957f248f93fc5089a7b8626cb64cd30415e0b3,AUCTION_COORDINATION,7e5c042a6c2641d49b6acfb017ddbfa16c3dcfbe567a6dd7386fd1dc0fa3a8a4,40,40,4,canonical AUCTION_STARTED through terminal auction event,False
ea391b895a5e65c46f414f109bdf1cd193961183ed4e5be094f65c05bb51045b,AUCTION_COORDINATION,7e5c042a6c2641d49b6acfb017ddbfa16c3dcfbe567a6dd7386fd1dc0fa3a8a4,41,41,6,canonical AUCTION_STARTED through terminal auction event,False
2d36e2f347ea4225ebda7826c3d9e1c740545ef68c7594177cd0cf3eb4c44870,AUCTION_COORDINATION,7e5c042a6c2641d49b6acfb017ddbfa16c3dcfbe567a6dd7386fd1dc0fa3a8a4,45,45,25,canonical AUCTION_STARTED through terminal auction event,True
e40f69b87ee7857362af9f0afaf152e04b5098baeb46a1a537baf0543fde4092,AUCTION_COORDINATION,7e5c042a6c2641d49b6acfb017ddbfa16c3dcfbe567a6dd7386fd1dc0fa3a8a4,47,47,7,canonical AUCTION_STARTED through terminal auction event,False
556df85bc3ccfdf7a85ce76f5e15b7af449c8690616879b90222d605b8fc70d6,AUCTION_COORDINATION,7e5c042a6c2641d49b6acfb017ddbfa16c3dcfbe567a6dd7386fd1dc0fa3a8a4,53,53,10,canonical AUCTION_STARTED through terminal auction event,False
5e16a7ba65f6e14a350b0ec9fe00519ea8f3d0dc4ab068cac423c827b231c578,AUCTION_COORDINATION,7e5c042a6c2641d49b6acfb017ddbfa16c3dcfbe567a6dd7386fd1dc0fa3a8a4,55,55,6,canonical AUCTION_STARTED through terminal auction event,True
8d0ce8466d1ab7d352f2ec63014e81bd8348aed1b7256e33ddcfec25396e8b4c,AUCTION_COORDINATION,7e5c042a6c2641d49b6acfb017ddbfa16c3dcfbe567a6dd7386fd1dc0fa3a8a4,59,59,8,canonical AUCTION_STARTED through terminal auction event,False
1d0110cab05b0ef5db987bc59877357f2ad360341c413043ab253ae7584545f8,FACTUAL_PUBLIC_PRIVATE,ae3c5c763dc923291e7b4339ec3952b616f580032a7c485348171e303a3a5188,2,2,1,public language contains a checkable economic/state cue,False
528db326c3dc72fc9a0553dda8691a265c80555ea5889713b19186777f505bd1,FACTUAL_PUBLIC_PRIVATE,ae3c5c763dc923291e7b4339ec3952b616f580032a7c485348171e303a3a5188,3,3,1,public language contains a checkable economic/state cue,False
679f61a2487dcefbb9ed249680e89cdb33ebd7545048608dfb55bf964cd0d721,FACTUAL_PUBLIC_PRIVATE,ae3c5c763dc923291e7b4339ec3952b616f580032a7c485348171e303a3a5188,5,5,1,public language contains a checkable economic/state cue,False
5b8ae28b79cee8c4059bb49f447f28bcc6ed940981278f1d030498747a3fbbe9,FACTUAL_PUBLIC_PRIVATE,ae3c5c763dc923291e7b4339ec3952b616f580032a7c485348171e303a3a5188,5,5,1,public language contains a checkable economic/state cue,False
e6f8b670e79da67cd563b880835bd25c657535e4428b34d760e7b58b55bc6d2c,FACTUAL_PUBLIC_PRIVATE,ae3c5c763dc923291e7b4339ec3952b616f580032a7c485348171e303a3a5188,5,5,1,public language contains a checkable economic/state cue,False
fad358166557285052d57b9e2b128a126a4df9b593441e6055b20f45d7804273,FACTUAL_PUBLIC_PRIVATE,ae3c5c763dc923291e7b4339ec3952b616f580032a7c485348171e303a3a5188,5,5,1,public language contains a checkable economic/state cue,False
bce7dded9cb9627b290ea0d90d3bbc3764d3e1847fbbbd345684183d5edad059,FACTUAL_PUBLIC_PRIVATE,ae3c5c763dc923291e7b4339ec3952b616f580032a7c485348171e303a3a5188,5,5,1,public language contains a checkable economic/state cue,False
fb25e6c9514b80ada0afe9172d6db1c87d570f39f7b299d5145814fe3546cda1,FACTUAL_PUBLIC_PRIVATE,ae3c5c763dc923291e7b4339ec3952b616f580032a7c485348171e303a3a5188,5,5,1,public language contains a checkable economic/state cue,False
88aab49f5b2e11a559fd5813cb0e1e998a61bd9324baf08db704f93cc26665e9,FACTUAL_PUBLIC_PRIVATE,ae3c5c763dc923291e7b4339ec3952b616f580032a7c485348171e303a3a5188,6,6,1,public language contains a checkable economic/state cue,False
33c6abb0b8ccf6ac8f8b6fbadf5fe96804395584dd2c6a29c560e1e00bf4e601,FACTUAL_PUBLIC_PRIVATE,ae3c5c763dc923291e7b4339ec3952b616f580032a7c485348171e303a3a5188,6,6,1,public language contains a checkable economic/state cue,False
ccc89800f70a400b9c1a3477f56308ee29f38798b3e2bc86e13f174d56773a56,FACTUAL_PUBLIC_PRIVATE,ae3c5c763dc923291e7b4339ec3952b616f580032a7c485348171e303a3a5188,6,6,1,public language contains a checkable economic/state cue,False
a80e28e684de8cbde783441872b72ef5f0f50d84b91ae7e88c1c44c83feea3a8,FACTUAL_PUBLIC_PRIVATE,ae3c5c763dc923291e7b4339ec3952b616f580032a7c485348171e303a3a5188,7,7,1,public language contains a checkable economic/state cue,False
9b3b26d4c916a94c0da00b0d7687291ca47c27d5051a529e1e36d68f2aabe03d,FACTUAL_PUBLIC_PRIVATE,ae3c5c763dc923291e7b4339ec3952b616f580032a7c485348171e303a3a5188,8,8,1,public language contains a checkable economic/state cue,False
220d47c4ecb58de2deb8ea0eb516fe82cdee67fcd3d1a4917c3ae51118243a03,FACTUAL_PUBLIC_PRIVATE,ae3c5c763dc923291e7b4339ec3952b616f580032a7c485348171e303a3a5188,10,10,1,public language contains a checkable economic/state cue,False
b8b1dd6f6f068a868cc66ebcd583c76426d53f094e28c46c9f4415e1c77096e1,FACTUAL_PUBLIC_PRIVATE,ae3c5c763dc923291e7b4339ec3952b616f580032a7c485348171e303a3a5188,10,10,1,public language contains a checkable economic/state cue,False
00fd63a4551d49583a1121f68907cea35537076f90781f39d83d003cb47b3245,FACTUAL_PUBLIC_PRIVATE,ae3c5c763dc923291e7b4339ec3952b616f580032a7c485348171e303a3a5188,10,10,1,public language contains a checkable economic/state cue,False
dbe8b759fc8c8dfcf48b1abbcacce502d4ea390d1c6b0f48d0ee2163625cf487,FACTUAL_PUBLIC_PRIVATE,ae3c5c763dc923291e7b4339ec3952b616f580032a7c485348171e303a3a5188,10,10,1,public language contains a checkable economic/state cue,False
d83228bd1fe63389cfca35b9ef8c198a3998fb571e3d4d81ff7c223a7ad3115a,FACTUAL_PUBLIC_PRIVATE,ae3c5c763dc923291e7b4339ec3952b616f580032a7c485348171e303a3a5188,10,10,1,public language contains a checkable economic/state cue,False
85f5e270efa2792db31a488c9fef68607b4ada270aee731d13e221d3916676cf,FACTUAL_PUBLIC_PRIVATE,ae3c5c763dc923291e7b4339ec3952b616f580032a7c485348171e303a3a5188,10,10,1,public language contains a checkable economic/state cue,False
60d6010c229bca1426963b0235128a4595ea4b1e64ce5e2bd9d83a02e523fb31,FACTUAL_PUBLIC_PRIVATE,ae3c5c763dc923291e7b4339ec3952b616f580032a7c485348171e303a3a5188,10,10,1,public language contains a checkable economic/state cue,False
9d150e159bd8d6eed0106c06ed8cd55ec23a9638f20963f2625977a675c946e1,FACTUAL_PUBLIC_PRIVATE,ae3c5c763dc923291e7b4339ec3952b616f580032a7c485348171e303a3a5188,10,10,1,public language contains a checkable economic/state cue,False
e04ff182ae597cb5172114f998e81d4d275e4d206ec5fd167124f02057005b87,FACTUAL_PUBLIC_PRIVATE,ae3c5c763dc923291e7b4339ec3952b616f580032a7c485348171e303a3a5188,10,10,1,public language contains a checkable economic/state cue,False
6ebe1bc9c3479a37aaa5fb7ea9a3d740c8c09f9788d5bb78eec76350c58f37e9,FACTUAL_PUBLIC_PRIVATE,ae3c5c763dc923291e7b4339ec3952b616f580032a7c485348171e303a3a5188,11,11,1,public language contains a checkable economic/state cue,False
5146dcaa71d4c6b6025283020a049db7ec0567f66d0ef89848fa58630fa42bc7,FACTUAL_PUBLIC_PRIVATE,ae3c5c763dc923291e7b4339ec3952b616f580032a7c485348171e303a3a5188,12,12,1,public language contains a checkable economic/state cue,False
b749e60817ac4d549b6bf5aa74ade25455447dde8b212389bbf1ffe00a0d8e4f,FACTUAL_PUBLIC_PRIVATE,ae3c5c763dc923291e7b4339ec3952b616f580032a7c485348171e303a3a5188,15,15,1,public language contains a checkable economic/state cue,False
ed2bb9b4a2ec04a1147e5521bce7af2d2aa91406638a15f594b3511822d45d81,FACTUAL_PUBLIC_PRIVATE,ae3c5c763dc923291e7b4339ec3952b616f580032a7c485348171e303a3a5188,19,19,1,public language contains a checkable economic/state cue,False
e76a9289102689da91f98de694b798e75da58c47603047b365dbe9021a64586e,FACTUAL_PUBLIC_PRIVATE,ae3c5c763dc923291e7b4339ec3952b616f580032a7c485348171e303a3a5188,20,20,1,public language contains a checkable economic/state cue,False
a4788cd4c90709c941a1992a9b35223df5789c1df2dd477bb322d638ff9d796e,FACTUAL_PUBLIC_PRIVATE,ae3c5c763dc923291e7b4339ec3952b616f580032a7c485348171e303a3a5188,20,20,1,public language contains a checkable economic/state cue,False
09f52b91d6627250ba8205e6a1a286bcd53b2ed2192fe2d04d85b5bdd374575d,FACTUAL_PUBLIC_PRIVATE,ae3c5c763dc923291e7b4339ec3952b616f580032a7c485348171e303a3a5188,21,21,1,public language contains a checkable economic/state cue,False
5b12e8612e008bd84d8e18c206945aa4ba9966fe12c800c9b1c8d4ea27b4d8e6,FACTUAL_PUBLIC_PRIVATE,ae3c5c763dc923291e7b4339ec3952b616f580032a7c485348171e303a3a5188,21,21,1,public language contains a checkable economic/state cue,False
3fde640c9feab5ba11697984c00f4412a249bf74355e89efee5b41152be27e9f,FACTUAL_PUBLIC_PRIVATE,ae3c5c763dc923291e7b4339ec3952b616f580032a7c485348171e303a3a5188,21,21,1,public language contains a checkable economic/state cue,False
bf024436139464bc4b4d1eb41f7e5c1fd4f4391d94132aafa2e33a7cdd8208d0,FACTUAL_PUBLIC_PRIVATE,ae3c5c763dc923291e7b4339ec3952b616f580032a7c485348171e303a3a5188,21,21,1,public language contains a checkable economic/state cue,False
7067c875c0e57cd5b395288c1b9e89b600e39cb78fc27e4ef58749ea8cfebfee,FACTUAL_PUBLIC_PRIVATE,ae3c5c763dc923291e7b4339ec3952b616f580032a7c485348171e303a3a5188,22,22,1,public language contains a checkable economic/state cue,False
801e08fd33e42eff053c7c282a5e79945c104a4f1c85492de51b3b7af8155d85,FACTUAL_PUBLIC_PRIVATE,ae3c5c763dc923291e7b4339ec3952b616f580032a7c485348171e303a3a5188,25,25,1,public language contains a checkable economic/state cue,False
74efbcde8c24764fcda9fe51c03c4623f64c07bdc6bf2c2c5bf6ace2fcdaa31b,FACTUAL_PUBLIC_PRIVATE,ae3c5c763dc923291e7b4339ec3952b616f580032a7c485348171e303a3a5188,25,25,1,public language contains a checkable economic/state cue,False
147b41de6362ef160db11c656a9eae220e7a606a87e35672f11a670dcb7b4549,FACTUAL_PUBLIC_PRIVATE,ae3c5c763dc923291e7b4339ec3952b616f580032a7c485348171e303a3a5188,26,26,1,public language contains a checkable economic/state cue,False
8151b9f76c60e326ec7a1c5c73375e0d8a4c7a40cbf00bac8ceecf0e9fd11ce2,FACTUAL_PUBLIC_PRIVATE,ae3c5c763dc923291e7b4339ec3952b616f580032a7c485348171e303a3a5188,28,28,1,public language contains a checkable economic/state cue,False
d2f266b3b2dfe16a6ddf79379a8ca6cf19eede2b3bf4be28a6b8a0aaa67447eb,FACTUAL_PUBLIC_PRIVATE,ae3c5c763dc923291e7b4339ec3952b616f580032a7c485348171e303a3a5188,29,29,1,public language contains a checkable economic/state cue,False
61fd098e90bbf01f20d4217064a5de32c76918889cac6c7f1a67f453913fd491,FACTUAL_PUBLIC_PRIVATE,ae3c5c763dc923291e7b4339ec3952b616f580032a7c485348171e303a3a5188,29,29,1,public language contains a checkable economic/state cue,False
8c7bbea288fa9cd2d3a5d02215a88009415a75ad762614c784f3d24759033026,FACTUAL_PUBLIC_PRIVATE,ae3c5c763dc923291e7b4339ec3952b616f580032a7c485348171e303a3a5188,29,29,1,public language contains a checkable economic/state cue,False
3360edfc4adf4e11a853503a994acf49927428215a8b700d374fbab2f1cb9014,FACTUAL_PUBLIC_PRIVATE,ae3c5c763dc923291e7b4339ec3952b616f580032a7c485348171e303a3a5188,30,30,1,public language contains a checkable economic/state cue,False
41cf72d333e5950df38a51278ce21131bc2eec60bb90ad4342946133d486cf34,FACTUAL_PUBLIC_PRIVATE,ae3c5c763dc923291e7b4339ec3952b616f580032a7c485348171e303a3a5188,30,30,1,public language contains a checkable economic/state cue,False
b1c4d7fe386a92f9e2be953ce3caf9bc319f00e7ba3698d9ccbc6216080bc134,FACTUAL_PUBLIC_PRIVATE,ae3c5c763dc923291e7b4339ec3952b616f580032a7c485348171e303a3a5188,30,30,1,public language contains a checkable economic/state cue,False
6f091a02d146a7f500c79132bdd5b698de45188a69f34719c8c1013248c16456,FACTUAL_PUBLIC_PRIVATE,ae3c5c763dc923291e7b4339ec3952b616f580032a7c485348171e303a3a5188,30,30,1,public language contains a checkable economic/state cue,False
997429c883171bf98d268b0c81e997b4c38601058466d5dcf36f1a1ecfcc7b68,FACTUAL_PUBLIC_PRIVATE,ae3c5c763dc923291e7b4339ec3952b616f580032a7c485348171e303a3a5188,33,33,1,public language contains a checkable economic/state cue,False
8a155f92cd3913af71bfdea2ba8abc26a16449c312fdc287a13232c724a11ef0,FACTUAL_PUBLIC_PRIVATE,ae3c5c763dc923291e7b4339ec3952b616f580032a7c485348171e303a3a5188,36,36,1,public language contains a checkable economic/state cue,False
e91cd9dc222323665bee49a8bc7600b28e17ae5404f98526a4efa74ff62b71e1,FACTUAL_PUBLIC_PRIVATE,ae3c5c763dc923291e7b4339ec3952b616f580032a7c485348171e303a3a5188,38,38,1,public language contains a checkable economic/state cue,False
440faef207c5fad2243185cdc241d828757005ca57e0205b77d4767dae41c7a3,FACTUAL_PUBLIC_PRIVATE,ae3c5c763dc923291e7b4339ec3952b616f580032a7c485348171e303a3a5188,40,40,1,public language contains a checkable economic/state cue,False
2fe6c2de0a6584d85ad8bd00ce591839ffa0c136622895ced603dda8322eec86,FACTUAL_PUBLIC_PRIVATE,ae3c5c763dc923291e7b4339ec3952b616f580032a7c485348171e303a3a5188,44,44,1,public language contains a checkable economic/state cue,False
998634dad4e22793a7cbac3df4e1ab0153c8af32ede728679fc89cf00423320c,FACTUAL_PUBLIC_PRIVATE,ae3c5c763dc923291e7b4339ec3952b616f580032a7c485348171e303a3a5188,44,44,1,public language contains a checkable economic/state cue,False
4527aae2e02127075c225e4b2a81f00a55cc1175314057037bce7714e0d20a11,FACTUAL_PUBLIC_PRIVATE,ae3c5c763dc923291e7b4339ec3952b616f580032a7c485348171e303a3a5188,44,44,1,public language contains a checkable economic/state cue,False
871b2fda50d5ca0d68306d2b53fdcf123025f9740f626e879f363815f2da9219,FACTUAL_PUBLIC_PRIVATE,ae3c5c763dc923291e7b4339ec3952b616f580032a7c485348171e303a3a5188,44,44,1,public language contains a checkable economic/state cue,False
be5f4d98072129426977b540c69f13a60e73bd8475fa88ec789460da528de309,FACTUAL_PUBLIC_PRIVATE,ae3c5c763dc923291e7b4339ec3952b616f580032a7c485348171e303a3a5188,44,44,1,public language contains a checkable economic/state cue,False
2531e6e456d98dd527298af12c572f9c7319ab7bf9fbf0d460a7b12b9e670c0c,FACTUAL_PUBLIC_PRIVATE,ae3c5c763dc923291e7b4339ec3952b616f580032a7c485348171e303a3a5188,44,44,1,public language contains a checkable economic/state cue,False
76a32d39c894727731a347aa715bf6f448d58da98b0e824349bb6ea1c6268828,FACTUAL_PUBLIC_PRIVATE,ae3c5c763dc923291e7b4339ec3952b616f580032a7c485348171e303a3a5188,45,45,1,public language contains a checkable economic/state cue,False
2075518bf4c9b7b4f7114b79086fc811c4ae6d4222f808a3b4ba16d522f4ee91,FACTUAL_PUBLIC_PRIVATE,ae3c5c763dc923291e7b4339ec3952b616f580032a7c485348171e303a3a5188,45,45,1,public language contains a checkable economic/state cue,False
e7a5d7f52e52d8a8e70439f8069eca4f2757cb43c1563badcb8dd052130ce82d,FACTUAL_PUBLIC_PRIVATE,ae3c5c763dc923291e7b4339ec3952b616f580032a7c485348171e303a3a5188,45,45,1,public language contains a checkable economic/state cue,False
ecbcfb31b941fa3611f704ef0cbb59c6d813b21ae88718e864a85a1dd7a2d68e,FACTUAL_PUBLIC_PRIVATE,ae3c5c763dc923291e7b4339ec3952b616f580032a7c485348171e303a3a5188,45,45,1,public language contains a checkable economic/state cue,False
b60d7b829ceae99c3f37505201eb15326186c397b6f51dad1e6ccf952b0019fa,FACTUAL_PUBLIC_PRIVATE,ae3c5c763dc923291e7b4339ec3952b616f580032a7c485348171e303a3a5188,45,45,1,public language contains a checkable economic/state cue,False
e46e0bfc2d6418d83ef021d1ae9b506c1ad2078d76c72d90bfafd6c58dda01a0,FACTUAL_PUBLIC_PRIVATE,ae3c5c763dc923291e7b4339ec3952b616f580032a7c485348171e303a3a5188,46,46,1,public language contains a checkable economic/state cue,False
104dec1f131278ef535c567dfdce79095aa371b9253df6f452bf662caa891fa7,FACTUAL_PUBLIC_PRIVATE,ae3c5c763dc923291e7b4339ec3952b616f580032a7c485348171e303a3a5188,46,46,1,public language contains a checkable economic/state cue,False
aa7562d51da4c44c83f7cca49355e1597a592b33ae890b970f326eccc778f86e,FACTUAL_PUBLIC_PRIVATE,ae3c5c763dc923291e7b4339ec3952b616f580032a7c485348171e303a3a5188,46,46,1,public language contains a checkable economic/state cue,False
291d3f19389495969d76dd32628a8b0df136c4e17ecf96131d6e37575752f29e,FACTUAL_PUBLIC_PRIVATE,ae3c5c763dc923291e7b4339ec3952b616f580032a7c485348171e303a3a5188,46,46,1,public language contains a checkable economic/state cue,False
1d71ae859721795a4c0c988f368de17894ad2b788d64adbcd64055d5a9c43f1f,FACTUAL_PUBLIC_PRIVATE,ae3c5c763dc923291e7b4339ec3952b616f580032a7c485348171e303a3a5188,46,46,1,public language contains a checkable economic/state cue,False
ed5593027aa172feea987ac62b394cf917676416733bce7127fe79ff4fe7da0f,FACTUAL_PUBLIC_PRIVATE,ae3c5c763dc923291e7b4339ec3952b616f580032a7c485348171e303a3a5188,46,46,1,public language contains a checkable economic/state cue,False
1fcd95e38db25be2a615e42a4f3c4a933778c8a34a32f3ceca2d69dd22c1080a,FACTUAL_PUBLIC_PRIVATE,ae3c5c763dc923291e7b4339ec3952b616f580032a7c485348171e303a3a5188,46,46,1,public language contains a checkable economic/state cue,False
c7846b9872ea72f8f4857944a5b058e677b405c05dd23d99439c7ee7f24d5600,FACTUAL_PUBLIC_PRIVATE,ae3c5c763dc923291e7b4339ec3952b616f580032a7c485348171e303a3a5188,48,48,1,public language contains a checkable economic/state cue,False
335abacbfb530a46164880703228b1b0fc2a9f6d7cb1558d3ec632df49f69076,FACTUAL_PUBLIC_PRIVATE,ae3c5c763dc923291e7b4339ec3952b616f580032a7c485348171e303a3a5188,49,49,1,public language contains a checkable economic/state cue,False
55daee5111f2233fd9a674e5535593b229f3eb9b0ff1d0a0d58c30c00dd8cbda,FACTUAL_PUBLIC_PRIVATE,ae3c5c763dc923291e7b4339ec3952b616f580032a7c485348171e303a3a5188,49,49,1,public language contains a checkable economic/state cue,False
bd98ca39ec6b695e898803b9b7f53314947ec5d0d9c173c72d4587eaf7920255,FACTUAL_PUBLIC_PRIVATE,ae3c5c763dc923291e7b4339ec3952b616f580032a7c485348171e303a3a5188,51,51,1,public language contains a checkable economic/state cue,False
b704e767bc99e1082c699a9406bf6b0ea2f573ee3c92e1eac14ec862a6028b51,FACTUAL_PUBLIC_PRIVATE,ae3c5c763dc923291e7b4339ec3952b616f580032a7c485348171e303a3a5188,51,51,1,public language contains a checkable economic/state cue,False
bf076852f422c523587e39d1b8851c8f74d642aff44e48d6434c2be0406e08ba,FACTUAL_PUBLIC_PRIVATE,ae3c5c763dc923291e7b4339ec3952b616f580032a7c485348171e303a3a5188,51,51,1,public language contains a checkable economic/state cue,False
4635c37d6bd9dfeb75791af7a7ae3983138bf301e6776e8c1cd4b8e5d6589740,FACTUAL_PUBLIC_PRIVATE,ae3c5c763dc923291e7b4339ec3952b616f580032a7c485348171e303a3a5188,51,51,1,public language contains a checkable economic/state cue,False
87f6c551c8ab24842911d1cc2a1d22e0bfb7c717813b1a4d6ff9c5748b89d9a5,FACTUAL_PUBLIC_PRIVATE,ae3c5c763dc923291e7b4339ec3952b616f580032a7c485348171e303a3a5188,53,53,1,public language contains a checkable economic/state cue,False
107e3c814a5ece7055990e8419efc107eafe8b28ebac8159e461325e6b979ff4,FACTUAL_PUBLIC_PRIVATE,ae3c5c763dc923291e7b4339ec3952b616f580032a7c485348171e303a3a5188,54,54,1,public language contains a checkable economic/state cue,False
64937a2478c02b462f036ae7bf6cdb85c80512d9979f295bfb68d02f7073b548,FACTUAL_PUBLIC_PRIVATE,ae3c5c763dc923291e7b4339ec3952b616f580032a7c485348171e303a3a5188,54,54,1,public language contains a checkable economic/state cue,False
1714f8dbbe5d8b55839b43cc315d4a5eba1d5dd72efc6ea9a390e5ee8ea02d0c,FACTUAL_PUBLIC_PRIVATE,ae3c5c763dc923291e7b4339ec3952b616f580032a7c485348171e303a3a5188,54,54,1,public language contains a checkable economic/state cue,False
6fa41957a433a2e28851a6d2ebd688b9eba3925eb8664d1a5204aeb2f7d647b0,FACTUAL_PUBLIC_PRIVATE,ae3c5c763dc923291e7b4339ec3952b616f580032a7c485348171e303a3a5188,58,58,1,public language contains a checkable economic/state cue,False
d5c4026398722d6aac05e85f8851284059d37316f570d0ab8e62c3bbbf86a823,FACTUAL_PUBLIC_PRIVATE,ae3c5c763dc923291e7b4339ec3952b616f580032a7c485348171e303a3a5188,59,59,1,public language contains a checkable economic/state cue,False
b6976c1e6ba63f41ff8a738c49ab60c7b5d999b4da354857400c51d66aab38dc,FACTUAL_PUBLIC_PRIVATE,ae3c5c763dc923291e7b4339ec3952b616f580032a7c485348171e303a3a5188,60,60,1,public language contains a checkable economic/state cue,False
ccf4edb38cd91ef8033b6d798b6c69c65ece06677f93b1809daa95314a7660d1,FACTUAL_PUBLIC_PRIVATE,ae3c5c763dc923291e7b4339ec3952b616f580032a7c485348171e303a3a5188,60,60,1,public language contains a checkable economic/state cue,False
f7cd24bceec5ee1f6348cfd9f2931fc8a875ce4298b3ddaaf4335facc5dc52ec,FACTUAL_PUBLIC_PRIVATE,ae3c5c763dc923291e7b4339ec3952b616f580032a7c485348171e303a3a5188,62,62,1,public language contains a checkable economic/state cue,False
39c9bcc9ed563c0ce7368486e64fbf26ba48fa36ac7c3b8928c8d1ef47201c78,FACTUAL_PUBLIC_PRIVATE,ae3c5c763dc923291e7b4339ec3952b616f580032a7c485348171e303a3a5188,62,62,1,public language contains a checkable economic/state cue,False
e27990daa6edd1e85b39609a1ed44ea49fc8ceb244c479aa7a4b4f2405412972,FACTUAL_PUBLIC_PRIVATE,ae3c5c763dc923291e7b4339ec3952b616f580032a7c485348171e303a3a5188,62,62,1,public language contains a checkable economic/state cue,False
fca833d35199cccb4711978675d3e7bc98dc961661cab5c4fc79961775c852ba,FACTUAL_PUBLIC_PRIVATE,ae3c5c763dc923291e7b4339ec3952b616f580032a7c485348171e303a3a5188,62,62,1,public language contains a checkable economic/state cue,False
807470d09cdbf208fd8414947848f0fdbf9c14fb50d3528a01ef9a4f89094113,FACTUAL_PUBLIC_PRIVATE,ae3c5c763dc923291e7b4339ec3952b616f580032a7c485348171e303a3a5188,62,62,1,public language contains a checkable economic/state cue,False
06be1c0f7663539be76dcedb93b3d2b184f4176e00a745965f7fd4fff0db5df0,FACTUAL_PUBLIC_PRIVATE,ae3c5c763dc923291e7b4339ec3952b616f580032a7c485348171e303a3a5188,63,63,1,public language contains a checkable economic/state cue,False
fb8169d76fbbe4e8bd428469708de8437e437b94cec25ef72efef5bf06180955,FACTUAL_PUBLIC_PRIVATE,ae3c5c763dc923291e7b4339ec3952b616f580032a7c485348171e303a3a5188,67,67,1,public language contains a checkable economic/state cue,False
2475c59227bd4bfa50c8bc04c397ddf6467325b3d43ee97c11fe34c1a91e924e,FACTUAL_PUBLIC_PRIVATE,ae3c5c763dc923291e7b4339ec3952b616f580032a7c485348171e303a3a5188,68,68,1,public language contains a checkable economic/state cue,False
55e9cfc25fd56d3f3cf548f57996decceaf8dd10c0834233b70f1b1879756c43,FACTUAL_PUBLIC_PRIVATE,ae3c5c763dc923291e7b4339ec3952b616f580032a7c485348171e303a3a5188,69,69,1,public language contains a checkable economic/state cue,False
2897c7419eb840104a4ab280a264b0b97fb0f75ad2dad6c7c07f2636ef43f7b0,FACTUAL_PUBLIC_PRIVATE,ae3c5c763dc923291e7b4339ec3952b616f580032a7c485348171e303a3a5188,71,71,1,public language contains a checkable economic/state cue,False
8fcc8cefd8093a837c6db88b98b1cbc8cf86970a5d6118c2150ec0fb835be8b0,FACTUAL_PUBLIC_PRIVATE,ae3c5c763dc923291e7b4339ec3952b616f580032a7c485348171e303a3a5188,72,72,1,public language contains a checkable economic/state cue,False
241681d604cd6dbe082781c0c6cf16003f7f4fa836da0956b7cfb76ffd629c6c,FACTUAL_PUBLIC_PRIVATE,ae3c5c763dc923291e7b4339ec3952b616f580032a7c485348171e303a3a5188,75,75,1,public language contains a checkable economic/state cue,False
29e8de5430e162745286a9fbd2cc10316634029e0cde34f74e30521685852527,FACTUAL_PUBLIC_PRIVATE,ae3c5c763dc923291e7b4339ec3952b616f580032a7c485348171e303a3a5188,75,75,1,public language contains a checkable economic/state cue,False
0b1b3820362c03bdd728c69f19baccfafcb610aae9f65075277dd6c71f912997,FACTUAL_PUBLIC_PRIVATE,ae3c5c763dc923291e7b4339ec3952b616f580032a7c485348171e303a3a5188,76,76,1,public language contains a checkable economic/state cue,False
7cc624813ac0bc485085763458c8ac68b4fd39a07b8878cf22a3281a3a7b6776,FACTUAL_PUBLIC_PRIVATE,ae3c5c763dc923291e7b4339ec3952b616f580032a7c485348171e303a3a5188,79,79,1,public language contains a checkable economic/state cue,False
ce625a5369b552d00d607681fe4ca4475b155bdcc6afa28509acfa58cd2e48ee,FACTUAL_PUBLIC_PRIVATE,ae3c5c763dc923291e7b4339ec3952b616f580032a7c485348171e303a3a5188,80,80,1,public language contains a checkable economic/state cue,False
4657a2eabefb99d45ea8125777dca66f4f391b2cdb82a0dae70b4fd42074525e,FACTUAL_PUBLIC_PRIVATE,ae3c5c763dc923291e7b4339ec3952b616f580032a7c485348171e303a3a5188,80,80,1,public language contains a checkable economic/state cue,False
d3093286939bddacbd73ccd644abac70d86c12bb2f6fba1151a249b99c2467a3,FACTUAL_PUBLIC_PRIVATE,ae3c5c763dc923291e7b4339ec3952b616f580032a7c485348171e303a3a5188,80,80,1,public language contains a checkable economic/state cue,False
528288a88b48b5fc745be5f013bb8aa6cf56f6496f2303f0bba5274738020974,FACTUAL_PUBLIC_PRIVATE,ae3c5c763dc923291e7b4339ec3952b616f580032a7c485348171e303a3a5188,80,80,1,public language contains a checkable economic/state cue,False
b18bcbb7de001a6c0ff1c9a95393e5d5a31e0cc552765eac35c2d5cef6f7f5b3,FACTUAL_PUBLIC_PRIVATE,ae3c5c763dc923291e7b4339ec3952b616f580032a7c485348171e303a3a5188,80,80,1,public language contains a checkable economic/state cue,False
64b6d6851fcd775d90f0a976a5f051cd69d6e26946a770f12017da23c718f55f,FACTUAL_PUBLIC_PRIVATE,ae3c5c763dc923291e7b4339ec3952b616f580032a7c485348171e303a3a5188,80,80,1,public language contains a checkable economic/state cue,False
017046278e684bb147e8e24c0c15b2d538741a8356ab00d63e4b9c319b6414c2,FACTUAL_PUBLIC_PRIVATE,ae3c5c763dc923291e7b4339ec3952b616f580032a7c485348171e303a3a5188,80,80,1,public language contains a checkable economic/state cue,False
0c2259b0db292efaad0a401a460bd10e6870be27477885a0f61f9afb028b023e,FACTUAL_PUBLIC_PRIVATE,ae3c5c763dc923291e7b4339ec3952b616f580032a7c485348171e303a3a5188,80,80,1,public language contains a checkable economic/state cue,False
8a8deb38fcb03d8892151b0ea12dec5921d08043642e21fd4e70b48111c1401f,FACTUAL_PUBLIC_PRIVATE,ae3c5c763dc923291e7b4339ec3952b616f580032a7c485348171e303a3a5188,81,81,1,public language contains a checkable economic/state cue,False
67c19a3e47397feebaa854bb897e4c04a467fc73e487a6342f74740c77725bd5,FACTUAL_PUBLIC_PRIVATE,ae3c5c763dc923291e7b4339ec3952b616f580032a7c485348171e303a3a5188,81,81,1,public language contains a checkable economic/state cue,False
cd7ee09fa2d249eefe014be3265d96762562f6aed3ede0e78e6f278cd060b078,FACTUAL_PUBLIC_PRIVATE,ae3c5c763dc923291e7b4339ec3952b616f580032a7c485348171e303a3a5188,81,81,1,public language contains a checkable economic/state cue,False
70fe28d8547fd29959797899bed6bc2ba983bba2050b1ab8ca17d41d0639c5f4,FACTUAL_PUBLIC_PRIVATE,ae3c5c763dc923291e7b4339ec3952b616f580032a7c485348171e303a3a5188,81,81,1,public language contains a checkable economic/state cue,False
de2ce069c882ab7347560ee714fbae45bf45f612b9f538b74739b105544183a9,FACTUAL_PUBLIC_PRIVATE,ae3c5c763dc923291e7b4339ec3952b616f580032a7c485348171e303a3a5188,81,81,1,public language contains a checkable economic/state cue,False
34ca081d950a64627a4365820b9c61a9b8cf5977a22384711856f65c7d974488,FACTUAL_PUBLIC_PRIVATE,ae3c5c763dc923291e7b4339ec3952b616f580032a7c485348171e303a3a5188,81,81,1,public language contains a checkable economic/state cue,False
31e6d63c5d356aaa069a066df004a612d624873657b54033321e3dd1a962bbec,FACTUAL_PUBLIC_PRIVATE,ae3c5c763dc923291e7b4339ec3952b616f580032a7c485348171e303a3a5188,81,81,1,public language contains a checkable economic/state cue,False
a53baf00b4a7bad579de0e0257dac7147ac89b27ba7c26eba8b4b7ff8ded5a66,FACTUAL_PUBLIC_PRIVATE,ae3c5c763dc923291e7b4339ec3952b616f580032a7c485348171e303a3a5188,81,81,1,public language contains a checkable economic/state cue,False
2d58fdc185f7c9a0947ed1a7b95b73846f5b7f08e23ff1088268937c68bcb26c,FACTUAL_PUBLIC_PRIVATE,ae3c5c763dc923291e7b4339ec3952b616f580032a7c485348171e303a3a5188,81,81,1,public language contains a checkable economic/state cue,False
1b71ac7c38dd0dd0e370d8e8d4ed34022be041084ddb951238556b568711842f,FACTUAL_PUBLIC_PRIVATE,ae3c5c763dc923291e7b4339ec3952b616f580032a7c485348171e303a3a5188,81,81,1,public language contains a checkable economic/state cue,False
68c4f29bd84dafd58aa5b4e95ddaef67b1ef16f1ad1b12c5069d1116b7a9ef00,FACTUAL_PUBLIC_PRIVATE,ae3c5c763dc923291e7b4339ec3952b616f580032a7c485348171e303a3a5188,81,81,1,public language contains a checkable economic/state cue,False
4177819acea1ac4e24696bc1c582c2959e51d648993e378a9033c4d760d5db3d,FACTUAL_PUBLIC_PRIVATE,ae3c5c763dc923291e7b4339ec3952b616f580032a7c485348171e303a3a5188,81,81,1,public language contains a checkable economic/state cue,False
9935e19499ae9ec18e7cd9f0485d718d2a79b325f7d62c33a528a0d2dcf5992f,FACTUAL_PUBLIC_PRIVATE,ae3c5c763dc923291e7b4339ec3952b616f580032a7c485348171e303a3a5188,81,81,1,public language contains a checkable economic/state cue,False
c7379dc081c0c908d5b6e9d3e432d3e9ebaa279e98aeed5d61397d432950c4c7,FACTUAL_PUBLIC_PRIVATE,ae3c5c763dc923291e7b4339ec3952b616f580032a7c485348171e303a3a5188,81,81,1,public language contains a checkable economic/state cue,False
378084bf76573d87484eff78b44261bfb13ac36e7d7fa7218fefc56a3d262182,FACTUAL_PUBLIC_PRIVATE,ae3c5c763dc923291e7b4339ec3952b616f580032a7c485348171e303a3a5188,84,84,1,public language contains a checkable economic/state cue,False
7d6acfa9fea2d386a1d149eed7771e723af0965d3fbb051e08b265de7dc29f21,FACTUAL_PUBLIC_PRIVATE,ae3c5c763dc923291e7b4339ec3952b616f580032a7c485348171e303a3a5188,85,85,1,public language contains a checkable economic/state cue,False
15f5ccc82d233c5616aedc9bcbcdda02ebe4623f9ceeec25990535e2839a16d0,FACTUAL_PUBLIC_PRIVATE,ae3c5c763dc923291e7b4339ec3952b616f580032a7c485348171e303a3a5188,86,86,1,public language contains a checkable economic/state cue,False
cb26d78da8ecd90e1b52bba2489520f77d843fb648dffd006d67d030cf06f541,FACTUAL_PUBLIC_PRIVATE,ae3c5c763dc923291e7b4339ec3952b616f580032a7c485348171e303a3a5188,86,86,1,public language contains a checkable economic/state cue,False
727076dab4545ea0b96860501c46c3743e3425ba326415bcb0ee599b23df2954,FACTUAL_PUBLIC_PRIVATE,ae3c5c763dc923291e7b4339ec3952b616f580032a7c485348171e303a3a5188,86,86,1,public language contains a checkable economic/state cue,False
149059c2e09d013c72dbe5dba670a1a3c07ac1dd0991e80308892eee04551afa,FACTUAL_PUBLIC_PRIVATE,ae3c5c763dc923291e7b4339ec3952b616f580032a7c485348171e303a3a5188,86,86,1,public language contains a checkable economic/state cue,False
38288cc032f00d4e6efee5ca7d469c72ce6e837bf659ef02538e4fa6df8d8c19,FACTUAL_PUBLIC_PRIVATE,ae3c5c763dc923291e7b4339ec3952b616f580032a7c485348171e303a3a5188,86,86,1,public language contains a checkable economic/state cue,False
a3e8fee2d706d2e1774d38f49df2221374061c97072a14c204a5a4feecaa048d,FACTUAL_PUBLIC_PRIVATE,ae3c5c763dc923291e7b4339ec3952b616f580032a7c485348171e303a3a5188,86,86,1,public language contains a checkable economic/state cue,False
5b0c7c1fbd388ddfcd6d5d2d97f1ce4c20b90725c31206d8c4825ba2e586ae29,FACTUAL_PUBLIC_PRIVATE,ae3c5c763dc923291e7b4339ec3952b616f580032a7c485348171e303a3a5188,86,86,1,public language contains a checkable economic/state cue,False
7504e26dc98e72aff73d1300e36e5b294f85001059a06df8ad474ccfbed2271c,FACTUAL_PUBLIC_PRIVATE,ae3c5c763dc923291e7b4339ec3952b616f580032a7c485348171e303a3a5188,86,86,1,public language contains a checkable economic/state cue,False
eab36592150694c39de5e8f4a5c7aa9098df99cd83014eda45bbf5604bbdbcce,FACTUAL_PUBLIC_PRIVATE,ae3c5c763dc923291e7b4339ec3952b616f580032a7c485348171e303a3a5188,86,86,1,public language contains a checkable economic/state cue,False
e4869c6b097172a14dc8a1a537c882603b6f1afc2b283185138a704484a13825,FACTUAL_PUBLIC_PRIVATE,ae3c5c763dc923291e7b4339ec3952b616f580032a7c485348171e303a3a5188,87,87,1,public language contains a checkable economic/state cue,False
ec6eb385e5a254f027c6f1316d6494fdcee644e380fc67dd41cc10620f4d1d22,FACTUAL_PUBLIC_PRIVATE,ae3c5c763dc923291e7b4339ec3952b616f580032a7c485348171e303a3a5188,89,89,1,public language contains a checkable economic/state cue,False
6f6fe8b97010cfed1cce28985b787dc6aca4bb44594482a0fc4e0e547db05157,FACTUAL_PUBLIC_PRIVATE,ae3c5c763dc923291e7b4339ec3952b616f580032a7c485348171e303a3a5188,93,93,1,public language contains a checkable economic/state cue,False
45fb1d9f45d7eb026bab057fb5710cdafb7db546e010ad0a969968b855b14c29,FACTUAL_PUBLIC_PRIVATE,ae3c5c763dc923291e7b4339ec3952b616f580032a7c485348171e303a3a5188,94,94,1,public language contains a checkable economic/state cue,False
d52c4dc5521fe0c72e500fbd41cb4509730199f5f2db317f48a61a2a01df5724,FACTUAL_PUBLIC_PRIVATE,ae3c5c763dc923291e7b4339ec3952b616f580032a7c485348171e303a3a5188,94,94,1,public language contains a checkable economic/state cue,False
4e87f07c32806593a821e9f42e8b3e478fb81f9461a4b964c164d40d426fc168,FACTUAL_PUBLIC_PRIVATE,ae3c5c763dc923291e7b4339ec3952b616f580032a7c485348171e303a3a5188,94,94,1,public language contains a checkable economic/state cue,False
d8c8275589248670015dad55bd477b00e5d3f64123cb6eb975d57ae4577aec1f,FACTUAL_PUBLIC_PRIVATE,ae3c5c763dc923291e7b4339ec3952b616f580032a7c485348171e303a3a5188,94,94,1,public language contains a checkable economic/state cue,False
ad79bf60df4c88052ecdb2e068f4cdd12180e406cfe9be8e41941ecd0f836945,FACTUAL_PUBLIC_PRIVATE,ae3c5c763dc923291e7b4339ec3952b616f580032a7c485348171e303a3a5188,94,94,1,public language contains a checkable economic/state cue,False
be1fb5c820bd84f6f4dade394f0ff23464485f5b53aadcbd5f60edcb18a50f71,FACTUAL_PUBLIC_PRIVATE,ae3c5c763dc923291e7b4339ec3952b616f580032a7c485348171e303a3a5188,95,95,1,public language contains a checkable economic/state cue,False
659c57ab08ee588db07b0f6da640e048b86f304635fb8c39c9a025d261faddd1,FACTUAL_PUBLIC_PRIVATE,ae3c5c763dc923291e7b4339ec3952b616f580032a7c485348171e303a3a5188,97,97,1,public language contains a checkable economic/state cue,False
008dbd7aa64aabf928af629d5e88a9ea8cc14bf81d9a04f53bde2be1fa22e74b,FACTUAL_PUBLIC_PRIVATE,ae3c5c763dc923291e7b4339ec3952b616f580032a7c485348171e303a3a5188,97,97,1,public language contains a checkable economic/state cue,False
2ccc5576461ecf3ca5626ae1695faca5171203e6dc86635d8a5934e3ad87c0a3,FACTUAL_PUBLIC_PRIVATE,ae3c5c763dc923291e7b4339ec3952b616f580032a7c485348171e303a3a5188,103,103,1,public language contains a checkable economic/state cue,False
ea86f74a7c58d3ca18c89e92d92294f9c1c6cfa213f9e97e8fbd9ec1384512c5,FACTUAL_PUBLIC_PRIVATE,ae3c5c763dc923291e7b4339ec3952b616f580032a7c485348171e303a3a5188,105,105,1,public language contains a checkable economic/state cue,False
a6482fdbbfd5a67df37c9939516fb91bc3277c8c858ccd0a83d227312450aee3,FACTUAL_PUBLIC_PRIVATE,ae3c5c763dc923291e7b4339ec3952b616f580032a7c485348171e303a3a5188,105,105,1,public language contains a checkable economic/state cue,False
628a25c5aefade576110abe62cea7b7dd3bf2cfc7adcea3ffb7fd290aaefa65d,FACTUAL_PUBLIC_PRIVATE,ae3c5c763dc923291e7b4339ec3952b616f580032a7c485348171e303a3a5188,113,113,1,public language contains a checkable economic/state cue,False
50ca0cb5d780ff5dc85e22f0ea5567c88f2e7efc86044925108383633a6dca39,FACTUAL_PUBLIC_PRIVATE,ae3c5c763dc923291e7b4339ec3952b616f580032a7c485348171e303a3a5188,113,113,1,public language contains a checkable economic/state cue,False
74da4f7d75b3985eb8a523fa21e3c7727a1ded6d209255f64f1da1c744f43d8d,FACTUAL_PUBLIC_PRIVATE,ae3c5c763dc923291e7b4339ec3952b616f580032a7c485348171e303a3a5188,113,113,1,public language contains a checkable economic/state cue,False
600e22114ffe1da6f0333d63e8335d63147a51afbbb1ca34044249e2c29488e9,FACTUAL_PUBLIC_PRIVATE,ae3c5c763dc923291e7b4339ec3952b616f580032a7c485348171e303a3a5188,113,113,1,public language contains a checkable economic/state cue,False
7b47efebee10c82df0e83b7616795a9ceb072657f524ae6eac103757a61611cd,FACTUAL_PUBLIC_PRIVATE,ae3c5c763dc923291e7b4339ec3952b616f580032a7c485348171e303a3a5188,114,114,1,public language contains a checkable economic/state cue,False
e5d0ca1797aa438bc3051e3af6ae0f7ee71fa922dd9e7fed0457c73a9fcfd6e0,FACTUAL_PUBLIC_PRIVATE,ae3c5c763dc923291e7b4339ec3952b616f580032a7c485348171e303a3a5188,115,115,1,public language contains a checkable economic/state cue,False
475562bae41c77d669a81e7840d98fcda463370797cdc71b4c333c074fd83360,FACTUAL_PUBLIC_PRIVATE,ae3c5c763dc923291e7b4339ec3952b616f580032a7c485348171e303a3a5188,116,116,1,public language contains a checkable economic/state cue,False
23f2f84b90de47a6cbb0d6a1c2b8f760d6eeb0aef87e09c232a28f37e36680e4,FACTUAL_PUBLIC_PRIVATE,ae3c5c763dc923291e7b4339ec3952b616f580032a7c485348171e303a3a5188,119,119,1,public language contains a checkable economic/state cue,False
04dae68a3a8750a712c407f8c2a496b853e93225fb1297a0f71319c52bbfd277,FACTUAL_PUBLIC_PRIVATE,ae3c5c763dc923291e7b4339ec3952b616f580032a7c485348171e303a3a5188,119,119,1,public language contains a checkable economic/state cue,False
7af2dfc91af165c4323a3f4c55cb831b1f6a3e326e5aec32df3e98cbfa86fe5f,FACTUAL_PUBLIC_PRIVATE,ae3c5c763dc923291e7b4339ec3952b616f580032a7c485348171e303a3a5188,119,119,1,public language contains a checkable economic/state cue,False
9e53d2cc7683d652217f3a4404027d661bf126a124268a9d4ed3fdea155b7a63,FACTUAL_PUBLIC_PRIVATE,ae3c5c763dc923291e7b4339ec3952b616f580032a7c485348171e303a3a5188,119,119,1,public language contains a checkable economic/state cue,False
41604f46b8d0dab13207bc9766dc8e9c36b881b5793e8f4fbd9ce8e6fd84692d,FACTUAL_PUBLIC_PRIVATE,ae3c5c763dc923291e7b4339ec3952b616f580032a7c485348171e303a3a5188,119,119,1,public language contains a checkable economic/state cue,False
de66f0e844abf11cba7d68299f4453bd877b2dc10c3dc5f0301f26831cbfe061,FACTUAL_PUBLIC_PRIVATE,ae3c5c763dc923291e7b4339ec3952b616f580032a7c485348171e303a3a5188,121,121,1,public language contains a checkable economic/state cue,False
ef4600407ee8ee5f8d6ad063f3791796b28cd63bf00e5bd71a40eef160af56a5,FACTUAL_PUBLIC_PRIVATE,ae3c5c763dc923291e7b4339ec3952b616f580032a7c485348171e303a3a5188,124,124,1,public language contains a checkable economic/state cue,False
2af12990b6b1ec7cf7c19d6afcb6c13b549b031d87ac7204ce345f7becf822a5,FACTUAL_PUBLIC_PRIVATE,ae3c5c763dc923291e7b4339ec3952b616f580032a7c485348171e303a3a5188,125,125,1,public language contains a checkable economic/state cue,False
8a9e82d0bbb1586b23cc30607b40544c6a4628e7792bdc030ea926a4eb5a8679,FACTUAL_PUBLIC_PRIVATE,ae3c5c763dc923291e7b4339ec3952b616f580032a7c485348171e303a3a5188,129,129,1,public language contains a checkable economic/state cue,False
931ad68b07af7b4d634bcafd6f607256a360b1705161ad413707bb84d4e786a9,FACTUAL_PUBLIC_PRIVATE,ae3c5c763dc923291e7b4339ec3952b616f580032a7c485348171e303a3a5188,129,129,1,public language contains a checkable economic/state cue,False
a5c472dee3c6221e861795a4d9eb468b50d6607a60f9995d972df0ec7bcc0ebd,FACTUAL_PUBLIC_PRIVATE,ae3c5c763dc923291e7b4339ec3952b616f580032a7c485348171e303a3a5188,132,132,1,public language contains a checkable economic/state cue,False
67205819e473c2c36578c2f20c1f53b050e7b6a26002ad87195088f2367383e0,FACTUAL_PUBLIC_PRIVATE,ae3c5c763dc923291e7b4339ec3952b616f580032a7c485348171e303a3a5188,134,134,1,public language contains a checkable economic/state cue,False
54881b377210fb6a1096c6314de32695a4b287d7786a58731afd6225f5990c9e,FACTUAL_PUBLIC_PRIVATE,ae3c5c763dc923291e7b4339ec3952b616f580032a7c485348171e303a3a5188,135,135,1,public language contains a checkable economic/state cue,False
44b11ebac1446ba871d9529c692ddcc2dd1e9c4eb0b25f68521b1de1a4d310b0,FACTUAL_PUBLIC_PRIVATE,ae3c5c763dc923291e7b4339ec3952b616f580032a7c485348171e303a3a5188,137,137,1,public language contains a checkable economic/state cue,False
5be37e1deec2301b9da0c7df6f099fe01209e56fd4257dee787e78e8c1cee3e8,FACTUAL_PUBLIC_PRIVATE,ae3c5c763dc923291e7b4339ec3952b616f580032a7c485348171e303a3a5188,140,140,1,public language contains a checkable economic/state cue,False
87665634d3615e3482907f2cc46cef372517ec06b16a517d5a3e82f0d5c066e0,FACTUAL_PUBLIC_PRIVATE,ae3c5c763dc923291e7b4339ec3952b616f580032a7c485348171e303a3a5188,141,141,1,public language contains a checkable economic/state cue,False
15ac0ab447ea4fdf658f57193b6dae3ea27656c557eca12ed7127a66dda62fea,FACTUAL_PUBLIC_PRIVATE,ae3c5c763dc923291e7b4339ec3952b616f580032a7c485348171e303a3a5188,141,141,1,public language contains a checkable economic/state cue,False
ef7c7e43c94e5a95e297c73ef6fb497c03cbe136f142820ef2fcbdc686310daf,FACTUAL_PUBLIC_PRIVATE,ae3c5c763dc923291e7b4339ec3952b616f580032a7c485348171e303a3a5188,141,141,1,public language contains a checkable economic/state cue,False
b8a9f7fa2b24f9acfa8f2081ee5581c85c96c45b770d48e2380df3b4a6cd3c81,FACTUAL_PUBLIC_PRIVATE,ae3c5c763dc923291e7b4339ec3952b616f580032a7c485348171e303a3a5188,141,141,1,public language contains a checkable economic/state cue,False
2792d1665183b85c1ee1cfedc039b559ba3ca1f491d08fcb61721b76937db442,FACTUAL_PUBLIC_PRIVATE,ae3c5c763dc923291e7b4339ec3952b616f580032a7c485348171e303a3a5188,144,144,1,public language contains a checkable economic/state cue,False
767c68be39bba6c011a90f23d5edc5c4da724647c439e514d0336ac39505eb7c,FACTUAL_PUBLIC_PRIVATE,ae3c5c763dc923291e7b4339ec3952b616f580032a7c485348171e303a3a5188,145,145,1,public language contains a checkable economic/state cue,False
c755a75aed52fa44a84de325c915bcc03514c6f8cd916cd2a7a898f8b5a6e314,FACTUAL_PUBLIC_PRIVATE,ae3c5c763dc923291e7b4339ec3952b616f580032a7c485348171e303a3a5188,145,145,1,public language contains a checkable economic/state cue,False
dad7bc472893936e36af674b20d4dc348ea5776f938e592c0f4929107bdb4ad4,FACTUAL_PUBLIC_PRIVATE,ae3c5c763dc923291e7b4339ec3952b616f580032a7c485348171e303a3a5188,145,145,1,public language contains a checkable economic/state cue,False
780e8d7ca98f44743f3b97a324e5666067619414ed708aec12a3bf04f341da9c,FACTUAL_PUBLIC_PRIVATE,ae3c5c763dc923291e7b4339ec3952b616f580032a7c485348171e303a3a5188,145,145,1,public language contains a checkable economic/state cue,False
d90c0b1849a93636b81c4036ae8378636b5b77fd8fe3b6489e925c7b8249028c,FACTUAL_PUBLIC_PRIVATE,ae3c5c763dc923291e7b4339ec3952b616f580032a7c485348171e303a3a5188,145,145,1,public language contains a checkable economic/state cue,False
cc33fcc47420d789e45cd0763222efaf111ea7b34e56857133f6c1ff45b993e6,FACTUAL_PUBLIC_PRIVATE,ae3c5c763dc923291e7b4339ec3952b616f580032a7c485348171e303a3a5188,145,145,1,public language contains a checkable economic/state cue,False
ba1245c77df824cbbc689ef73535d71de83e869ab1296c330a99c175df94a84c,FACTUAL_PUBLIC_PRIVATE,ae3c5c763dc923291e7b4339ec3952b616f580032a7c485348171e303a3a5188,145,145,1,public language contains a checkable economic/state cue,False
7a8fc05564b481dff0835e8b387305d2cfb6d8fd9bb826bb0a2df94daffb5876,FACTUAL_PUBLIC_PRIVATE,ae3c5c763dc923291e7b4339ec3952b616f580032a7c485348171e303a3a5188,145,145,1,public language contains a checkable economic/state cue,False
7da823f6ab5d029051052b7ad14b6341e63e25483e135899c6c2f7c30c3677ea,FACTUAL_PUBLIC_PRIVATE,ae3c5c763dc923291e7b4339ec3952b616f580032a7c485348171e303a3a5188,145,145,1,public language contains a checkable economic/state cue,False
559a907e8fabf431be75d7e4fb0873a3ddf1c901126612a450cdfe18ad564b6d,FACTUAL_PUBLIC_PRIVATE,ae3c5c763dc923291e7b4339ec3952b616f580032a7c485348171e303a3a5188,145,145,1,public language contains a checkable economic/state cue,False
1af18f1f68603bd0f6c97dcbb652002a4ffd72b16c09dd9e4422871f4f45939b,FACTUAL_PUBLIC_PRIVATE,ae3c5c763dc923291e7b4339ec3952b616f580032a7c485348171e303a3a5188,145,145,1,public language contains a checkable economic/state cue,False
931abe068aa5bd8d92085a8f8718bcb19ccbfc78aef25d3aa9888627a024e602,FACTUAL_PUBLIC_PRIVATE,ae3c5c763dc923291e7b4339ec3952b616f580032a7c485348171e303a3a5188,145,145,1,public language contains a checkable economic/state cue,False
1e3b01d8564f09d10220661cd8c3efe377ec68d1285fb846a153e09118acea2a,FACTUAL_PUBLIC_PRIVATE,ae3c5c763dc923291e7b4339ec3952b616f580032a7c485348171e303a3a5188,145,145,1,public language contains a checkable economic/state cue,False
0b783648e26c139cc80f993e073ed42e3ba7f3f469331668febcb66634cbdb96,FACTUAL_PUBLIC_PRIVATE,ae3c5c763dc923291e7b4339ec3952b616f580032a7c485348171e303a3a5188,145,145,1,public language contains a checkable economic/state cue,False
a06719736c20299d9bda0716538e985c86fb6ed5b01d68a7f5ec22c567343a59,FACTUAL_PUBLIC_PRIVATE,ae3c5c763dc923291e7b4339ec3952b616f580032a7c485348171e303a3a5188,145,145,1,public language contains a checkable economic/state cue,False
8a4641adfd8403b8073948e721a5cdc16fa53a77912773e3fe9c2235f5524224,FACTUAL_PUBLIC_PRIVATE,ae3c5c763dc923291e7b4339ec3952b616f580032a7c485348171e303a3a5188,145,145,1,public language contains a checkable economic/state cue,False
cddd9c8070d9dd56a190c84dfb42c30bf436e53f1e36b715d587ce75fc642c2a,FACTUAL_PUBLIC_PRIVATE,ae3c5c763dc923291e7b4339ec3952b616f580032a7c485348171e303a3a5188,145,145,1,public language contains a checkable economic/state cue,False
9ec7a72a6d08940e559d5c814761d3011f5790f586ffe03a2d58356d7ff1b0a1,FACTUAL_PUBLIC_PRIVATE,ae3c5c763dc923291e7b4339ec3952b616f580032a7c485348171e303a3a5188,145,145,1,public language contains a checkable economic/state cue,False
a227de9586c21d25b6ff1f7dc2f7682347ae0fcfe15a0110ffd608ae210ec5df,FACTUAL_PUBLIC_PRIVATE,ae3c5c763dc923291e7b4339ec3952b616f580032a7c485348171e303a3a5188,145,145,1,public language contains a checkable economic/state cue,False
d1ecbd32d01ed8d1303f3641a383e2575ae6c72b7001c5d935d10492cef9d207,FACTUAL_PUBLIC_PRIVATE,ae3c5c763dc923291e7b4339ec3952b616f580032a7c485348171e303a3a5188,145,145,1,public language contains a checkable economic/state cue,False
cd3743022cc8b125e0f68fd1581ffdadd4d7e98a332b6cb2fd173c9f5ae7f212,FACTUAL_PUBLIC_PRIVATE,ae3c5c763dc923291e7b4339ec3952b616f580032a7c485348171e303a3a5188,145,145,1,public language contains a checkable economic/state cue,False
566278d7511432b6c02765795018b21b47c5c2d098cbdf74505bc93a1e0d4214,FACTUAL_PUBLIC_PRIVATE,ae3c5c763dc923291e7b4339ec3952b616f580032a7c485348171e303a3a5188,145,145,1,public language contains a checkable economic/state cue,False
b758e587c1cde37439f24acee7f2911fe6effaf34454fc2735f0537f5d7d5d50,FACTUAL_PUBLIC_PRIVATE,ae3c5c763dc923291e7b4339ec3952b616f580032a7c485348171e303a3a5188,146,146,1,public language contains a checkable economic/state cue,False
d71431aece8f50699227d29d1a3e5dbbbaae54bd4cb16b6a4945bf4a421e6eda,FACTUAL_PUBLIC_PRIVATE,ae3c5c763dc923291e7b4339ec3952b616f580032a7c485348171e303a3a5188,147,147,1,public language contains a checkable economic/state cue,False
8e52ce2142c77def39806ebba6e67a0d5a2ef8ee75f2955eedc67de80a71cce2,FACTUAL_PUBLIC_PRIVATE,ae3c5c763dc923291e7b4339ec3952b616f580032a7c485348171e303a3a5188,148,148,1,public language contains a checkable economic/state cue,False
c9806f4d3ac9427ad763dbf60656844ddaea121d09ff922841a50fbff50b34f6,FACTUAL_PUBLIC_PRIVATE,ae3c5c763dc923291e7b4339ec3952b616f580032a7c485348171e303a3a5188,148,148,1,public language contains a checkable economic/state cue,False
fb8250124c9df960f3eab889de4efc6317470b595a06801f70984451540b9bb9,FACTUAL_PUBLIC_PRIVATE,ae3c5c763dc923291e7b4339ec3952b616f580032a7c485348171e303a3a5188,148,148,1,public language contains a checkable economic/state cue,False
5d6a3376006a4243d06b8353ae7988f4218b71708012211fd8dc44df2f1e1350,FACTUAL_PUBLIC_PRIVATE,ae3c5c763dc923291e7b4339ec3952b616f580032a7c485348171e303a3a5188,148,148,1,public language contains a checkable economic/state cue,False
ee555c98ad0a0db398798426f8331c096cbd6d55eadb82adbad099c7bde5d5f1,FACTUAL_PUBLIC_PRIVATE,ae3c5c763dc923291e7b4339ec3952b616f580032a7c485348171e303a3a5188,148,148,1,public language contains a checkable economic/state cue,False
3052253d7fd5da8189bae2baf7605fb7bab2a339c33debccef10f3ba74d5d90e,FACTUAL_PUBLIC_PRIVATE,ae3c5c763dc923291e7b4339ec3952b616f580032a7c485348171e303a3a5188,148,148,1,public language contains a checkable economic/state cue,False
dcf8c9ae6e671f8e4059a59f20778cc711c6419183fe3b7ad5f84f8f491b9af9,FACTUAL_PUBLIC_PRIVATE,ae3c5c763dc923291e7b4339ec3952b616f580032a7c485348171e303a3a5188,148,148,1,public language contains a checkable economic/state cue,False
8738fcb7cf220449885d351dd27ed3762bbcbb9085c664bb528fc31a1fa940df,FACTUAL_PUBLIC_PRIVATE,ae3c5c763dc923291e7b4339ec3952b616f580032a7c485348171e303a3a5188,149,149,1,public language contains a checkable economic/state cue,False
b1b23f415d20fffd32a94bace47c7a9effe14d9856d019efa028f4d9f6efe891,FACTUAL_PUBLIC_PRIVATE,ae3c5c763dc923291e7b4339ec3952b616f580032a7c485348171e303a3a5188,154,154,1,public language contains a checkable economic/state cue,False
bea2e15e04decee22d915b421a6d3121d41f1d53c774b1845343a35e767f71e8,FACTUAL_PUBLIC_PRIVATE,ae3c5c763dc923291e7b4339ec3952b616f580032a7c485348171e303a3a5188,157,157,1,public language contains a checkable economic/state cue,False
d0f622fa2e3656458b0341a02b73b15c12fad08f5f14a58733dd23aa00c1fdf8,FACTUAL_PUBLIC_PRIVATE,ae3c5c763dc923291e7b4339ec3952b616f580032a7c485348171e303a3a5188,159,159,1,public language contains a checkable economic/state cue,False
a8a2a92ced9e2022dba4050880623e7c3f62b95f0060f567a7bd3db7f3645a55,FACTUAL_PUBLIC_PRIVATE,ae3c5c763dc923291e7b4339ec3952b616f580032a7c485348171e303a3a5188,159,159,1,public language contains a checkable economic/state cue,False
65e719013b073795cde11a663cb16b09aa504c596857f173f9167d94fd68877a,FACTUAL_PUBLIC_PRIVATE,ae3c5c763dc923291e7b4339ec3952b616f580032a7c485348171e303a3a5188,159,159,1,public language contains a checkable economic/state cue,False
3a88a1be5f2274102a7a2132188a9656079fa5f8371d407fc357fae475980ab3,FACTUAL_PUBLIC_PRIVATE,38d4e1318130ba66ab3185fc18a03f67b7cafcbd234536f2c8d1ae9eb9ed8fbb,0,0,1,public language contains a checkable economic/state cue,False
d089cddcf92529655429ac033be5178718dfc2b40d0d19d8864ab5be95ab62ce,FACTUAL_PUBLIC_PRIVATE,38d4e1318130ba66ab3185fc18a03f67b7cafcbd234536f2c8d1ae9eb9ed8fbb,1,1,1,public language contains a checkable economic/state cue,False
6ff31e9395beff2a921a33f6ca9ee3929723ee8f1ab137444107a9476d28d7dd,FACTUAL_PUBLIC_PRIVATE,38d4e1318130ba66ab3185fc18a03f67b7cafcbd234536f2c8d1ae9eb9ed8fbb,2,2,1,public language contains a checkable economic/state cue,False
30b85bf65be360cce20e7963389ffdbccc39357a8f49cb1d958ac9f4e76780e7,FACTUAL_PUBLIC_PRIVATE,38d4e1318130ba66ab3185fc18a03f67b7cafcbd234536f2c8d1ae9eb9ed8fbb,3,3,1,public language contains a checkable economic/state cue,False
e4ea725c39c55b9c36e8cf527f6e26cf76532b77c38cbd2a51c3673406a897e7,FACTUAL_PUBLIC_PRIVATE,38d4e1318130ba66ab3185fc18a03f67b7cafcbd234536f2c8d1ae9eb9ed8fbb,3,3,1,public language contains a checkable economic/state cue,False
87916fe551055bf68e406cdb63107f533795201845aa9054ab2cd073339dd564,FACTUAL_PUBLIC_PRIVATE,38d4e1318130ba66ab3185fc18a03f67b7cafcbd234536f2c8d1ae9eb9ed8fbb,3,3,1,public language contains a checkable economic/state cue,False
a18171881d8686b0722eb173dcad798ca305d96082aa99be37857b50abdf39cc,FACTUAL_PUBLIC_PRIVATE,38d4e1318130ba66ab3185fc18a03f67b7cafcbd234536f2c8d1ae9eb9ed8fbb,3,3,1,public language contains a checkable economic/state cue,False
e87f106d79a8a2cfa20560379ac6ccd61ff740b91d355425786afbdb5a9a0eab,FACTUAL_PUBLIC_PRIVATE,38d4e1318130ba66ab3185fc18a03f67b7cafcbd234536f2c8d1ae9eb9ed8fbb,3,3,1,public language contains a checkable economic/state cue,False
4598d0c26f8a10ffb9298138bbd853d9142e887f97d44531318a26190c89518d,FACTUAL_PUBLIC_PRIVATE,38d4e1318130ba66ab3185fc18a03f67b7cafcbd234536f2c8d1ae9eb9ed8fbb,4,4,1,public language contains a checkable economic/state cue,False
4712a1539c1085ef6248ae3a70a3f0ce3ef06000b66145461831a87e0b944b64,FACTUAL_PUBLIC_PRIVATE,38d4e1318130ba66ab3185fc18a03f67b7cafcbd234536f2c8d1ae9eb9ed8fbb,4,4,1,public language contains a checkable economic/state cue,False
03d712985fae3caae2d7e178a4e1b0d3839141713f4f6815509fee316a0c445b,FACTUAL_PUBLIC_PRIVATE,38d4e1318130ba66ab3185fc18a03f67b7cafcbd234536f2c8d1ae9eb9ed8fbb,6,6,1,public language contains a checkable economic/state cue,False
682bd217fed9f1662e45dd4b5a937e34fbf66d8788c5d8ea3ed447390fac7ed0,FACTUAL_PUBLIC_PRIVATE,38d4e1318130ba66ab3185fc18a03f67b7cafcbd234536f2c8d1ae9eb9ed8fbb,7,7,1,public language contains a checkable economic/state cue,False
009de9a00832abe466ce275855e5b5ed087c26853d4d4bc78d06a59076de5d71,FACTUAL_PUBLIC_PRIVATE,38d4e1318130ba66ab3185fc18a03f67b7cafcbd234536f2c8d1ae9eb9ed8fbb,7,7,1,public language contains a checkable economic/state cue,False
13b2006e1763a7d3e5ca84bf8768112997f26595e61803a3b206025158c380ed,FACTUAL_PUBLIC_PRIVATE,38d4e1318130ba66ab3185fc18a03f67b7cafcbd234536f2c8d1ae9eb9ed8fbb,7,7,1,public language contains a checkable economic/state cue,False
46843e6bf63bff67c8bab0cb12323bad9fdd4d93bc180e717eaab213bfb63142,FACTUAL_PUBLIC_PRIVATE,38d4e1318130ba66ab3185fc18a03f67b7cafcbd234536f2c8d1ae9eb9ed8fbb,7,7,1,public language contains a checkable economic/state cue,False
4ba964121a9b1596ca0c7b068dc5988a702980c860c7c326f233f67e5d07fa9c,FACTUAL_PUBLIC_PRIVATE,38d4e1318130ba66ab3185fc18a03f67b7cafcbd234536f2c8d1ae9eb9ed8fbb,7,7,1,public language contains a checkable economic/state cue,False
bc31b7c9164bad051c8ef268f1d8e28e231c174147ad4b207f787b06bbe49c01,FACTUAL_PUBLIC_PRIVATE,38d4e1318130ba66ab3185fc18a03f67b7cafcbd234536f2c8d1ae9eb9ed8fbb,8,8,1,public language contains a checkable economic/state cue,False
181a23d1c750fc0ad0a484e5af514f23b84eb214ad0e6a9fe4007c6fb42dbdff,FACTUAL_PUBLIC_PRIVATE,38d4e1318130ba66ab3185fc18a03f67b7cafcbd234536f2c8d1ae9eb9ed8fbb,9,9,1,public language contains a checkable economic/state cue,False
2caf186e6119dd6d550f537d2467dfcf2040496c506d08ff6f45921df9a25540,FACTUAL_PUBLIC_PRIVATE,38d4e1318130ba66ab3185fc18a03f67b7cafcbd234536f2c8d1ae9eb9ed8fbb,11,11,1,public language contains a checkable economic/state cue,False
18ec24646c852e852b6cdabdc618d3ff9531131beaf1ba04f5a818670e3d39f3,FACTUAL_PUBLIC_PRIVATE,38d4e1318130ba66ab3185fc18a03f67b7cafcbd234536f2c8d1ae9eb9ed8fbb,11,11,1,public language contains a checkable economic/state cue,False
93a050331f1b267e4e56f56ca81541f2b24bebad3ecaf8c5b5d418f40155ffea,FACTUAL_PUBLIC_PRIVATE,38d4e1318130ba66ab3185fc18a03f67b7cafcbd234536f2c8d1ae9eb9ed8fbb,11,11,1,public language contains a checkable economic/state cue,False
e2a191fffec9941cb54f98c5f5a68de0c5af871cff544a12a93dbdcbf6d9db35,FACTUAL_PUBLIC_PRIVATE,38d4e1318130ba66ab3185fc18a03f67b7cafcbd234536f2c8d1ae9eb9ed8fbb,11,11,1,public language contains a checkable economic/state cue,False
86d7648db4e1ece71ee1838bf80d05cb885fdab30403f62270bb36881e61520c,FACTUAL_PUBLIC_PRIVATE,38d4e1318130ba66ab3185fc18a03f67b7cafcbd234536f2c8d1ae9eb9ed8fbb,11,11,1,public language contains a checkable economic/state cue,False
189865ddad06df47982920c67e40c7f9cf5343413153d57ae7f653cc4e0d3f50,FACTUAL_PUBLIC_PRIVATE,38d4e1318130ba66ab3185fc18a03f67b7cafcbd234536f2c8d1ae9eb9ed8fbb,13,13,1,public language contains a checkable economic/state cue,False
170dc5bef0a1a0a12c1ed734b12b7988f9212ba46ddba532223f6b3979a507a6,FACTUAL_PUBLIC_PRIVATE,38d4e1318130ba66ab3185fc18a03f67b7cafcbd234536f2c8d1ae9eb9ed8fbb,14,14,1,public language contains a checkable economic/state cue,False
b153e5e116ea82d176774269c59ef0bcc676714ac6ae0beab1fa49de8d2351b1,FACTUAL_PUBLIC_PRIVATE,38d4e1318130ba66ab3185fc18a03f67b7cafcbd234536f2c8d1ae9eb9ed8fbb,15,15,1,public language contains a checkable economic/state cue,False
98126d453e5d59b34271af12aac30d5560397152c4ed0bb5949ea2175c3e05cd,FACTUAL_PUBLIC_PRIVATE,38d4e1318130ba66ab3185fc18a03f67b7cafcbd234536f2c8d1ae9eb9ed8fbb,19,19,1,public language contains a checkable economic/state cue,False
b0e427703f5a6e27f3dffdbc1a08bec2d8965b044aefe8026a76e199fc59681b,FACTUAL_PUBLIC_PRIVATE,38d4e1318130ba66ab3185fc18a03f67b7cafcbd234536f2c8d1ae9eb9ed8fbb,20,20,1,public language contains a checkable economic/state cue,False
d94858cb2dd8c47c17e37b255fb3515b0ebe92b2b790f5f0e1523919cf825a91,FACTUAL_PUBLIC_PRIVATE,38d4e1318130ba66ab3185fc18a03f67b7cafcbd234536f2c8d1ae9eb9ed8fbb,20,20,1,public language contains a checkable economic/state cue,False
226bacb3f4dec245dce4deb9a792baabc2f49e76b75657868e747ca317edbd73,FACTUAL_PUBLIC_PRIVATE,38d4e1318130ba66ab3185fc18a03f67b7cafcbd234536f2c8d1ae9eb9ed8fbb,20,20,1,public language contains a checkable economic/state cue,False
72b5661269e99f261015912d6a27d3e4f87504685b9f5e6b9a3c640f12f3c0bd,FACTUAL_PUBLIC_PRIVATE,38d4e1318130ba66ab3185fc18a03f67b7cafcbd234536f2c8d1ae9eb9ed8fbb,20,20,1,public language contains a checkable economic/state cue,False
dfbff0cdc63f59d4187c6e6799b4cb841e9f639058cb32ba6b18c00f73fbde48,FACTUAL_PUBLIC_PRIVATE,38d4e1318130ba66ab3185fc18a03f67b7cafcbd234536f2c8d1ae9eb9ed8fbb,20,20,1,public language contains a checkable economic/state cue,False
bb18dfeaf99a67a85e987c84b59a37c854ab00efff5c0f71838ed05b118d296a,FACTUAL_PUBLIC_PRIVATE,38d4e1318130ba66ab3185fc18a03f67b7cafcbd234536f2c8d1ae9eb9ed8fbb,20,20,1,public language contains a checkable economic/state cue,False
d7cb5effc03db329d39cada3c135dc42e552c8092797c4e9fd4fd92a048e49c3,FACTUAL_PUBLIC_PRIVATE,38d4e1318130ba66ab3185fc18a03f67b7cafcbd234536f2c8d1ae9eb9ed8fbb,20,20,1,public language contains a checkable economic/state cue,False
4ca8cfb3e3d19bda6e08c66c7e6822796b29a62d4594bed0a67b29d1ee3ede75,FACTUAL_PUBLIC_PRIVATE,38d4e1318130ba66ab3185fc18a03f67b7cafcbd234536f2c8d1ae9eb9ed8fbb,20,20,1,public language contains a checkable economic/state cue,False
aa8579154a0ed3e0947de76bcc9e74c33c7219bf096f0922afb3c878f9c0d41a,FACTUAL_PUBLIC_PRIVATE,38d4e1318130ba66ab3185fc18a03f67b7cafcbd234536f2c8d1ae9eb9ed8fbb,20,20,1,public language contains a checkable economic/state cue,False
f0a0765ccc03c0db834992718f4cd529ab0e5809a5dd842d4c80b1ec37c6e9cf,FACTUAL_PUBLIC_PRIVATE,38d4e1318130ba66ab3185fc18a03f67b7cafcbd234536f2c8d1ae9eb9ed8fbb,20,20,1,public language contains a checkable economic/state cue,False
44de829bdf9d66ff618723146c3e6146b20106f21253529482120957086abc34,FACTUAL_PUBLIC_PRIVATE,38d4e1318130ba66ab3185fc18a03f67b7cafcbd234536f2c8d1ae9eb9ed8fbb,20,20,1,public language contains a checkable economic/state cue,False
8ded79208997b0a97a323950def32ca9255b2d1e496c49989fb3a60f9a62e658,FACTUAL_PUBLIC_PRIVATE,38d4e1318130ba66ab3185fc18a03f67b7cafcbd234536f2c8d1ae9eb9ed8fbb,20,20,1,public language contains a checkable economic/state cue,False
3bcfce2f35c79666d157e2e4cb1c1070fa08fa9c6e0dd125039b83941116b037,FACTUAL_PUBLIC_PRIVATE,38d4e1318130ba66ab3185fc18a03f67b7cafcbd234536f2c8d1ae9eb9ed8fbb,20,20,1,public language contains a checkable economic/state cue,False
da564a0b27a5d971f641b0505492a15974ec9b7f08d3db8e640d121773261c74,FACTUAL_PUBLIC_PRIVATE,38d4e1318130ba66ab3185fc18a03f67b7cafcbd234536f2c8d1ae9eb9ed8fbb,20,20,1,public language contains a checkable economic/state cue,False
7479d8104fd4eb7dbad9414a6e6362e48090431535794ccfce4209a97721a8e8,FACTUAL_PUBLIC_PRIVATE,38d4e1318130ba66ab3185fc18a03f67b7cafcbd234536f2c8d1ae9eb9ed8fbb,20,20,1,public language contains a checkable economic/state cue,False
e049e9884ad623e04a9466ddd72c80353e22e9b5be296db5a4b8b868b984afa6,FACTUAL_PUBLIC_PRIVATE,38d4e1318130ba66ab3185fc18a03f67b7cafcbd234536f2c8d1ae9eb9ed8fbb,20,20,1,public language contains a checkable economic/state cue,False
0c67f1319ca802b275df08dc9d70f60afeb1f8b4fc46170352cf97f8d4f55a91,FACTUAL_PUBLIC_PRIVATE,38d4e1318130ba66ab3185fc18a03f67b7cafcbd234536f2c8d1ae9eb9ed8fbb,22,22,1,public language contains a checkable economic/state cue,False
10cab4fdbe67b5896b30d70c7c37bcb32124fa14c3700921ac7c5ce6ca421648,FACTUAL_PUBLIC_PRIVATE,38d4e1318130ba66ab3185fc18a03f67b7cafcbd234536f2c8d1ae9eb9ed8fbb,23,23,1,public language contains a checkable economic/state cue,False
da82b1eb390d6efbb9719cc33add2f15834dbbacc75c879174ae148b03fa4c65,FACTUAL_PUBLIC_PRIVATE,38d4e1318130ba66ab3185fc18a03f67b7cafcbd234536f2c8d1ae9eb9ed8fbb,24,24,1,public language contains a checkable economic/state cue,False
ef731c7c14a8cc3f0c94a5cc7041452eb48a8bac51f76bc98c33a4e666a877f5,FACTUAL_PUBLIC_PRIVATE,38d4e1318130ba66ab3185fc18a03f67b7cafcbd234536f2c8d1ae9eb9ed8fbb,24,24,1,public language contains a checkable economic/state cue,False
4560b64dcd43202b92448c4e527fdbe3e9d8efb7f610003782bd54cfcf6bd5b7,FACTUAL_PUBLIC_PRIVATE,38d4e1318130ba66ab3185fc18a03f67b7cafcbd234536f2c8d1ae9eb9ed8fbb,26,26,1,public language contains a checkable economic/state cue,False
e52f4cf14728d8f53e97eb082fa9b1ce24d71fa5cd01a8d5c3f8a5f7c61181c6,FACTUAL_PUBLIC_PRIVATE,38d4e1318130ba66ab3185fc18a03f67b7cafcbd234536f2c8d1ae9eb9ed8fbb,26,26,1,public language contains a checkable economic/state cue,False
77969efe0213649d58530cde822041f1a4f0558b39ded29e045f4decf5d133b5,FACTUAL_PUBLIC_PRIVATE,38d4e1318130ba66ab3185fc18a03f67b7cafcbd234536f2c8d1ae9eb9ed8fbb,26,26,1,public language contains a checkable economic/state cue,False
60cb9d1688d9244a27f8b3cd776c848b2cff19f22ced83532030ecdcf23e4f23,FACTUAL_PUBLIC_PRIVATE,38d4e1318130ba66ab3185fc18a03f67b7cafcbd234536f2c8d1ae9eb9ed8fbb,26,26,1,public language contains a checkable economic/state cue,False
a6f464f94fa889b445dea99f559f4e1e21e00abfc496c41b92c44864bbeb5f69,FACTUAL_PUBLIC_PRIVATE,38d4e1318130ba66ab3185fc18a03f67b7cafcbd234536f2c8d1ae9eb9ed8fbb,26,26,1,public language contains a checkable economic/state cue,False
c0ab361d9533a8dbfe0c4459f7cf168422dd9e7dcc7fd2f21e7261db693f9422,FACTUAL_PUBLIC_PRIVATE,38d4e1318130ba66ab3185fc18a03f67b7cafcbd234536f2c8d1ae9eb9ed8fbb,26,26,1,public language contains a checkable economic/state cue,False
2912b788d2980218d5c5561ea6022b1f17165d5430719b47ffd41894232d8bd3,FACTUAL_PUBLIC_PRIVATE,38d4e1318130ba66ab3185fc18a03f67b7cafcbd234536f2c8d1ae9eb9ed8fbb,26,26,1,public language contains a checkable economic/state cue,False
8e7503df5bdd1a5389f6259721c8c64a9c971fb935cb5b59e290995a73045f2f,FACTUAL_PUBLIC_PRIVATE,38d4e1318130ba66ab3185fc18a03f67b7cafcbd234536f2c8d1ae9eb9ed8fbb,31,31,1,public language contains a checkable economic/state cue,False
f65eec999f73f8013d30209d203b574dfc8c0c005639f3f1a6f426c54119a0b1,FACTUAL_PUBLIC_PRIVATE,38d4e1318130ba66ab3185fc18a03f67b7cafcbd234536f2c8d1ae9eb9ed8fbb,31,31,1,public language contains a checkable economic/state cue,False
ff25ad1c75abcbe3a90ca63b14e599303faa9f5d87dacd7d78e1e8fa37d618f8,FACTUAL_PUBLIC_PRIVATE,38d4e1318130ba66ab3185fc18a03f67b7cafcbd234536f2c8d1ae9eb9ed8fbb,31,31,1,public language contains a checkable economic/state cue,False
697024b1482e52328af3b3e750dfb5cb2bcd0dc0c44f03cb64f7ba8cc9f55d6b,FACTUAL_PUBLIC_PRIVATE,38d4e1318130ba66ab3185fc18a03f67b7cafcbd234536f2c8d1ae9eb9ed8fbb,31,31,1,public language contains a checkable economic/state cue,False
fa8ddce0328ddd2fe58d864c0e13c86fe9e9051587838623572a3c0d13a90377,FACTUAL_PUBLIC_PRIVATE,38d4e1318130ba66ab3185fc18a03f67b7cafcbd234536f2c8d1ae9eb9ed8fbb,32,32,1,public language contains a checkable economic/state cue,False
0cf126ee98960d0b4760af0d8fc38f035b994bdda9236add1c18acbafd5f3ce1,FACTUAL_PUBLIC_PRIVATE,38d4e1318130ba66ab3185fc18a03f67b7cafcbd234536f2c8d1ae9eb9ed8fbb,35,35,1,public language contains a checkable economic/state cue,False
78b1fada4e81b9df916feeb20e35d7f310f255df31ff68006356e469b3bca7d0,FACTUAL_PUBLIC_PRIVATE,38d4e1318130ba66ab3185fc18a03f67b7cafcbd234536f2c8d1ae9eb9ed8fbb,35,35,1,public language contains a checkable economic/state cue,False
51062ffa725cd8f2c27aca778d4dca2f61ec23a55c524c0ae819b5e2e9366ecf,FACTUAL_PUBLIC_PRIVATE,38d4e1318130ba66ab3185fc18a03f67b7cafcbd234536f2c8d1ae9eb9ed8fbb,35,35,1,public language contains a checkable economic/state cue,False
13c9a029c2a88f3658e2731e8a5064b6dee0e1187d369860050a1399509a784a,FACTUAL_PUBLIC_PRIVATE,38d4e1318130ba66ab3185fc18a03f67b7cafcbd234536f2c8d1ae9eb9ed8fbb,35,35,1,public language contains a checkable economic/state cue,False
efc94d1e4506ed9c4f04eae620306ee0d08e7c49b91b164b511794187f94a683,FACTUAL_PUBLIC_PRIVATE,38d4e1318130ba66ab3185fc18a03f67b7cafcbd234536f2c8d1ae9eb9ed8fbb,35,35,1,public language contains a checkable economic/state cue,False
37a1c19367224f33d3183470fb6c27645f6b136f7c35ec63a598b6a03089a507,FACTUAL_PUBLIC_PRIVATE,38d4e1318130ba66ab3185fc18a03f67b7cafcbd234536f2c8d1ae9eb9ed8fbb,35,35,1,public language contains a checkable economic/state cue,False
aeba85c5c5cfa7c17e33b3e945ab3618b0ca9766a7718a0bbbccf2a90f51afe9,FACTUAL_PUBLIC_PRIVATE,38d4e1318130ba66ab3185fc18a03f67b7cafcbd234536f2c8d1ae9eb9ed8fbb,35,35,1,public language contains a checkable economic/state cue,False
54d62e014054e6e9c5aefa05d277f70598b06db0bf4d7b032e331cf1136a36fa,FACTUAL_PUBLIC_PRIVATE,38d4e1318130ba66ab3185fc18a03f67b7cafcbd234536f2c8d1ae9eb9ed8fbb,35,35,1,public language contains a checkable economic/state cue,True
af1b738191a4db5e67f140ec10ce71b79b62b04a2136ce2bf4f05ecb9fa428e9,FACTUAL_PUBLIC_PRIVATE,38d4e1318130ba66ab3185fc18a03f67b7cafcbd234536f2c8d1ae9eb9ed8fbb,35,35,1,public language contains a checkable economic/state cue,False
24b78c316c967e7be61e49c00a45a00722aab6bfc690a565f670bcc88df3f7bf,FACTUAL_PUBLIC_PRIVATE,38d4e1318130ba66ab3185fc18a03f67b7cafcbd234536f2c8d1ae9eb9ed8fbb,37,37,1,public language contains a checkable economic/state cue,False
4924b2e2ca19f4bd2148efe51de585a5451d3e6c46e915650c3870913ef76086,FACTUAL_PUBLIC_PRIVATE,38d4e1318130ba66ab3185fc18a03f67b7cafcbd234536f2c8d1ae9eb9ed8fbb,37,37,1,public language contains a checkable economic/state cue,False
f5505f26d6b5108b735f435771ef25aefacf56fd541a5f67093ff8ff17fafe4d,FACTUAL_PUBLIC_PRIVATE,38d4e1318130ba66ab3185fc18a03f67b7cafcbd234536f2c8d1ae9eb9ed8fbb,37,37,1,public language contains a checkable economic/state cue,False
eba4fc1d5df1f638a3454056aa1ba9d970188dff82f5d5fdb469bc6f2bafaf9e,FACTUAL_PUBLIC_PRIVATE,38d4e1318130ba66ab3185fc18a03f67b7cafcbd234536f2c8d1ae9eb9ed8fbb,37,37,1,public language contains a checkable economic/state cue,False
851ae4da8121e2aa96daad5b92b0c6bb3b57c246133d06b7aa6992352d7a2598,FACTUAL_PUBLIC_PRIVATE,38d4e1318130ba66ab3185fc18a03f67b7cafcbd234536f2c8d1ae9eb9ed8fbb,37,37,1,public language contains a checkable economic/state cue,False
df83580687adeed9c6791ec1e5518e4bda6d331fae7096792f7c55eac5686145,FACTUAL_PUBLIC_PRIVATE,38d4e1318130ba66ab3185fc18a03f67b7cafcbd234536f2c8d1ae9eb9ed8fbb,37,37,1,public language contains a checkable economic/state cue,False
f378cf1336f3a3f878d746bf76200e5e1c61a33066889ed2286ec47938a77a5c,FACTUAL_PUBLIC_PRIVATE,38d4e1318130ba66ab3185fc18a03f67b7cafcbd234536f2c8d1ae9eb9ed8fbb,37,37,1,public language contains a checkable economic/state cue,False
37d5ba718daee9a75c884c597b915805a90cf00bae8a21af0c5adb551c912846,FACTUAL_PUBLIC_PRIVATE,38d4e1318130ba66ab3185fc18a03f67b7cafcbd234536f2c8d1ae9eb9ed8fbb,37,37,1,public language contains a checkable economic/state cue,False
9948bd8c5d52bb20871c2db65d21514519b49df22338d5ad3e6446313956dfbf,FACTUAL_PUBLIC_PRIVATE,38d4e1318130ba66ab3185fc18a03f67b7cafcbd234536f2c8d1ae9eb9ed8fbb,37,37,1,public language contains a checkable economic/state cue,False
086ee71feb4c035cf0ed16c4fdc524cead735fa9417d1b0071c5bb09f143a722,FACTUAL_PUBLIC_PRIVATE,38d4e1318130ba66ab3185fc18a03f67b7cafcbd234536f2c8d1ae9eb9ed8fbb,37,37,1,public language contains a checkable economic/state cue,False
44e55f14bf4a20913c8bf04a0644dee7d506257505f6b28c84ed62b45099e548,FACTUAL_PUBLIC_PRIVATE,38d4e1318130ba66ab3185fc18a03f67b7cafcbd234536f2c8d1ae9eb9ed8fbb,37,37,1,public language contains a checkable economic/state cue,False
ee8b5d1c38f8894e61794ed81daceb2022c8552d49bd5058842fa6e57462d109,FACTUAL_PUBLIC_PRIVATE,38d4e1318130ba66ab3185fc18a03f67b7cafcbd234536f2c8d1ae9eb9ed8fbb,37,37,1,public language contains a checkable economic/state cue,False
e3190eed9caef0137aaccbe8b9ed6f67e80196020b9e54db2b1b50a1c13415b3,FACTUAL_PUBLIC_PRIVATE,38d4e1318130ba66ab3185fc18a03f67b7cafcbd234536f2c8d1ae9eb9ed8fbb,38,38,1,public language contains a checkable economic/state cue,False
ac3f54bad2ae7a636abaa9d34312e10ffaa304e05d19084944977b7adcf11a40,FACTUAL_PUBLIC_PRIVATE,38d4e1318130ba66ab3185fc18a03f67b7cafcbd234536f2c8d1ae9eb9ed8fbb,38,38,1,public language contains a checkable economic/state cue,False
310679f77e868cfe34e95287d3b4d4b46499e4ff727f9983d83faef9e174b163,FACTUAL_PUBLIC_PRIVATE,38d4e1318130ba66ab3185fc18a03f67b7cafcbd234536f2c8d1ae9eb9ed8fbb,38,38,1,public language contains a checkable economic/state cue,False
e116699ad01c124a2cfd9b6d4b5c9369a5d34f95d80b063d09736b85820db7b2,FACTUAL_PUBLIC_PRIVATE,38d4e1318130ba66ab3185fc18a03f67b7cafcbd234536f2c8d1ae9eb9ed8fbb,38,38,1,public language contains a checkable economic/state cue,False
43497e0f7b908f07b8bd3c779e9fd010cc5835534e10a62f6fccb5fee4a585d5,FACTUAL_PUBLIC_PRIVATE,38d4e1318130ba66ab3185fc18a03f67b7cafcbd234536f2c8d1ae9eb9ed8fbb,38,38,1,public language contains a checkable economic/state cue,False
769080033c4eced6196d1fd72765b3534c8f559abe0d2e92fb728daa66c6d1c8,FACTUAL_PUBLIC_PRIVATE,38d4e1318130ba66ab3185fc18a03f67b7cafcbd234536f2c8d1ae9eb9ed8fbb,38,38,1,public language contains a checkable economic/state cue,False
5e21aed21fdc3bf7060f0c00106451eeb7a1bc89f65b7a6486b9e02c90971461,FACTUAL_PUBLIC_PRIVATE,38d4e1318130ba66ab3185fc18a03f67b7cafcbd234536f2c8d1ae9eb9ed8fbb,38,38,1,public language contains a checkable economic/state cue,False
58bc3136ed6a13dd74c3dff4227d7bae8d4bd1d384cac0362e0b77a1728566af,FACTUAL_PUBLIC_PRIVATE,38d4e1318130ba66ab3185fc18a03f67b7cafcbd234536f2c8d1ae9eb9ed8fbb,38,38,1,public language contains a checkable economic/state cue,False
895abf0e3c116998afd397a27fbef213ed2962cff8f445e32e9bb23e7c0d415a,FACTUAL_PUBLIC_PRIVATE,38d4e1318130ba66ab3185fc18a03f67b7cafcbd234536f2c8d1ae9eb9ed8fbb,41,41,1,public language contains a checkable economic/state cue,False
6874c63175a6b459138af9f10ac1465d67a8a23e32c0698163760b7c48bb592d,FACTUAL_PUBLIC_PRIVATE,38d4e1318130ba66ab3185fc18a03f67b7cafcbd234536f2c8d1ae9eb9ed8fbb,41,41,1,public language contains a checkable economic/state cue,False
b41dad613dc22f8aedcb10ade23cf0f10e254158272672febc181e7643bd912c,FACTUAL_PUBLIC_PRIVATE,38d4e1318130ba66ab3185fc18a03f67b7cafcbd234536f2c8d1ae9eb9ed8fbb,41,41,1,public language contains a checkable economic/state cue,False
fbd75014384addabbdfc755e12de9a2449389194ea6edea91c8c0af8bdcd3c65,FACTUAL_PUBLIC_PRIVATE,38d4e1318130ba66ab3185fc18a03f67b7cafcbd234536f2c8d1ae9eb9ed8fbb,41,41,1,public language contains a checkable economic/state cue,False
da745fdb2fdbab1f77608debb2b4e415c299c0bdffc092a1a94957d167b56bb1,FACTUAL_PUBLIC_PRIVATE,38d4e1318130ba66ab3185fc18a03f67b7cafcbd234536f2c8d1ae9eb9ed8fbb,41,41,1,public language contains a checkable economic/state cue,False
bb5c372745b15bc7b303221ab2d0947341be4618ad7c6acd5388116a7e72edbb,FACTUAL_PUBLIC_PRIVATE,38d4e1318130ba66ab3185fc18a03f67b7cafcbd234536f2c8d1ae9eb9ed8fbb,41,41,1,public language contains a checkable economic/state cue,False
23fb3ee2f577f5b54ec084f568dcaf5c6478ca73573f10c2658b5829e75b4b80,FACTUAL_PUBLIC_PRIVATE,38d4e1318130ba66ab3185fc18a03f67b7cafcbd234536f2c8d1ae9eb9ed8fbb,41,41,1,public language contains a checkable economic/state cue,False
646db3192277bdd7585385ad96fee7b1d18628d2c25d83658f40e88dc1f68284,FACTUAL_PUBLIC_PRIVATE,38d4e1318130ba66ab3185fc18a03f67b7cafcbd234536f2c8d1ae9eb9ed8fbb,41,41,1,public language contains a checkable economic/state cue,False
17f37cb66e7acfcc9c7f80941cc3ceddea2b1bda7847b808f1b61ce8c627e735,FACTUAL_PUBLIC_PRIVATE,38d4e1318130ba66ab3185fc18a03f67b7cafcbd234536f2c8d1ae9eb9ed8fbb,41,41,1,public language contains a checkable economic/state cue,False
6665fff88b784d76c74a304c9a4b525a14090255842fb990186ce3a583b4e9f2,FACTUAL_PUBLIC_PRIVATE,38d4e1318130ba66ab3185fc18a03f67b7cafcbd234536f2c8d1ae9eb9ed8fbb,43,43,1,public language contains a checkable economic/state cue,False
750f0bb385e6b883e6b1a8ca444f4cd1d3c0c4ad72cf349879dac98b4b6df519,FACTUAL_PUBLIC_PRIVATE,38d4e1318130ba66ab3185fc18a03f67b7cafcbd234536f2c8d1ae9eb9ed8fbb,46,46,1,public language contains a checkable economic/state cue,False
f5f9b40ff6294ce2564aabb4b497dfa8ffaa49eacc93936308d50095bd22c004,FACTUAL_PUBLIC_PRIVATE,38d4e1318130ba66ab3185fc18a03f67b7cafcbd234536f2c8d1ae9eb9ed8fbb,47,47,1,public language contains a checkable economic/state cue,False
534bc0dd8f3b645ca629a322c6b494802e1dbb01e38dee9813c35404b820a0b9,FACTUAL_PUBLIC_PRIVATE,38d4e1318130ba66ab3185fc18a03f67b7cafcbd234536f2c8d1ae9eb9ed8fbb,49,49,1,public language contains a checkable economic/state cue,False
4aff9ff36660a5b7d4c406333cee6f66a6dde6af658ef975d15c81a6d152d140,FACTUAL_PUBLIC_PRIVATE,38d4e1318130ba66ab3185fc18a03f67b7cafcbd234536f2c8d1ae9eb9ed8fbb,49,49,1,public language contains a checkable economic/state cue,False
3dcf978a8aed1ad32fd5713cee3ff6df27b2bf59cc9c769b70fb3955977df14d,FACTUAL_PUBLIC_PRIVATE,38d4e1318130ba66ab3185fc18a03f67b7cafcbd234536f2c8d1ae9eb9ed8fbb,49,49,1,public language contains a checkable economic/state cue,False
9b7f16c7b34af211b4709842f91fbf926710e0495db4a3ed00e06a4d43717c37,FACTUAL_PUBLIC_PRIVATE,38d4e1318130ba66ab3185fc18a03f67b7cafcbd234536f2c8d1ae9eb9ed8fbb,49,49,1,public language contains a checkable economic/state cue,False
4554ace01eb8749f1c8b3b8f5ba870c18cc8db376242dbc4d5d15efd5bd1547f,FACTUAL_PUBLIC_PRIVATE,38d4e1318130ba66ab3185fc18a03f67b7cafcbd234536f2c8d1ae9eb9ed8fbb,49,49,1,public language contains a checkable economic/state cue,False
3685bf1bb64b4df336d16e0a4df7807e360d4a023e36a3c4cc4d8224dba0447a,FACTUAL_PUBLIC_PRIVATE,38d4e1318130ba66ab3185fc18a03f67b7cafcbd234536f2c8d1ae9eb9ed8fbb,51,51,1,public language contains a checkable economic/state cue,False
7816d09634ba1396ea557abb527dea039507328d285a82cc2fa60842953fc6af,FACTUAL_PUBLIC_PRIVATE,38d4e1318130ba66ab3185fc18a03f67b7cafcbd234536f2c8d1ae9eb9ed8fbb,56,56,1,public language contains a checkable economic/state cue,False
24ce153260274add495b3d304444cf4d8c681806c0d3b804eb93b4353217eec8,FACTUAL_PUBLIC_PRIVATE,38d4e1318130ba66ab3185fc18a03f67b7cafcbd234536f2c8d1ae9eb9ed8fbb,56,56,1,public language contains a checkable economic/state cue,False
1efdbcb04f2f70b364cb2e7315cf036fb3321e7b6203c6a79d0513a2f70e7afd,FACTUAL_PUBLIC_PRIVATE,38d4e1318130ba66ab3185fc18a03f67b7cafcbd234536f2c8d1ae9eb9ed8fbb,58,58,1,public language contains a checkable economic/state cue,False
753df39588969b599913237447022dd3cefacf81938ed5d7d653fe833b07b508,FACTUAL_PUBLIC_PRIVATE,38d4e1318130ba66ab3185fc18a03f67b7cafcbd234536f2c8d1ae9eb9ed8fbb,60,60,1,public language contains a checkable economic/state cue,False
b9776fec8c8df919fd2bffada5a5ee6fb05d5d39aa505c5673ee8fa2ec9b6484,FACTUAL_PUBLIC_PRIVATE,38d4e1318130ba66ab3185fc18a03f67b7cafcbd234536f2c8d1ae9eb9ed8fbb,61,61,1,public language contains a checkable economic/state cue,False
d25738caa92ab37e56d098f9af59284fb4a24ad664c64a63937700292e0e521c,FACTUAL_PUBLIC_PRIVATE,38d4e1318130ba66ab3185fc18a03f67b7cafcbd234536f2c8d1ae9eb9ed8fbb,61,61,1,public language contains a checkable economic/state cue,False
b22ab2e8786a54f8f79e83d3769ab1d10b4491bdc4f54235bce816e75cfa2704,FACTUAL_PUBLIC_PRIVATE,38d4e1318130ba66ab3185fc18a03f67b7cafcbd234536f2c8d1ae9eb9ed8fbb,61,61,1,public language contains a checkable economic/state cue,False
1ea8abdfc8446cf592735818164fe20abd86c18ca1ad8c828c875f30906d449f,FACTUAL_PUBLIC_PRIVATE,38d4e1318130ba66ab3185fc18a03f67b7cafcbd234536f2c8d1ae9eb9ed8fbb,61,61,1,public language contains a checkable economic/state cue,False
24ee4c18b1940b0339731356a4144d7960b59a564d5ea9b644cd5bed7e603625,FACTUAL_PUBLIC_PRIVATE,38d4e1318130ba66ab3185fc18a03f67b7cafcbd234536f2c8d1ae9eb9ed8fbb,64,64,1,public language contains a checkable economic/state cue,False
8fabb28485496c39bf35afe4d51838086239ef56b39ce158aba48a489138ee24,FACTUAL_PUBLIC_PRIVATE,38d4e1318130ba66ab3185fc18a03f67b7cafcbd234536f2c8d1ae9eb9ed8fbb,64,64,1,public language contains a checkable economic/state cue,False
1c730e349f0057a121687c9bb64cdb207dd15eb0069543d4f8db416b4b88e6b3,FACTUAL_PUBLIC_PRIVATE,38d4e1318130ba66ab3185fc18a03f67b7cafcbd234536f2c8d1ae9eb9ed8fbb,64,64,1,public language contains a checkable economic/state cue,False
8e5177f8383d4bd65e35549f97cd24c9233379a2a30967024ccfe1395433e076,FACTUAL_PUBLIC_PRIVATE,38d4e1318130ba66ab3185fc18a03f67b7cafcbd234536f2c8d1ae9eb9ed8fbb,64,64,1,public language contains a checkable economic/state cue,False
58713336a01edeac6a8cf9baf55dd4527d2d0388f0c1d7e5e1f30d363df6e21a,FACTUAL_PUBLIC_PRIVATE,38d4e1318130ba66ab3185fc18a03f67b7cafcbd234536f2c8d1ae9eb9ed8fbb,64,64,1,public language contains a checkable economic/state cue,False
8d0cd2e54164691b8a117d176ff662719c8d7ed9bb919ddc26b1ca458fe30335,FACTUAL_PUBLIC_PRIVATE,38d4e1318130ba66ab3185fc18a03f67b7cafcbd234536f2c8d1ae9eb9ed8fbb,64,64,1,public language contains a checkable economic/state cue,False
58ca07a463d4d0828df4874dc7dd6895c51f80efe404b3dfae50c7787206fe0f,FACTUAL_PUBLIC_PRIVATE,38d4e1318130ba66ab3185fc18a03f67b7cafcbd234536f2c8d1ae9eb9ed8fbb,64,64,1,public language contains a checkable economic/state cue,False
09efaa70aed5651c808f7c08916c21b2b6e8ebb9ee4a1ed8035f345446f4603b,FACTUAL_PUBLIC_PRIVATE,38d4e1318130ba66ab3185fc18a03f67b7cafcbd234536f2c8d1ae9eb9ed8fbb,65,65,1,public language contains a checkable economic/state cue,False
d0846d7522cdd130c03c9a39cd79d1fe0acaee43f80694e9ed0db3e64ec4e964,FACTUAL_PUBLIC_PRIVATE,38d4e1318130ba66ab3185fc18a03f67b7cafcbd234536f2c8d1ae9eb9ed8fbb,65,65,1,public language contains a checkable economic/state cue,False
a05897b809f0c3dd6206d6b49716f5694e4df597e914a9e6e46e74334c0a2b81,FACTUAL_PUBLIC_PRIVATE,38d4e1318130ba66ab3185fc18a03f67b7cafcbd234536f2c8d1ae9eb9ed8fbb,65,65,1,public language contains a checkable economic/state cue,False
a8490c9f244a67412d85541a7497051a70d547480ce67ac22d3ff28d6b899682,FACTUAL_PUBLIC_PRIVATE,38d4e1318130ba66ab3185fc18a03f67b7cafcbd234536f2c8d1ae9eb9ed8fbb,65,65,1,public language contains a checkable economic/state cue,False
b7ee6e70d8e298469815d5f8563b322fc99cb8eb85314df9e70d01bda152e85b,FACTUAL_PUBLIC_PRIVATE,38d4e1318130ba66ab3185fc18a03f67b7cafcbd234536f2c8d1ae9eb9ed8fbb,65,65,1,public language contains a checkable economic/state cue,False
d9725a5c8199df7e7ca7660cd5a51603961dec6365f5d8b7355531b342a8d0a4,FACTUAL_PUBLIC_PRIVATE,38d4e1318130ba66ab3185fc18a03f67b7cafcbd234536f2c8d1ae9eb9ed8fbb,65,65,1,public language contains a checkable economic/state cue,False
a13ed0c01377026da366a630c8a6e04067a828d19c3e06362e7384ceba9b79df,FACTUAL_PUBLIC_PRIVATE,38d4e1318130ba66ab3185fc18a03f67b7cafcbd234536f2c8d1ae9eb9ed8fbb,65,65,1,public language contains a checkable economic/state cue,False
8ba9e781ab461a4beb3b1ffbf49e25d74faeb54d7a6b355b6667731f81bb31e8,FACTUAL_PUBLIC_PRIVATE,38d4e1318130ba66ab3185fc18a03f67b7cafcbd234536f2c8d1ae9eb9ed8fbb,65,65,1,public language contains a checkable economic/state cue,False
f6872c3708acf18b65f3a1e6b671942959506af65ae9e3c70f3ba1fadfed26e3,FACTUAL_PUBLIC_PRIVATE,38d4e1318130ba66ab3185fc18a03f67b7cafcbd234536f2c8d1ae9eb9ed8fbb,65,65,1,public language contains a checkable economic/state cue,False
0f4d5135e96cec27ed415c0831a62f93940223e15525d89b634f67c87e684a04,FACTUAL_PUBLIC_PRIVATE,38d4e1318130ba66ab3185fc18a03f67b7cafcbd234536f2c8d1ae9eb9ed8fbb,65,65,1,public language contains a checkable economic/state cue,False
7412b94885457a759e9e9e6f3b0a56f1f92b6bc97423781e2db93a56ad96e77f,FACTUAL_PUBLIC_PRIVATE,38d4e1318130ba66ab3185fc18a03f67b7cafcbd234536f2c8d1ae9eb9ed8fbb,65,65,1,public language contains a checkable economic/state cue,False
8520808316c90a585e480d251f552028abe68594c990b2061e665ba6988d61a3,FACTUAL_PUBLIC_PRIVATE,38d4e1318130ba66ab3185fc18a03f67b7cafcbd234536f2c8d1ae9eb9ed8fbb,65,65,1,public language contains a checkable economic/state cue,False
d55c7bfbff5d95e337889265e051b5748693aee649f118f6dd196c45b53e7a25,FACTUAL_PUBLIC_PRIVATE,38d4e1318130ba66ab3185fc18a03f67b7cafcbd234536f2c8d1ae9eb9ed8fbb,71,71,1,public language contains a checkable economic/state cue,False
f47dca65fca7bc4c529cb871143541772cb7ca645f08b7f9636c9d87f28bd3cb,FACTUAL_PUBLIC_PRIVATE,38d4e1318130ba66ab3185fc18a03f67b7cafcbd234536f2c8d1ae9eb9ed8fbb,71,71,1,public language contains a checkable economic/state cue,False
f5a99fd0fbb6080d5030d3ade743c9dfa628a1eb51ebadfbfee18d74d81c720e,FACTUAL_PUBLIC_PRIVATE,38d4e1318130ba66ab3185fc18a03f67b7cafcbd234536f2c8d1ae9eb9ed8fbb,71,71,1,public language contains a checkable economic/state cue,False
a9203fca824e65066f24dcc59403021e352a4b2b7fdb0ef037af83ad2709453b,FACTUAL_PUBLIC_PRIVATE,38d4e1318130ba66ab3185fc18a03f67b7cafcbd234536f2c8d1ae9eb9ed8fbb,71,71,1,public language contains a checkable economic/state cue,False
1ba39f89fd10cc3eda7a6b23dc9a60c7bf9d0b9930cc2a967bb7137775db8bfb,FACTUAL_PUBLIC_PRIVATE,38d4e1318130ba66ab3185fc18a03f67b7cafcbd234536f2c8d1ae9eb9ed8fbb,71,71,1,public language contains a checkable economic/state cue,False
f2fa67f11714f323f26a897a248a164c07280d8bf5780476b50bc50d359bacfd,FACTUAL_PUBLIC_PRIVATE,38d4e1318130ba66ab3185fc18a03f67b7cafcbd234536f2c8d1ae9eb9ed8fbb,71,71,1,public language contains a checkable economic/state cue,False
4af57ff4bc6bb00b9316b7c633bf24091f2bda362ecdc4218fc0b3b1932742c5,FACTUAL_PUBLIC_PRIVATE,38d4e1318130ba66ab3185fc18a03f67b7cafcbd234536f2c8d1ae9eb9ed8fbb,71,71,1,public language contains a checkable economic/state cue,False
dddfe96600d01ac63cd0d90c14ff7f50c85946f4747b6b5c5267cc995de8b4d5,FACTUAL_PUBLIC_PRIVATE,38d4e1318130ba66ab3185fc18a03f67b7cafcbd234536f2c8d1ae9eb9ed8fbb,71,71,1,public language contains a checkable economic/state cue,False
92329119aaeb88f15a3f2925b53aa92b6240cc4c05495dcc6ee2bc5f4fe7822d,FACTUAL_PUBLIC_PRIVATE,38d4e1318130ba66ab3185fc18a03f67b7cafcbd234536f2c8d1ae9eb9ed8fbb,71,71,1,public language contains a checkable economic/state cue,False
b5a597d516664555bdea55a09d4dea8840b6fda912796217a7b4c55dd7c9f8c1,FACTUAL_PUBLIC_PRIVATE,38d4e1318130ba66ab3185fc18a03f67b7cafcbd234536f2c8d1ae9eb9ed8fbb,74,74,1,public language contains a checkable economic/state cue,False
ba322477e860bf54d8cb440e547b5dab0a1c2bf0b4bfab2adbf56e54ce0f2a2f,FACTUAL_PUBLIC_PRIVATE,38d4e1318130ba66ab3185fc18a03f67b7cafcbd234536f2c8d1ae9eb9ed8fbb,75,75,1,public language contains a checkable economic/state cue,False
32ca3715328fd00965e3bf1dd99dffa26eb6e1df3af4e3e9bc65d4f4d9b01e96,FACTUAL_PUBLIC_PRIVATE,38d4e1318130ba66ab3185fc18a03f67b7cafcbd234536f2c8d1ae9eb9ed8fbb,75,75,1,public language contains a checkable economic/state cue,False
6272bb5c6788c5363b4a35ff9f97bdaaf91c65430ef16cc82046d42df82fc1e8,FACTUAL_PUBLIC_PRIVATE,38d4e1318130ba66ab3185fc18a03f67b7cafcbd234536f2c8d1ae9eb9ed8fbb,75,75,1,public language contains a checkable economic/state cue,False
304410a4c723c6658c33bfa5b302a6c3c3054fc25e899fd75e5c470c906197ae,FACTUAL_PUBLIC_PRIVATE,38d4e1318130ba66ab3185fc18a03f67b7cafcbd234536f2c8d1ae9eb9ed8fbb,75,75,1,public language contains a checkable economic/state cue,False
24b252d139933fa00adc736fe7daac3ac385210268052ad96346101969f26210,FACTUAL_PUBLIC_PRIVATE,38d4e1318130ba66ab3185fc18a03f67b7cafcbd234536f2c8d1ae9eb9ed8fbb,75,75,1,public language contains a checkable economic/state cue,False
23af0a4a52d4daa96bf1a380fd8d25f8da3b5792882c9cf64479aa1925334fb2,FACTUAL_PUBLIC_PRIVATE,38d4e1318130ba66ab3185fc18a03f67b7cafcbd234536f2c8d1ae9eb9ed8fbb,75,75,1,public language contains a checkable economic/state cue,False
3e5e90da4dd6730e05021113cc292c58f3889c01ff8d027ecd27712419b7a136,FACTUAL_PUBLIC_PRIVATE,38d4e1318130ba66ab3185fc18a03f67b7cafcbd234536f2c8d1ae9eb9ed8fbb,75,75,1,public language contains a checkable economic/state cue,False
0c5b272c8216c71b2c4ddef94805377ccf2bda36203e369d0f74989657a9cbe6,FACTUAL_PUBLIC_PRIVATE,38d4e1318130ba66ab3185fc18a03f67b7cafcbd234536f2c8d1ae9eb9ed8fbb,75,75,1,public language contains a checkable economic/state cue,False
900fef141c6310d9a815b81b979ff6c0c27cc79ebd30e5066cfa2d863ce43487,FACTUAL_PUBLIC_PRIVATE,38d4e1318130ba66ab3185fc18a03f67b7cafcbd234536f2c8d1ae9eb9ed8fbb,75,75,1,public language contains a checkable economic/state cue,False
323ae11fbfcaccaf5019ff204ea0f418e3eec5fc577fc679a36ff1548214d64d,FACTUAL_PUBLIC_PRIVATE,38d4e1318130ba66ab3185fc18a03f67b7cafcbd234536f2c8d1ae9eb9ed8fbb,75,75,1,public language contains a checkable economic/state cue,False
04f007a2b33fdbc7dbb431e88c1d0389a04a3ed6deead76b5d5172e353519260,FACTUAL_PUBLIC_PRIVATE,38d4e1318130ba66ab3185fc18a03f67b7cafcbd234536f2c8d1ae9eb9ed8fbb,75,75,1,public language contains a checkable economic/state cue,False
b7b9696007a4fcde947cd5ce17925e47222642cb71dca785d1e5c0860d9302c8,FACTUAL_PUBLIC_PRIVATE,38d4e1318130ba66ab3185fc18a03f67b7cafcbd234536f2c8d1ae9eb9ed8fbb,75,75,1,public language contains a checkable economic/state cue,False
a8b4774f6fe047087d9e478ecab457debdd08e7718949367245cfd36c1f6f3d7,FACTUAL_PUBLIC_PRIVATE,38d4e1318130ba66ab3185fc18a03f67b7cafcbd234536f2c8d1ae9eb9ed8fbb,75,75,1,public language contains a checkable economic/state cue,False
ff2b3854ba3b2b22d53ea183d2d4ae7b93c142ffc34fb1e3c62898b887023878,FACTUAL_PUBLIC_PRIVATE,38d4e1318130ba66ab3185fc18a03f67b7cafcbd234536f2c8d1ae9eb9ed8fbb,75,75,1,public language contains a checkable economic/state cue,False
118ef5b246d35a178c5ef436357932b3d93c2c4e814f070a151a010fbf46efa8,FACTUAL_PUBLIC_PRIVATE,38d4e1318130ba66ab3185fc18a03f67b7cafcbd234536f2c8d1ae9eb9ed8fbb,75,75,1,public language contains a checkable economic/state cue,False
279741321b71e785f7fa4be9f4b2a8948df80c9455357127aea730269467ff12,FACTUAL_PUBLIC_PRIVATE,38d4e1318130ba66ab3185fc18a03f67b7cafcbd234536f2c8d1ae9eb9ed8fbb,75,75,1,public language contains a checkable economic/state cue,False
edb4a9ee259d7377e2904cfaf7134e2e425e9626c08d9f08fda141d736c1d1be,FACTUAL_PUBLIC_PRIVATE,38d4e1318130ba66ab3185fc18a03f67b7cafcbd234536f2c8d1ae9eb9ed8fbb,75,75,1,public language contains a checkable economic/state cue,False
ccd134a00ff95bb3f767c83621dfb7428cc1bc9d8f3fbc53944f753a18468880,FACTUAL_PUBLIC_PRIVATE,38d4e1318130ba66ab3185fc18a03f67b7cafcbd234536f2c8d1ae9eb9ed8fbb,75,75,1,public language contains a checkable economic/state cue,False
ace9f48bff6e25866e22e3b5a9aa7ebb3ca6cb02b1538191d62601e2a896a7eb,FACTUAL_PUBLIC_PRIVATE,38d4e1318130ba66ab3185fc18a03f67b7cafcbd234536f2c8d1ae9eb9ed8fbb,76,76,1,public language contains a checkable economic/state cue,False
03614f8680f35237bc2da999f7d736fa9e3fbaef58104d34eed2c8d7660c31b8,FACTUAL_PUBLIC_PRIVATE,38d4e1318130ba66ab3185fc18a03f67b7cafcbd234536f2c8d1ae9eb9ed8fbb,76,76,1,public language contains a checkable economic/state cue,False
003f13b2c258395c84b4d60546ae45465c70ab0d734a382ac3289a8643a3952d,FACTUAL_PUBLIC_PRIVATE,38d4e1318130ba66ab3185fc18a03f67b7cafcbd234536f2c8d1ae9eb9ed8fbb,77,77,1,public language contains a checkable economic/state cue,False
dc433603c4fc6ca14d7d45e6c0bf108fe595d6827a2f610e741da78dd279b553,FACTUAL_PUBLIC_PRIVATE,38d4e1318130ba66ab3185fc18a03f67b7cafcbd234536f2c8d1ae9eb9ed8fbb,77,77,1,public language contains a checkable economic/state cue,False
1cbea6d9cf3f69c82d2c3235fd7e5f4275004fa6bde105c23afeb43c905b0743,FACTUAL_PUBLIC_PRIVATE,38d4e1318130ba66ab3185fc18a03f67b7cafcbd234536f2c8d1ae9eb9ed8fbb,80,80,1,public language contains a checkable economic/state cue,False
62e62efb0e001e627ff859b978fcd3c0ae6d4880373d2a45f867b467acb5b4ed,FACTUAL_PUBLIC_PRIVATE,38d4e1318130ba66ab3185fc18a03f67b7cafcbd234536f2c8d1ae9eb9ed8fbb,80,80,1,public language contains a checkable economic/state cue,False
eed622289d7b7738dd31f52f462ee9cce79f978f92da9f6e81d547ef23525679,FACTUAL_PUBLIC_PRIVATE,38d4e1318130ba66ab3185fc18a03f67b7cafcbd234536f2c8d1ae9eb9ed8fbb,81,81,1,public language contains a checkable economic/state cue,False
f93d415e7cc71f56464170a592ae1c1c84643b35dc8a517defc0dfa2358460d3,FACTUAL_PUBLIC_PRIVATE,38d4e1318130ba66ab3185fc18a03f67b7cafcbd234536f2c8d1ae9eb9ed8fbb,81,81,1,public language contains a checkable economic/state cue,False
40c2e59a4ca6eb0fc918aa48a2bd339e5ab52571396df941dfac52282debd749,FACTUAL_PUBLIC_PRIVATE,38d4e1318130ba66ab3185fc18a03f67b7cafcbd234536f2c8d1ae9eb9ed8fbb,81,81,1,public language contains a checkable economic/state cue,False
ee29c7149504bff4df6b1d36b986a1055799fed9ff7f47bd75924be8ecd14777,FACTUAL_PUBLIC_PRIVATE,38d4e1318130ba66ab3185fc18a03f67b7cafcbd234536f2c8d1ae9eb9ed8fbb,81,81,1,public language contains a checkable economic/state cue,False
1a6f28c3882c6655ccbec154c26392b215bc0c2bd684f6b7bcd06ac8c2657807,FACTUAL_PUBLIC_PRIVATE,38d4e1318130ba66ab3185fc18a03f67b7cafcbd234536f2c8d1ae9eb9ed8fbb,81,81,1,public language contains a checkable economic/state cue,False
c65b1c30582ce0abd51e51a2e8a95bdb8e21b7e186c5c62b8caabf8c2dffeb1e,FACTUAL_PUBLIC_PRIVATE,38d4e1318130ba66ab3185fc18a03f67b7cafcbd234536f2c8d1ae9eb9ed8fbb,81,81,1,public language contains a checkable economic/state cue,False
180b6a2fc5a9f7d11d9fb0ac4c707f67c5c6298e0c68be06aa277b277a66d7bd,FACTUAL_PUBLIC_PRIVATE,38d4e1318130ba66ab3185fc18a03f67b7cafcbd234536f2c8d1ae9eb9ed8fbb,82,82,1,public language contains a checkable economic/state cue,False
2f4ea0ae9fda2024580cf28e53b57d3932636cf2291978c89143a823a69d9f23,FACTUAL_PUBLIC_PRIVATE,38d4e1318130ba66ab3185fc18a03f67b7cafcbd234536f2c8d1ae9eb9ed8fbb,82,82,1,public language contains a checkable economic/state cue,False
7e5f0b6b74ab8a2341ce2b7685a2953003682e0c814ca4fc4d94ce7a90e8dc69,FACTUAL_PUBLIC_PRIVATE,38d4e1318130ba66ab3185fc18a03f67b7cafcbd234536f2c8d1ae9eb9ed8fbb,84,84,1,public language contains a checkable economic/state cue,False
c66494f7a2dc0ee09d159ad55bdc67c05c5adb0e60936e5801d989e7bdc9f9a3,FACTUAL_PUBLIC_PRIVATE,38d4e1318130ba66ab3185fc18a03f67b7cafcbd234536f2c8d1ae9eb9ed8fbb,84,84,1,public language contains a checkable economic/state cue,False
3a95a83299ad7b505d996a1065b8b8a2f7a920fd9ce5b61d88614757f1836217,FACTUAL_PUBLIC_PRIVATE,38d4e1318130ba66ab3185fc18a03f67b7cafcbd234536f2c8d1ae9eb9ed8fbb,84,84,1,public language contains a checkable economic/state cue,False
01718eb14be0213a2d27f3c6ea2317f2826c096aef1bc8152238f87906e67d9c,FACTUAL_PUBLIC_PRIVATE,38d4e1318130ba66ab3185fc18a03f67b7cafcbd234536f2c8d1ae9eb9ed8fbb,84,84,1,public language contains a checkable economic/state cue,False
9ab129db715d266a81eee064c65b5f5800dd19451c983678a2065f654d31f875,FACTUAL_PUBLIC_PRIVATE,38d4e1318130ba66ab3185fc18a03f67b7cafcbd234536f2c8d1ae9eb9ed8fbb,84,84,1,public language contains a checkable economic/state cue,False
75839e5a92c81dd486676b39f4abe2aec5bcdb854fe14acf1f43850f088a263d,FACTUAL_PUBLIC_PRIVATE,38d4e1318130ba66ab3185fc18a03f67b7cafcbd234536f2c8d1ae9eb9ed8fbb,84,84,1,public language contains a checkable economic/state cue,False
c65bcbf1d2342816a648bb204a79d3ae9ff07d3cb318325d4755c13fecf57105,FACTUAL_PUBLIC_PRIVATE,38d4e1318130ba66ab3185fc18a03f67b7cafcbd234536f2c8d1ae9eb9ed8fbb,84,84,1,public language contains a checkable economic/state cue,False
4cc91375ccd2c7e7e443909ed68b9782319b2f126c694c5b8422e66b05b2d84e,FACTUAL_PUBLIC_PRIVATE,38d4e1318130ba66ab3185fc18a03f67b7cafcbd234536f2c8d1ae9eb9ed8fbb,84,84,1,public language contains a checkable economic/state cue,False
218211a4d45553387f847d6511c53a6305c7af9dbc39e09124a18f8225f78f67,FACTUAL_PUBLIC_PRIVATE,38d4e1318130ba66ab3185fc18a03f67b7cafcbd234536f2c8d1ae9eb9ed8fbb,89,89,1,public language contains a checkable economic/state cue,False
f2abd1c0379ece7edfa787590d45b633d487364c34946c06453125846ecd6cc6,FACTUAL_PUBLIC_PRIVATE,38d4e1318130ba66ab3185fc18a03f67b7cafcbd234536f2c8d1ae9eb9ed8fbb,89,89,1,public language contains a checkable economic/state cue,False
9b3a7242232fc7ce80779d4113b782e323be4348edd8131c7e71f80a0d260f01,FACTUAL_PUBLIC_PRIVATE,38d4e1318130ba66ab3185fc18a03f67b7cafcbd234536f2c8d1ae9eb9ed8fbb,89,89,1,public language contains a checkable economic/state cue,False
104da5e71f5f3a49c74fddb1f4e249ea6077cebdba71866b4ae3639001393601,FACTUAL_PUBLIC_PRIVATE,38d4e1318130ba66ab3185fc18a03f67b7cafcbd234536f2c8d1ae9eb9ed8fbb,89,89,1,public language contains a checkable economic/state cue,False
80d45f86a111750a4bdd86a05e0134553b52a02858683c8121d13621791a5718,FACTUAL_PUBLIC_PRIVATE,38d4e1318130ba66ab3185fc18a03f67b7cafcbd234536f2c8d1ae9eb9ed8fbb,89,89,1,public language contains a checkable economic/state cue,False
e3411ac011da889ebcade6c6b893d4702c7b7b520afcf1de30f00c00fbadb5ad,FACTUAL_PUBLIC_PRIVATE,38d4e1318130ba66ab3185fc18a03f67b7cafcbd234536f2c8d1ae9eb9ed8fbb,89,89,1,public language contains a checkable economic/state cue,False
d810839a99ae654b6f6f86bc0aa50232fd412010f450c8a9329a6e3a6f2295b8,FACTUAL_PUBLIC_PRIVATE,38d4e1318130ba66ab3185fc18a03f67b7cafcbd234536f2c8d1ae9eb9ed8fbb,89,89,1,public language contains a checkable economic/state cue,False
63fc05483a442133bb20d1ef19e4825f220dd000aedf4f6d1cf3f6e954c12cab,FACTUAL_PUBLIC_PRIVATE,38d4e1318130ba66ab3185fc18a03f67b7cafcbd234536f2c8d1ae9eb9ed8fbb,89,89,1,public language contains a checkable economic/state cue,False
6a021d29c6b00a79a2becd16a89ca9d7e586570e898a7f670dacfda77481938b,FACTUAL_PUBLIC_PRIVATE,38d4e1318130ba66ab3185fc18a03f67b7cafcbd234536f2c8d1ae9eb9ed8fbb,89,89,1,public language contains a checkable economic/state cue,False
467900ec80e2331d3c59427489346fb7eaa547c9825aa3acab9041059ab1e663,FACTUAL_PUBLIC_PRIVATE,38d4e1318130ba66ab3185fc18a03f67b7cafcbd234536f2c8d1ae9eb9ed8fbb,89,89,1,public language contains a checkable economic/state cue,False
ddc2ca8ab2e5c19c30d9b0351237fdc47c759daf5529322cab23214a8116a9ca,FACTUAL_PUBLIC_PRIVATE,38d4e1318130ba66ab3185fc18a03f67b7cafcbd234536f2c8d1ae9eb9ed8fbb,89,89,1,public language contains a checkable economic/state cue,False
eb970a915c0e645ed6337c8fd915c462f6511a09e4fd116c6040e5a929dde5c3,FACTUAL_PUBLIC_PRIVATE,38d4e1318130ba66ab3185fc18a03f67b7cafcbd234536f2c8d1ae9eb9ed8fbb,89,89,1,public language contains a checkable economic/state cue,False
b222d03bb1609f03f52caec9baad1873593f0136fedaa8ca73ea396acf53457c,FACTUAL_PUBLIC_PRIVATE,38d4e1318130ba66ab3185fc18a03f67b7cafcbd234536f2c8d1ae9eb9ed8fbb,89,89,1,public language contains a checkable economic/state cue,False
826c14536962a69164989b139c46881d5aaa371d3dcef7883b28abdcdc52aef0,FACTUAL_PUBLIC_PRIVATE,38d4e1318130ba66ab3185fc18a03f67b7cafcbd234536f2c8d1ae9eb9ed8fbb,89,89,1,public language contains a checkable economic/state cue,False
bf109659a39951fdf16be3513bcf68058b2cf4ef8a5a504b17ea51db724b0b93,FACTUAL_PUBLIC_PRIVATE,38d4e1318130ba66ab3185fc18a03f67b7cafcbd234536f2c8d1ae9eb9ed8fbb,89,89,1,public language contains a checkable economic/state cue,False
001a839a281e5afd5473d865899dea694d07e3392381694d97232c1d8515be82,FACTUAL_PUBLIC_PRIVATE,38d4e1318130ba66ab3185fc18a03f67b7cafcbd234536f2c8d1ae9eb9ed8fbb,89,89,1,public language contains a checkable economic/state cue,False
bca9728d6733af194d4274f2fafe55d1d35f8cdb1dd665f1ae240774d4d4db92,FACTUAL_PUBLIC_PRIVATE,38d4e1318130ba66ab3185fc18a03f67b7cafcbd234536f2c8d1ae9eb9ed8fbb,89,89,1,public language contains a checkable economic/state cue,False
69946c442a5c538f26b85952ee05b0170daa7cd166de8b9bed231ae356951aa1,FACTUAL_PUBLIC_PRIVATE,38d4e1318130ba66ab3185fc18a03f67b7cafcbd234536f2c8d1ae9eb9ed8fbb,89,89,1,public language contains a checkable economic/state cue,False
4bbc111826c906bb480bfde3b41a9cf926675a59941d1638e1833e7ef6d471cf,FACTUAL_PUBLIC_PRIVATE,38d4e1318130ba66ab3185fc18a03f67b7cafcbd234536f2c8d1ae9eb9ed8fbb,91,91,1,public language contains a checkable economic/state cue,False
d6f4c00e48559558e0f63576eaf2a6ba168fc3d9c6aa19247cfe69105bfd86d6,FACTUAL_PUBLIC_PRIVATE,38d4e1318130ba66ab3185fc18a03f67b7cafcbd234536f2c8d1ae9eb9ed8fbb,101,101,1,public language contains a checkable economic/state cue,False
c567ab7606b845c2fc795c74a39177093bdf15e96ba24b701cc809c7cf99eb89,FACTUAL_PUBLIC_PRIVATE,38d4e1318130ba66ab3185fc18a03f67b7cafcbd234536f2c8d1ae9eb9ed8fbb,103,103,1,public language contains a checkable economic/state cue,False
51d218a0742f04c00c24320777c4d40b8d08c29709a00eea74bba4de2127f03d,FACTUAL_PUBLIC_PRIVATE,38d4e1318130ba66ab3185fc18a03f67b7cafcbd234536f2c8d1ae9eb9ed8fbb,111,111,1,public language contains a checkable economic/state cue,False
3c07d5fc9b631cacc8e5ea1c86cb3b40d8d8592ec6a47b14b3f05e9ca1a33b54,FACTUAL_PUBLIC_PRIVATE,38d4e1318130ba66ab3185fc18a03f67b7cafcbd234536f2c8d1ae9eb9ed8fbb,112,112,1,public language contains a checkable economic/state cue,False
e090e29cddcf2d4dffc28ee94996c9fac42e1a5f3428f507b135f023ce052cb8,FACTUAL_PUBLIC_PRIVATE,38d4e1318130ba66ab3185fc18a03f67b7cafcbd234536f2c8d1ae9eb9ed8fbb,112,112,1,public language contains a checkable economic/state cue,False
9d0298c947473b1f019092877268351935189bdbf7d5fe253b5d775578506d8b,FACTUAL_PUBLIC_PRIVATE,38d4e1318130ba66ab3185fc18a03f67b7cafcbd234536f2c8d1ae9eb9ed8fbb,112,112,1,public language contains a checkable economic/state cue,False
7c90905a52930c0476974190d17cc70b15ddf321363c238f78e904bd5aa191df,FACTUAL_PUBLIC_PRIVATE,38d4e1318130ba66ab3185fc18a03f67b7cafcbd234536f2c8d1ae9eb9ed8fbb,112,112,1,public language contains a checkable economic/state cue,False
c3744a17bdd56ea16790be66f8edb2f2219f6fc69b5549cc664bb8124827469d,FACTUAL_PUBLIC_PRIVATE,38d4e1318130ba66ab3185fc18a03f67b7cafcbd234536f2c8d1ae9eb9ed8fbb,113,113,1,public language contains a checkable economic/state cue,False
68e4d3e6d4684acbcfaa28607c4ab205bdcd1edff7a55ee12edbdd24f2dd19e3,FACTUAL_PUBLIC_PRIVATE,38d4e1318130ba66ab3185fc18a03f67b7cafcbd234536f2c8d1ae9eb9ed8fbb,114,114,1,public language contains a checkable economic/state cue,False
9a0644def0524fdd51a2a4c6b584d97803ceee5c58fadec0c4a754b6735ab60c,FACTUAL_PUBLIC_PRIVATE,38d4e1318130ba66ab3185fc18a03f67b7cafcbd234536f2c8d1ae9eb9ed8fbb,118,118,1,public language contains a checkable economic/state cue,False
bbaba2bc6871376d0646f11e40b4aa7b09dc5d7bf77d9e479cf5ec7d11ed3c63,FACTUAL_PUBLIC_PRIVATE,38d4e1318130ba66ab3185fc18a03f67b7cafcbd234536f2c8d1ae9eb9ed8fbb,122,122,1,public language contains a checkable economic/state cue,False
f7d07626c20fe37eaaa112b5cdd0b027f7a9fb403d1d80b0a16ed4d1998c06da,FACTUAL_PUBLIC_PRIVATE,38d4e1318130ba66ab3185fc18a03f67b7cafcbd234536f2c8d1ae9eb9ed8fbb,125,125,1,public language contains a checkable economic/state cue,False
0da9d9c8131e598f92e3c35740f62a6150989a9ca21cc6a4f329d3436de03d62,FACTUAL_PUBLIC_PRIVATE,38d4e1318130ba66ab3185fc18a03f67b7cafcbd234536f2c8d1ae9eb9ed8fbb,126,126,1,public language contains a checkable economic/state cue,False
12240d9ad7cc927f48a077f472868d7607a5f770928a79e25365763346304fd6,FACTUAL_PUBLIC_PRIVATE,38d4e1318130ba66ab3185fc18a03f67b7cafcbd234536f2c8d1ae9eb9ed8fbb,126,126,1,public language contains a checkable economic/state cue,False
6bf9fa7339ba1237fffd6bf98199727c27a7d195870c49d82512fe3128877c3b,FACTUAL_PUBLIC_PRIVATE,38d4e1318130ba66ab3185fc18a03f67b7cafcbd234536f2c8d1ae9eb9ed8fbb,126,126,1,public language contains a checkable economic/state cue,False
fd39d56bc63eebf0a2ebd4780935d2ebf005b3c49ca43e68bec6595b3d154301,FACTUAL_PUBLIC_PRIVATE,38d4e1318130ba66ab3185fc18a03f67b7cafcbd234536f2c8d1ae9eb9ed8fbb,126,126,1,public language contains a checkable economic/state cue,False
dd16392d341c38a0aebef098c800017c577840eb35776e1ea30eab81a62d013f,FACTUAL_PUBLIC_PRIVATE,38d4e1318130ba66ab3185fc18a03f67b7cafcbd234536f2c8d1ae9eb9ed8fbb,126,126,1,public language contains a checkable economic/state cue,False
52d39f975042df047a25dbc42bbbb7522f66e49613f2d98607585746447c1b4f,FACTUAL_PUBLIC_PRIVATE,38d4e1318130ba66ab3185fc18a03f67b7cafcbd234536f2c8d1ae9eb9ed8fbb,126,126,1,public language contains a checkable economic/state cue,False
a3db3749f44848be82e00cbbe63fde2f8fa15120ea4a5cc9c00ad4a40c06192b,FACTUAL_PUBLIC_PRIVATE,38d4e1318130ba66ab3185fc18a03f67b7cafcbd234536f2c8d1ae9eb9ed8fbb,126,126,1,public language contains a checkable economic/state cue,False
31a310d2dbd1a368686c3a649ad666a4077cba007ca75503e8eb211de7a23636,FACTUAL_PUBLIC_PRIVATE,38d4e1318130ba66ab3185fc18a03f67b7cafcbd234536f2c8d1ae9eb9ed8fbb,126,126,1,public language contains a checkable economic/state cue,False
2bd0473a2644be85ac7f81662d6dbe8dca3bc29858b0812ffe740d870e67e560,FACTUAL_PUBLIC_PRIVATE,38d4e1318130ba66ab3185fc18a03f67b7cafcbd234536f2c8d1ae9eb9ed8fbb,126,126,1,public language contains a checkable economic/state cue,False
aca4ddf8a707c5d9d24916df16cd29f18fe88d643e77aa0709711af92ccc984d,FACTUAL_PUBLIC_PRIVATE,38d4e1318130ba66ab3185fc18a03f67b7cafcbd234536f2c8d1ae9eb9ed8fbb,126,126,1,public language contains a checkable economic/state cue,False
eb189bd400d9548ab8233d97914845b2a82a875ff0f416817663d67ad93e427f,FACTUAL_PUBLIC_PRIVATE,38d4e1318130ba66ab3185fc18a03f67b7cafcbd234536f2c8d1ae9eb9ed8fbb,126,126,1,public language contains a checkable economic/state cue,False
1337291542ee837de8e22a5d5dc1bfbb95934a6d5ccb903b911a2340a64e07e1,FACTUAL_PUBLIC_PRIVATE,38d4e1318130ba66ab3185fc18a03f67b7cafcbd234536f2c8d1ae9eb9ed8fbb,127,127,1,public language contains a checkable economic/state cue,False
40b4d0d552c15b5f7b7f4918e26380d733ed3c416d195c254342649640b5d7a1,FACTUAL_PUBLIC_PRIVATE,38d4e1318130ba66ab3185fc18a03f67b7cafcbd234536f2c8d1ae9eb9ed8fbb,132,132,1,public language contains a checkable economic/state cue,False
5789cf18201d658182d14fb8c2991d75c316d4997d5897eb66edc5d7c0fccad7,FACTUAL_PUBLIC_PRIVATE,38d4e1318130ba66ab3185fc18a03f67b7cafcbd234536f2c8d1ae9eb9ed8fbb,132,132,1,public language contains a checkable economic/state cue,False
141c93e5b2c083a220296a7551c6121c10c2cb1aaf32b5fce0fc8904d45c2f5a,FACTUAL_PUBLIC_PRIVATE,38d4e1318130ba66ab3185fc18a03f67b7cafcbd234536f2c8d1ae9eb9ed8fbb,132,132,1,public language contains a checkable economic/state cue,False
70d7aaebc82525f8a08faac643d9875cec4ab99961fe0e085b36c4f16284b4ec,FACTUAL_PUBLIC_PRIVATE,38d4e1318130ba66ab3185fc18a03f67b7cafcbd234536f2c8d1ae9eb9ed8fbb,132,132,1,public language contains a checkable economic/state cue,False
65856ce7caddc30329a215551833323ee197e069966ef8d1f99d2be9924212a3,FACTUAL_PUBLIC_PRIVATE,38d4e1318130ba66ab3185fc18a03f67b7cafcbd234536f2c8d1ae9eb9ed8fbb,132,132,1,public language contains a checkable economic/state cue,False
ae0da93a6418df05f4f2a9ebb38f632ca6df5219bdc02ebd25eec3eeacd2a3fc,FACTUAL_PUBLIC_PRIVATE,38d4e1318130ba66ab3185fc18a03f67b7cafcbd234536f2c8d1ae9eb9ed8fbb,132,132,1,public language contains a checkable economic/state cue,False
c2dcc4e238943472d78d82fd99bdca1af6a5f5af770d64c331daa1ef98d3b48d,FACTUAL_PUBLIC_PRIVATE,38d4e1318130ba66ab3185fc18a03f67b7cafcbd234536f2c8d1ae9eb9ed8fbb,132,132,1,public language contains a checkable economic/state cue,False
6500e54248ebe3f3bd43056a210c712f67b503b0a34bf96fcb5e0b46e86479b9,FACTUAL_PUBLIC_PRIVATE,38d4e1318130ba66ab3185fc18a03f67b7cafcbd234536f2c8d1ae9eb9ed8fbb,132,132,1,public language contains a checkable economic/state cue,False
5a1bf9d7c5485469e8da52e569141d7a83bff3b6aa3a789195a21339b09e9061,FACTUAL_PUBLIC_PRIVATE,38d4e1318130ba66ab3185fc18a03f67b7cafcbd234536f2c8d1ae9eb9ed8fbb,132,132,1,public language contains a checkable economic/state cue,False
874dc75a135d070b35c9fc7270734a3d58afe0cf0412e5225987f645c2c663b2,FACTUAL_PUBLIC_PRIVATE,38d4e1318130ba66ab3185fc18a03f67b7cafcbd234536f2c8d1ae9eb9ed8fbb,132,132,1,public language contains a checkable economic/state cue,False
323f80c96b846d9e17399a20612fd859e8535104de834202f4e368fba1f89dea,FACTUAL_PUBLIC_PRIVATE,38d4e1318130ba66ab3185fc18a03f67b7cafcbd234536f2c8d1ae9eb9ed8fbb,132,132,1,public language contains a checkable economic/state cue,False
311c56ab1a2296ce4d045c051e8865bdf4ad02c4a35a9eb414361e46a0285dde,FACTUAL_PUBLIC_PRIVATE,38d4e1318130ba66ab3185fc18a03f67b7cafcbd234536f2c8d1ae9eb9ed8fbb,132,132,1,public language contains a checkable economic/state cue,False
5d28c5e854b0d84b00407fba5e3e029dba57040e7d0b711f758a72281d48af34,FACTUAL_PUBLIC_PRIVATE,38d4e1318130ba66ab3185fc18a03f67b7cafcbd234536f2c8d1ae9eb9ed8fbb,132,132,1,public language contains a checkable economic/state cue,False
02260531f0f3935cc148058acee0563ed22a600916c0cd42733803ac032cb8a1,FACTUAL_PUBLIC_PRIVATE,38d4e1318130ba66ab3185fc18a03f67b7cafcbd234536f2c8d1ae9eb9ed8fbb,132,132,1,public language contains a checkable economic/state cue,False
4a2868376de8b14463ea8c6cdb7f986f14af978f808213eef4ee8c55d9745585,FACTUAL_PUBLIC_PRIVATE,38d4e1318130ba66ab3185fc18a03f67b7cafcbd234536f2c8d1ae9eb9ed8fbb,132,132,1,public language contains a checkable economic/state cue,False
8258fc89ce8439ae53b0f993a33eeb141139aba2d627a83b7399672152bcf2ac,FACTUAL_PUBLIC_PRIVATE,38d4e1318130ba66ab3185fc18a03f67b7cafcbd234536f2c8d1ae9eb9ed8fbb,132,132,1,public language contains a checkable economic/state cue,False
9a7e6e71399cba5b19dca2a0af18b265d864bda8e6f11b3e071054d208ae75d1,FACTUAL_PUBLIC_PRIVATE,38d4e1318130ba66ab3185fc18a03f67b7cafcbd234536f2c8d1ae9eb9ed8fbb,132,132,1,public language contains a checkable economic/state cue,False
77c5560e0b408aabea1cf9b6dec8ca60b9faaac055106e2aa67f629c3cf0abdb,FACTUAL_PUBLIC_PRIVATE,38d4e1318130ba66ab3185fc18a03f67b7cafcbd234536f2c8d1ae9eb9ed8fbb,132,132,1,public language contains a checkable economic/state cue,False
611ca5864c94868defd968419731aabc3f26d3837d1dd60b933ab4da3d3879f7,FACTUAL_PUBLIC_PRIVATE,38d4e1318130ba66ab3185fc18a03f67b7cafcbd234536f2c8d1ae9eb9ed8fbb,132,132,1,public language contains a checkable economic/state cue,False
d8fa9d543e668ee38eb1119477efe659bb89fb986431cef10f1995724d3e93c1,FACTUAL_PUBLIC_PRIVATE,38d4e1318130ba66ab3185fc18a03f67b7cafcbd234536f2c8d1ae9eb9ed8fbb,132,132,1,public language contains a checkable economic/state cue,False
bbf4e76f50a892d5d5315fabb0637cde072c0e8a66408fc68a87da995d58b7a6,FACTUAL_PUBLIC_PRIVATE,38d4e1318130ba66ab3185fc18a03f67b7cafcbd234536f2c8d1ae9eb9ed8fbb,132,132,1,public language contains a checkable economic/state cue,False
c843bde48bf457647ac11ed96dc95e5e66b0bddb4c11168c51f2e04d46eec68a,FACTUAL_PUBLIC_PRIVATE,38d4e1318130ba66ab3185fc18a03f67b7cafcbd234536f2c8d1ae9eb9ed8fbb,132,132,1,public language contains a checkable economic/state cue,False
02c34158168f81dc5eb95f0f84554d66b961e41f913f39849b14a4b00365dbf0,FACTUAL_PUBLIC_PRIVATE,38d4e1318130ba66ab3185fc18a03f67b7cafcbd234536f2c8d1ae9eb9ed8fbb,132,132,1,public language contains a checkable economic/state cue,False
28738ec2e7e3b74f67ad9dad1373c1860120c2a02673da03fa9a7cfa8e335970,FACTUAL_PUBLIC_PRIVATE,38d4e1318130ba66ab3185fc18a03f67b7cafcbd234536f2c8d1ae9eb9ed8fbb,133,133,1,public language contains a checkable economic/state cue,False
af36c206d2ad0dd1dac1f895acd905bd187dd4625a6d3c6fd117c699a0af08bc,FACTUAL_PUBLIC_PRIVATE,38d4e1318130ba66ab3185fc18a03f67b7cafcbd234536f2c8d1ae9eb9ed8fbb,135,135,1,public language contains a checkable economic/state cue,False
671a90735121a9a3d8f22fc8d6801e7c78357b1db4eb9e23eff06244cdb41665,FACTUAL_PUBLIC_PRIVATE,38d4e1318130ba66ab3185fc18a03f67b7cafcbd234536f2c8d1ae9eb9ed8fbb,135,135,1,public language contains a checkable economic/state cue,False
5819a3bdd82b69e7c9bb74c578ef7707b8857f556cb03bec3441cf261e003514,FACTUAL_PUBLIC_PRIVATE,38d4e1318130ba66ab3185fc18a03f67b7cafcbd234536f2c8d1ae9eb9ed8fbb,136,136,1,public language contains a checkable economic/state cue,False
3c3ab20e5209041ec8299cee6fe79d9a3759bea0425ee32de4c1f08d9a6ab17b,FACTUAL_PUBLIC_PRIVATE,38d4e1318130ba66ab3185fc18a03f67b7cafcbd234536f2c8d1ae9eb9ed8fbb,137,137,1,public language contains a checkable economic/state cue,False
48be9a28b921d9f400e95e6d2e1525f624658ddde18114d5dc21ad64625a5f97,FACTUAL_PUBLIC_PRIVATE,38d4e1318130ba66ab3185fc18a03f67b7cafcbd234536f2c8d1ae9eb9ed8fbb,137,137,1,public language contains a checkable economic/state cue,False
1b2b76058472266fcdacce0688dc9998a7c2c9d8193aecb0f8c8063b107f9290,FACTUAL_PUBLIC_PRIVATE,38d4e1318130ba66ab3185fc18a03f67b7cafcbd234536f2c8d1ae9eb9ed8fbb,137,137,1,public language contains a checkable economic/state cue,False
4284888e28487fe072f3fdc2f69993be2dd2ea974d8ad139bbc23083749adcc5,FACTUAL_PUBLIC_PRIVATE,38d4e1318130ba66ab3185fc18a03f67b7cafcbd234536f2c8d1ae9eb9ed8fbb,137,137,1,public language contains a checkable economic/state cue,False
272236a53238b064e89892af3e69608645d5844c07bc094c015920cae5690909,FACTUAL_PUBLIC_PRIVATE,38d4e1318130ba66ab3185fc18a03f67b7cafcbd234536f2c8d1ae9eb9ed8fbb,137,137,1,public language contains a checkable economic/state cue,False
c21b034e5260fb680120b62292352d057b766b8f108107803b00e6c25958dae9,FACTUAL_PUBLIC_PRIVATE,38d4e1318130ba66ab3185fc18a03f67b7cafcbd234536f2c8d1ae9eb9ed8fbb,137,137,1,public language contains a checkable economic/state cue,False
47eaf5babf7235bf4394f1632213f9ab394ce119f9cecba8613340f91f21f569,FACTUAL_PUBLIC_PRIVATE,38d4e1318130ba66ab3185fc18a03f67b7cafcbd234536f2c8d1ae9eb9ed8fbb,137,137,1,public language contains a checkable economic/state cue,False
ea7fc9c9a38cf20784ff2ac512a60196680ebce0b3c0360df58b85d0f1cc687d,FACTUAL_PUBLIC_PRIVATE,38d4e1318130ba66ab3185fc18a03f67b7cafcbd234536f2c8d1ae9eb9ed8fbb,137,137,1,public language contains a checkable economic/state cue,False
c84795949eec5cd301ab8e8a92b69da3b84e7c6ec5bb7dc2f70bba9ca8291637,FACTUAL_PUBLIC_PRIVATE,38d4e1318130ba66ab3185fc18a03f67b7cafcbd234536f2c8d1ae9eb9ed8fbb,137,137,1,public language contains a checkable economic/state cue,False
0bb492fa3eae9037df81e3e1791e44cc641073fd6aecb78322f8e740aa87b1ba,FACTUAL_PUBLIC_PRIVATE,38d4e1318130ba66ab3185fc18a03f67b7cafcbd234536f2c8d1ae9eb9ed8fbb,137,137,1,public language contains a checkable economic/state cue,False
24ad78f9be9f7fcb7ff57bcf23921832d2963da01683bec3f229466b8d0d447c,FACTUAL_PUBLIC_PRIVATE,38d4e1318130ba66ab3185fc18a03f67b7cafcbd234536f2c8d1ae9eb9ed8fbb,137,137,1,public language contains a checkable economic/state cue,False
78485990fc0ca4c3efffcdfd9b6f2308714dd95e6b3e6c988033033fb8c7be27,FACTUAL_PUBLIC_PRIVATE,38d4e1318130ba66ab3185fc18a03f67b7cafcbd234536f2c8d1ae9eb9ed8fbb,137,137,1,public language contains a checkable economic/state cue,False
01462601a219c0c073002ce6712dae43de3477fdd4ac16dd60fd6404d0396e6e,FACTUAL_PUBLIC_PRIVATE,38d4e1318130ba66ab3185fc18a03f67b7cafcbd234536f2c8d1ae9eb9ed8fbb,137,137,1,public language contains a checkable economic/state cue,False
ef292968eea76dc6ac0ea731618ad02f2f20c862bc7922b9fbe9e9eecf706b2e,FACTUAL_PUBLIC_PRIVATE,38d4e1318130ba66ab3185fc18a03f67b7cafcbd234536f2c8d1ae9eb9ed8fbb,137,137,1,public language contains a checkable economic/state cue,False
a0f41dac057fc286e1f25ac014956357b121ab809b2a17417b4fa997ef902299,FACTUAL_PUBLIC_PRIVATE,38d4e1318130ba66ab3185fc18a03f67b7cafcbd234536f2c8d1ae9eb9ed8fbb,137,137,1,public language contains a checkable economic/state cue,False
e0cd5ccaf02f46d6ad286092f9dd9822c766b8744c68d9c2b3ef4ac9b93d83c6,FACTUAL_PUBLIC_PRIVATE,38d4e1318130ba66ab3185fc18a03f67b7cafcbd234536f2c8d1ae9eb9ed8fbb,137,137,1,public language contains a checkable economic/state cue,False
969dfe450b602325f4e5d058661411c2bd08090d202a83cbb0f849bf41115797,FACTUAL_PUBLIC_PRIVATE,38d4e1318130ba66ab3185fc18a03f67b7cafcbd234536f2c8d1ae9eb9ed8fbb,137,137,1,public language contains a checkable economic/state cue,False
92dcc3d176795aa35e5f2941520c6084e6d17b0393e94d29e8b90b27ea672ad5,FACTUAL_PUBLIC_PRIVATE,38d4e1318130ba66ab3185fc18a03f67b7cafcbd234536f2c8d1ae9eb9ed8fbb,137,137,1,public language contains a checkable economic/state cue,False
f97b70a9d6c9336589a6ce42de5b62554402d590fc0768ab173319da768f63e5,FACTUAL_PUBLIC_PRIVATE,38d4e1318130ba66ab3185fc18a03f67b7cafcbd234536f2c8d1ae9eb9ed8fbb,137,137,1,public language contains a checkable economic/state cue,False
0d982084635933b2637bf098cbff349eadc32843c13733ec3516c89280b84722,FACTUAL_PUBLIC_PRIVATE,38d4e1318130ba66ab3185fc18a03f67b7cafcbd234536f2c8d1ae9eb9ed8fbb,137,137,1,public language contains a checkable economic/state cue,False
5577eecea9ec10b43ab0fb04117b2968b4f7c004ea3f0cb47107be84a6adaa20,FACTUAL_PUBLIC_PRIVATE,38d4e1318130ba66ab3185fc18a03f67b7cafcbd234536f2c8d1ae9eb9ed8fbb,137,137,1,public language contains a checkable economic/state cue,False
66e7383eb51a17ab0643bc0154bdb952c509cef6b247cd576648a09193687619,FACTUAL_PUBLIC_PRIVATE,38d4e1318130ba66ab3185fc18a03f67b7cafcbd234536f2c8d1ae9eb9ed8fbb,137,137,1,public language contains a checkable economic/state cue,False
a5af541f29c8cb60de5f5586df5dbe9b160dd654abafadfe3198175b47dcc43d,FACTUAL_PUBLIC_PRIVATE,38d4e1318130ba66ab3185fc18a03f67b7cafcbd234536f2c8d1ae9eb9ed8fbb,137,137,1,public language contains a checkable economic/state cue,False
3d2587b251b9943ef1ca53c2603aae9b2b878097ead876d5ba72ebbb544c6986,FACTUAL_PUBLIC_PRIVATE,38d4e1318130ba66ab3185fc18a03f67b7cafcbd234536f2c8d1ae9eb9ed8fbb,137,137,1,public language contains a checkable economic/state cue,False
89ca26cfddcfacbaaea5d0f8ae77d12d56e3a73a8584cf7ea4768868b5eb8d66,FACTUAL_PUBLIC_PRIVATE,38d4e1318130ba66ab3185fc18a03f67b7cafcbd234536f2c8d1ae9eb9ed8fbb,137,137,1,public language contains a checkable economic/state cue,False
ce9fea0ee62885a2d1b3915ad49c8ac159ce34b9aa434ab21c818dfcd5caa55c,FACTUAL_PUBLIC_PRIVATE,38d4e1318130ba66ab3185fc18a03f67b7cafcbd234536f2c8d1ae9eb9ed8fbb,137,137,1,public language contains a checkable economic/state cue,False
f9f8fd993cbcc3e64b92164c758593966a3d6fe4b9b3ec412354634475f5407c,FACTUAL_PUBLIC_PRIVATE,38d4e1318130ba66ab3185fc18a03f67b7cafcbd234536f2c8d1ae9eb9ed8fbb,137,137,1,public language contains a checkable economic/state cue,False
881631eea4056365eb92bab70ae181340736a2cd6442451d167613f8390f8c29,FACTUAL_PUBLIC_PRIVATE,38d4e1318130ba66ab3185fc18a03f67b7cafcbd234536f2c8d1ae9eb9ed8fbb,137,137,1,public language contains a checkable economic/state cue,False
76c10870df1b9d5e4f4b8923b9273a4bd69e7d17a62227c7db6446ad66f03315,FACTUAL_PUBLIC_PRIVATE,38d4e1318130ba66ab3185fc18a03f67b7cafcbd234536f2c8d1ae9eb9ed8fbb,137,137,1,public language contains a checkable economic/state cue,False
46acc06342ad75aea1ee999e261498ea4a58ac72764deebb16fba9f707a2d7be,FACTUAL_PUBLIC_PRIVATE,38d4e1318130ba66ab3185fc18a03f67b7cafcbd234536f2c8d1ae9eb9ed8fbb,137,137,1,public language contains a checkable economic/state cue,False
835faaee38fb3a553a4e3e6d14aa09029fe29e58f5f6fca288f7ab5474f33ef4,FACTUAL_PUBLIC_PRIVATE,38d4e1318130ba66ab3185fc18a03f67b7cafcbd234536f2c8d1ae9eb9ed8fbb,137,137,1,public language contains a checkable economic/state cue,False
1e147b200fc3eff66a96240aa6be36d3ca682827c7a02ed76dfbd21cd934d651,FACTUAL_PUBLIC_PRIVATE,38d4e1318130ba66ab3185fc18a03f67b7cafcbd234536f2c8d1ae9eb9ed8fbb,137,137,1,public language contains a checkable economic/state cue,False
5b4b9fba46a33780feb75ca50f5c279c4d5a913157c372ee5bc175ba4d845749,FACTUAL_PUBLIC_PRIVATE,38d4e1318130ba66ab3185fc18a03f67b7cafcbd234536f2c8d1ae9eb9ed8fbb,137,137,1,public language contains a checkable economic/state cue,False
56dd7bcf01d70bb70633037968b39ba52e40b4770ac33f935d63eeb8aac26ad7,FACTUAL_PUBLIC_PRIVATE,38d4e1318130ba66ab3185fc18a03f67b7cafcbd234536f2c8d1ae9eb9ed8fbb,137,137,1,public language contains a checkable economic/state cue,False
830e7978275768a16ca556000f1fbd23c9c4609dd89aaece817a671cef1debf1,FACTUAL_PUBLIC_PRIVATE,38d4e1318130ba66ab3185fc18a03f67b7cafcbd234536f2c8d1ae9eb9ed8fbb,137,137,1,public language contains a checkable economic/state cue,False
b41d5cb228e6f9131468cb4587ab67b0260622daed93005007b4fce334cb7b6a,FACTUAL_PUBLIC_PRIVATE,38d4e1318130ba66ab3185fc18a03f67b7cafcbd234536f2c8d1ae9eb9ed8fbb,137,137,1,public language contains a checkable economic/state cue,False
6a347c1676929889ab3251b1f88041d978d956085f64488203d4ae03b94196be,FACTUAL_PUBLIC_PRIVATE,38d4e1318130ba66ab3185fc18a03f67b7cafcbd234536f2c8d1ae9eb9ed8fbb,137,137,1,public language contains a checkable economic/state cue,False
244cbf421de7d32546256db8d6ae009ec835cf6b18cab6034c8e4ddf16ce42cf,FACTUAL_PUBLIC_PRIVATE,38d4e1318130ba66ab3185fc18a03f67b7cafcbd234536f2c8d1ae9eb9ed8fbb,137,137,1,public language contains a checkable economic/state cue,False
6ee013c0dcb6f0546bf05dbe435fd105a838ad2654d0e75e7422b35faafc0075,FACTUAL_PUBLIC_PRIVATE,38d4e1318130ba66ab3185fc18a03f67b7cafcbd234536f2c8d1ae9eb9ed8fbb,137,137,1,public language contains a checkable economic/state cue,False
0a2ec5d9f51431793f2dfe0d19d9dca69ebd757195b056bba051dcbec5627a21,FACTUAL_PUBLIC_PRIVATE,38d4e1318130ba66ab3185fc18a03f67b7cafcbd234536f2c8d1ae9eb9ed8fbb,137,137,1,public language contains a checkable economic/state cue,False
e850cb9d3fc85235535222c7c0601f49ec69762f559a51a806886f623c10c645,FACTUAL_PUBLIC_PRIVATE,38d4e1318130ba66ab3185fc18a03f67b7cafcbd234536f2c8d1ae9eb9ed8fbb,137,137,1,public language contains a checkable economic/state cue,False
6b2060ce7b0a8c742347950e9fb3e3676527978b82bd6573c084919f6243c81f,FACTUAL_PUBLIC_PRIVATE,38d4e1318130ba66ab3185fc18a03f67b7cafcbd234536f2c8d1ae9eb9ed8fbb,137,137,1,public language contains a checkable economic/state cue,False
4d7ab318ca41b3cf0dd64fa77db12e21e90524d9b6b31051b67232d4c4513911,FACTUAL_PUBLIC_PRIVATE,38d4e1318130ba66ab3185fc18a03f67b7cafcbd234536f2c8d1ae9eb9ed8fbb,137,137,1,public language contains a checkable economic/state cue,False
9a8b74360bb7aa4f66b430b9eb07e718c1661d102656a15408fd7aa9c6478cec,FACTUAL_PUBLIC_PRIVATE,38d4e1318130ba66ab3185fc18a03f67b7cafcbd234536f2c8d1ae9eb9ed8fbb,137,137,1,public language contains a checkable economic/state cue,False
ed79026eadacb70a79a5e345ba492b799f46c38a94604f34053bfefd83d6250c,FACTUAL_PUBLIC_PRIVATE,38d4e1318130ba66ab3185fc18a03f67b7cafcbd234536f2c8d1ae9eb9ed8fbb,137,137,1,public language contains a checkable economic/state cue,False
1625f330501350b829f68c22dde8f1226ea83aff6848f8722155e4b13e210ffc,FACTUAL_PUBLIC_PRIVATE,38d4e1318130ba66ab3185fc18a03f67b7cafcbd234536f2c8d1ae9eb9ed8fbb,137,137,1,public language contains a checkable economic/state cue,False
952b5abbefcb9aea6da29385f87d14dd65c4759de9c719a407dfe9ca9b60a1c8,FACTUAL_PUBLIC_PRIVATE,38d4e1318130ba66ab3185fc18a03f67b7cafcbd234536f2c8d1ae9eb9ed8fbb,137,137,1,public language contains a checkable economic/state cue,False
7c3702ff983bbc04e59461b0cfc288c742fa60548d8cc5bc5f284240bb8304f0,FACTUAL_PUBLIC_PRIVATE,38d4e1318130ba66ab3185fc18a03f67b7cafcbd234536f2c8d1ae9eb9ed8fbb,137,137,1,public language contains a checkable economic/state cue,False
2ae63a32393428c16c800e903edb794a38f778bdd5e884f3d5fdc72375217199,FACTUAL_PUBLIC_PRIVATE,38d4e1318130ba66ab3185fc18a03f67b7cafcbd234536f2c8d1ae9eb9ed8fbb,137,137,1,public language contains a checkable economic/state cue,False
0ac0ce62933cfd3301f31452ddd056ec8a06ab6704f39f80abbf8d85c93f1242,FACTUAL_PUBLIC_PRIVATE,38d4e1318130ba66ab3185fc18a03f67b7cafcbd234536f2c8d1ae9eb9ed8fbb,137,137,1,public language contains a checkable economic/state cue,False
f4dc543f09bfcf72d351a0205432bbb116932c13253d93d14e066f40168b456f,FACTUAL_PUBLIC_PRIVATE,38d4e1318130ba66ab3185fc18a03f67b7cafcbd234536f2c8d1ae9eb9ed8fbb,138,138,1,public language contains a checkable economic/state cue,False
ca73e8583d5ef45c28203711130e698056b8aa742be16eaee050125c6a217b90,FACTUAL_PUBLIC_PRIVATE,38d4e1318130ba66ab3185fc18a03f67b7cafcbd234536f2c8d1ae9eb9ed8fbb,139,139,1,public language contains a checkable economic/state cue,False
94f3afdc16ff455e8cf2fb315b8df505f838e9abfc9d83feae75a0c06326bb32,FACTUAL_PUBLIC_PRIVATE,38d4e1318130ba66ab3185fc18a03f67b7cafcbd234536f2c8d1ae9eb9ed8fbb,141,141,1,public language contains a checkable economic/state cue,False
631cbbefe038f3d7d9bc39f94c1dd5543fff7b2bf3b2ff2f7be60d12a559581c,FACTUAL_PUBLIC_PRIVATE,38d4e1318130ba66ab3185fc18a03f67b7cafcbd234536f2c8d1ae9eb9ed8fbb,142,142,1,public language contains a checkable economic/state cue,False
15ad8962aa1f7c6072bb1953e4afa41b7c7365d821da0b936f6387594f6814d6,FACTUAL_PUBLIC_PRIVATE,38d4e1318130ba66ab3185fc18a03f67b7cafcbd234536f2c8d1ae9eb9ed8fbb,142,142,1,public language contains a checkable economic/state cue,False
6f6b9be5ee67cff079271575a51079fb724614bcf75e7b7516f3319a5ce87157,FACTUAL_PUBLIC_PRIVATE,38d4e1318130ba66ab3185fc18a03f67b7cafcbd234536f2c8d1ae9eb9ed8fbb,142,142,1,public language contains a checkable economic/state cue,False
247de09f85219207b2d15028c0d06e0449ad00188614ab13c19cfd5f621b4942,FACTUAL_PUBLIC_PRIVATE,38d4e1318130ba66ab3185fc18a03f67b7cafcbd234536f2c8d1ae9eb9ed8fbb,142,142,1,public language contains a checkable economic/state cue,False
6c31da5d0f05bccf26e132d8500b370a77a46b9cde85c5bbd9f67f5204621afa,FACTUAL_PUBLIC_PRIVATE,38d4e1318130ba66ab3185fc18a03f67b7cafcbd234536f2c8d1ae9eb9ed8fbb,142,142,1,public language contains a checkable economic/state cue,False
566927e3b3c593e5ccd2a9ba4cb0b5f5f8c9445972ff6bf5558330a66d153ee5,FACTUAL_PUBLIC_PRIVATE,38d4e1318130ba66ab3185fc18a03f67b7cafcbd234536f2c8d1ae9eb9ed8fbb,142,142,1,public language contains a checkable economic/state cue,False
d60804f2f35d9dc0af0cf31ada15e09974d0c8a8e478fa96af698566551d7dcc,FACTUAL_PUBLIC_PRIVATE,38d4e1318130ba66ab3185fc18a03f67b7cafcbd234536f2c8d1ae9eb9ed8fbb,142,142,1,public language contains a checkable economic/state cue,False
15a4ae1dbab58c52eaf6a4ac4eb99ff51c46154278ed0ab0db5d8a05d779f0d7,FACTUAL_PUBLIC_PRIVATE,38d4e1318130ba66ab3185fc18a03f67b7cafcbd234536f2c8d1ae9eb9ed8fbb,142,142,1,public language contains a checkable economic/state cue,False
90eb3e435971112d1c1e0ec38636fac2bfc2cb9f0bfe991e9cae8e99c06f4f20,FACTUAL_PUBLIC_PRIVATE,38d4e1318130ba66ab3185fc18a03f67b7cafcbd234536f2c8d1ae9eb9ed8fbb,142,142,1,public language contains a checkable economic/state cue,False
60f482b0e3fed42aa25926539a85da70a775d9def62c716e6bcc6af8b320ef59,FACTUAL_PUBLIC_PRIVATE,38d4e1318130ba66ab3185fc18a03f67b7cafcbd234536f2c8d1ae9eb9ed8fbb,142,142,1,public language contains a checkable economic/state cue,False
1ad497ca72259aa7e29a5d4875d9a76959596eddb5a6b37ccfb351bf3ff89693,FACTUAL_PUBLIC_PRIVATE,38d4e1318130ba66ab3185fc18a03f67b7cafcbd234536f2c8d1ae9eb9ed8fbb,142,142,1,public language contains a checkable economic/state cue,False
ca9e03a8da7a159f3b41afe30f83523e8cce61868a4c18afb8fa842d83e707b8,FACTUAL_PUBLIC_PRIVATE,38d4e1318130ba66ab3185fc18a03f67b7cafcbd234536f2c8d1ae9eb9ed8fbb,142,142,1,public language contains a checkable economic/state cue,False
c4b5f20e2c7555b62c5dbbf52477dfd090c09403710a81f9eb8e92fd3b32543a,FACTUAL_PUBLIC_PRIVATE,38d4e1318130ba66ab3185fc18a03f67b7cafcbd234536f2c8d1ae9eb9ed8fbb,142,142,1,public language contains a checkable economic/state cue,False
d80d669afb471a630c592fe9b7a6c069f7ee8291cfffbeb61a3c7a8a2f3c5ec6,FACTUAL_PUBLIC_PRIVATE,38d4e1318130ba66ab3185fc18a03f67b7cafcbd234536f2c8d1ae9eb9ed8fbb,144,144,1,public language contains a checkable economic/state cue,False
766a602c59496d01b98d79d2a957fa99feb24c214fbeb4d8cb6deff22ebf4b93,FACTUAL_PUBLIC_PRIVATE,38d4e1318130ba66ab3185fc18a03f67b7cafcbd234536f2c8d1ae9eb9ed8fbb,144,144,1,public language contains a checkable economic/state cue,False
630be69ef906e3dd7e12c63aade766cb599df450f43abcfcbfa93b6caf2f6ea3,FACTUAL_PUBLIC_PRIVATE,38d4e1318130ba66ab3185fc18a03f67b7cafcbd234536f2c8d1ae9eb9ed8fbb,146,146,1,public language contains a checkable economic/state cue,False
f80c5976174afb227aa5c97bc0e951a321a40c037648bd126540b6892652db3b,FACTUAL_PUBLIC_PRIVATE,38d4e1318130ba66ab3185fc18a03f67b7cafcbd234536f2c8d1ae9eb9ed8fbb,147,147,1,public language contains a checkable economic/state cue,False
10263b307abf82b9b0235e8982d40b3f943044439e318a2c90af0944ee2c8b48,FACTUAL_PUBLIC_PRIVATE,38d4e1318130ba66ab3185fc18a03f67b7cafcbd234536f2c8d1ae9eb9ed8fbb,147,147,1,public language contains a checkable economic/state cue,False
f71478a64b4c9155704ab26e5aa86c30e757ee6d7f48665816dbf60ea1ac1688,FACTUAL_PUBLIC_PRIVATE,38d4e1318130ba66ab3185fc18a03f67b7cafcbd234536f2c8d1ae9eb9ed8fbb,147,147,1,public language contains a checkable economic/state cue,False
0f59d6e226a6627d63e84bf3c990827f996467468ad98b073e78d77ab51b00df,FACTUAL_PUBLIC_PRIVATE,38d4e1318130ba66ab3185fc18a03f67b7cafcbd234536f2c8d1ae9eb9ed8fbb,147,147,1,public language contains a checkable economic/state cue,False
5a503f1fc78b81c2968eb332cfe27fa91cbf8cde16f7cf85112b3e6dac6e13e5,FACTUAL_PUBLIC_PRIVATE,38d4e1318130ba66ab3185fc18a03f67b7cafcbd234536f2c8d1ae9eb9ed8fbb,147,147,1,public language contains a checkable economic/state cue,False
0fda5f3a72afbed213a0a032f244b0d813a9515340b0d4fdf71f16f1f2b9bff2,FACTUAL_PUBLIC_PRIVATE,38d4e1318130ba66ab3185fc18a03f67b7cafcbd234536f2c8d1ae9eb9ed8fbb,147,147,1,public language contains a checkable economic/state cue,False
5964fc43928ca39d78e81b311c62ea8a24bd01e539db546cf56d7f627b5ab168,FACTUAL_PUBLIC_PRIVATE,38d4e1318130ba66ab3185fc18a03f67b7cafcbd234536f2c8d1ae9eb9ed8fbb,147,147,1,public language contains a checkable economic/state cue,False
c874abcc9308116fd77761c379ad0fd48d16c826083c17158ca6d2a45a0c935f,FACTUAL_PUBLIC_PRIVATE,38d4e1318130ba66ab3185fc18a03f67b7cafcbd234536f2c8d1ae9eb9ed8fbb,147,147,1,public language contains a checkable economic/state cue,False
c848c072438bdc28f66c4c7f9f87bbc5cc20b0cd002fcc51b29ca260ace9fa63,FACTUAL_PUBLIC_PRIVATE,38d4e1318130ba66ab3185fc18a03f67b7cafcbd234536f2c8d1ae9eb9ed8fbb,147,147,1,public language contains a checkable economic/state cue,False
152b51bef5ca0e087f83c0b0ff3d68996b05b1689b643d205992d26bb95e3687,FACTUAL_PUBLIC_PRIVATE,38d4e1318130ba66ab3185fc18a03f67b7cafcbd234536f2c8d1ae9eb9ed8fbb,147,147,1,public language contains a checkable economic/state cue,False
63c25f2f09639a8e7a1d48d89e07c0b876186e131700a166ca0b91e017145293,FACTUAL_PUBLIC_PRIVATE,38d4e1318130ba66ab3185fc18a03f67b7cafcbd234536f2c8d1ae9eb9ed8fbb,147,147,1,public language contains a checkable economic/state cue,False
57933f66900667b7c7fa69c2e0a7d5c7685808bf1f7d33a77e79c456f6071b2a,FACTUAL_PUBLIC_PRIVATE,38d4e1318130ba66ab3185fc18a03f67b7cafcbd234536f2c8d1ae9eb9ed8fbb,147,147,1,public language contains a checkable economic/state cue,False
2ad7e91199cb1b3221167e4071da086ffbfc59eb8ac6856a981212ccd4da5e3d,FACTUAL_PUBLIC_PRIVATE,38d4e1318130ba66ab3185fc18a03f67b7cafcbd234536f2c8d1ae9eb9ed8fbb,147,147,1,public language contains a checkable economic/state cue,False
3ded430f716971ada958447ea59e0825c9835023e7b69dafc444e7c6df76f75d,FACTUAL_PUBLIC_PRIVATE,38d4e1318130ba66ab3185fc18a03f67b7cafcbd234536f2c8d1ae9eb9ed8fbb,147,147,1,public language contains a checkable economic/state cue,False
3eaa383687f54d3d4810d0762d3e750d8851bc0cf935de84f159ce8259facb6b,FACTUAL_PUBLIC_PRIVATE,38d4e1318130ba66ab3185fc18a03f67b7cafcbd234536f2c8d1ae9eb9ed8fbb,147,147,1,public language contains a checkable economic/state cue,False
eccbcec29c0f6679a6ef10cf5bc2bd27ba818c594a6c4f84015d0ac84f687ca5,FACTUAL_PUBLIC_PRIVATE,38d4e1318130ba66ab3185fc18a03f67b7cafcbd234536f2c8d1ae9eb9ed8fbb,147,147,1,public language contains a checkable economic/state cue,False
8b0b0c91a7151b1a1c9658064e716aec84e30b5662de01111f133635dba03348,FACTUAL_PUBLIC_PRIVATE,38d4e1318130ba66ab3185fc18a03f67b7cafcbd234536f2c8d1ae9eb9ed8fbb,150,150,1,public language contains a checkable economic/state cue,False
3ed75a3dbe4d2a9dfa5575f41df28195084aa8546bd254259ecd74641915074c,FACTUAL_PUBLIC_PRIVATE,38d4e1318130ba66ab3185fc18a03f67b7cafcbd234536f2c8d1ae9eb9ed8fbb,151,151,1,public language contains a checkable economic/state cue,False
6b0979dd7c706b016fcbbf22694fcd04471498488400c9c29d47ded7093b3609,FACTUAL_PUBLIC_PRIVATE,38d4e1318130ba66ab3185fc18a03f67b7cafcbd234536f2c8d1ae9eb9ed8fbb,151,151,1,public language contains a checkable economic/state cue,False
fcaaedb9d3f1c7ebb3f5a2989da527b34fa16a5976bd89357c0d507e19e54324,FACTUAL_PUBLIC_PRIVATE,38d4e1318130ba66ab3185fc18a03f67b7cafcbd234536f2c8d1ae9eb9ed8fbb,151,151,1,public language contains a checkable economic/state cue,False
4d3f9ca5830d87277c9822a4463c444ff7d592b3ad8d3c65ad932f0c83ad15fd,FACTUAL_PUBLIC_PRIVATE,38d4e1318130ba66ab3185fc18a03f67b7cafcbd234536f2c8d1ae9eb9ed8fbb,151,151,1,public language contains a checkable economic/state cue,False
73c932dec8b04bf5028a4537c43125d94d75804dc3e073614f02f40f74bca96e,FACTUAL_PUBLIC_PRIVATE,38d4e1318130ba66ab3185fc18a03f67b7cafcbd234536f2c8d1ae9eb9ed8fbb,151,151,1,public language contains a checkable economic/state cue,False
b363366d7df27dde6ac255e33aedc4e6b352f6812b7686d841b1f4c212f2f5cf,FACTUAL_PUBLIC_PRIVATE,38d4e1318130ba66ab3185fc18a03f67b7cafcbd234536f2c8d1ae9eb9ed8fbb,151,151,1,public language contains a checkable economic/state cue,False
eb3f3d92952b585589a8156623c621d8c18ff9e36c87240f176711f3c2e372b7,FACTUAL_PUBLIC_PRIVATE,38d4e1318130ba66ab3185fc18a03f67b7cafcbd234536f2c8d1ae9eb9ed8fbb,151,151,1,public language contains a checkable economic/state cue,False
b64a4456a69a3b8df6535b9c74176558dbe9bec7b394a759ab6904a1fb3cfe8e,FACTUAL_PUBLIC_PRIVATE,38d4e1318130ba66ab3185fc18a03f67b7cafcbd234536f2c8d1ae9eb9ed8fbb,151,151,1,public language contains a checkable economic/state cue,False
5505d2e2568cf76fccdcfba07a5515440e668092ff172ce17af70d1f6b885a3b,FACTUAL_PUBLIC_PRIVATE,38d4e1318130ba66ab3185fc18a03f67b7cafcbd234536f2c8d1ae9eb9ed8fbb,151,151,1,public language contains a checkable economic/state cue,False
051f0db683522cf2673d9a03fbb1d18b7337fbb3e5eff9bc48dfe355edf29542,FACTUAL_PUBLIC_PRIVATE,38d4e1318130ba66ab3185fc18a03f67b7cafcbd234536f2c8d1ae9eb9ed8fbb,151,151,1,public language contains a checkable economic/state cue,False
552fb83d98d0bc8cb36ce8781c319b18738aa10e6fbf2db93bb6723cb3bf1c8c,FACTUAL_PUBLIC_PRIVATE,38d4e1318130ba66ab3185fc18a03f67b7cafcbd234536f2c8d1ae9eb9ed8fbb,151,151,1,public language contains a checkable economic/state cue,False
bd006e4c1748cdb1c2b26c4507a901815a661637b7e93eb3a4047898c1e6bb59,FACTUAL_PUBLIC_PRIVATE,38d4e1318130ba66ab3185fc18a03f67b7cafcbd234536f2c8d1ae9eb9ed8fbb,151,151,1,public language contains a checkable economic/state cue,False
76f8c5236901fe6e5320c0454599fa18765843a404f4d5ef2c08a30f8d180960,FACTUAL_PUBLIC_PRIVATE,38d4e1318130ba66ab3185fc18a03f67b7cafcbd234536f2c8d1ae9eb9ed8fbb,151,151,1,public language contains a checkable economic/state cue,False
ced0d10a9a28da905efc0abbd118c0f873966414862b2d5444dd036488969d38,FACTUAL_PUBLIC_PRIVATE,38d4e1318130ba66ab3185fc18a03f67b7cafcbd234536f2c8d1ae9eb9ed8fbb,151,151,1,public language contains a checkable economic/state cue,False
450fe9244fb3bb85ff359dfc435e21be033ba10556beb5cd020d1e08c5049195,FACTUAL_PUBLIC_PRIVATE,38d4e1318130ba66ab3185fc18a03f67b7cafcbd234536f2c8d1ae9eb9ed8fbb,151,151,1,public language contains a checkable economic/state cue,False
50c93173fea64001bfec05ded17acdc9041b235f0d5ef9bd47358d3a076c4e55,FACTUAL_PUBLIC_PRIVATE,38d4e1318130ba66ab3185fc18a03f67b7cafcbd234536f2c8d1ae9eb9ed8fbb,151,151,1,public language contains a checkable economic/state cue,False
858c126f5e0b8ecdf2711c48716fe1e8ee69f88c28f1276d50dc9f9a3ce2ec59,FACTUAL_PUBLIC_PRIVATE,38d4e1318130ba66ab3185fc18a03f67b7cafcbd234536f2c8d1ae9eb9ed8fbb,151,151,1,public language contains a checkable economic/state cue,False
5f150af8d4794edf6faf7e5ab2daa0dcde1ae2965decde610c7b03aeb12166c9,FACTUAL_PUBLIC_PRIVATE,38d4e1318130ba66ab3185fc18a03f67b7cafcbd234536f2c8d1ae9eb9ed8fbb,151,151,1,public language contains a checkable economic/state cue,False
9348f836689744f8d4b7687602e79776ef1a25053a12609810a0c33e3bf3a766,FACTUAL_PUBLIC_PRIVATE,38d4e1318130ba66ab3185fc18a03f67b7cafcbd234536f2c8d1ae9eb9ed8fbb,151,151,1,public language contains a checkable economic/state cue,False
2629e8affecf23d94f3bd42eff2bef069016ff2ac23395751d4b09579a715e98,FACTUAL_PUBLIC_PRIVATE,38d4e1318130ba66ab3185fc18a03f67b7cafcbd234536f2c8d1ae9eb9ed8fbb,151,151,1,public language contains a checkable economic/state cue,False
efadeee9b94e95516b8db78ad0fd59ecdd76449f1a5694b111716c880b1ea669,FACTUAL_PUBLIC_PRIVATE,38d4e1318130ba66ab3185fc18a03f67b7cafcbd234536f2c8d1ae9eb9ed8fbb,151,151,1,public language contains a checkable economic/state cue,False
f993fe9b9b7c086da80644e9052b5b7b54861557b10ebfb065a06750c11efcb5,FACTUAL_PUBLIC_PRIVATE,38d4e1318130ba66ab3185fc18a03f67b7cafcbd234536f2c8d1ae9eb9ed8fbb,151,151,1,public language contains a checkable economic/state cue,False
b8169af0b7104ca4bde69d8f0e951c00fa725ec3d9ab83701b5c378d1aa923a2,FACTUAL_PUBLIC_PRIVATE,38d4e1318130ba66ab3185fc18a03f67b7cafcbd234536f2c8d1ae9eb9ed8fbb,151,151,1,public language contains a checkable economic/state cue,False
ac33a83fe918c30906267e5070dad8734760882272f4e3ccc2363016ab19c12b,FACTUAL_PUBLIC_PRIVATE,38d4e1318130ba66ab3185fc18a03f67b7cafcbd234536f2c8d1ae9eb9ed8fbb,151,151,1,public language contains a checkable economic/state cue,False
ef9cf294d8b572047c10a074a154c32a543cd8414539481b0b44fccc697bc27d,FACTUAL_PUBLIC_PRIVATE,38d4e1318130ba66ab3185fc18a03f67b7cafcbd234536f2c8d1ae9eb9ed8fbb,151,151,1,public language contains a checkable economic/state cue,False
ca93791cb62d321a92e9e86aa5d883516132812665a3a2e666c1c2afaf3c87ab,FACTUAL_PUBLIC_PRIVATE,38d4e1318130ba66ab3185fc18a03f67b7cafcbd234536f2c8d1ae9eb9ed8fbb,151,151,1,public language contains a checkable economic/state cue,False
424db8c23209df23665c8e600468d3331d892ff313651eac715df85e7574ce3d,FACTUAL_PUBLIC_PRIVATE,38d4e1318130ba66ab3185fc18a03f67b7cafcbd234536f2c8d1ae9eb9ed8fbb,151,151,1,public language contains a checkable economic/state cue,False
452396091987b149c58d3be28022beafd6bb9249321f2fce409881f5b2cc5b29,FACTUAL_PUBLIC_PRIVATE,38d4e1318130ba66ab3185fc18a03f67b7cafcbd234536f2c8d1ae9eb9ed8fbb,151,151,1,public language contains a checkable economic/state cue,False
f0edc118f8021eb48b2f1fd7abb8c22de29d415d58e53e720072a0a93572d8a1,FACTUAL_PUBLIC_PRIVATE,38d4e1318130ba66ab3185fc18a03f67b7cafcbd234536f2c8d1ae9eb9ed8fbb,151,151,1,public language contains a checkable economic/state cue,False
2cdf9fa0238b0e4c8e2e89690e2c87ed4c500e15d3b094c91de587a150826d38,FACTUAL_PUBLIC_PRIVATE,38d4e1318130ba66ab3185fc18a03f67b7cafcbd234536f2c8d1ae9eb9ed8fbb,155,155,1,public language contains a checkable economic/state cue,False
47d537150f990f5ebecfc7e0f146c95970864ed59decbc1c347d3659fb4f54b5,FACTUAL_PUBLIC_PRIVATE,38d4e1318130ba66ab3185fc18a03f67b7cafcbd234536f2c8d1ae9eb9ed8fbb,155,155,1,public language contains a checkable economic/state cue,False
72eca5fe730c513c9aa7d008bc4d5897ce3e1e49f86580cabb95faa5e02b14af,FACTUAL_PUBLIC_PRIVATE,38d4e1318130ba66ab3185fc18a03f67b7cafcbd234536f2c8d1ae9eb9ed8fbb,155,155,1,public language contains a checkable economic/state cue,False
91388f408fe9d5dc976f7b8e76dc2b9937d1c24edbc8e76d6407b4b5aa37d863,FACTUAL_PUBLIC_PRIVATE,38d4e1318130ba66ab3185fc18a03f67b7cafcbd234536f2c8d1ae9eb9ed8fbb,155,155,1,public language contains a checkable economic/state cue,False
353a980d7b9633ce1067749a388be6f51103900e341ab0df6e5b5ea65f7514b7,FACTUAL_PUBLIC_PRIVATE,38d4e1318130ba66ab3185fc18a03f67b7cafcbd234536f2c8d1ae9eb9ed8fbb,155,155,1,public language contains a checkable economic/state cue,False
47590e30647f92093b9f15547029c68328abc9fe0e23159289deff8c04eda076,FACTUAL_PUBLIC_PRIVATE,38d4e1318130ba66ab3185fc18a03f67b7cafcbd234536f2c8d1ae9eb9ed8fbb,155,155,1,public language contains a checkable economic/state cue,False
bc5b7f0ec894863b57506f339da40078301a5436a273ff190a55ac277aee14c9,FACTUAL_PUBLIC_PRIVATE,38d4e1318130ba66ab3185fc18a03f67b7cafcbd234536f2c8d1ae9eb9ed8fbb,155,155,1,public language contains a checkable economic/state cue,False
07a513be88702ec6c7cef34cfb5adbbe84c146648dc465470facec601ec1bcbc,FACTUAL_PUBLIC_PRIVATE,38d4e1318130ba66ab3185fc18a03f67b7cafcbd234536f2c8d1ae9eb9ed8fbb,155,155,1,public language contains a checkable economic/state cue,False
51c30fee915d035f46c76e7ba2e8516e7ffcb634162bea605c74edcc9c7ee3c8,FACTUAL_PUBLIC_PRIVATE,38d4e1318130ba66ab3185fc18a03f67b7cafcbd234536f2c8d1ae9eb9ed8fbb,155,155,1,public language contains a checkable economic/state cue,False
fe5c4f2abffece75329ea5ae78584b79bd0045b7ee67dece3c5be308fc5d993c,FACTUAL_PUBLIC_PRIVATE,38d4e1318130ba66ab3185fc18a03f67b7cafcbd234536f2c8d1ae9eb9ed8fbb,155,155,1,public language contains a checkable economic/state cue,False
9d4f9d82f1425a52955cb7902f8c72b67f333ded93f004f6f7018d24632d6fb1,FACTUAL_PUBLIC_PRIVATE,38d4e1318130ba66ab3185fc18a03f67b7cafcbd234536f2c8d1ae9eb9ed8fbb,155,155,1,public language contains a checkable economic/state cue,False
6d30a9306b1ec135f9c435282106c799fac64b8877163d4a349a80b1bb14b6f8,FACTUAL_PUBLIC_PRIVATE,38d4e1318130ba66ab3185fc18a03f67b7cafcbd234536f2c8d1ae9eb9ed8fbb,155,155,1,public language contains a checkable economic/state cue,False
1bb720484c7ee3c94cae9075ce7a08d04f0a7e698b837dacc915f54cbbfc2f37,FACTUAL_PUBLIC_PRIVATE,38d4e1318130ba66ab3185fc18a03f67b7cafcbd234536f2c8d1ae9eb9ed8fbb,155,155,1,public language contains a checkable economic/state cue,False
38e9d7113f656f510fa4ccb687a2673cf399752cef66c290c21b1f07e1abd0b5,FACTUAL_PUBLIC_PRIVATE,38d4e1318130ba66ab3185fc18a03f67b7cafcbd234536f2c8d1ae9eb9ed8fbb,155,155,1,public language contains a checkable economic/state cue,False
16c504babb1cea410695d5a7cffb88763325440ca7e9d7e6afb5fe0848deb41e,FACTUAL_PUBLIC_PRIVATE,38d4e1318130ba66ab3185fc18a03f67b7cafcbd234536f2c8d1ae9eb9ed8fbb,155,155,1,public language contains a checkable economic/state cue,False
7d18a00da4de9ef8728eade839c62534985950a5c586da4ef8e9dbabc7309b8a,FACTUAL_PUBLIC_PRIVATE,38d4e1318130ba66ab3185fc18a03f67b7cafcbd234536f2c8d1ae9eb9ed8fbb,155,155,1,public language contains a checkable economic/state cue,False
457dddc8461eb2c21dd1cf68dde8013216e3cf33d610694536a231ee76ed868c,FACTUAL_PUBLIC_PRIVATE,38d4e1318130ba66ab3185fc18a03f67b7cafcbd234536f2c8d1ae9eb9ed8fbb,155,155,1,public language contains a checkable economic/state cue,False
1a845d5008d13be3f4ad8c17b41f6a80a2acef3c7c3d751689d268b99f3cdef9,FACTUAL_PUBLIC_PRIVATE,38d4e1318130ba66ab3185fc18a03f67b7cafcbd234536f2c8d1ae9eb9ed8fbb,155,155,1,public language contains a checkable economic/state cue,False
7f118b48dbf8837292c2914082d5a1c9ff008690f05cee90a1aeee9a3974506c,FACTUAL_PUBLIC_PRIVATE,38d4e1318130ba66ab3185fc18a03f67b7cafcbd234536f2c8d1ae9eb9ed8fbb,155,155,1,public language contains a checkable economic/state cue,False
0aeecfb50c958dd8e8fef89c25735de0f0b9871f6397bd27e54026ca21ab774a,FACTUAL_PUBLIC_PRIVATE,38d4e1318130ba66ab3185fc18a03f67b7cafcbd234536f2c8d1ae9eb9ed8fbb,155,155,1,public language contains a checkable economic/state cue,False
1998b0e4ee9ee5ea53a3b93b1eadb3be9444f991baf6a33f5e071a561d88ce59,FACTUAL_PUBLIC_PRIVATE,38d4e1318130ba66ab3185fc18a03f67b7cafcbd234536f2c8d1ae9eb9ed8fbb,158,158,1,public language contains a checkable economic/state cue,False
bcabe44e78b1a76e2d8d73b92e98e88fea0a0711e7dc1d76ede50137f70d8c12,FACTUAL_PUBLIC_PRIVATE,38d4e1318130ba66ab3185fc18a03f67b7cafcbd234536f2c8d1ae9eb9ed8fbb,159,159,1,public language contains a checkable economic/state cue,False
6a4281632a3ee3796a4d3481968f49d8235924d76abb5302f8747fdabaecc0a6,FACTUAL_PUBLIC_PRIVATE,38d4e1318130ba66ab3185fc18a03f67b7cafcbd234536f2c8d1ae9eb9ed8fbb,159,159,1,public language contains a checkable economic/state cue,False
2308b0d15495e46484f413d9005ec1566a80a4a10fdf6cf56a9df4429bc92cd4,FACTUAL_PUBLIC_PRIVATE,38d4e1318130ba66ab3185fc18a03f67b7cafcbd234536f2c8d1ae9eb9ed8fbb,159,159,1,public language contains a checkable economic/state cue,False
120f8b7c927cb200ad3b50982026e9e3deb64407e1736527300fe0d03dde131b,FACTUAL_PUBLIC_PRIVATE,38d4e1318130ba66ab3185fc18a03f67b7cafcbd234536f2c8d1ae9eb9ed8fbb,159,159,1,public language contains a checkable economic/state cue,False
08c31b58bd4d090af22a1b9c516a393f29b10b4ad55697618091fff3afd5345e,FACTUAL_PUBLIC_PRIVATE,38d4e1318130ba66ab3185fc18a03f67b7cafcbd234536f2c8d1ae9eb9ed8fbb,159,159,1,public language contains a checkable economic/state cue,False
2166ac9509ae62b1b5d775af09a3e5c7aa032028e296a54f2527764e0652a2d1,FACTUAL_PUBLIC_PRIVATE,38d4e1318130ba66ab3185fc18a03f67b7cafcbd234536f2c8d1ae9eb9ed8fbb,159,159,1,public language contains a checkable economic/state cue,False
17a10e929416f1358310ecb3519cdfa1727bf3d1d895f09fbd44b121edc760c2,FACTUAL_PUBLIC_PRIVATE,38d4e1318130ba66ab3185fc18a03f67b7cafcbd234536f2c8d1ae9eb9ed8fbb,159,159,1,public language contains a checkable economic/state cue,False
230389a71a4d6e26b448eeb3e3f26e377c7922d8f21d438e0460440b7d86e1a8,FACTUAL_PUBLIC_PRIVATE,38d4e1318130ba66ab3185fc18a03f67b7cafcbd234536f2c8d1ae9eb9ed8fbb,159,159,1,public language contains a checkable economic/state cue,False
e94eef827e81b964244ed36c289ff0d8f8e01ca20ff75e7203a6e60c604ea290,FACTUAL_PUBLIC_PRIVATE,38d4e1318130ba66ab3185fc18a03f67b7cafcbd234536f2c8d1ae9eb9ed8fbb,159,159,1,public language contains a checkable economic/state cue,False
97cf6f34a3fbbaf7b6cb9e7984335b3fa9234fceb5a0a2e1f0be3d8499dd749f,FACTUAL_PUBLIC_PRIVATE,38d4e1318130ba66ab3185fc18a03f67b7cafcbd234536f2c8d1ae9eb9ed8fbb,159,159,1,public language contains a checkable economic/state cue,False
988c7b47366c605eb286e425e7c6f67044eb7f575e84cd7f2bacc124dd97ccc5,FACTUAL_PUBLIC_PRIVATE,38d4e1318130ba66ab3185fc18a03f67b7cafcbd234536f2c8d1ae9eb9ed8fbb,159,159,1,public language contains a checkable economic/state cue,False
97e07bc9603014aefd1c6f3d9f87b143cfe72e7e6b9ca311793a666bf163efcc,FACTUAL_PUBLIC_PRIVATE,38d4e1318130ba66ab3185fc18a03f67b7cafcbd234536f2c8d1ae9eb9ed8fbb,160,160,1,public language contains a checkable economic/state cue,False
6763ab9b92c7b04cc226dc4eb3363041ddd8736dfc2c7acafe90f03f0ab12149,FACTUAL_PUBLIC_PRIVATE,38d4e1318130ba66ab3185fc18a03f67b7cafcbd234536f2c8d1ae9eb9ed8fbb,161,161,1,public language contains a checkable economic/state cue,False
d703efa013e03d776c393f2e259951fb1a1ec99c30590d45772b5a90e1ab2365,FACTUAL_PUBLIC_PRIVATE,38d4e1318130ba66ab3185fc18a03f67b7cafcbd234536f2c8d1ae9eb9ed8fbb,162,162,1,public language contains a checkable economic/state cue,False
5599c47e41d98ffb2c1b0cd00a9b81b2e6509fa810ce92e300dc74b1dcef7d34,FACTUAL_PUBLIC_PRIVATE,38d4e1318130ba66ab3185fc18a03f67b7cafcbd234536f2c8d1ae9eb9ed8fbb,162,162,1,public language contains a checkable economic/state cue,False
b242faead96cc476eec01d8493a29a5ff5b67b08b97df28615b3b20763837c42,FACTUAL_PUBLIC_PRIVATE,38d4e1318130ba66ab3185fc18a03f67b7cafcbd234536f2c8d1ae9eb9ed8fbb,162,162,1,public language contains a checkable economic/state cue,False
e3cac34bae424368651d866d2b16809319fe48dadc07e6c437393410e5a3213f,FACTUAL_PUBLIC_PRIVATE,38d4e1318130ba66ab3185fc18a03f67b7cafcbd234536f2c8d1ae9eb9ed8fbb,163,163,1,public language contains a checkable economic/state cue,False
9787c677d2e10db4e70a33dd296dde16a2ec171705377b7d4d824976acdb3b81,FACTUAL_PUBLIC_PRIVATE,38d4e1318130ba66ab3185fc18a03f67b7cafcbd234536f2c8d1ae9eb9ed8fbb,169,169,1,public language contains a checkable economic/state cue,False
7b62410fd02e90caa9007602a465a6fdf7a7b55682382c15d9149bdbd5589cd4,FACTUAL_PUBLIC_PRIVATE,38d4e1318130ba66ab3185fc18a03f67b7cafcbd234536f2c8d1ae9eb9ed8fbb,171,171,1,public language contains a checkable economic/state cue,False
ad0891ec01e3bea82141f4b2d4a18f82ed4c8020d30384d020f40d777f05e3b5,FACTUAL_PUBLIC_PRIVATE,38d4e1318130ba66ab3185fc18a03f67b7cafcbd234536f2c8d1ae9eb9ed8fbb,171,171,1,public language contains a checkable economic/state cue,False
a85ff0b0874f66aa78bd43355d0ae5b518e563b76230695c37466b5fd3d505b9,FACTUAL_PUBLIC_PRIVATE,1b2a66f6ca3d62978bb77829003650ad1085d3f45ef821d976860e5f78d36b73,0,0,1,public language contains a checkable economic/state cue,False
6939891d9843e6e6949db2b193111fc43a59a6287e19d140732be30749a523a2,FACTUAL_PUBLIC_PRIVATE,1b2a66f6ca3d62978bb77829003650ad1085d3f45ef821d976860e5f78d36b73,2,2,1,public language contains a checkable economic/state cue,False
0eed6691c0c40223725e78bb7fc263b4a04a99dc4906a5302148b6997ff57554,FACTUAL_PUBLIC_PRIVATE,1b2a66f6ca3d62978bb77829003650ad1085d3f45ef821d976860e5f78d36b73,2,2,1,public language contains a checkable economic/state cue,False
598d61561e420b5a1352861683f020645289f8694c1d60e1f708c93c51c3f249,FACTUAL_PUBLIC_PRIVATE,1b2a66f6ca3d62978bb77829003650ad1085d3f45ef821d976860e5f78d36b73,4,4,1,public language contains a checkable economic/state cue,False
401859cc7da5d663bb581c8a7b63e2a54475d2dd6c02d10ba35cf258135a8255,FACTUAL_PUBLIC_PRIVATE,1b2a66f6ca3d62978bb77829003650ad1085d3f45ef821d976860e5f78d36b73,5,5,1,public language contains a checkable economic/state cue,False
6869d647bfcc1d70884d43d1616b908de3ad29e9bd778b2bd3bd6f8fef3a610d,FACTUAL_PUBLIC_PRIVATE,1b2a66f6ca3d62978bb77829003650ad1085d3f45ef821d976860e5f78d36b73,7,7,1,public language contains a checkable economic/state cue,False
5dbb54b5591c7552c336c16f3b9db663aae4313814972c65245afbdef8aa43c3,FACTUAL_PUBLIC_PRIVATE,1b2a66f6ca3d62978bb77829003650ad1085d3f45ef821d976860e5f78d36b73,7,7,1,public language contains a checkable economic/state cue,False
335d8f4e0c3c82f36bc56be083ebd15cbdf57e11240cb03309d77e7852079648,FACTUAL_PUBLIC_PRIVATE,1b2a66f6ca3d62978bb77829003650ad1085d3f45ef821d976860e5f78d36b73,7,7,1,public language contains a checkable economic/state cue,False
aab1259fafd798412193beb57f8725c9b4fcb8aa03c724b26010b8392c2d804a,FACTUAL_PUBLIC_PRIVATE,1b2a66f6ca3d62978bb77829003650ad1085d3f45ef821d976860e5f78d36b73,7,7,1,public language contains a checkable economic/state cue,False
9b251e966559282a58249eae35ee07112d7533ded97b092812ef6783b6c7532d,FACTUAL_PUBLIC_PRIVATE,1b2a66f6ca3d62978bb77829003650ad1085d3f45ef821d976860e5f78d36b73,7,7,1,public language contains a checkable economic/state cue,False
5b92ac196f88385b2cf2cc22e70dcc98486cd6a8b1026ded1036bafd52177ff6,FACTUAL_PUBLIC_PRIVATE,1b2a66f6ca3d62978bb77829003650ad1085d3f45ef821d976860e5f78d36b73,8,8,1,public language contains a checkable economic/state cue,False
3b3419bbf3668827f8ccecadf1a3280ef1531f5d859c7a26d2f95378027cef10,FACTUAL_PUBLIC_PRIVATE,1b2a66f6ca3d62978bb77829003650ad1085d3f45ef821d976860e5f78d36b73,8,8,1,public language contains a checkable economic/state cue,False
8be828854a33cbae9ca83f3e6ad4ec1cdfdb683661986da4748ee283c2e93fb1,FACTUAL_PUBLIC_PRIVATE,1b2a66f6ca3d62978bb77829003650ad1085d3f45ef821d976860e5f78d36b73,9,9,1,public language contains a checkable economic/state cue,False
0f03d4754ddc1ec0d5a501d275dcfebf3b90e8c509d8bf9df44d9cd4c641156a,FACTUAL_PUBLIC_PRIVATE,1b2a66f6ca3d62978bb77829003650ad1085d3f45ef821d976860e5f78d36b73,10,10,1,public language contains a checkable economic/state cue,False
fc9735dc59ad0164e56868946e1869f03d3dc1d8417b30a3946988bccdc55cc8,FACTUAL_PUBLIC_PRIVATE,1b2a66f6ca3d62978bb77829003650ad1085d3f45ef821d976860e5f78d36b73,12,12,1,public language contains a checkable economic/state cue,False
fcffe6c0be70c9bda7ab3031dacb9a3c597030d6a2819067e0f88256a354752a,FACTUAL_PUBLIC_PRIVATE,1b2a66f6ca3d62978bb77829003650ad1085d3f45ef821d976860e5f78d36b73,13,13,1,public language contains a checkable economic/state cue,False
379d87d197e1004c041bea06301c0887b3455b69853cadf2487c52306921096e,FACTUAL_PUBLIC_PRIVATE,1b2a66f6ca3d62978bb77829003650ad1085d3f45ef821d976860e5f78d36b73,13,13,1,public language contains a checkable economic/state cue,False
2621f0fb97bb8cebd601306523cf542534dd230cc086a49e10b626439e57871d,FACTUAL_PUBLIC_PRIVATE,1b2a66f6ca3d62978bb77829003650ad1085d3f45ef821d976860e5f78d36b73,13,13,1,public language contains a checkable economic/state cue,False
2bded9b2d086fc15c69bec55274760ad395ddd2b47cecafd5bb31f7ebcd65601,FACTUAL_PUBLIC_PRIVATE,1b2a66f6ca3d62978bb77829003650ad1085d3f45ef821d976860e5f78d36b73,13,13,1,public language contains a checkable economic/state cue,False
7632a007ab3797fcac545bf65182f83d175947765db0b7e5a23dbabc72feb2e1,FACTUAL_PUBLIC_PRIVATE,1b2a66f6ca3d62978bb77829003650ad1085d3f45ef821d976860e5f78d36b73,13,13,1,public language contains a checkable economic/state cue,False
4daae9343fba5cf7d61b0220da002d42f2c6552c052969871b631161516bdff9,FACTUAL_PUBLIC_PRIVATE,1b2a66f6ca3d62978bb77829003650ad1085d3f45ef821d976860e5f78d36b73,13,13,1,public language contains a checkable economic/state cue,False
b4576e57ad9e783d9629867432cca56a610f647eb0b46a6ac6afd2373d7e63c7,FACTUAL_PUBLIC_PRIVATE,1b2a66f6ca3d62978bb77829003650ad1085d3f45ef821d976860e5f78d36b73,13,13,1,public language contains a checkable economic/state cue,False
656ab91820a6e7db415b57f04fd49d6fe9ec9ea65c7884c619051275d618d5ff,FACTUAL_PUBLIC_PRIVATE,1b2a66f6ca3d62978bb77829003650ad1085d3f45ef821d976860e5f78d36b73,13,13,1,public language contains a checkable economic/state cue,False
0e84a084256e66cd650277df94365e0afbcffffbaa3cd1f279d673b775ab495f,FACTUAL_PUBLIC_PRIVATE,1b2a66f6ca3d62978bb77829003650ad1085d3f45ef821d976860e5f78d36b73,14,14,1,public language contains a checkable economic/state cue,False
d445ee77b4340d7008f618287773b0b96678bdb9f36e639f5a1b4a01745c2f2b,FACTUAL_PUBLIC_PRIVATE,1b2a66f6ca3d62978bb77829003650ad1085d3f45ef821d976860e5f78d36b73,15,15,1,public language contains a checkable economic/state cue,False
c3d022d3f4409a4867f74f0cece8b0fc2d116a11a643944da4fc478a0904d6a5,FACTUAL_PUBLIC_PRIVATE,1b2a66f6ca3d62978bb77829003650ad1085d3f45ef821d976860e5f78d36b73,16,16,1,public language contains a checkable economic/state cue,False
b299852e18e056073ca0dafe007ce03b5e4985607a420b131cf5e65892c1e10b,FACTUAL_PUBLIC_PRIVATE,1b2a66f6ca3d62978bb77829003650ad1085d3f45ef821d976860e5f78d36b73,16,16,1,public language contains a checkable economic/state cue,False
5366185ab34678243ea24e7d15148a105f6175cd8c7632550ab6c93a307f6fa7,FACTUAL_PUBLIC_PRIVATE,1b2a66f6ca3d62978bb77829003650ad1085d3f45ef821d976860e5f78d36b73,16,16,1,public language contains a checkable economic/state cue,False
9886420af593cbae4696c35da6e180096477f96b984cef98c7bb5941183cc8a7,FACTUAL_PUBLIC_PRIVATE,1b2a66f6ca3d62978bb77829003650ad1085d3f45ef821d976860e5f78d36b73,16,16,1,public language contains a checkable economic/state cue,False
89b4987900ecb12b9fb77585eb2fa743a4bb7ababc388ad32e4e21e63290aba0,FACTUAL_PUBLIC_PRIVATE,1b2a66f6ca3d62978bb77829003650ad1085d3f45ef821d976860e5f78d36b73,17,17,1,public language contains a checkable economic/state cue,False
25c610ed4f58d656611d29aa8848199cef4b65863dd0c7e47c6236544c2b1398,FACTUAL_PUBLIC_PRIVATE,1b2a66f6ca3d62978bb77829003650ad1085d3f45ef821d976860e5f78d36b73,17,17,1,public language contains a checkable economic/state cue,False
01deba7dd03e066969d1a214b1b8a3ac077bfddf58650ee166ce8730ff58867f,FACTUAL_PUBLIC_PRIVATE,1b2a66f6ca3d62978bb77829003650ad1085d3f45ef821d976860e5f78d36b73,19,19,1,public language contains a checkable economic/state cue,False
7b29059490ae548ed3e8ee5d30fe85240dea72814ce9bd8635cadd410f525398,FACTUAL_PUBLIC_PRIVATE,1b2a66f6ca3d62978bb77829003650ad1085d3f45ef821d976860e5f78d36b73,19,19,1,public language contains a checkable economic/state cue,False
76ebf6426b1c9886e73705d61c8046f6c5bdba4e0987e85d7fc12f0ac73fd37d,FACTUAL_PUBLIC_PRIVATE,1b2a66f6ca3d62978bb77829003650ad1085d3f45ef821d976860e5f78d36b73,19,19,1,public language contains a checkable economic/state cue,False
0123bd69bb1b8bccfc74c9c55d6a659367a1122b48e917f44d07c2075231a32c,FACTUAL_PUBLIC_PRIVATE,1b2a66f6ca3d62978bb77829003650ad1085d3f45ef821d976860e5f78d36b73,19,19,1,public language contains a checkable economic/state cue,False
e28383a04e47c8a8f9e8f8f6200b91f68de68fcc221b083074e4926ce040df7d,FACTUAL_PUBLIC_PRIVATE,1b2a66f6ca3d62978bb77829003650ad1085d3f45ef821d976860e5f78d36b73,21,21,1,public language contains a checkable economic/state cue,False
b7ed31678a0e0583e5c70d4b947c08ed23e7f6b718f08fafedd3992c13461a63,FACTUAL_PUBLIC_PRIVATE,1b2a66f6ca3d62978bb77829003650ad1085d3f45ef821d976860e5f78d36b73,21,21,1,public language contains a checkable economic/state cue,False
e91beface1b5293723bfebf60ee0d3b87b0c097499eedbd928d1991df044ce46,FACTUAL_PUBLIC_PRIVATE,1b2a66f6ca3d62978bb77829003650ad1085d3f45ef821d976860e5f78d36b73,21,21,1,public language contains a checkable economic/state cue,False
1238181bb36385666a108a266c16f736098c56468ca432c2f6e51c1ce99ad7c6,FACTUAL_PUBLIC_PRIVATE,1b2a66f6ca3d62978bb77829003650ad1085d3f45ef821d976860e5f78d36b73,21,21,1,public language contains a checkable economic/state cue,False
d01309e352bdf7ade35b10f39b03968aa3a21e68e786a1adadefcd2e285bb7c2,FACTUAL_PUBLIC_PRIVATE,1b2a66f6ca3d62978bb77829003650ad1085d3f45ef821d976860e5f78d36b73,23,23,1,public language contains a checkable economic/state cue,False
31ad4f31ce6482cb0b3a88a3d45637cf80fdc0ceee9e1084ddf6d6be154008f1,FACTUAL_PUBLIC_PRIVATE,1b2a66f6ca3d62978bb77829003650ad1085d3f45ef821d976860e5f78d36b73,24,24,1,public language contains a checkable economic/state cue,False
ea2b85de8574c5cf19a925ae182e49f3d3c50ce7c1c0841f148907b4768b8396,FACTUAL_PUBLIC_PRIVATE,1b2a66f6ca3d62978bb77829003650ad1085d3f45ef821d976860e5f78d36b73,25,25,1,public language contains a checkable economic/state cue,False
c605a1ab64cece76f26792a7803ca62da6211af96f9f9e89c2bf0d332a42aec7,FACTUAL_PUBLIC_PRIVATE,1b2a66f6ca3d62978bb77829003650ad1085d3f45ef821d976860e5f78d36b73,26,26,1,public language contains a checkable economic/state cue,False
d9b38e39e6abc544b3d0c7e062138346ac4e1fe53c7bd2bd1c775c73c6fa40c7,FACTUAL_PUBLIC_PRIVATE,1b2a66f6ca3d62978bb77829003650ad1085d3f45ef821d976860e5f78d36b73,27,27,1,public language contains a checkable economic/state cue,False
010efacd45c8437ebc04f8008419889e11322199e644a8213ab6c87d28392cfc,FACTUAL_PUBLIC_PRIVATE,1b2a66f6ca3d62978bb77829003650ad1085d3f45ef821d976860e5f78d36b73,28,28,1,public language contains a checkable economic/state cue,False
ffaf59e70325ac3b9b54ca493613e8c3474386f44422a6acdf743a7cee990527,FACTUAL_PUBLIC_PRIVATE,1b2a66f6ca3d62978bb77829003650ad1085d3f45ef821d976860e5f78d36b73,28,28,1,public language contains a checkable economic/state cue,False
5a6d2447125253fafa358c76af77607a1069cc74dba6d17d32f6e09faa2e32fc,FACTUAL_PUBLIC_PRIVATE,1b2a66f6ca3d62978bb77829003650ad1085d3f45ef821d976860e5f78d36b73,30,30,1,public language contains a checkable economic/state cue,False
72bb6c573679cc997b8b946a0cb0428ac3de7604fd954780359d286de6795f61,FACTUAL_PUBLIC_PRIVATE,1b2a66f6ca3d62978bb77829003650ad1085d3f45ef821d976860e5f78d36b73,31,31,1,public language contains a checkable economic/state cue,False
76529c7e3c8266d54cf8a28d7c01cb63819afd4be958a699e7078622b68aa893,FACTUAL_PUBLIC_PRIVATE,1b2a66f6ca3d62978bb77829003650ad1085d3f45ef821d976860e5f78d36b73,31,31,1,public language contains a checkable economic/state cue,False
ac83a5645dfa91d9f22744450e31ea2ea09cd4113ef727c72ba3484940c5bcc2,FACTUAL_PUBLIC_PRIVATE,1b2a66f6ca3d62978bb77829003650ad1085d3f45ef821d976860e5f78d36b73,32,32,1,public language contains a checkable economic/state cue,False
29508911f50c0044281a48de70e10d184c075ae393b9539b2636785a6148f8d4,FACTUAL_PUBLIC_PRIVATE,1b2a66f6ca3d62978bb77829003650ad1085d3f45ef821d976860e5f78d36b73,33,33,1,public language contains a checkable economic/state cue,False
3ecdbf3b4ea59bd246e913a77438a44444b6b43015056d2df7a7f2d5cbbce6b5,FACTUAL_PUBLIC_PRIVATE,1b2a66f6ca3d62978bb77829003650ad1085d3f45ef821d976860e5f78d36b73,34,34,1,public language contains a checkable economic/state cue,False
1fab7a1b7ff3f8ca9901556b326d78b342a56610af22a8808b0d99b1449e333d,FACTUAL_PUBLIC_PRIVATE,1b2a66f6ca3d62978bb77829003650ad1085d3f45ef821d976860e5f78d36b73,35,35,1,public language contains a checkable economic/state cue,False
cc0319bc801b0638bfe643c5e921c931a68fdd6849a7ed3faf02ff2c1a2b0bc5,FACTUAL_PUBLIC_PRIVATE,1b2a66f6ca3d62978bb77829003650ad1085d3f45ef821d976860e5f78d36b73,35,35,1,public language contains a checkable economic/state cue,False
e032c86142bd01c945308c1254aa91cb9c5058dc1b040faa2641686730039039,FACTUAL_PUBLIC_PRIVATE,1b2a66f6ca3d62978bb77829003650ad1085d3f45ef821d976860e5f78d36b73,35,35,1,public language contains a checkable economic/state cue,False
88d2c23712dc1c4cfee3c7b1a35ad0bb7cc3214ab86a7e1da969b0ba181ea2ea,FACTUAL_PUBLIC_PRIVATE,1b2a66f6ca3d62978bb77829003650ad1085d3f45ef821d976860e5f78d36b73,35,35,1,public language contains a checkable economic/state cue,False
19aaaf3f9887dc84b8378b7a122c0fb44fc70b9a7ea2b60df13e32eb54cb94b6,FACTUAL_PUBLIC_PRIVATE,1b2a66f6ca3d62978bb77829003650ad1085d3f45ef821d976860e5f78d36b73,36,36,1,public language contains a checkable economic/state cue,False
d285363d09e841479f62fa20237ed46387faec9c554b80882557f1b94f7492bd,FACTUAL_PUBLIC_PRIVATE,1b2a66f6ca3d62978bb77829003650ad1085d3f45ef821d976860e5f78d36b73,36,36,1,public language contains a checkable economic/state cue,False
ec89645a33007814c49c40e319139706e02318b3007a2eb6f5bc2379a71cef2a,FACTUAL_PUBLIC_PRIVATE,1b2a66f6ca3d62978bb77829003650ad1085d3f45ef821d976860e5f78d36b73,36,36,1,public language contains a checkable economic/state cue,False
97be80577656f1255e50e047754b9775982a5311783f6ca3aa2b9f7bc6b6a575,FACTUAL_PUBLIC_PRIVATE,1b2a66f6ca3d62978bb77829003650ad1085d3f45ef821d976860e5f78d36b73,36,36,1,public language contains a checkable economic/state cue,False
ff87a12295b3d90df40755633e9645c72435788a2a9eb72ba1e8380b9a12dc23,FACTUAL_PUBLIC_PRIVATE,1b2a66f6ca3d62978bb77829003650ad1085d3f45ef821d976860e5f78d36b73,37,37,1,public language contains a checkable economic/state cue,False
f10b7f24ff4c66869d6b048353499b8c2f4ec25177bf2336b4fb71a43d830151,FACTUAL_PUBLIC_PRIVATE,1b2a66f6ca3d62978bb77829003650ad1085d3f45ef821d976860e5f78d36b73,38,38,1,public language contains a checkable economic/state cue,False
4860c6d821b1f13a2cac37e5c557af6885e9675b43c285b13e4c94a89e50a01c,FACTUAL_PUBLIC_PRIVATE,1b2a66f6ca3d62978bb77829003650ad1085d3f45ef821d976860e5f78d36b73,39,39,1,public language contains a checkable economic/state cue,False
2a07f5e6361c2bf8e6cadcfb91398e0492435f09a5aadb1daea26eb2da8c1681,FACTUAL_PUBLIC_PRIVATE,1b2a66f6ca3d62978bb77829003650ad1085d3f45ef821d976860e5f78d36b73,40,40,1,public language contains a checkable economic/state cue,False
7c32063f97d3a77f02991eeb91129aa0268a1a31d822c0fa4139056d94c75a20,FACTUAL_PUBLIC_PRIVATE,1b2a66f6ca3d62978bb77829003650ad1085d3f45ef821d976860e5f78d36b73,40,40,1,public language contains a checkable economic/state cue,False
48905feba1502b8ce8ebca5fcbe0f46ed280f455b247279688266d9c99561a8e,FACTUAL_PUBLIC_PRIVATE,1b2a66f6ca3d62978bb77829003650ad1085d3f45ef821d976860e5f78d36b73,40,40,1,public language contains a checkable economic/state cue,False
2251cca198a1f20574b68940db475ea520ddf35b3d07b406d5da2c9df57cc879,FACTUAL_PUBLIC_PRIVATE,1b2a66f6ca3d62978bb77829003650ad1085d3f45ef821d976860e5f78d36b73,40,40,1,public language contains a checkable economic/state cue,False
9268a8f7bd2de2275dac4a33426845a66f11ec45df3d73cdc9b391974f203d52,FACTUAL_PUBLIC_PRIVATE,1b2a66f6ca3d62978bb77829003650ad1085d3f45ef821d976860e5f78d36b73,40,40,1,public language contains a checkable economic/state cue,False
6ab6e0387f74eada69e4db6b49299e32fa06200a42697602e3a73b7afb5f1359,FACTUAL_PUBLIC_PRIVATE,1b2a66f6ca3d62978bb77829003650ad1085d3f45ef821d976860e5f78d36b73,40,40,1,public language contains a checkable economic/state cue,False
a4bde6d5b189903d5c0b930c3b93b98cac2b6c009daee325fc3d543a0b2a8a34,FACTUAL_PUBLIC_PRIVATE,1b2a66f6ca3d62978bb77829003650ad1085d3f45ef821d976860e5f78d36b73,40,40,1,public language contains a checkable economic/state cue,False
fccbb8fc58f28440f9f9f16c856e5f277a4bc3babfe04c6100a60bfb11ce749e,FACTUAL_PUBLIC_PRIVATE,1b2a66f6ca3d62978bb77829003650ad1085d3f45ef821d976860e5f78d36b73,40,40,1,public language contains a checkable economic/state cue,False
4fa78c4360bcbfe79ac259b5403ec0eb172db65846cb38872bba23d5b99da4b6,FACTUAL_PUBLIC_PRIVATE,1b2a66f6ca3d62978bb77829003650ad1085d3f45ef821d976860e5f78d36b73,41,41,1,public language contains a checkable economic/state cue,False
b320a364b19804beb7c6cbbcbbccd5b5566bbb3c43e117f85872bf58a1aed356,FACTUAL_PUBLIC_PRIVATE,1b2a66f6ca3d62978bb77829003650ad1085d3f45ef821d976860e5f78d36b73,42,42,1,public language contains a checkable economic/state cue,False
c6b423da47e45657fa83f818c3ee99597d203180c1417612d98a411e10d78315,FACTUAL_PUBLIC_PRIVATE,1b2a66f6ca3d62978bb77829003650ad1085d3f45ef821d976860e5f78d36b73,42,42,1,public language contains a checkable economic/state cue,False
9075d78c0e25c55ce50dc215bd44c1b2019e8f531651f9ba20fc06c2fdb12d80,FACTUAL_PUBLIC_PRIVATE,1b2a66f6ca3d62978bb77829003650ad1085d3f45ef821d976860e5f78d36b73,42,42,1,public language contains a checkable economic/state cue,False
68f865d275192c19262a20d943d0c866d65d33e83c7926b2a84983d3cd2e285e,FACTUAL_PUBLIC_PRIVATE,1b2a66f6ca3d62978bb77829003650ad1085d3f45ef821d976860e5f78d36b73,42,42,1,public language contains a checkable economic/state cue,False
5d16cf76dc09ac24952d26eb8f7c5865ae78ef91b3e8a0aea04d5d2d73c7f882,FACTUAL_PUBLIC_PRIVATE,1b2a66f6ca3d62978bb77829003650ad1085d3f45ef821d976860e5f78d36b73,42,42,1,public language contains a checkable economic/state cue,False
fb651493200e492a8bf628a958d9037d0391199a6b518bb439d28d72fccf44d3,FACTUAL_PUBLIC_PRIVATE,1b2a66f6ca3d62978bb77829003650ad1085d3f45ef821d976860e5f78d36b73,43,43,1,public language contains a checkable economic/state cue,False
55acda73cdccecb77b55b8b4bfecf5bd091e2f987de267c300cb7553b89a0eb7,FACTUAL_PUBLIC_PRIVATE,1b2a66f6ca3d62978bb77829003650ad1085d3f45ef821d976860e5f78d36b73,44,44,1,public language contains a checkable economic/state cue,False
ac8953c3f76f23356807a58ec2c9d6837c30b1f4963e9aa0fb8ee6fc67419856,FACTUAL_PUBLIC_PRIVATE,1b2a66f6ca3d62978bb77829003650ad1085d3f45ef821d976860e5f78d36b73,44,44,1,public language contains a checkable economic/state cue,False
1e05c702e645c749fb28445f0c2dce731bc6a42f4b27b87400cfdbb9c5a2670f,FACTUAL_PUBLIC_PRIVATE,1b2a66f6ca3d62978bb77829003650ad1085d3f45ef821d976860e5f78d36b73,44,44,1,public language contains a checkable economic/state cue,False
639ac2c69585d9454e77b03af01dbca0b8329944b0a8216ad4b958afc739c2ad,FACTUAL_PUBLIC_PRIVATE,1b2a66f6ca3d62978bb77829003650ad1085d3f45ef821d976860e5f78d36b73,44,44,1,public language contains a checkable economic/state cue,False
adeb7d81a2e8e5590e78de00df26996e4788b55fc52017c8fc908cea69619c92,FACTUAL_PUBLIC_PRIVATE,1b2a66f6ca3d62978bb77829003650ad1085d3f45ef821d976860e5f78d36b73,44,44,1,public language contains a checkable economic/state cue,False
a98208f7c222853798dd22e55b1f56c9f313caafa95107d11ad3068744efd4bc,FACTUAL_PUBLIC_PRIVATE,1b2a66f6ca3d62978bb77829003650ad1085d3f45ef821d976860e5f78d36b73,44,44,1,public language contains a checkable economic/state cue,False
0294a180c61cc89ea0eb551a2dc6fff7d29a4a9218683a54370edff76bc8b343,FACTUAL_PUBLIC_PRIVATE,1b2a66f6ca3d62978bb77829003650ad1085d3f45ef821d976860e5f78d36b73,44,44,1,public language contains a checkable economic/state cue,False
db3bbfed22ff3ade04d9bcfc4fa008eb7d8bc1bad25783f47119e2ad2c59adee,FACTUAL_PUBLIC_PRIVATE,1b2a66f6ca3d62978bb77829003650ad1085d3f45ef821d976860e5f78d36b73,44,44,1,public language contains a checkable economic/state cue,False
5aebf19a9a25ad3a1def7b9116b55665d278d158bbce76fdf478e83cdabef22a,FACTUAL_PUBLIC_PRIVATE,1b2a66f6ca3d62978bb77829003650ad1085d3f45ef821d976860e5f78d36b73,44,44,1,public language contains a checkable economic/state cue,False
768f568be21a84bb8ed2853e5b5bd002c60522265e3c6516ad95e22e11bb4809,FACTUAL_PUBLIC_PRIVATE,1b2a66f6ca3d62978bb77829003650ad1085d3f45ef821d976860e5f78d36b73,44,44,1,public language contains a checkable economic/state cue,False
67f077245a0059b2ff6f737a30a92850bb3e13ce7f4bdc6d89c82c3632eb99cd,FACTUAL_PUBLIC_PRIVATE,1b2a66f6ca3d62978bb77829003650ad1085d3f45ef821d976860e5f78d36b73,44,44,1,public language contains a checkable economic/state cue,False
9863bd50a4a0eefcfec6ac220783d4762ef15e1581693bd7c55038b68a517105,FACTUAL_PUBLIC_PRIVATE,1b2a66f6ca3d62978bb77829003650ad1085d3f45ef821d976860e5f78d36b73,44,44,1,public language contains a checkable economic/state cue,False
5adbc69956b8e057b87a3851f582c8322dd850bd64a43aa6f7fea227c7893c7e,FACTUAL_PUBLIC_PRIVATE,1b2a66f6ca3d62978bb77829003650ad1085d3f45ef821d976860e5f78d36b73,44,44,1,public language contains a checkable economic/state cue,False
33f1d0d28cde96a4b6d99ca93b82621c0b6f0d0e32282566f992b645bfbf024e,FACTUAL_PUBLIC_PRIVATE,1b2a66f6ca3d62978bb77829003650ad1085d3f45ef821d976860e5f78d36b73,44,44,1,public language contains a checkable economic/state cue,True
4f0f2fa4a17b9a0035334d74e77506d2c924e6333ecf6f5832455fda4eabc5fe,FACTUAL_PUBLIC_PRIVATE,1b2a66f6ca3d62978bb77829003650ad1085d3f45ef821d976860e5f78d36b73,44,44,1,public language contains a checkable economic/state cue,False
b146475e40e7072ddce5107bec3ba892df779dde9500483f78e30f92c1cc81dd,FACTUAL_PUBLIC_PRIVATE,1b2a66f6ca3d62978bb77829003650ad1085d3f45ef821d976860e5f78d36b73,44,44,1,public language contains a checkable economic/state cue,False
c58cac2e5a27272c63f425ae9fd3c94d60fa47a04ac0f46c0985d8dc5559aa8b,FACTUAL_PUBLIC_PRIVATE,1b2a66f6ca3d62978bb77829003650ad1085d3f45ef821d976860e5f78d36b73,46,46,1,public language contains a checkable economic/state cue,False
e1ccd92b2212ed0376cf101be0cd2643a1bae70874e83d5b00438a0c13fe9862,FACTUAL_PUBLIC_PRIVATE,1b2a66f6ca3d62978bb77829003650ad1085d3f45ef821d976860e5f78d36b73,51,51,1,public language contains a checkable economic/state cue,False
f76f81df1834fd2eb8921d5b2007862eec3667ca9d4dbfe744675e5909c8b3e8,FACTUAL_PUBLIC_PRIVATE,1b2a66f6ca3d62978bb77829003650ad1085d3f45ef821d976860e5f78d36b73,52,52,1,public language contains a checkable economic/state cue,False
e631b670c639c83916ce7787255b26449ec977b35768124eee75bb082d2175f6,FACTUAL_PUBLIC_PRIVATE,1b2a66f6ca3d62978bb77829003650ad1085d3f45ef821d976860e5f78d36b73,52,52,1,public language contains a checkable economic/state cue,False
a5faafd3ffe990a4a084541f1d878a8854f6f6bd5682de7efacbf58b6dc24aaf,FACTUAL_PUBLIC_PRIVATE,1b2a66f6ca3d62978bb77829003650ad1085d3f45ef821d976860e5f78d36b73,52,52,1,public language contains a checkable economic/state cue,False
8c3592ece446580e0b25e7ae574677e9e135c683bbbc117165e312eb15d47695,FACTUAL_PUBLIC_PRIVATE,1b2a66f6ca3d62978bb77829003650ad1085d3f45ef821d976860e5f78d36b73,52,52,1,public language contains a checkable economic/state cue,False
e91796cdb18562361d5a3fd52c0f96cc91367fa02fb226ca0887b7021954ef64,FACTUAL_PUBLIC_PRIVATE,1b2a66f6ca3d62978bb77829003650ad1085d3f45ef821d976860e5f78d36b73,52,52,1,public language contains a checkable economic/state cue,False
a5c8807e6fbc4528414c6d69a8d891fe30ea54f62f85f32930a7816b19e414de,FACTUAL_PUBLIC_PRIVATE,1b2a66f6ca3d62978bb77829003650ad1085d3f45ef821d976860e5f78d36b73,52,52,1,public language contains a checkable economic/state cue,False
9a56eb08b7899a97aba927427a783b9e1506e66439515ba8bde9290289b3fec4,FACTUAL_PUBLIC_PRIVATE,1b2a66f6ca3d62978bb77829003650ad1085d3f45ef821d976860e5f78d36b73,52,52,1,public language contains a checkable economic/state cue,False
c98d847d44ce85584d01e66fcc34722656130ac9980b7f926fe764b4161efc2b,FACTUAL_PUBLIC_PRIVATE,1b2a66f6ca3d62978bb77829003650ad1085d3f45ef821d976860e5f78d36b73,54,54,1,public language contains a checkable economic/state cue,False
eae3cea742aaf72bf98621c9db58ff026f92bd9234dfd84d2fd682af28561881,FACTUAL_PUBLIC_PRIVATE,1b2a66f6ca3d62978bb77829003650ad1085d3f45ef821d976860e5f78d36b73,56,56,1,public language contains a checkable economic/state cue,False
a5129a9639e2ff51befae600522ede77314f85f008387a9758433623f8b0a93a,FACTUAL_PUBLIC_PRIVATE,1b2a66f6ca3d62978bb77829003650ad1085d3f45ef821d976860e5f78d36b73,57,57,1,public language contains a checkable economic/state cue,False
d7e9521303f4e8557bdd0c29ffd10c613b0c2175c0ed1231485cd3c2d448f786,FACTUAL_PUBLIC_PRIVATE,1b2a66f6ca3d62978bb77829003650ad1085d3f45ef821d976860e5f78d36b73,57,57,1,public language contains a checkable economic/state cue,False
399d7543452e83f27e8335d94bab21aba96d2be6445a63fb5286eb64800f7368,FACTUAL_PUBLIC_PRIVATE,1b2a66f6ca3d62978bb77829003650ad1085d3f45ef821d976860e5f78d36b73,57,57,1,public language contains a checkable economic/state cue,False
e4e83b6929c2aeeb33e632d0e8a5d6f7c28863ffca2f75414e2ec878370db304,FACTUAL_PUBLIC_PRIVATE,1b2a66f6ca3d62978bb77829003650ad1085d3f45ef821d976860e5f78d36b73,57,57,1,public language contains a checkable economic/state cue,False
ea7d8f9fc5a38f90c42b531bff2bda5a554b476760b407c4f6679985d36c49d4,FACTUAL_PUBLIC_PRIVATE,1b2a66f6ca3d62978bb77829003650ad1085d3f45ef821d976860e5f78d36b73,57,57,1,public language contains a checkable economic/state cue,False
66d39d2af1dd39d3bd9c97eb9a2dce471db4c231a31cf873bf14e9eedccb41b8,FACTUAL_PUBLIC_PRIVATE,1b2a66f6ca3d62978bb77829003650ad1085d3f45ef821d976860e5f78d36b73,57,57,1,public language contains a checkable economic/state cue,False
d66925bbf87bc643ef65c93274280f5d1a7db7711b0538b68e841bae3169b896,FACTUAL_PUBLIC_PRIVATE,1b2a66f6ca3d62978bb77829003650ad1085d3f45ef821d976860e5f78d36b73,57,57,1,public language contains a checkable economic/state cue,False
02c4a8f0bd25a33cc59fd7b744b49d6ae03c330f374e3c5561f88438a4d1a345,FACTUAL_PUBLIC_PRIVATE,1b2a66f6ca3d62978bb77829003650ad1085d3f45ef821d976860e5f78d36b73,57,57,1,public language contains a checkable economic/state cue,False
dd25426a12c791bbab73ef17274ae60ad10f23edf4a69bdef9632853c66ca214,FACTUAL_PUBLIC_PRIVATE,1b2a66f6ca3d62978bb77829003650ad1085d3f45ef821d976860e5f78d36b73,57,57,1,public language contains a checkable economic/state cue,False
52d32bbf809b8a27c2ec685910740385af62984f3857e8c3669acab0d1e71bf6,FACTUAL_PUBLIC_PRIVATE,1b2a66f6ca3d62978bb77829003650ad1085d3f45ef821d976860e5f78d36b73,57,57,1,public language contains a checkable economic/state cue,False
5e537bf6950259584f736c1e30aec7ef2606b6c2dc51b0c1568d7c6f9db73081,FACTUAL_PUBLIC_PRIVATE,1b2a66f6ca3d62978bb77829003650ad1085d3f45ef821d976860e5f78d36b73,57,57,1,public language contains a checkable economic/state cue,False
58bf7a84f2e23df66a61bddde1e8a6963f871bb3f72a853a88b449ac7b5a2d3d,FACTUAL_PUBLIC_PRIVATE,1b2a66f6ca3d62978bb77829003650ad1085d3f45ef821d976860e5f78d36b73,57,57,1,public language contains a checkable economic/state cue,False
fcaf484689d97c504e4a2176d670a79ead3b24580cc9652cb7c0693eb4e07165,FACTUAL_PUBLIC_PRIVATE,1b2a66f6ca3d62978bb77829003650ad1085d3f45ef821d976860e5f78d36b73,57,57,1,public language contains a checkable economic/state cue,False
212d4eaf443f370eb54e7cb369a6f3099979bcc5c1a95cc23b110bee7285371d,FACTUAL_PUBLIC_PRIVATE,1b2a66f6ca3d62978bb77829003650ad1085d3f45ef821d976860e5f78d36b73,57,57,1,public language contains a checkable economic/state cue,False
e6f4a74d7ca1e5dd55cf647a11939ab6a83b0dc551731273cada1b0d96315fa3,FACTUAL_PUBLIC_PRIVATE,1b2a66f6ca3d62978bb77829003650ad1085d3f45ef821d976860e5f78d36b73,57,57,1,public language contains a checkable economic/state cue,False
70bba633b3b5e5983d3cae4ae8789b1067fdf20d9a77a7029332ca64f81bba78,FACTUAL_PUBLIC_PRIVATE,1b2a66f6ca3d62978bb77829003650ad1085d3f45ef821d976860e5f78d36b73,58,58,1,public language contains a checkable economic/state cue,False
0837d39d7d2a6fcbff79e4619d0b5b897a01cd12befc6028a7ffc8147aeb7d67,FACTUAL_PUBLIC_PRIVATE,1b2a66f6ca3d62978bb77829003650ad1085d3f45ef821d976860e5f78d36b73,58,58,1,public language contains a checkable economic/state cue,False
ca5d989653cacd3df21168536bb97a2462fb2457cb774af569b396d795997053,FACTUAL_PUBLIC_PRIVATE,1b2a66f6ca3d62978bb77829003650ad1085d3f45ef821d976860e5f78d36b73,60,60,1,public language contains a checkable economic/state cue,False
f3f53c9d4e45429f89cbb80e1b2d270f58c3960af5c7367a2d177b8292e9d5a3,FACTUAL_PUBLIC_PRIVATE,1b2a66f6ca3d62978bb77829003650ad1085d3f45ef821d976860e5f78d36b73,61,61,1,public language contains a checkable economic/state cue,False
b142ad760b60b48de7192926ecb2d105a4bbff7b03ce44b18b61b2169b68424d,FACTUAL_PUBLIC_PRIVATE,1b2a66f6ca3d62978bb77829003650ad1085d3f45ef821d976860e5f78d36b73,61,61,1,public language contains a checkable economic/state cue,False
ed920f103524e796f9c43723ff2b2e5f80c28b318467292f7b46622d87275f67,FACTUAL_PUBLIC_PRIVATE,1b2a66f6ca3d62978bb77829003650ad1085d3f45ef821d976860e5f78d36b73,61,61,1,public language contains a checkable economic/state cue,False
8b6481c6bf29941eb0e99d75cf38ec694e060b38ade867c721fe2f48ebe3f4f6,FACTUAL_PUBLIC_PRIVATE,1b2a66f6ca3d62978bb77829003650ad1085d3f45ef821d976860e5f78d36b73,61,61,1,public language contains a checkable economic/state cue,False
c80eb1b176ccc81522daa28d2bc3b67bcd94810968d0fd6c9216394eb50331d0,FACTUAL_PUBLIC_PRIVATE,1b2a66f6ca3d62978bb77829003650ad1085d3f45ef821d976860e5f78d36b73,61,61,1,public language contains a checkable economic/state cue,False
59da998516f618e652c88cd05cadd066fb6cab8bb26fffdbd4eb05ab004f5c96,FACTUAL_PUBLIC_PRIVATE,1b2a66f6ca3d62978bb77829003650ad1085d3f45ef821d976860e5f78d36b73,62,62,1,public language contains a checkable economic/state cue,False
4068ec40bab7937b0fb90d90d0c3e9f20985ef226b67e57c199d145704d06328,FACTUAL_PUBLIC_PRIVATE,1b2a66f6ca3d62978bb77829003650ad1085d3f45ef821d976860e5f78d36b73,62,62,1,public language contains a checkable economic/state cue,False
4ef85b75853e473bd55e711067a9e54cf253058a3c8ee4989fdac7587876176d,FACTUAL_PUBLIC_PRIVATE,1b2a66f6ca3d62978bb77829003650ad1085d3f45ef821d976860e5f78d36b73,62,62,1,public language contains a checkable economic/state cue,False
4056f7e12e0a962392e3a5b93d6f05680da1cd6a843b666505fccf2fd85d9645,FACTUAL_PUBLIC_PRIVATE,1b2a66f6ca3d62978bb77829003650ad1085d3f45ef821d976860e5f78d36b73,62,62,1,public language contains a checkable economic/state cue,False
4e89e0b58a1785618f0f9b9d82bf0feea2ec0e7cb141504b1c8571067b7e1c98,FACTUAL_PUBLIC_PRIVATE,1b2a66f6ca3d62978bb77829003650ad1085d3f45ef821d976860e5f78d36b73,62,62,1,public language contains a checkable economic/state cue,False
fa7b37dc320681654401e53072f17171e38387a558cb00d2e4f654adfa1ad6d8,FACTUAL_PUBLIC_PRIVATE,1b2a66f6ca3d62978bb77829003650ad1085d3f45ef821d976860e5f78d36b73,62,62,1,public language contains a checkable economic/state cue,False
e5982576827872457cc0314e46891143f4d8a94aa2f11e6395f9e875188269ee,FACTUAL_PUBLIC_PRIVATE,1b2a66f6ca3d62978bb77829003650ad1085d3f45ef821d976860e5f78d36b73,62,62,1,public language contains a checkable economic/state cue,False
00f8b6a28f4a354439f8bfe38c5ab9ab45b9ccb59ccd3dd02512f24029b7c867,FACTUAL_PUBLIC_PRIVATE,1b2a66f6ca3d62978bb77829003650ad1085d3f45ef821d976860e5f78d36b73,64,64,1,public language contains a checkable economic/state cue,False
55cbabbe8d6fa1a0ac49bcfa8348b1a35597552dea2d76d9cc4a28310e753cdf,FACTUAL_PUBLIC_PRIVATE,1b2a66f6ca3d62978bb77829003650ad1085d3f45ef821d976860e5f78d36b73,65,65,1,public language contains a checkable economic/state cue,False
50faf40803f07fecedf92ba2931d913a63edb59e26696fe7bf6c8d575a6e68aa,FACTUAL_PUBLIC_PRIVATE,1b2a66f6ca3d62978bb77829003650ad1085d3f45ef821d976860e5f78d36b73,65,65,1,public language contains a checkable economic/state cue,False
e17f3c903a8b5c62f7ceb984404d41c328dfe33778d82d398afb1bca149066a4,FACTUAL_PUBLIC_PRIVATE,1b2a66f6ca3d62978bb77829003650ad1085d3f45ef821d976860e5f78d36b73,65,65,1,public language contains a checkable economic/state cue,False
096ade9cd8419d6ae690426d0aa9cb1ffeb4424bcfe074dc3e2dd173aaff1d12,FACTUAL_PUBLIC_PRIVATE,1b2a66f6ca3d62978bb77829003650ad1085d3f45ef821d976860e5f78d36b73,65,65,1,public language contains a checkable economic/state cue,False
4aab91b3f53be16f6d7ed059510004ad3a58e34db5e7abb7c286a29feacffab0,FACTUAL_PUBLIC_PRIVATE,1b2a66f6ca3d62978bb77829003650ad1085d3f45ef821d976860e5f78d36b73,65,65,1,public language contains a checkable economic/state cue,False
b8f2dd0b862df4b93056072dc34f845230568b83dd782116b3c63c133144d834,FACTUAL_PUBLIC_PRIVATE,1b2a66f6ca3d62978bb77829003650ad1085d3f45ef821d976860e5f78d36b73,65,65,1,public language contains a checkable economic/state cue,False
129b110c0bb524703aea2beac9bf7f96a2946114e89d2995fc0157110e3d6b86,FACTUAL_PUBLIC_PRIVATE,1b2a66f6ca3d62978bb77829003650ad1085d3f45ef821d976860e5f78d36b73,65,65,1,public language contains a checkable economic/state cue,False
76f1a472f02451a56bf385f8e850dde6bb1b257500cb92a1d78daa47cca26555,FACTUAL_PUBLIC_PRIVATE,1b2a66f6ca3d62978bb77829003650ad1085d3f45ef821d976860e5f78d36b73,65,65,1,public language contains a checkable economic/state cue,False
bd9d4d0ab2051af4e7bb7c1636cbf75fd3e0e6fe56236b460a04452823f950d7,FACTUAL_PUBLIC_PRIVATE,1b2a66f6ca3d62978bb77829003650ad1085d3f45ef821d976860e5f78d36b73,67,67,1,public language contains a checkable economic/state cue,False
65d17e3c90fd81f9286d4ee378c25db673f991a5ffbdf21d73c30e3614b52fdc,FACTUAL_PUBLIC_PRIVATE,1b2a66f6ca3d62978bb77829003650ad1085d3f45ef821d976860e5f78d36b73,67,67,1,public language contains a checkable economic/state cue,False
b097983407a3d4e170d95e3538f58fd0a0966347a0898dccdbd1c89f32833cde,FACTUAL_PUBLIC_PRIVATE,1b2a66f6ca3d62978bb77829003650ad1085d3f45ef821d976860e5f78d36b73,67,67,1,public language contains a checkable economic/state cue,False
ad17d2e027a8e70b0c59a07c99139cc0e97ecb999d9384072b58dd23a4b28f39,FACTUAL_PUBLIC_PRIVATE,1b2a66f6ca3d62978bb77829003650ad1085d3f45ef821d976860e5f78d36b73,68,68,1,public language contains a checkable economic/state cue,False
b3a9f205d0bf8b28263f72734bac6c6a55f777a76e69a6cd1a27cc74ed6c9d7f,FACTUAL_PUBLIC_PRIVATE,1b2a66f6ca3d62978bb77829003650ad1085d3f45ef821d976860e5f78d36b73,69,69,1,public language contains a checkable economic/state cue,False
ed938ead8310552f1d5c744cda6ec91d5cc1c4d9c7fff95964191a0830c3dd62,FACTUAL_PUBLIC_PRIVATE,1b2a66f6ca3d62978bb77829003650ad1085d3f45ef821d976860e5f78d36b73,69,69,1,public language contains a checkable economic/state cue,False
d47c59952f10c1e5489f994f027aa3b5f441706ef84c36e11d1bceab1782632b,FACTUAL_PUBLIC_PRIVATE,1b2a66f6ca3d62978bb77829003650ad1085d3f45ef821d976860e5f78d36b73,70,70,1,public language contains a checkable economic/state cue,False
2c897fec7704f71a3e46996da8330e77c2f737cf11770ec247e98a96cab007f0,FACTUAL_PUBLIC_PRIVATE,1b2a66f6ca3d62978bb77829003650ad1085d3f45ef821d976860e5f78d36b73,72,72,1,public language contains a checkable economic/state cue,False
741b3c108e1d7586d3aec78c59321cf6672f5846781b2bdde624a48d91ad753d,FACTUAL_PUBLIC_PRIVATE,1b2a66f6ca3d62978bb77829003650ad1085d3f45ef821d976860e5f78d36b73,73,73,1,public language contains a checkable economic/state cue,False
ab7182922d2e35a24e55ee01402c950971642b2b8fe3c1e126737fb3bcd74884,FACTUAL_PUBLIC_PRIVATE,1b2a66f6ca3d62978bb77829003650ad1085d3f45ef821d976860e5f78d36b73,74,74,1,public language contains a checkable economic/state cue,False
b106e3febcf72aa69b14d14d8e4b12076831b000659f72cec1e7faa70e270d7f,FACTUAL_PUBLIC_PRIVATE,1b2a66f6ca3d62978bb77829003650ad1085d3f45ef821d976860e5f78d36b73,75,75,1,public language contains a checkable economic/state cue,False
5c7be339d321b7bcc4afb589e6c39f05e38e9481af7a92e4a51a57e44109e1c6,FACTUAL_PUBLIC_PRIVATE,1b2a66f6ca3d62978bb77829003650ad1085d3f45ef821d976860e5f78d36b73,77,77,1,public language contains a checkable economic/state cue,False
29ecf3753f86f45182522c46cf2a9d74add92c08da21f3feb87ca06e07b96968,FACTUAL_PUBLIC_PRIVATE,1b2a66f6ca3d62978bb77829003650ad1085d3f45ef821d976860e5f78d36b73,79,79,1,public language contains a checkable economic/state cue,False
5275fabb96469bdf88878aea517067ccc025e1fb90f72822d52678886588e500,FACTUAL_PUBLIC_PRIVATE,1b2a66f6ca3d62978bb77829003650ad1085d3f45ef821d976860e5f78d36b73,80,80,1,public language contains a checkable economic/state cue,False
3a0e161a3d13bd577d9925704b6e35faf75a4b277ff14c54387d95f158fc4abe,FACTUAL_PUBLIC_PRIVATE,1b2a66f6ca3d62978bb77829003650ad1085d3f45ef821d976860e5f78d36b73,81,81,1,public language contains a checkable economic/state cue,False
91b9440560253aa66f1e7fe0ea80ffb13362c42cdfd54b7ea77de905520b1ab4,FACTUAL_PUBLIC_PRIVATE,1b2a66f6ca3d62978bb77829003650ad1085d3f45ef821d976860e5f78d36b73,81,81,1,public language contains a checkable economic/state cue,False
2a8c35f0e6754179f05575f64506bc5961139308be8a8a3c2a5e4a60a3decc88,FACTUAL_PUBLIC_PRIVATE,1b2a66f6ca3d62978bb77829003650ad1085d3f45ef821d976860e5f78d36b73,83,83,1,public language contains a checkable economic/state cue,False
d55fb767b250cbe794dc67ff831b3889a54efc1958e24baef8aca00be9d61a6c,FACTUAL_PUBLIC_PRIVATE,1b2a66f6ca3d62978bb77829003650ad1085d3f45ef821d976860e5f78d36b73,83,83,1,public language contains a checkable economic/state cue,False
d1bfbfbe06362420d880a0577e13cf4e3be1cd8e2300e3a250e86ac83db0507f,FACTUAL_PUBLIC_PRIVATE,1b2a66f6ca3d62978bb77829003650ad1085d3f45ef821d976860e5f78d36b73,84,84,1,public language contains a checkable economic/state cue,False
03c857b28d6f6e5f49e4dc10bf2e8cc781fbdde9f7089666154982f349eeec74,FACTUAL_PUBLIC_PRIVATE,1b2a66f6ca3d62978bb77829003650ad1085d3f45ef821d976860e5f78d36b73,85,85,1,public language contains a checkable economic/state cue,False
330531858b3b56c2f11ed219fd06a78d8d800be0bbb6e937bf1d570e9277a066,FACTUAL_PUBLIC_PRIVATE,1b2a66f6ca3d62978bb77829003650ad1085d3f45ef821d976860e5f78d36b73,86,86,1,public language contains a checkable economic/state cue,False
3cb7c7b0be3a8d6031881a096e040bd5df9fddc22df608c88091d5e7d8ab0f62,FACTUAL_PUBLIC_PRIVATE,1b2a66f6ca3d62978bb77829003650ad1085d3f45ef821d976860e5f78d36b73,86,86,1,public language contains a checkable economic/state cue,False
de4a1cbdb93c88b1c23a74893287a1235e9a45ee301a6e77a050f78f041e35f4,FACTUAL_PUBLIC_PRIVATE,1b2a66f6ca3d62978bb77829003650ad1085d3f45ef821d976860e5f78d36b73,87,87,1,public language contains a checkable economic/state cue,False
976767a62195a0d12517b22e1a899d9a58db1726d74a04a28a8fcd06b85091f5,FACTUAL_PUBLIC_PRIVATE,1b2a66f6ca3d62978bb77829003650ad1085d3f45ef821d976860e5f78d36b73,88,88,1,public language contains a checkable economic/state cue,False
43443c3f2604f06fd76468f98d2c8270da2ac0f97c164c7f75633b58002eddfe,FACTUAL_PUBLIC_PRIVATE,1b2a66f6ca3d62978bb77829003650ad1085d3f45ef821d976860e5f78d36b73,88,88,1,public language contains a checkable economic/state cue,False
c56c148716b5ecbbd42581bb645eee472c8bbde67437d1073cb8d48d3c362c23,FACTUAL_PUBLIC_PRIVATE,1b2a66f6ca3d62978bb77829003650ad1085d3f45ef821d976860e5f78d36b73,88,88,1,public language contains a checkable economic/state cue,False
8a6be1c7d4fee4da97ab42e80406d045e194277c6583c2f0328b6f26ab2b4d8a,FACTUAL_PUBLIC_PRIVATE,1b2a66f6ca3d62978bb77829003650ad1085d3f45ef821d976860e5f78d36b73,88,88,1,public language contains a checkable economic/state cue,False
2681e59b1c6fa9c70b65c62ddd7dd164ff57416ee75b573967edcdf0daf55162,FACTUAL_PUBLIC_PRIVATE,1b2a66f6ca3d62978bb77829003650ad1085d3f45ef821d976860e5f78d36b73,88,88,1,public language contains a checkable economic/state cue,False
81c452b205749be8cfed1e0b46b03c3e0d942f3d3062e869bd6d6caf68e6b403,FACTUAL_PUBLIC_PRIVATE,1b2a66f6ca3d62978bb77829003650ad1085d3f45ef821d976860e5f78d36b73,89,89,1,public language contains a checkable economic/state cue,False
425e5eeb67d7d5214ef3f0ebdc8ca26757dcc561715694ec14799c33ae54938e,FACTUAL_PUBLIC_PRIVATE,1b2a66f6ca3d62978bb77829003650ad1085d3f45ef821d976860e5f78d36b73,92,92,1,public language contains a checkable economic/state cue,False
e29bb2a37fc58fdfc75dd138ce4d8d722e07fa1e666641e65760752adf5c3edb,FACTUAL_PUBLIC_PRIVATE,1b2a66f6ca3d62978bb77829003650ad1085d3f45ef821d976860e5f78d36b73,95,95,1,public language contains a checkable economic/state cue,False
cb8400b5b183cf3fcfb6285c8a61d1626049bb59e14a358ca4fe588120ddf66f,FACTUAL_PUBLIC_PRIVATE,1b2a66f6ca3d62978bb77829003650ad1085d3f45ef821d976860e5f78d36b73,97,97,1,public language contains a checkable economic/state cue,False
e8a31640f4194fbb46941be7b5d90d2059cc3101e7de460b158a2916ba432845,FACTUAL_PUBLIC_PRIVATE,1b2a66f6ca3d62978bb77829003650ad1085d3f45ef821d976860e5f78d36b73,98,98,1,public language contains a checkable economic/state cue,False
b250692631add8e9e1687d61424ab5f164a539eb1c761516a4588099afabf911,FACTUAL_PUBLIC_PRIVATE,1b2a66f6ca3d62978bb77829003650ad1085d3f45ef821d976860e5f78d36b73,99,99,1,public language contains a checkable economic/state cue,False
01203221030ca5794330060f77b681416ce46fcdaa32cd51f9ac39b04fc90ff4,FACTUAL_PUBLIC_PRIVATE,1b2a66f6ca3d62978bb77829003650ad1085d3f45ef821d976860e5f78d36b73,99,99,1,public language contains a checkable economic/state cue,False
9a5388c2931bdcca779cae39b216dfc3a79731178b36cd7a51fff85d16d433e7,FACTUAL_PUBLIC_PRIVATE,1b2a66f6ca3d62978bb77829003650ad1085d3f45ef821d976860e5f78d36b73,99,99,1,public language contains a checkable economic/state cue,False
6fda9244b377d90856897b814be96b24e279c2943e4a5974d3e7464aa77e8377,FACTUAL_PUBLIC_PRIVATE,1b2a66f6ca3d62978bb77829003650ad1085d3f45ef821d976860e5f78d36b73,99,99,1,public language contains a checkable economic/state cue,False
7042b778ba4039d0158421ebc161c8dca482d7e54100aaa12c8f4094f91fda64,FACTUAL_PUBLIC_PRIVATE,1b2a66f6ca3d62978bb77829003650ad1085d3f45ef821d976860e5f78d36b73,101,101,1,public language contains a checkable economic/state cue,False
2663fdbb14c7ba3b4d7515d13df7643818a1926a1514125f30063d2edc7a02f6,FACTUAL_PUBLIC_PRIVATE,1b2a66f6ca3d62978bb77829003650ad1085d3f45ef821d976860e5f78d36b73,102,102,1,public language contains a checkable economic/state cue,False
8ee83539f5aef14a21f385944efc44097f2b75eb60c43ef68c03945155d3c00e,FACTUAL_PUBLIC_PRIVATE,1b2a66f6ca3d62978bb77829003650ad1085d3f45ef821d976860e5f78d36b73,102,102,1,public language contains a checkable economic/state cue,False
8eb48a1ac46e8aeed6e8e269283d56ec50eb109576181db1a66c303e91524afa,FACTUAL_PUBLIC_PRIVATE,1b2a66f6ca3d62978bb77829003650ad1085d3f45ef821d976860e5f78d36b73,104,104,1,public language contains a checkable economic/state cue,False
d963c418707da8d76eba780f9439f14ed2e7d98e7ed9fbc976e87b2d9e26d912,FACTUAL_PUBLIC_PRIVATE,1b2a66f6ca3d62978bb77829003650ad1085d3f45ef821d976860e5f78d36b73,105,105,1,public language contains a checkable economic/state cue,False
be4e0b3081953e8b240a1f3dd064eb3a54dbe51539398ed90e53354329af6592,FACTUAL_PUBLIC_PRIVATE,1b2a66f6ca3d62978bb77829003650ad1085d3f45ef821d976860e5f78d36b73,106,106,1,public language contains a checkable economic/state cue,False
6eec4364b6772bd44f8e42bc089000323f0833d0f08482aedd89c28f5b201936,FACTUAL_PUBLIC_PRIVATE,1b2a66f6ca3d62978bb77829003650ad1085d3f45ef821d976860e5f78d36b73,106,106,1,public language contains a checkable economic/state cue,True
9e11ff62bcdd93fafb82a80a5d9253aebe744284a78206d55dba1e5f266832aa,FACTUAL_PUBLIC_PRIVATE,1b2a66f6ca3d62978bb77829003650ad1085d3f45ef821d976860e5f78d36b73,106,106,1,public language contains a checkable economic/state cue,False
42997ab191391b5891413f5ddc573bf8b794769f615681bdacc8649ee44bdfdd,FACTUAL_PUBLIC_PRIVATE,1b2a66f6ca3d62978bb77829003650ad1085d3f45ef821d976860e5f78d36b73,106,106,1,public language contains a checkable economic/state cue,False
4f6736dada6f8d85b51f112e52a9c23c91165ec9bf9782f1f7a100d4f3fa711c,FACTUAL_PUBLIC_PRIVATE,1b2a66f6ca3d62978bb77829003650ad1085d3f45ef821d976860e5f78d36b73,106,106,1,public language contains a checkable economic/state cue,False
7ec13d55372361e2640b3026935bad94ecde11b9de8b17aba70f5f6496a28dcf,FACTUAL_PUBLIC_PRIVATE,1b2a66f6ca3d62978bb77829003650ad1085d3f45ef821d976860e5f78d36b73,106,106,1,public language contains a checkable economic/state cue,False
a145bb7322152b30b22238716b347f9fa9d2f5d066b3d1f818bee3a334361d9d,FACTUAL_PUBLIC_PRIVATE,1b2a66f6ca3d62978bb77829003650ad1085d3f45ef821d976860e5f78d36b73,107,107,1,public language contains a checkable economic/state cue,False
cd55258c4a25261147c6a1691cb03222e1f0cf6b0244d479be12bcff2b470ba4,FACTUAL_PUBLIC_PRIVATE,1b2a66f6ca3d62978bb77829003650ad1085d3f45ef821d976860e5f78d36b73,109,109,1,public language contains a checkable economic/state cue,False
2a4c95f3faf255b113905452329d82f05fe311636f860124fb123e5d41100266,FACTUAL_PUBLIC_PRIVATE,1b2a66f6ca3d62978bb77829003650ad1085d3f45ef821d976860e5f78d36b73,109,109,1,public language contains a checkable economic/state cue,False
bb4f2aa24bd311b20927b89bbf48fea0812c271d983b476710064787c9239a24,FACTUAL_PUBLIC_PRIVATE,1b2a66f6ca3d62978bb77829003650ad1085d3f45ef821d976860e5f78d36b73,109,109,1,public language contains a checkable economic/state cue,False
47c4e8b17f4c0e6bd88ae41db860b1bde2611a242c522fe90453b65a3f11128c,FACTUAL_PUBLIC_PRIVATE,1b2a66f6ca3d62978bb77829003650ad1085d3f45ef821d976860e5f78d36b73,109,109,1,public language contains a checkable economic/state cue,False
0d0cf1aeba4c94abb545a0f9e9a66ddde21f3d44fd55bc39e64aabfff6f7895a,FACTUAL_PUBLIC_PRIVATE,1b2a66f6ca3d62978bb77829003650ad1085d3f45ef821d976860e5f78d36b73,109,109,1,public language contains a checkable economic/state cue,False
a3c4466d631d5b4bce1df26ab5c9d22e641cb3d8a7df9671918dbb4cea902413,FACTUAL_PUBLIC_PRIVATE,1b2a66f6ca3d62978bb77829003650ad1085d3f45ef821d976860e5f78d36b73,109,109,1,public language contains a checkable economic/state cue,False
4989524db3b33648493e67e89dcf57a6fd3f79fa2b99cff779c145977443eb78,FACTUAL_PUBLIC_PRIVATE,1b2a66f6ca3d62978bb77829003650ad1085d3f45ef821d976860e5f78d36b73,111,111,1,public language contains a checkable economic/state cue,False
54002b7fd1548f13849e5f9423d247869cef432c990475ac8d25ae45a8176625,FACTUAL_PUBLIC_PRIVATE,1b2a66f6ca3d62978bb77829003650ad1085d3f45ef821d976860e5f78d36b73,113,113,1,public language contains a checkable economic/state cue,False
fe21ffa3e798d00162a72a85ec6ba5daf9e2d3b667481c07289b01c407024020,FACTUAL_PUBLIC_PRIVATE,1b2a66f6ca3d62978bb77829003650ad1085d3f45ef821d976860e5f78d36b73,114,114,1,public language contains a checkable economic/state cue,False
445ff76da93c4ec316eb62c8a799c82ce65bbeda9266b45f7ccf54a7cae8f7c6,FACTUAL_PUBLIC_PRIVATE,1b2a66f6ca3d62978bb77829003650ad1085d3f45ef821d976860e5f78d36b73,115,115,1,public language contains a checkable economic/state cue,False
b5838b9801330b6565395811855ba510d83b2d9bf5d3d4622b89809420e4d0c9,FACTUAL_PUBLIC_PRIVATE,1b2a66f6ca3d62978bb77829003650ad1085d3f45ef821d976860e5f78d36b73,116,116,1,public language contains a checkable economic/state cue,False
755a28f70367abf121e308e458fd838f1d188139022857a6d8f49c7f632d3e16,FACTUAL_PUBLIC_PRIVATE,1b2a66f6ca3d62978bb77829003650ad1085d3f45ef821d976860e5f78d36b73,117,117,1,public language contains a checkable economic/state cue,False
b686a77643e9d2cc8f4ac0523c8a55e7fd1e42d6df11198519af480d6b6c2cb5,FACTUAL_PUBLIC_PRIVATE,1b2a66f6ca3d62978bb77829003650ad1085d3f45ef821d976860e5f78d36b73,117,117,1,public language contains a checkable economic/state cue,False
5530e9b9cb29737fab296db47c5359ad0710145b9ee8230ff55c23dba48168ca,FACTUAL_PUBLIC_PRIVATE,1b2a66f6ca3d62978bb77829003650ad1085d3f45ef821d976860e5f78d36b73,117,117,1,public language contains a checkable economic/state cue,False
0330f209c1bef25761fd99b95d09a31624679a6c6c48df389c55875c64d00561,FACTUAL_PUBLIC_PRIVATE,1b2a66f6ca3d62978bb77829003650ad1085d3f45ef821d976860e5f78d36b73,118,118,1,public language contains a checkable economic/state cue,False
3b54bb2a64edf559fc3d8e4f7e461448ea5741336f74f32292ae33a357d02483,FACTUAL_PUBLIC_PRIVATE,1b2a66f6ca3d62978bb77829003650ad1085d3f45ef821d976860e5f78d36b73,118,118,1,public language contains a checkable economic/state cue,False
b087440ef472f7df15c3b8c69e10b7575a0e60709e24331bde05c411a42e5046,FACTUAL_PUBLIC_PRIVATE,1b2a66f6ca3d62978bb77829003650ad1085d3f45ef821d976860e5f78d36b73,120,120,1,public language contains a checkable economic/state cue,False
7857b6ab4c4fb0022d0b1fd7af07992126d89a9fc0337f77f719de42406fcd2d,FACTUAL_PUBLIC_PRIVATE,1b2a66f6ca3d62978bb77829003650ad1085d3f45ef821d976860e5f78d36b73,120,120,1,public language contains a checkable economic/state cue,False
12a98f2bdbe4c3a987df2636e6042f117845c0a21d535434b9ff03b2beb76854,FACTUAL_PUBLIC_PRIVATE,1b2a66f6ca3d62978bb77829003650ad1085d3f45ef821d976860e5f78d36b73,120,120,1,public language contains a checkable economic/state cue,False
975dee53944d536fff357b63aa0bc09aa0fd65345912c6eaf99e5713dd708714,FACTUAL_PUBLIC_PRIVATE,1b2a66f6ca3d62978bb77829003650ad1085d3f45ef821d976860e5f78d36b73,120,120,1,public language contains a checkable economic/state cue,False
23a9c256e19b8a250df93157ca7c065f7cc32a4c2ff4425af18f55a7a30a67e0,FACTUAL_PUBLIC_PRIVATE,1b2a66f6ca3d62978bb77829003650ad1085d3f45ef821d976860e5f78d36b73,120,120,1,public language contains a checkable economic/state cue,False
c9ff5cacd724acc093feff40f49d3780d3c21235f8a3e457c7d27891c56d44ee,FACTUAL_PUBLIC_PRIVATE,1b2a66f6ca3d62978bb77829003650ad1085d3f45ef821d976860e5f78d36b73,121,121,1,public language contains a checkable economic/state cue,False
e13edc280aee3a15770e94d32b34d72a4a971b70bd3bb4b05a528e09d81ff3a8,FACTUAL_PUBLIC_PRIVATE,1b2a66f6ca3d62978bb77829003650ad1085d3f45ef821d976860e5f78d36b73,121,121,1,public language contains a checkable economic/state cue,False
87efd1b608562ddd38ec20a2b7bed7ea08a21858481ce6bc23fe5b372115d4dd,FACTUAL_PUBLIC_PRIVATE,1b2a66f6ca3d62978bb77829003650ad1085d3f45ef821d976860e5f78d36b73,121,121,1,public language contains a checkable economic/state cue,False
0fe1a94e6aefaed1f64c7974a75bda9db8153643437d3a35cee47e1ec3fed061,FACTUAL_PUBLIC_PRIVATE,1b2a66f6ca3d62978bb77829003650ad1085d3f45ef821d976860e5f78d36b73,121,121,1,public language contains a checkable economic/state cue,False
ad6ab894be833570c96926af0294d74e440dec47d02f2a9f75b564c1364fc8e8,FACTUAL_PUBLIC_PRIVATE,1b2a66f6ca3d62978bb77829003650ad1085d3f45ef821d976860e5f78d36b73,122,122,1,public language contains a checkable economic/state cue,False
fbfa7981d16877702d4787fc94b87f6b215bc9d9e9a39037bd428e851098d756,FACTUAL_PUBLIC_PRIVATE,1b2a66f6ca3d62978bb77829003650ad1085d3f45ef821d976860e5f78d36b73,123,123,1,public language contains a checkable economic/state cue,False
d2145866cdf816e37042f4b0fc42174af6e86a27b7cc5bc1d1b8ae6b8a7b1672,FACTUAL_PUBLIC_PRIVATE,1b2a66f6ca3d62978bb77829003650ad1085d3f45ef821d976860e5f78d36b73,123,123,1,public language contains a checkable economic/state cue,False
2803b1b32b32b99ef2247e257249eea7dc7b7bb62ef43fee594fd1d02cbf9e2c,FACTUAL_PUBLIC_PRIVATE,1b2a66f6ca3d62978bb77829003650ad1085d3f45ef821d976860e5f78d36b73,124,124,1,public language contains a checkable economic/state cue,False
836ac73df02b9066561d52c014c1f74a25b6705905c9261f2eee802952e5f428,FACTUAL_PUBLIC_PRIVATE,1b2a66f6ca3d62978bb77829003650ad1085d3f45ef821d976860e5f78d36b73,124,124,1,public language contains a checkable economic/state cue,False
88a3c649bfa762db9e0f1fff412eca6ae6e45d61515f00351bb89cee82d94db2,FACTUAL_PUBLIC_PRIVATE,1b2a66f6ca3d62978bb77829003650ad1085d3f45ef821d976860e5f78d36b73,125,125,1,public language contains a checkable economic/state cue,False
4c5fda1098d41c8505d7373a906790a7ee452ebe412f9cd629f9e3850fc657c8,FACTUAL_PUBLIC_PRIVATE,1b2a66f6ca3d62978bb77829003650ad1085d3f45ef821d976860e5f78d36b73,125,125,1,public language contains a checkable economic/state cue,False
07810ef0def0ba2c260a885418ed6745fae80ab397794d67b0e09affe70076a2,FACTUAL_PUBLIC_PRIVATE,1b2a66f6ca3d62978bb77829003650ad1085d3f45ef821d976860e5f78d36b73,126,126,1,public language contains a checkable economic/state cue,False
fae2db7ade55b9bf81861ec4340468ecb3e1b46702bed8f20bbf8c72e532ad23,FACTUAL_PUBLIC_PRIVATE,1b2a66f6ca3d62978bb77829003650ad1085d3f45ef821d976860e5f78d36b73,126,126,1,public language contains a checkable economic/state cue,False
624da91d2f1a6a6e12fdf958750e64168502c9df8d55607835b85ddc661e8aef,FACTUAL_PUBLIC_PRIVATE,1b2a66f6ca3d62978bb77829003650ad1085d3f45ef821d976860e5f78d36b73,126,126,1,public language contains a checkable economic/state cue,False
12aa9d255bd77478a6f99d00a45660c78edabd6c56707cc9e8e6e6e21450febc,FACTUAL_PUBLIC_PRIVATE,1b2a66f6ca3d62978bb77829003650ad1085d3f45ef821d976860e5f78d36b73,126,126,1,public language contains a checkable economic/state cue,False
279bca13cd603e297222237fff5ecb29824df7636f450ea237f443798f8ceaa9,FACTUAL_PUBLIC_PRIVATE,1b2a66f6ca3d62978bb77829003650ad1085d3f45ef821d976860e5f78d36b73,126,126,1,public language contains a checkable economic/state cue,False
9d7a743e7b3bbfdf33b01ed56531526b2d88bdee27cc1b3aaa2808d83236dd44,FACTUAL_PUBLIC_PRIVATE,1b2a66f6ca3d62978bb77829003650ad1085d3f45ef821d976860e5f78d36b73,126,126,1,public language contains a checkable economic/state cue,False
6e6ec29f0b702dce98bd7406712d557d60aad660a734b543299d1e53073ccaaa,FACTUAL_PUBLIC_PRIVATE,1b2a66f6ca3d62978bb77829003650ad1085d3f45ef821d976860e5f78d36b73,126,126,1,public language contains a checkable economic/state cue,False
c6611910d82826d989fcd9c88d10843e3cbda3fa05c69daf91fc3c73ff57c5dd,FACTUAL_PUBLIC_PRIVATE,1b2a66f6ca3d62978bb77829003650ad1085d3f45ef821d976860e5f78d36b73,126,126,1,public language contains a checkable economic/state cue,False
76ec103a546ef59cdc2f516a8764497b1b4f83bf4ee2459d19a7d6f33e4b0fa6,FACTUAL_PUBLIC_PRIVATE,1b2a66f6ca3d62978bb77829003650ad1085d3f45ef821d976860e5f78d36b73,127,127,1,public language contains a checkable economic/state cue,False
f1a028b6055768371a76c6068c82aa2fb675caa17a89ed4493d6bee8ebcdf688,FACTUAL_PUBLIC_PRIVATE,1b2a66f6ca3d62978bb77829003650ad1085d3f45ef821d976860e5f78d36b73,129,129,1,public language contains a checkable economic/state cue,False
6896b7bd03678bed975b502f2a20076f4ce53a7f4b50228e91c7283ce3558c01,FACTUAL_PUBLIC_PRIVATE,1b2a66f6ca3d62978bb77829003650ad1085d3f45ef821d976860e5f78d36b73,129,129,1,public language contains a checkable economic/state cue,False
902ac1483080eddbf8c7c28c747d0c62a13aeda07ad6b3132c355bce1ee0b482,FACTUAL_PUBLIC_PRIVATE,1b2a66f6ca3d62978bb77829003650ad1085d3f45ef821d976860e5f78d36b73,129,129,1,public language contains a checkable economic/state cue,False
daaedbb2d423989db254a1c75fac80d56d622b5dceecec103eaface48056a40b,FACTUAL_PUBLIC_PRIVATE,1b2a66f6ca3d62978bb77829003650ad1085d3f45ef821d976860e5f78d36b73,129,129,1,public language contains a checkable economic/state cue,False
eae6e18a3d990aa76174fed69a5cdf4412a8ac21125f01231094ba01fcda2baf,FACTUAL_PUBLIC_PRIVATE,1b2a66f6ca3d62978bb77829003650ad1085d3f45ef821d976860e5f78d36b73,129,129,1,public language contains a checkable economic/state cue,False
77d400532a652847c2ab232d3e4b5969be4ff1db74288da7810844e2cc5f79de,FACTUAL_PUBLIC_PRIVATE,1b2a66f6ca3d62978bb77829003650ad1085d3f45ef821d976860e5f78d36b73,130,130,1,public language contains a checkable economic/state cue,False
0cba6d441a0113f7dee5b1b7ef9b7012cde840e9268c0573586a431815f89c56,FACTUAL_PUBLIC_PRIVATE,1b2a66f6ca3d62978bb77829003650ad1085d3f45ef821d976860e5f78d36b73,131,131,1,public language contains a checkable economic/state cue,False
59b837fbe1f6128b62010c9cd755e247d5f291e5c9fc02246c8fcdf1b0e45c23,FACTUAL_PUBLIC_PRIVATE,1b2a66f6ca3d62978bb77829003650ad1085d3f45ef821d976860e5f78d36b73,131,131,1,public language contains a checkable economic/state cue,False
2baa0c039cf0ce3b608567f8f7159cd25b2ebca2ba236b509faa685d2afb389c,FACTUAL_PUBLIC_PRIVATE,1b2a66f6ca3d62978bb77829003650ad1085d3f45ef821d976860e5f78d36b73,131,131,1,public language contains a checkable economic/state cue,False
0f15f289c9f0759eeb56b81d04a93dee327a593ca8bb2fa8db66d99353b46533,FACTUAL_PUBLIC_PRIVATE,1b2a66f6ca3d62978bb77829003650ad1085d3f45ef821d976860e5f78d36b73,131,131,1,public language contains a checkable economic/state cue,False
6e8b7870314b8b479da14e195b0807062505f3b4f20e2ccd05a7661df1f42801,FACTUAL_PUBLIC_PRIVATE,1b2a66f6ca3d62978bb77829003650ad1085d3f45ef821d976860e5f78d36b73,131,131,1,public language contains a checkable economic/state cue,False
df1611ab7682089745d406468e0ba7ca8b5f8ecfd79c5d5be57eb5651d9607bd,FACTUAL_PUBLIC_PRIVATE,1b2a66f6ca3d62978bb77829003650ad1085d3f45ef821d976860e5f78d36b73,134,134,1,public language contains a checkable economic/state cue,False
31c3ed7dbc3bbfc2aa105bd2e95d74233444dd64c03f6a5b5f6a320761d6013c,FACTUAL_PUBLIC_PRIVATE,1b2a66f6ca3d62978bb77829003650ad1085d3f45ef821d976860e5f78d36b73,134,134,1,public language contains a checkable economic/state cue,False
4d46617116b8b1ec339288ebe402fdaaf514629bba8f1fc3e8bc147c13458ec9,FACTUAL_PUBLIC_PRIVATE,1b2a66f6ca3d62978bb77829003650ad1085d3f45ef821d976860e5f78d36b73,137,137,1,public language contains a checkable economic/state cue,False
93e0c548ab9f084a48fd3789d6d483ed61780a5a633af939761681a2476a4901,FACTUAL_PUBLIC_PRIVATE,1b2a66f6ca3d62978bb77829003650ad1085d3f45ef821d976860e5f78d36b73,137,137,1,public language contains a checkable economic/state cue,False
5d42129544d9bb2fb8a9da025a879ed5669cdb73aa49c5cda086d9fc94da2abc,FACTUAL_PUBLIC_PRIVATE,1b2a66f6ca3d62978bb77829003650ad1085d3f45ef821d976860e5f78d36b73,138,138,1,public language contains a checkable economic/state cue,False
38f790cfee641be0db610541e36d6a19617750481d279755e4fd1a5203b9245c,FACTUAL_PUBLIC_PRIVATE,1b2a66f6ca3d62978bb77829003650ad1085d3f45ef821d976860e5f78d36b73,139,139,1,public language contains a checkable economic/state cue,False
5c1d1c2413cb60bc6be0013f14cf78905bae5905565b11dfe2d46541f2b1a7bb,FACTUAL_PUBLIC_PRIVATE,1b2a66f6ca3d62978bb77829003650ad1085d3f45ef821d976860e5f78d36b73,139,139,1,public language contains a checkable economic/state cue,False
7725de0fda6d149e7945b12e43e3ca1e35936c9bc0cc540f21547fa90fd5ed1e,FACTUAL_PUBLIC_PRIVATE,1b2a66f6ca3d62978bb77829003650ad1085d3f45ef821d976860e5f78d36b73,139,139,1,public language contains a checkable economic/state cue,False
d5ed6c3209d871b21d2ae5459c7b4aff142aaf3c31076724d87282e3521b33fd,FACTUAL_PUBLIC_PRIVATE,1b2a66f6ca3d62978bb77829003650ad1085d3f45ef821d976860e5f78d36b73,139,139,1,public language contains a checkable economic/state cue,False
97da7c377a18d473ea37840561d72f5fb271a31e0d782419317c457d4e7fd600,FACTUAL_PUBLIC_PRIVATE,1b2a66f6ca3d62978bb77829003650ad1085d3f45ef821d976860e5f78d36b73,139,139,1,public language contains a checkable economic/state cue,False
22f77069cde54d88ecf998c98dc0784f3e9784f411f93196033a78200dbbad4e,FACTUAL_PUBLIC_PRIVATE,1b2a66f6ca3d62978bb77829003650ad1085d3f45ef821d976860e5f78d36b73,139,139,1,public language contains a checkable economic/state cue,False
7f37ac32289207cfd2c08970634b8d074088b38481400502d26d8cbf7df6dfcc,FACTUAL_PUBLIC_PRIVATE,1b2a66f6ca3d62978bb77829003650ad1085d3f45ef821d976860e5f78d36b73,139,139,1,public language contains a checkable economic/state cue,False
8d1979349a99087cdab184e8a7933da2610263de0bfb6e4794acd9404523877c,FACTUAL_PUBLIC_PRIVATE,1b2a66f6ca3d62978bb77829003650ad1085d3f45ef821d976860e5f78d36b73,139,139,1,public language contains a checkable economic/state cue,False
3605a0ba383bb52638adbaabb266fb26f7c8594b405bef355e59024a76440f2a,FACTUAL_PUBLIC_PRIVATE,1b2a66f6ca3d62978bb77829003650ad1085d3f45ef821d976860e5f78d36b73,139,139,1,public language contains a checkable economic/state cue,False
8b68c7511abcc30609e6b9c2a61e017cc6f5471ea3a939cb2485f6a466a7dca7,FACTUAL_PUBLIC_PRIVATE,1b2a66f6ca3d62978bb77829003650ad1085d3f45ef821d976860e5f78d36b73,140,140,1,public language contains a checkable economic/state cue,False
f51e41406fb660ca2fbc53cf334a7c9fb1106175940f973458ec6767e2facafe,FACTUAL_PUBLIC_PRIVATE,1b2a66f6ca3d62978bb77829003650ad1085d3f45ef821d976860e5f78d36b73,140,140,1,public language contains a checkable economic/state cue,False
25b5c99b141c70c24bbb91fc939abd6a164a4d4672d966ae058d909df6bce115,FACTUAL_PUBLIC_PRIVATE,1b2a66f6ca3d62978bb77829003650ad1085d3f45ef821d976860e5f78d36b73,140,140,1,public language contains a checkable economic/state cue,False
1aab408eb8072f4c5ff55efd9a4563f8458499d4c0a0f9206726fbb9eba3993e,FACTUAL_PUBLIC_PRIVATE,1b2a66f6ca3d62978bb77829003650ad1085d3f45ef821d976860e5f78d36b73,140,140,1,public language contains a checkable economic/state cue,False
a2e8e7abced418e00b1fd946d0e0e56e602a5100436199cd91777775284878c9,FACTUAL_PUBLIC_PRIVATE,1b2a66f6ca3d62978bb77829003650ad1085d3f45ef821d976860e5f78d36b73,141,141,1,public language contains a checkable economic/state cue,False
61e003a0d9608b4cc4ba3da242fe0e77ee1e0416d778e4b9d535b724135ad219,FACTUAL_PUBLIC_PRIVATE,1b2a66f6ca3d62978bb77829003650ad1085d3f45ef821d976860e5f78d36b73,141,141,1,public language contains a checkable economic/state cue,False
8d9688850df684e7ed2f3b23605f56fbabbad05dfb7ccb28affe8c940c24049e,FACTUAL_PUBLIC_PRIVATE,1b2a66f6ca3d62978bb77829003650ad1085d3f45ef821d976860e5f78d36b73,141,141,1,public language contains a checkable economic/state cue,False
9569f040231b9b616084ee348f82075f92695e6167b4b684875faada66560489,FACTUAL_PUBLIC_PRIVATE,1b2a66f6ca3d62978bb77829003650ad1085d3f45ef821d976860e5f78d36b73,146,146,1,public language contains a checkable economic/state cue,False
c05b0660fdce51c1f57a8d45f5b5872c11b7e22e24aa46470f31f0bb5694cf48,FACTUAL_PUBLIC_PRIVATE,1b2a66f6ca3d62978bb77829003650ad1085d3f45ef821d976860e5f78d36b73,146,146,1,public language contains a checkable economic/state cue,False
9efdb7a6530ab41a3850a2811e7cc1c181afb71c46679d385c6878eeff122543,FACTUAL_PUBLIC_PRIVATE,1b2a66f6ca3d62978bb77829003650ad1085d3f45ef821d976860e5f78d36b73,147,147,1,public language contains a checkable economic/state cue,False
7622a4ec83ecb02585abb70a67afd164da027eb1514e35747ede7f5adf935dc9,FACTUAL_PUBLIC_PRIVATE,1b2a66f6ca3d62978bb77829003650ad1085d3f45ef821d976860e5f78d36b73,151,151,1,public language contains a checkable economic/state cue,False
a32e887256c3754a93aba290c3af889d461338be1e09c8f85a8510208f8d928c,FACTUAL_PUBLIC_PRIVATE,1b2a66f6ca3d62978bb77829003650ad1085d3f45ef821d976860e5f78d36b73,152,152,1,public language contains a checkable economic/state cue,False
79e92e1a36c1943c6a307c5d4ad2115a784243f9a446878b811606c7c120b7b8,FACTUAL_PUBLIC_PRIVATE,1b2a66f6ca3d62978bb77829003650ad1085d3f45ef821d976860e5f78d36b73,152,152,1,public language contains a checkable economic/state cue,False
5fd68afb000ec612634bea188cccf6cef96bb2aa2bcfcc1965bb95225afa2bff,FACTUAL_PUBLIC_PRIVATE,1b2a66f6ca3d62978bb77829003650ad1085d3f45ef821d976860e5f78d36b73,153,153,1,public language contains a checkable economic/state cue,False
60d1d282cd022fc06003b9c3fe5bf8b74c30f38ec260c86ae559688121d56046,FACTUAL_PUBLIC_PRIVATE,1b2a66f6ca3d62978bb77829003650ad1085d3f45ef821d976860e5f78d36b73,153,153,1,public language contains a checkable economic/state cue,False
1df6ba58ee209fc4a2a9d049c650f62d321fbeaaa3ddcf986bb3d81b0d177cc1,FACTUAL_PUBLIC_PRIVATE,1b2a66f6ca3d62978bb77829003650ad1085d3f45ef821d976860e5f78d36b73,153,153,1,public language contains a checkable economic/state cue,False
3399ee11423bab0d635de3260bad186787d9c6e76badc8d15301055a701e0e49,FACTUAL_PUBLIC_PRIVATE,3cbbc09499c1275328c9c27a3ce1ca60b93581b17e87857d07d0a1ff41ab2b01,2,2,1,public language contains a checkable economic/state cue,False
d63bdb96da9067afb3e59e65b1356485c4e1edd0fa2d410bb0befecb27f410b8,FACTUAL_PUBLIC_PRIVATE,3cbbc09499c1275328c9c27a3ce1ca60b93581b17e87857d07d0a1ff41ab2b01,3,3,1,public language contains a checkable economic/state cue,False
044b8be38ccb94d2b03968cd295f7900c21103db19b33e603f4a2a4c2c8aeb15,FACTUAL_PUBLIC_PRIVATE,3cbbc09499c1275328c9c27a3ce1ca60b93581b17e87857d07d0a1ff41ab2b01,4,4,1,public language contains a checkable economic/state cue,False
2e1ea2ebcea0ccee2985fef0685267050d3fef60f64f18fb5b06a1934c140a17,FACTUAL_PUBLIC_PRIVATE,3cbbc09499c1275328c9c27a3ce1ca60b93581b17e87857d07d0a1ff41ab2b01,4,4,1,public language contains a checkable economic/state cue,False
55fc0ea17a6c3aae6d1eaed7236e2a21ca1f77af8fde8c8a6439808a0c834609,FACTUAL_PUBLIC_PRIVATE,3cbbc09499c1275328c9c27a3ce1ca60b93581b17e87857d07d0a1ff41ab2b01,4,4,1,public language contains a checkable economic/state cue,False
f168c9a6ebf1f256d8498bf32b4e932d168cb6380d146f1bc7433359e5cdbe13,FACTUAL_PUBLIC_PRIVATE,3cbbc09499c1275328c9c27a3ce1ca60b93581b17e87857d07d0a1ff41ab2b01,4,4,1,public language contains a checkable economic/state cue,False
dd9af8c7fb0ee5c08c9ccd8b85dff70443e1d9b6e138f0895b59beac41b2f072,FACTUAL_PUBLIC_PRIVATE,3cbbc09499c1275328c9c27a3ce1ca60b93581b17e87857d07d0a1ff41ab2b01,4,4,1,public language contains a checkable economic/state cue,False
a957c45803776326b59566d82f828c9210e934d88290898bd686cfdd947b41eb,FACTUAL_PUBLIC_PRIVATE,3cbbc09499c1275328c9c27a3ce1ca60b93581b17e87857d07d0a1ff41ab2b01,4,4,1,public language contains a checkable economic/state cue,False
0fcb895a3a2b652e95413db961ff1e168af150d4d18065cce94be564e3bf542a,FACTUAL_PUBLIC_PRIVATE,3cbbc09499c1275328c9c27a3ce1ca60b93581b17e87857d07d0a1ff41ab2b01,4,4,1,public language contains a checkable economic/state cue,False
d2c3f7355cef72a04c0d3522d68d4e8f21c10cf15d8740bcc91f2c65a10d8530,FACTUAL_PUBLIC_PRIVATE,3cbbc09499c1275328c9c27a3ce1ca60b93581b17e87857d07d0a1ff41ab2b01,4,4,1,public language contains a checkable economic/state cue,False
a3dc89391b527d90552788f9a78826c9b07d34a19e8feebf6662dd1dc0f07120,FACTUAL_PUBLIC_PRIVATE,3cbbc09499c1275328c9c27a3ce1ca60b93581b17e87857d07d0a1ff41ab2b01,4,4,1,public language contains a checkable economic/state cue,False
7ef2712632ab18985f9fc4a968913e2b7c9ccd91e3137e624b59543636283af5,FACTUAL_PUBLIC_PRIVATE,3cbbc09499c1275328c9c27a3ce1ca60b93581b17e87857d07d0a1ff41ab2b01,4,4,1,public language contains a checkable economic/state cue,False
7704e644b02ad4d78bc41c689a7a50741e7f86410db1351bd64961b232f143c9,FACTUAL_PUBLIC_PRIVATE,3cbbc09499c1275328c9c27a3ce1ca60b93581b17e87857d07d0a1ff41ab2b01,4,4,1,public language contains a checkable economic/state cue,False
bc5880df5f180dbd4a06eaecdfc7315b9d1af7ad18180d0982161ef66f7e73cd,FACTUAL_PUBLIC_PRIVATE,3cbbc09499c1275328c9c27a3ce1ca60b93581b17e87857d07d0a1ff41ab2b01,4,4,1,public language contains a checkable economic/state cue,False
40d9fb1e87efe092c187c1490257467f2ac265f36cf5c924950f425386b2dd97,FACTUAL_PUBLIC_PRIVATE,3cbbc09499c1275328c9c27a3ce1ca60b93581b17e87857d07d0a1ff41ab2b01,6,6,1,public language contains a checkable economic/state cue,False
4854b44f1598ec3bbe1f81ef36d3435c6081b43e1fa46c4731f40dba9adf46d3,FACTUAL_PUBLIC_PRIVATE,3cbbc09499c1275328c9c27a3ce1ca60b93581b17e87857d07d0a1ff41ab2b01,7,7,1,public language contains a checkable economic/state cue,False
3d8fac40980a6be91e62c3e7263e89c655e63819aa54695a2ddf99f8f43dfca8,FACTUAL_PUBLIC_PRIVATE,3cbbc09499c1275328c9c27a3ce1ca60b93581b17e87857d07d0a1ff41ab2b01,8,8,1,public language contains a checkable economic/state cue,False
74b58f07d51bb6cc54ebba51181ba534b73f5e941aa49c69c879e348bf973fb0,FACTUAL_PUBLIC_PRIVATE,3cbbc09499c1275328c9c27a3ce1ca60b93581b17e87857d07d0a1ff41ab2b01,8,8,1,public language contains a checkable economic/state cue,False
b940cac7b3d59f8df85d9e12674952937061939c908b1277c496fb11adb5ab46,FACTUAL_PUBLIC_PRIVATE,3cbbc09499c1275328c9c27a3ce1ca60b93581b17e87857d07d0a1ff41ab2b01,8,8,1,public language contains a checkable economic/state cue,False
a24158cddbc72cf60845aaf15134ac6dfe5c95c6e77fecaf4a14ca176b0b02f6,FACTUAL_PUBLIC_PRIVATE,3cbbc09499c1275328c9c27a3ce1ca60b93581b17e87857d07d0a1ff41ab2b01,8,8,1,public language contains a checkable economic/state cue,False
0380f37bea1fbeccf46b41f66b709ea4245fcdddf677495628127cb28ff39d9f,FACTUAL_PUBLIC_PRIVATE,3cbbc09499c1275328c9c27a3ce1ca60b93581b17e87857d07d0a1ff41ab2b01,8,8,1,public language contains a checkable economic/state cue,False
a917d98e2dddafd9497b30ceb2d2a469c9521106b3ee362f662521dfe3fa968b,FACTUAL_PUBLIC_PRIVATE,3cbbc09499c1275328c9c27a3ce1ca60b93581b17e87857d07d0a1ff41ab2b01,8,8,1,public language contains a checkable economic/state cue,False
5bc3fd7875791a46436d4867ac163ff58344ab4bc2643db00b1134f97dea9415,FACTUAL_PUBLIC_PRIVATE,3cbbc09499c1275328c9c27a3ce1ca60b93581b17e87857d07d0a1ff41ab2b01,12,12,1,public language contains a checkable economic/state cue,False
d82cf9e9a19c9e9d1357be25ee311cf2ed1f7729aa97bbe93e21813242fd2a0a,FACTUAL_PUBLIC_PRIVATE,3cbbc09499c1275328c9c27a3ce1ca60b93581b17e87857d07d0a1ff41ab2b01,12,12,1,public language contains a checkable economic/state cue,False
22273d7111f54a9537d7d5f7495d2aa6c0b6551f513f1606ad9e6dc7acc80ed5,FACTUAL_PUBLIC_PRIVATE,3cbbc09499c1275328c9c27a3ce1ca60b93581b17e87857d07d0a1ff41ab2b01,12,12,1,public language contains a checkable economic/state cue,False
ed1f57f5784a755d3986f0d1470ff840087c56849f44206abaa424a92fe70c78,FACTUAL_PUBLIC_PRIVATE,3cbbc09499c1275328c9c27a3ce1ca60b93581b17e87857d07d0a1ff41ab2b01,12,12,1,public language contains a checkable economic/state cue,False
2cd02330f4800f15e96311642f0a0cd0581951977bcc285b71017a3e7a97d09b,FACTUAL_PUBLIC_PRIVATE,3cbbc09499c1275328c9c27a3ce1ca60b93581b17e87857d07d0a1ff41ab2b01,12,12,1,public language contains a checkable economic/state cue,False
08ac6987fd932e792857faf876fb4b95889492c9fbc5b8eef526d65db8c730db,FACTUAL_PUBLIC_PRIVATE,3cbbc09499c1275328c9c27a3ce1ca60b93581b17e87857d07d0a1ff41ab2b01,12,12,1,public language contains a checkable economic/state cue,False
ddc10b03e6fc759bad02fd3a496fdac7800b2b81cee3c30f0db543805ae5e5d6,FACTUAL_PUBLIC_PRIVATE,3cbbc09499c1275328c9c27a3ce1ca60b93581b17e87857d07d0a1ff41ab2b01,12,12,1,public language contains a checkable economic/state cue,False
8a5cdde84bc962ac401b74db400bba1c679050808ed4cd1d5eb5117184861df3,FACTUAL_PUBLIC_PRIVATE,3cbbc09499c1275328c9c27a3ce1ca60b93581b17e87857d07d0a1ff41ab2b01,12,12,1,public language contains a checkable economic/state cue,False
cd0e269a0ddbd5e3a3d501cf6c2ff5cab1b327f999caee7399d1fac6dda02a94,FACTUAL_PUBLIC_PRIVATE,3cbbc09499c1275328c9c27a3ce1ca60b93581b17e87857d07d0a1ff41ab2b01,13,13,1,public language contains a checkable economic/state cue,False
9eaa69c0ad3f99c9b2ab3f9f5b9f7ab68399b8e3931f27a81b89f1dd93216d05,FACTUAL_PUBLIC_PRIVATE,3cbbc09499c1275328c9c27a3ce1ca60b93581b17e87857d07d0a1ff41ab2b01,14,14,1,public language contains a checkable economic/state cue,False
0531ec1710e985ba19b93510d44469c5f7b81b8dc111886dfdae7e8ac71d64e0,FACTUAL_PUBLIC_PRIVATE,3cbbc09499c1275328c9c27a3ce1ca60b93581b17e87857d07d0a1ff41ab2b01,15,15,1,public language contains a checkable economic/state cue,False
aa3f4961ef1201511470dbd81430981d9f315edf27036cd7c8679a31e8b2b52b,FACTUAL_PUBLIC_PRIVATE,3cbbc09499c1275328c9c27a3ce1ca60b93581b17e87857d07d0a1ff41ab2b01,16,16,1,public language contains a checkable economic/state cue,False
7955e32840e550bf92b915b1d0eb3729f44c2c32e7ef67647919c8f5bc3d5809,FACTUAL_PUBLIC_PRIVATE,3cbbc09499c1275328c9c27a3ce1ca60b93581b17e87857d07d0a1ff41ab2b01,16,16,1,public language contains a checkable economic/state cue,False
6f5381a927d08b51d605a1b238495c1019e0f0fa577528212dcb299da19c15b3,FACTUAL_PUBLIC_PRIVATE,3cbbc09499c1275328c9c27a3ce1ca60b93581b17e87857d07d0a1ff41ab2b01,16,16,1,public language contains a checkable economic/state cue,False
0de886c0acc8e7b7aae4d78e55904381bbc5e0ea8d3a77626946cef200f888a7,FACTUAL_PUBLIC_PRIVATE,3cbbc09499c1275328c9c27a3ce1ca60b93581b17e87857d07d0a1ff41ab2b01,16,16,1,public language contains a checkable economic/state cue,False
ebbbddd8ffdbc29fe8f7bc20281b2dc792b68e9e3591d1ca753b034baf9d8395,FACTUAL_PUBLIC_PRIVATE,3cbbc09499c1275328c9c27a3ce1ca60b93581b17e87857d07d0a1ff41ab2b01,16,16,1,public language contains a checkable economic/state cue,False
8fece8e893fb522bf8ed24b63fa64dbd980ad958a82119b196b2e6bfb5e67982,FACTUAL_PUBLIC_PRIVATE,3cbbc09499c1275328c9c27a3ce1ca60b93581b17e87857d07d0a1ff41ab2b01,16,16,1,public language contains a checkable economic/state cue,False
9a0da648c7f407c3c8b6a45cde8ed751d50763d1fbd55dc6d648867c388126c7,FACTUAL_PUBLIC_PRIVATE,3cbbc09499c1275328c9c27a3ce1ca60b93581b17e87857d07d0a1ff41ab2b01,16,16,1,public language contains a checkable economic/state cue,False
0dfbc626214a3ebf213e92d8fd0ef5ab06ed7d1530acc0f9b2c7f92235c7fe5d,FACTUAL_PUBLIC_PRIVATE,3cbbc09499c1275328c9c27a3ce1ca60b93581b17e87857d07d0a1ff41ab2b01,16,16,1,public language contains a checkable economic/state cue,False
520d2ed7abb7f6d39857520a428845efc17c86300672f2d0cef839f4af5ff827,FACTUAL_PUBLIC_PRIVATE,3cbbc09499c1275328c9c27a3ce1ca60b93581b17e87857d07d0a1ff41ab2b01,16,16,1,public language contains a checkable economic/state cue,False
61ff22627f9a4fc344c3486bf07b06a1cca93958fc68c9f723d82895480e6d37,FACTUAL_PUBLIC_PRIVATE,3cbbc09499c1275328c9c27a3ce1ca60b93581b17e87857d07d0a1ff41ab2b01,16,16,1,public language contains a checkable economic/state cue,False
e4a4ad4ace43fdb54f00cbf43bc8cb8e59c45b975ac9800a75e19240ce9ea61a,FACTUAL_PUBLIC_PRIVATE,3cbbc09499c1275328c9c27a3ce1ca60b93581b17e87857d07d0a1ff41ab2b01,18,18,1,public language contains a checkable economic/state cue,False
bc5fec24d970fdac7ec631321223d771f8b9eb8a43b719d07edc385474ec3644,FACTUAL_PUBLIC_PRIVATE,3cbbc09499c1275328c9c27a3ce1ca60b93581b17e87857d07d0a1ff41ab2b01,18,18,1,public language contains a checkable economic/state cue,False
0ec1cd184570139344423d2eec90212232df2af19cd75782f6957d188681931f,FACTUAL_PUBLIC_PRIVATE,3cbbc09499c1275328c9c27a3ce1ca60b93581b17e87857d07d0a1ff41ab2b01,20,20,1,public language contains a checkable economic/state cue,False
09c9f50f57b8e464e57f4b296479f484ae49995f8f67d36d3b69fa19466f4139,FACTUAL_PUBLIC_PRIVATE,3cbbc09499c1275328c9c27a3ce1ca60b93581b17e87857d07d0a1ff41ab2b01,20,20,1,public language contains a checkable economic/state cue,False
41494c2d14efb5abf8013b79a63d4e99e0a97ad96f23f5d6aa391fd565bc924d,FACTUAL_PUBLIC_PRIVATE,3cbbc09499c1275328c9c27a3ce1ca60b93581b17e87857d07d0a1ff41ab2b01,20,20,1,public language contains a checkable economic/state cue,False
2b2a19df2167c9c8c48a2a1afe9103440e07b752ef57ed441dd4f91583aa7b97,FACTUAL_PUBLIC_PRIVATE,3cbbc09499c1275328c9c27a3ce1ca60b93581b17e87857d07d0a1ff41ab2b01,20,20,1,public language contains a checkable economic/state cue,False
d698945c1f692b48f4f2b603a0ea47ec530a24093be03475ba24b00752700a5b,FACTUAL_PUBLIC_PRIVATE,3cbbc09499c1275328c9c27a3ce1ca60b93581b17e87857d07d0a1ff41ab2b01,20,20,1,public language contains a checkable economic/state cue,False
790777728af2f22ef567345cba740ed6cb8fb6f612c69c2ca2cb09f600be63a3,FACTUAL_PUBLIC_PRIVATE,3cbbc09499c1275328c9c27a3ce1ca60b93581b17e87857d07d0a1ff41ab2b01,20,20,1,public language contains a checkable economic/state cue,False
03c52c6e0ad97ff827917cbcc31337036ee12863a6268d3147498317d463684e,FACTUAL_PUBLIC_PRIVATE,3cbbc09499c1275328c9c27a3ce1ca60b93581b17e87857d07d0a1ff41ab2b01,20,20,1,public language contains a checkable economic/state cue,False
380182a55c940124e55522bb6528696083eb78a0b25357f5667062c18e37f6b2,FACTUAL_PUBLIC_PRIVATE,3cbbc09499c1275328c9c27a3ce1ca60b93581b17e87857d07d0a1ff41ab2b01,20,20,1,public language contains a checkable economic/state cue,False
76b1efa6c459e32f654d5f1c6cb19c39082abee6f1f7502f0955e1115e7dff5f,FACTUAL_PUBLIC_PRIVATE,3cbbc09499c1275328c9c27a3ce1ca60b93581b17e87857d07d0a1ff41ab2b01,20,20,1,public language contains a checkable economic/state cue,False
cb37f742c7d1a820e5c49e3350d1b0452476760a4284d81f6e08cf68ddf2a890,FACTUAL_PUBLIC_PRIVATE,3cbbc09499c1275328c9c27a3ce1ca60b93581b17e87857d07d0a1ff41ab2b01,20,20,1,public language contains a checkable economic/state cue,False
c5f5ce8b907cdcb64c7a069fceb18beee2d01a27ec137b306b8fccbc046bfea7,FACTUAL_PUBLIC_PRIVATE,3cbbc09499c1275328c9c27a3ce1ca60b93581b17e87857d07d0a1ff41ab2b01,20,20,1,public language contains a checkable economic/state cue,False
6e027fbf8d899817fb7396b8f7d782c7e5d472d20f9dbfebc239e543bdbbc47d,FACTUAL_PUBLIC_PRIVATE,3cbbc09499c1275328c9c27a3ce1ca60b93581b17e87857d07d0a1ff41ab2b01,21,21,1,public language contains a checkable economic/state cue,False
c4b027bc323ceb26278fa0e7cf7060d9ff86cf4d4ea2a56747119ef5224e1147,FACTUAL_PUBLIC_PRIVATE,3cbbc09499c1275328c9c27a3ce1ca60b93581b17e87857d07d0a1ff41ab2b01,21,21,1,public language contains a checkable economic/state cue,False
4b4c1cf72d0a64b56c75ca9486d12044aab6d0fd35e931fc207ac48acc5837e0,FACTUAL_PUBLIC_PRIVATE,3cbbc09499c1275328c9c27a3ce1ca60b93581b17e87857d07d0a1ff41ab2b01,21,21,1,public language contains a checkable economic/state cue,False
3b10a0103108dfd6411fc9a05b09d1fe79cd7eb033eabedff8f13e56ebaf4205,FACTUAL_PUBLIC_PRIVATE,3cbbc09499c1275328c9c27a3ce1ca60b93581b17e87857d07d0a1ff41ab2b01,21,21,1,public language contains a checkable economic/state cue,False
9bac71f0152ca3207b2a7004d544022c0f6f612e284f8fc5f5be9ff52aad70bf,FACTUAL_PUBLIC_PRIVATE,3cbbc09499c1275328c9c27a3ce1ca60b93581b17e87857d07d0a1ff41ab2b01,21,21,1,public language contains a checkable economic/state cue,False
26c2a547f815f3df01ef4948350c2288ff34dad548745def5c03ced4927c1a2d,FACTUAL_PUBLIC_PRIVATE,3cbbc09499c1275328c9c27a3ce1ca60b93581b17e87857d07d0a1ff41ab2b01,21,21,1,public language contains a checkable economic/state cue,False
e835dcd016aa505519d5b855fb71dcc8f24a6046f49cc0010fa85820e47ae548,FACTUAL_PUBLIC_PRIVATE,3cbbc09499c1275328c9c27a3ce1ca60b93581b17e87857d07d0a1ff41ab2b01,21,21,1,public language contains a checkable economic/state cue,False
d17a8e77e51d9400b5827d9235fefb3e4d3108aebdb998589c5b7992e29ed859,FACTUAL_PUBLIC_PRIVATE,3cbbc09499c1275328c9c27a3ce1ca60b93581b17e87857d07d0a1ff41ab2b01,21,21,1,public language contains a checkable economic/state cue,False
7ad722e6f70a5df995e28d1559860554e6ed0b2ae7c410ca11fe90269b7a5bd5,FACTUAL_PUBLIC_PRIVATE,3cbbc09499c1275328c9c27a3ce1ca60b93581b17e87857d07d0a1ff41ab2b01,22,22,1,public language contains a checkable economic/state cue,False
4dc8a8c082459f69f126633e4ced4f7009429d98f7866d1cfc1be58a9e875025,FACTUAL_PUBLIC_PRIVATE,3cbbc09499c1275328c9c27a3ce1ca60b93581b17e87857d07d0a1ff41ab2b01,23,23,1,public language contains a checkable economic/state cue,False
8f68ea77eb7ec4fadcb4194524d6adf34113945530ad78478b7222f05478ed88,FACTUAL_PUBLIC_PRIVATE,3cbbc09499c1275328c9c27a3ce1ca60b93581b17e87857d07d0a1ff41ab2b01,23,23,1,public language contains a checkable economic/state cue,False
7f92620fb4ac62fffdb14124fc8e8148d4eda5cd42aefb11e46d4c9b81577fc3,FACTUAL_PUBLIC_PRIVATE,3cbbc09499c1275328c9c27a3ce1ca60b93581b17e87857d07d0a1ff41ab2b01,24,24,1,public language contains a checkable economic/state cue,False
d33d46a70710f932b2061cffa68793c76eb5ad0588fefed0b627f9cd8966ee14,FACTUAL_PUBLIC_PRIVATE,3cbbc09499c1275328c9c27a3ce1ca60b93581b17e87857d07d0a1ff41ab2b01,26,26,1,public language contains a checkable economic/state cue,False
b6d62410e91509e4e7f709433ec79dac7624005e48b3cf760eb7b63b4b068c40,FACTUAL_PUBLIC_PRIVATE,3cbbc09499c1275328c9c27a3ce1ca60b93581b17e87857d07d0a1ff41ab2b01,26,26,1,public language contains a checkable economic/state cue,False
adcfc9a33ca56745efb4535fb4e250d02f849015341b137da01325e6c66adb2f,FACTUAL_PUBLIC_PRIVATE,3cbbc09499c1275328c9c27a3ce1ca60b93581b17e87857d07d0a1ff41ab2b01,26,26,1,public language contains a checkable economic/state cue,False
010308c7d2da400ebe2e38b04c1176a9d80727ccf9444b7f23118f14614f7d54,FACTUAL_PUBLIC_PRIVATE,3cbbc09499c1275328c9c27a3ce1ca60b93581b17e87857d07d0a1ff41ab2b01,30,30,1,public language contains a checkable economic/state cue,False
2367a239fa818979288646c6b78d73ac97080cc2ec06707811238155f4a9ee51,FACTUAL_PUBLIC_PRIVATE,3cbbc09499c1275328c9c27a3ce1ca60b93581b17e87857d07d0a1ff41ab2b01,30,30,1,public language contains a checkable economic/state cue,False
3fc4cb09ada7b7aea2bf2a1529f4095fb788f0aeb4a1b1ec1da78af88ee33a5f,FACTUAL_PUBLIC_PRIVATE,3cbbc09499c1275328c9c27a3ce1ca60b93581b17e87857d07d0a1ff41ab2b01,30,30,1,public language contains a checkable economic/state cue,False
8410346c321c6e0d5fe70bae683de0a1b86e24cb35a26f6a4b016e3d216458ad,FACTUAL_PUBLIC_PRIVATE,3cbbc09499c1275328c9c27a3ce1ca60b93581b17e87857d07d0a1ff41ab2b01,30,30,1,public language contains a checkable economic/state cue,False
e52a4b7e6d7c0db4003a4b8fb6a69003142b1554d4fa355ef1634762afc51ec8,FACTUAL_PUBLIC_PRIVATE,3cbbc09499c1275328c9c27a3ce1ca60b93581b17e87857d07d0a1ff41ab2b01,30,30,1,public language contains a checkable economic/state cue,False
51991e8f0c05183ac14f6652cc072987fc31bcfcc792a4bc369736b70c614d2e,FACTUAL_PUBLIC_PRIVATE,3cbbc09499c1275328c9c27a3ce1ca60b93581b17e87857d07d0a1ff41ab2b01,30,30,1,public language contains a checkable economic/state cue,False
52c5f713d08fe460f1cbd1f6ce821ff9f26d3df38badc08b79a5ac65d2efb5f4,FACTUAL_PUBLIC_PRIVATE,3cbbc09499c1275328c9c27a3ce1ca60b93581b17e87857d07d0a1ff41ab2b01,30,30,1,public language contains a checkable economic/state cue,False
242a39094838a4a9c090e2fb57a55d16aa14bc1c4ed03930f4ddedae76fb969b,FACTUAL_PUBLIC_PRIVATE,3cbbc09499c1275328c9c27a3ce1ca60b93581b17e87857d07d0a1ff41ab2b01,30,30,1,public language contains a checkable economic/state cue,False
a10ae04000a5ba56e3e0014c5eea883efbb731ff925932c776af366fb28060d2,FACTUAL_PUBLIC_PRIVATE,3cbbc09499c1275328c9c27a3ce1ca60b93581b17e87857d07d0a1ff41ab2b01,30,30,1,public language contains a checkable economic/state cue,False
8a191a1a45251fde8d22be90a49a5326f3ff9c0764eef2b56ed208c6c5b143f8,FACTUAL_PUBLIC_PRIVATE,3cbbc09499c1275328c9c27a3ce1ca60b93581b17e87857d07d0a1ff41ab2b01,31,31,1,public language contains a checkable economic/state cue,False
d23b876d8aab353ecd3cd6a774dfe94615af530af5a08030650ed47e8947ef77,FACTUAL_PUBLIC_PRIVATE,3cbbc09499c1275328c9c27a3ce1ca60b93581b17e87857d07d0a1ff41ab2b01,31,31,1,public language contains a checkable economic/state cue,False
b577a7290647175be6911103d98ae0f7135ce0bfb64003ef68813afffebb260f,FACTUAL_PUBLIC_PRIVATE,3cbbc09499c1275328c9c27a3ce1ca60b93581b17e87857d07d0a1ff41ab2b01,31,31,1,public language contains a checkable economic/state cue,False
432babb85ce22e4a6f7c2ec74189d1ffdccfd94bf23c6a5c362ac3deda3ad20a,FACTUAL_PUBLIC_PRIVATE,3cbbc09499c1275328c9c27a3ce1ca60b93581b17e87857d07d0a1ff41ab2b01,31,31,1,public language contains a checkable economic/state cue,False
057266e2a1becca80596bbb4f7fe7b074f489bed78b9c60bac7605864a02017c,FACTUAL_PUBLIC_PRIVATE,3cbbc09499c1275328c9c27a3ce1ca60b93581b17e87857d07d0a1ff41ab2b01,31,31,1,public language contains a checkable economic/state cue,False
2435439838ded1ddeb5aa517541e8bbe2e0010896e501ae5f8ce1a526d3780a6,FACTUAL_PUBLIC_PRIVATE,3cbbc09499c1275328c9c27a3ce1ca60b93581b17e87857d07d0a1ff41ab2b01,35,35,1,public language contains a checkable economic/state cue,False
a88398e18451e72405ebc5831112a8eb59c6092dcebc07fa1ad0145d3bfb3e79,FACTUAL_PUBLIC_PRIVATE,3cbbc09499c1275328c9c27a3ce1ca60b93581b17e87857d07d0a1ff41ab2b01,39,39,1,public language contains a checkable economic/state cue,False
1720a4dd46798aea8d9f2c559b28c4dd326d60d4ac5cef2fbe6de95d5aededed,FACTUAL_PUBLIC_PRIVATE,3cbbc09499c1275328c9c27a3ce1ca60b93581b17e87857d07d0a1ff41ab2b01,39,39,1,public language contains a checkable economic/state cue,False
b42a91524111cd5475f55f023dbd23406c2e229660183919f294eb770507fbb1,FACTUAL_PUBLIC_PRIVATE,3cbbc09499c1275328c9c27a3ce1ca60b93581b17e87857d07d0a1ff41ab2b01,43,43,1,public language contains a checkable economic/state cue,False
9d9f8b4dfad9b9a2f2c31855902370994f8d4a0f90c0c18d6d714d835d12c965,FACTUAL_PUBLIC_PRIVATE,3cbbc09499c1275328c9c27a3ce1ca60b93581b17e87857d07d0a1ff41ab2b01,43,43,1,public language contains a checkable economic/state cue,False
a82430227ebcd2efd974861f2ef7d479afb4a61b9e29a19afc93da9279d9861e,FACTUAL_PUBLIC_PRIVATE,3cbbc09499c1275328c9c27a3ce1ca60b93581b17e87857d07d0a1ff41ab2b01,43,43,1,public language contains a checkable economic/state cue,False
5315420a8bfe16c025fba18c97cc850848d16ea46bc57dd2bffa4b683e4e5b42,FACTUAL_PUBLIC_PRIVATE,3cbbc09499c1275328c9c27a3ce1ca60b93581b17e87857d07d0a1ff41ab2b01,43,43,1,public language contains a checkable economic/state cue,False
4978d8a6e2228b056ba56438bfe87d46dc40953a69e75065f2a3c3f2c308c421,FACTUAL_PUBLIC_PRIVATE,3cbbc09499c1275328c9c27a3ce1ca60b93581b17e87857d07d0a1ff41ab2b01,43,43,1,public language contains a checkable economic/state cue,False
0829be378b041e40af49dd07f51e23f80c311c9b07a5162cebfcf6a8bb1e891b,FACTUAL_PUBLIC_PRIVATE,3cbbc09499c1275328c9c27a3ce1ca60b93581b17e87857d07d0a1ff41ab2b01,43,43,1,public language contains a checkable economic/state cue,False
8bc852eca8985c79b07e8ed511250d5c5f7e86481cdadea53953c2654b616adb,FACTUAL_PUBLIC_PRIVATE,3cbbc09499c1275328c9c27a3ce1ca60b93581b17e87857d07d0a1ff41ab2b01,44,44,1,public language contains a checkable economic/state cue,False
22e059fc6838fdf9cea0fd70c5813aeb32a60bb1456bd36374384c35cf79f228,FACTUAL_PUBLIC_PRIVATE,3cbbc09499c1275328c9c27a3ce1ca60b93581b17e87857d07d0a1ff41ab2b01,47,47,1,public language contains a checkable economic/state cue,False
8c2255cf7d5a97a52825a6afb00aa6b341f1cfe40f8615c96bfcf90fcaeae797,FACTUAL_PUBLIC_PRIVATE,3cbbc09499c1275328c9c27a3ce1ca60b93581b17e87857d07d0a1ff41ab2b01,47,47,1,public language contains a checkable economic/state cue,False
1a566213646ed2e5d613a75459d2d9278e6d38814e9d9c624371d9fa33ee1d00,FACTUAL_PUBLIC_PRIVATE,3cbbc09499c1275328c9c27a3ce1ca60b93581b17e87857d07d0a1ff41ab2b01,47,47,1,public language contains a checkable economic/state cue,False
b87e2dd0fd645280dfa81c1c6ea6894810923ed1844bb4e49c10cc38368e6d8c,FACTUAL_PUBLIC_PRIVATE,3cbbc09499c1275328c9c27a3ce1ca60b93581b17e87857d07d0a1ff41ab2b01,47,47,1,public language contains a checkable economic/state cue,False
3902a40fbfd26f4ac1910958e5eaa2ed6ad3e07de88eaa712efa13d1d60c1a27,FACTUAL_PUBLIC_PRIVATE,3cbbc09499c1275328c9c27a3ce1ca60b93581b17e87857d07d0a1ff41ab2b01,47,47,1,public language contains a checkable economic/state cue,False
97969969d2cc619c7cefc8a3a80daa74e0d291234d93dcc1b0358ed1666ca09b,FACTUAL_PUBLIC_PRIVATE,3cbbc09499c1275328c9c27a3ce1ca60b93581b17e87857d07d0a1ff41ab2b01,52,52,1,public language contains a checkable economic/state cue,False
35399faae5e3d3ff8c0e74b93162d6054c51686a2c7bf5ec702cb0df8388ae2c,FACTUAL_PUBLIC_PRIVATE,3cbbc09499c1275328c9c27a3ce1ca60b93581b17e87857d07d0a1ff41ab2b01,52,52,1,public language contains a checkable economic/state cue,False
9ba1cd4bda766ef6a7c8dd5daf7e7021ddf8040be826c099a8e8eafa280b1eb1,FACTUAL_PUBLIC_PRIVATE,3cbbc09499c1275328c9c27a3ce1ca60b93581b17e87857d07d0a1ff41ab2b01,52,52,1,public language contains a checkable economic/state cue,False
11cf44f5c526c5eb1166b66f09415e3a4fe8bfabfad8c037b01f9222785fb4ba,FACTUAL_PUBLIC_PRIVATE,3cbbc09499c1275328c9c27a3ce1ca60b93581b17e87857d07d0a1ff41ab2b01,52,52,1,public language contains a checkable economic/state cue,False
90dd33d62641cca13be6396b8a0574f91ec79f603469056d8fff67f417b17a36,FACTUAL_PUBLIC_PRIVATE,3cbbc09499c1275328c9c27a3ce1ca60b93581b17e87857d07d0a1ff41ab2b01,52,52,1,public language contains a checkable economic/state cue,False
cc8f700de858372427177ae9fdea68f4a75cd5e7709c05cf6d1d40ee373f8282,FACTUAL_PUBLIC_PRIVATE,3cbbc09499c1275328c9c27a3ce1ca60b93581b17e87857d07d0a1ff41ab2b01,52,52,1,public language contains a checkable economic/state cue,False
5e3a4338eaba5aa023fb03bc665fc63fa42b7c5c732ea98b1bb086763e2c7fe9,FACTUAL_PUBLIC_PRIVATE,3cbbc09499c1275328c9c27a3ce1ca60b93581b17e87857d07d0a1ff41ab2b01,53,53,1,public language contains a checkable economic/state cue,False
55afd8ee0c652c4806aba8849824fd6acf0169c940dc2d3358feca169762d484,FACTUAL_PUBLIC_PRIVATE,3cbbc09499c1275328c9c27a3ce1ca60b93581b17e87857d07d0a1ff41ab2b01,57,57,1,public language contains a checkable economic/state cue,False
5403a0c80d7b254ed6ed3a1df42a0d0e4d34c9e4023e1f9824751b786ccdc7bb,FACTUAL_PUBLIC_PRIVATE,3cbbc09499c1275328c9c27a3ce1ca60b93581b17e87857d07d0a1ff41ab2b01,57,57,1,public language contains a checkable economic/state cue,False
7c5ca450e4fc97f5dea1773886fa0b3387057bcb9113b3a08740dad1e5b9320b,FACTUAL_PUBLIC_PRIVATE,3cbbc09499c1275328c9c27a3ce1ca60b93581b17e87857d07d0a1ff41ab2b01,57,57,1,public language contains a checkable economic/state cue,False
9337ef992bcf3e4cb2892e51f721449f1e900164e9f2eea6508e76617aa8d0cc,FACTUAL_PUBLIC_PRIVATE,3cbbc09499c1275328c9c27a3ce1ca60b93581b17e87857d07d0a1ff41ab2b01,57,57,1,public language contains a checkable economic/state cue,False
4db46fd04a994d23566b1569b17e8ab8637b7e7832d1d8b98c501d39fa635170,FACTUAL_PUBLIC_PRIVATE,3cbbc09499c1275328c9c27a3ce1ca60b93581b17e87857d07d0a1ff41ab2b01,57,57,1,public language contains a checkable economic/state cue,False
aed7a182db6111f77da999722a2642078904a2bfb7917497ea5fd1eab54e6ab5,FACTUAL_PUBLIC_PRIVATE,3cbbc09499c1275328c9c27a3ce1ca60b93581b17e87857d07d0a1ff41ab2b01,62,62,1,public language contains a checkable economic/state cue,False
70533edb40e089d456f2476c3918b358d57cdd2bc6f06c9dfafe4c3885c2d76c,FACTUAL_PUBLIC_PRIVATE,3cbbc09499c1275328c9c27a3ce1ca60b93581b17e87857d07d0a1ff41ab2b01,62,62,1,public language contains a checkable economic/state cue,False
fe73c7c7556ffae12a98facf0e3ddceb04d57f93fdf4d827a95359014d21c573,FACTUAL_PUBLIC_PRIVATE,3cbbc09499c1275328c9c27a3ce1ca60b93581b17e87857d07d0a1ff41ab2b01,62,62,1,public language contains a checkable economic/state cue,False
94b42fd4c805efa5900dd978df3c8b548173fe497ac92465967fb977678725c1,FACTUAL_PUBLIC_PRIVATE,3cbbc09499c1275328c9c27a3ce1ca60b93581b17e87857d07d0a1ff41ab2b01,62,62,1,public language contains a checkable economic/state cue,False
c85f450f040ee4398ff2a2d32e7e2ef1ea5089e0302904cc473bb7889369f9a7,FACTUAL_PUBLIC_PRIVATE,3cbbc09499c1275328c9c27a3ce1ca60b93581b17e87857d07d0a1ff41ab2b01,62,62,1,public language contains a checkable economic/state cue,False
4b4754dd12172966b62cda39fc7a718c7dcee11f1dc5c97e8d0db1fb91277ebe,FACTUAL_PUBLIC_PRIVATE,3cbbc09499c1275328c9c27a3ce1ca60b93581b17e87857d07d0a1ff41ab2b01,62,62,1,public language contains a checkable economic/state cue,False
024abe112fd5a2bce95f0c69f37c9a275fc4b26c792e0d59949ccbc742094f99,FACTUAL_PUBLIC_PRIVATE,3cbbc09499c1275328c9c27a3ce1ca60b93581b17e87857d07d0a1ff41ab2b01,62,62,1,public language contains a checkable economic/state cue,False
38b3aa7757e0e5ff7d2ea58be3d7be97cf2f91fd614bc1f6c20428f550c64829,FACTUAL_PUBLIC_PRIVATE,3cbbc09499c1275328c9c27a3ce1ca60b93581b17e87857d07d0a1ff41ab2b01,62,62,1,public language contains a checkable economic/state cue,False
f46572c60ddcc7cafc686d71d398b984d4ee12785e909b60b7b2c7d249e9e7ba,FACTUAL_PUBLIC_PRIVATE,3cbbc09499c1275328c9c27a3ce1ca60b93581b17e87857d07d0a1ff41ab2b01,62,62,1,public language contains a checkable economic/state cue,False
bea7b882d8a409ddecb594e4a6c4e67deae75852e83b639714d59e0936582260,FACTUAL_PUBLIC_PRIVATE,3cbbc09499c1275328c9c27a3ce1ca60b93581b17e87857d07d0a1ff41ab2b01,62,62,1,public language contains a checkable economic/state cue,False
66b2ca979dbe64e429b9e1f98cd71d466eaad3cd4b8243685e86cf09cacfbf7a,FACTUAL_PUBLIC_PRIVATE,3cbbc09499c1275328c9c27a3ce1ca60b93581b17e87857d07d0a1ff41ab2b01,62,62,1,public language contains a checkable economic/state cue,False
571c88065453dca5a37af063468a66f6ee52d1280103ee1a1218ae2629c5c668,FACTUAL_PUBLIC_PRIVATE,3cbbc09499c1275328c9c27a3ce1ca60b93581b17e87857d07d0a1ff41ab2b01,62,62,1,public language contains a checkable economic/state cue,False
5ec22b8cf22872ccff18cf2b4df1bc6e0b3445e8c0b4a89b384552948ff69688,FACTUAL_PUBLIC_PRIVATE,3cbbc09499c1275328c9c27a3ce1ca60b93581b17e87857d07d0a1ff41ab2b01,66,66,1,public language contains a checkable economic/state cue,False
fbd1b4519608e076149940133ea157761ae92ed9712919e5ea1aa504e62d5c26,FACTUAL_PUBLIC_PRIVATE,3cbbc09499c1275328c9c27a3ce1ca60b93581b17e87857d07d0a1ff41ab2b01,66,66,1,public language contains a checkable economic/state cue,False
c435b1a3dde8ab1311fdcac1aad12c2aa28bb6d5be14fec8bfc1f8d87986b03e,FACTUAL_PUBLIC_PRIVATE,3cbbc09499c1275328c9c27a3ce1ca60b93581b17e87857d07d0a1ff41ab2b01,66,66,1,public language contains a checkable economic/state cue,False
97dfa4ffe0d1bf4cccc01ee6d7af39835dabe05e90f3bd639d8a5e0b2a2ce78e,FACTUAL_PUBLIC_PRIVATE,3cbbc09499c1275328c9c27a3ce1ca60b93581b17e87857d07d0a1ff41ab2b01,66,66,1,public language contains a checkable economic/state cue,False
f82f5b950cdaaafe51de1ec43ca58b55f1a475e36a91c6c8e70124c9a49c4058,FACTUAL_PUBLIC_PRIVATE,3cbbc09499c1275328c9c27a3ce1ca60b93581b17e87857d07d0a1ff41ab2b01,67,67,1,public language contains a checkable economic/state cue,False
9b557cf97549354b74227f1728da113d084e4c91d32a5c7320b56b2a12a9906f,FACTUAL_PUBLIC_PRIVATE,3cbbc09499c1275328c9c27a3ce1ca60b93581b17e87857d07d0a1ff41ab2b01,67,67,1,public language contains a checkable economic/state cue,False
fd5abafda70289ee6414ef1b6c4b0ff105458b1553f469bc5a8d4b1502832d13,FACTUAL_PUBLIC_PRIVATE,3cbbc09499c1275328c9c27a3ce1ca60b93581b17e87857d07d0a1ff41ab2b01,67,67,1,public language contains a checkable economic/state cue,False
c1a426f44ea5bdf2206608260dbd5a0d0e3f4395be2379fd50d9dfceffc7742a,FACTUAL_PUBLIC_PRIVATE,3cbbc09499c1275328c9c27a3ce1ca60b93581b17e87857d07d0a1ff41ab2b01,67,67,1,public language contains a checkable economic/state cue,False
2c0efc436817dd4587791f0fcb91148150d6cd020459b6027f275b0565382624,FACTUAL_PUBLIC_PRIVATE,3cbbc09499c1275328c9c27a3ce1ca60b93581b17e87857d07d0a1ff41ab2b01,73,73,1,public language contains a checkable economic/state cue,False
d645ca8e12a3851625d776664d3513a670cc9c52585e63bb91c3b8eaec39e135,FACTUAL_PUBLIC_PRIVATE,3cbbc09499c1275328c9c27a3ce1ca60b93581b17e87857d07d0a1ff41ab2b01,73,73,1,public language contains a checkable economic/state cue,False
e8b15a23ad979538c6d1c842be829efc25d57e0a4418320b59aca07aafa607cc,FACTUAL_PUBLIC_PRIVATE,3cbbc09499c1275328c9c27a3ce1ca60b93581b17e87857d07d0a1ff41ab2b01,73,73,1,public language contains a checkable economic/state cue,False
996149ca3273e0a9b7592d2f18c4d22c419af3aef7a51ae1d7cac8b8db99759c,FACTUAL_PUBLIC_PRIVATE,3cbbc09499c1275328c9c27a3ce1ca60b93581b17e87857d07d0a1ff41ab2b01,73,73,1,public language contains a checkable economic/state cue,False
84bc0777a77e5a8e2d1d44e53eed4343e072f02c44e006b00a13475d424de354,FACTUAL_PUBLIC_PRIVATE,3cbbc09499c1275328c9c27a3ce1ca60b93581b17e87857d07d0a1ff41ab2b01,73,73,1,public language contains a checkable economic/state cue,False
4e99bf8f1ef9186155bc8e74f2aef3c90b8a590a1275db81c4fbdf9a15f2d718,FACTUAL_PUBLIC_PRIVATE,3cbbc09499c1275328c9c27a3ce1ca60b93581b17e87857d07d0a1ff41ab2b01,73,73,1,public language contains a checkable economic/state cue,False
09103dca160cb4173ae47a36756aa064aff1aad665325113393abc07ab170315,FACTUAL_PUBLIC_PRIVATE,3cbbc09499c1275328c9c27a3ce1ca60b93581b17e87857d07d0a1ff41ab2b01,73,73,1,public language contains a checkable economic/state cue,False
f11791542044ae226aec3521ba950d0a93a8ce7f0daf29f3d5ab2122223e594c,FACTUAL_PUBLIC_PRIVATE,3cbbc09499c1275328c9c27a3ce1ca60b93581b17e87857d07d0a1ff41ab2b01,73,73,1,public language contains a checkable economic/state cue,False
b509d6ef82bea76004d77ac04f7e37025483c5c3933255699201103dcd3bde10,FACTUAL_PUBLIC_PRIVATE,3cbbc09499c1275328c9c27a3ce1ca60b93581b17e87857d07d0a1ff41ab2b01,73,73,1,public language contains a checkable economic/state cue,False
6faa75e399e01d0c427d48d5a4811df889dca32ccedb3aaee6bf533921640a25,FACTUAL_PUBLIC_PRIVATE,3cbbc09499c1275328c9c27a3ce1ca60b93581b17e87857d07d0a1ff41ab2b01,73,73,1,public language contains a checkable economic/state cue,False
34166a5180505c28e8caa128d78a35e760c5425b98794b6581a12e28efe5fa8c,FACTUAL_PUBLIC_PRIVATE,3cbbc09499c1275328c9c27a3ce1ca60b93581b17e87857d07d0a1ff41ab2b01,73,73,1,public language contains a checkable economic/state cue,False
b6fc04a63fefe3210d00016888264ebd66edc0e0dc8835c87dbe14619f4ccf8f,FACTUAL_PUBLIC_PRIVATE,3cbbc09499c1275328c9c27a3ce1ca60b93581b17e87857d07d0a1ff41ab2b01,73,73,1,public language contains a checkable economic/state cue,False
bdfc3d03405be815ed9888966ff962a332d1d920bf649c13313553f76614cd45,FACTUAL_PUBLIC_PRIVATE,3cbbc09499c1275328c9c27a3ce1ca60b93581b17e87857d07d0a1ff41ab2b01,73,73,1,public language contains a checkable economic/state cue,False
70ec87c7c1296499b346734ebb9aad1f9791ac32afd9f9874290df6c6b810486,FACTUAL_PUBLIC_PRIVATE,3cbbc09499c1275328c9c27a3ce1ca60b93581b17e87857d07d0a1ff41ab2b01,73,73,1,public language contains a checkable economic/state cue,False
f5c12a808599f1b2b73e601903e9901d965ab6506dbd8d8166d2cd97d3b2d50b,FACTUAL_PUBLIC_PRIVATE,3cbbc09499c1275328c9c27a3ce1ca60b93581b17e87857d07d0a1ff41ab2b01,73,73,1,public language contains a checkable economic/state cue,False
2f06bead7a17ce86a675de8bf40b78c32550d50a7ee98dc0ffed781487708901,FACTUAL_PUBLIC_PRIVATE,3cbbc09499c1275328c9c27a3ce1ca60b93581b17e87857d07d0a1ff41ab2b01,73,73,1,public language contains a checkable economic/state cue,False
823a6e5548806b4ffa5f6609823b82748cf32314448da5f0d5f5f437c624081c,FACTUAL_PUBLIC_PRIVATE,3cbbc09499c1275328c9c27a3ce1ca60b93581b17e87857d07d0a1ff41ab2b01,73,73,1,public language contains a checkable economic/state cue,False
72849ad1a3fa57c06606d2b39e901a565d64ea49efad0c73718770c3b9499389,FACTUAL_PUBLIC_PRIVATE,3cbbc09499c1275328c9c27a3ce1ca60b93581b17e87857d07d0a1ff41ab2b01,73,73,1,public language contains a checkable economic/state cue,False
d176094701ed0d2c94d130f8b29bc09251a1a0463bb6e36a4a2f274ee62b8ac5,FACTUAL_PUBLIC_PRIVATE,3cbbc09499c1275328c9c27a3ce1ca60b93581b17e87857d07d0a1ff41ab2b01,73,73,1,public language contains a checkable economic/state cue,False
081cc93233281a3be4042e765e9665d45aa964777008458d2849a5d85af60779,FACTUAL_PUBLIC_PRIVATE,3cbbc09499c1275328c9c27a3ce1ca60b93581b17e87857d07d0a1ff41ab2b01,73,73,1,public language contains a checkable economic/state cue,False
1e15b32859eef82d7d8283c698969e9ff09f0d1b222bd3e88c332ccb9417e47d,FACTUAL_PUBLIC_PRIVATE,3cbbc09499c1275328c9c27a3ce1ca60b93581b17e87857d07d0a1ff41ab2b01,73,73,1,public language contains a checkable economic/state cue,False
b2458d875a1333ed81ce067853c108f5db443dbd25c3eecdacae5cda321b0aa1,FACTUAL_PUBLIC_PRIVATE,3cbbc09499c1275328c9c27a3ce1ca60b93581b17e87857d07d0a1ff41ab2b01,73,73,1,public language contains a checkable economic/state cue,False
a79d67278c91e0488de1b2d2849ba3146708a9ad3991fba4aee3f8201f23aded,FACTUAL_PUBLIC_PRIVATE,3cbbc09499c1275328c9c27a3ce1ca60b93581b17e87857d07d0a1ff41ab2b01,73,73,1,public language contains a checkable economic/state cue,False
5b8a966bcad5bbdc6fb7d7f3973a680dc5b0103acf7773611b7327e2681b8043,FACTUAL_PUBLIC_PRIVATE,3cbbc09499c1275328c9c27a3ce1ca60b93581b17e87857d07d0a1ff41ab2b01,77,77,1,public language contains a checkable economic/state cue,False
9ec0866121c149176baf0bc2400fcd5728f1c05e05a88c2978cd601ed20de766,FACTUAL_PUBLIC_PRIVATE,3cbbc09499c1275328c9c27a3ce1ca60b93581b17e87857d07d0a1ff41ab2b01,77,77,1,public language contains a checkable economic/state cue,False
af353b50836b1521b10d009454c3301151781d8325c9f9042205914eecb05788,FACTUAL_PUBLIC_PRIVATE,3cbbc09499c1275328c9c27a3ce1ca60b93581b17e87857d07d0a1ff41ab2b01,77,77,1,public language contains a checkable economic/state cue,False
132216b2f4c966ef4b28563eee42d155506a5cd9285bb5fba86b53490c616679,FACTUAL_PUBLIC_PRIVATE,3cbbc09499c1275328c9c27a3ce1ca60b93581b17e87857d07d0a1ff41ab2b01,77,77,1,public language contains a checkable economic/state cue,False
e4656c6130dfb39d6167ce7da84004803ada01250f699ccb42797fc04ef85219,FACTUAL_PUBLIC_PRIVATE,3cbbc09499c1275328c9c27a3ce1ca60b93581b17e87857d07d0a1ff41ab2b01,77,77,1,public language contains a checkable economic/state cue,False
4f92e392668ac2aacc7c5e7a30bf37ae6fb3c8d8dcc939549f60c256b960a43e,FACTUAL_PUBLIC_PRIVATE,3cbbc09499c1275328c9c27a3ce1ca60b93581b17e87857d07d0a1ff41ab2b01,77,77,1,public language contains a checkable economic/state cue,False
b6b29bec7b57accf455c9406adc7e8f15a84e558f25e54993dc1a47f964657c4,FACTUAL_PUBLIC_PRIVATE,3cbbc09499c1275328c9c27a3ce1ca60b93581b17e87857d07d0a1ff41ab2b01,77,77,1,public language contains a checkable economic/state cue,False
a33a1a3dab313e8384c34adb7d1ac5f8b76b4552d7b8be912fb9ccee155b728b,FACTUAL_PUBLIC_PRIVATE,3cbbc09499c1275328c9c27a3ce1ca60b93581b17e87857d07d0a1ff41ab2b01,77,77,1,public language contains a checkable economic/state cue,False
556c53ea61f7e3c22ff799fb8ddef8d8e8967acd35764f99762355e3e5e3ba33,FACTUAL_PUBLIC_PRIVATE,3cbbc09499c1275328c9c27a3ce1ca60b93581b17e87857d07d0a1ff41ab2b01,77,77,1,public language contains a checkable economic/state cue,False
cad61e0347f911df75c17be612bf37a34a99fc45d7d81ad7321756275f9d5f0f,FACTUAL_PUBLIC_PRIVATE,3cbbc09499c1275328c9c27a3ce1ca60b93581b17e87857d07d0a1ff41ab2b01,77,77,1,public language contains a checkable economic/state cue,False
f4902fc86baad410103111329b3f0f7b2acc274bb98b583a1325791bb80c480b,FACTUAL_PUBLIC_PRIVATE,3cbbc09499c1275328c9c27a3ce1ca60b93581b17e87857d07d0a1ff41ab2b01,77,77,1,public language contains a checkable economic/state cue,False
d3bc3e0088ac0784583a901ae00163e699ffe4b5fd4b0cf6434927bd28ad71d6,FACTUAL_PUBLIC_PRIVATE,3cbbc09499c1275328c9c27a3ce1ca60b93581b17e87857d07d0a1ff41ab2b01,77,77,1,public language contains a checkable economic/state cue,False
c38dea7579f4e10dd2777d75d60c91b59c60887906cdb1d9ea8f6924e84733e2,FACTUAL_PUBLIC_PRIVATE,3cbbc09499c1275328c9c27a3ce1ca60b93581b17e87857d07d0a1ff41ab2b01,77,77,1,public language contains a checkable economic/state cue,False
75bc676a699c3b4b3cf0c594c4659f75501ba8073c20b7e7c14e4d2db56ea923,FACTUAL_PUBLIC_PRIVATE,3cbbc09499c1275328c9c27a3ce1ca60b93581b17e87857d07d0a1ff41ab2b01,77,77,1,public language contains a checkable economic/state cue,False
999b9acf3c85a0e8f0fb09b8a33d9ee0eae9b83643b74458d90fe35c2b5c7f2c,FACTUAL_PUBLIC_PRIVATE,3cbbc09499c1275328c9c27a3ce1ca60b93581b17e87857d07d0a1ff41ab2b01,77,77,1,public language contains a checkable economic/state cue,False
8b3c750424bf78e28101590d7901fc90d560919d27acb76bf63046f67896aecb,FACTUAL_PUBLIC_PRIVATE,3cbbc09499c1275328c9c27a3ce1ca60b93581b17e87857d07d0a1ff41ab2b01,80,80,1,public language contains a checkable economic/state cue,False
796c84180bf237057f2a7791c3cf8064db6db24132d2eed2a9d6de899408de50,FACTUAL_PUBLIC_PRIVATE,3cbbc09499c1275328c9c27a3ce1ca60b93581b17e87857d07d0a1ff41ab2b01,80,80,1,public language contains a checkable economic/state cue,False
dea5fe4b6034588e6cda757ecbf76256c295c61660dad262bbf8713aeae5047a,FACTUAL_PUBLIC_PRIVATE,3cbbc09499c1275328c9c27a3ce1ca60b93581b17e87857d07d0a1ff41ab2b01,81,81,1,public language contains a checkable economic/state cue,False
c79632ebc018018ec85a85d023374c886dc57ccc6b583ca59d5b1a422f94f992,FACTUAL_PUBLIC_PRIVATE,3cbbc09499c1275328c9c27a3ce1ca60b93581b17e87857d07d0a1ff41ab2b01,82,82,1,public language contains a checkable economic/state cue,False
aaa6011089741178c63169207756d486e4263442e36ce896544de5c1a065d9b6,FACTUAL_PUBLIC_PRIVATE,3cbbc09499c1275328c9c27a3ce1ca60b93581b17e87857d07d0a1ff41ab2b01,82,82,1,public language contains a checkable economic/state cue,False
4153087adddede335224be4e0758c355e65a7f92c0baa720375d3b1e64729fd8,FACTUAL_PUBLIC_PRIVATE,3cbbc09499c1275328c9c27a3ce1ca60b93581b17e87857d07d0a1ff41ab2b01,82,82,1,public language contains a checkable economic/state cue,False
712d622e52011512f3530f6a23eb2b07bc9e10b9cd7ccd7472f8a3e0706bfd16,FACTUAL_PUBLIC_PRIVATE,3cbbc09499c1275328c9c27a3ce1ca60b93581b17e87857d07d0a1ff41ab2b01,82,82,1,public language contains a checkable economic/state cue,False
75f4f6255e34c93bc471035253a05fb2d41489e80531017908205746feb3b3aa,FACTUAL_PUBLIC_PRIVATE,3cbbc09499c1275328c9c27a3ce1ca60b93581b17e87857d07d0a1ff41ab2b01,82,82,1,public language contains a checkable economic/state cue,False
b3c1caf5218afaa70efefa2b7fc095cb96a8c478d41b359165f64e55b6861b63,FACTUAL_PUBLIC_PRIVATE,3cbbc09499c1275328c9c27a3ce1ca60b93581b17e87857d07d0a1ff41ab2b01,82,82,1,public language contains a checkable economic/state cue,False
224d7fbb9db95dd89a3dfb2676a7b4733028b96795b2d5475cf74fb5d0341ac5,FACTUAL_PUBLIC_PRIVATE,3cbbc09499c1275328c9c27a3ce1ca60b93581b17e87857d07d0a1ff41ab2b01,82,82,1,public language contains a checkable economic/state cue,False
46dae21b9c4ea52326e2bed97004715d01331897b94677de4951a842ad7155e3,FACTUAL_PUBLIC_PRIVATE,3cbbc09499c1275328c9c27a3ce1ca60b93581b17e87857d07d0a1ff41ab2b01,82,82,1,public language contains a checkable economic/state cue,False
e39fca71d14f6c2e8eb7e7c2dea758f13021298ee2925e51669a3b04494e46bf,FACTUAL_PUBLIC_PRIVATE,3cbbc09499c1275328c9c27a3ce1ca60b93581b17e87857d07d0a1ff41ab2b01,82,82,1,public language contains a checkable economic/state cue,False
d3114e648fc874d9101d8890360a96af48565a44373a10bd8a91c80fe3ce2be0,FACTUAL_PUBLIC_PRIVATE,3cbbc09499c1275328c9c27a3ce1ca60b93581b17e87857d07d0a1ff41ab2b01,82,82,1,public language contains a checkable economic/state cue,False
313d4eac5b7fc81e2fe5b93088dc90564d47814504034d1c53bdc70c9a9d6cb8,FACTUAL_PUBLIC_PRIVATE,3cbbc09499c1275328c9c27a3ce1ca60b93581b17e87857d07d0a1ff41ab2b01,83,83,1,public language contains a checkable economic/state cue,False
1e3da1b90fe01b857842f67e844bf1e4d8e90a2418311a20e384780b528572cd,FACTUAL_PUBLIC_PRIVATE,3cbbc09499c1275328c9c27a3ce1ca60b93581b17e87857d07d0a1ff41ab2b01,84,84,1,public language contains a checkable economic/state cue,False
6f361b4578b654d5e79a0397e9fabd828826670d097607d314ed2bed060dee3d,FACTUAL_PUBLIC_PRIVATE,3cbbc09499c1275328c9c27a3ce1ca60b93581b17e87857d07d0a1ff41ab2b01,85,85,1,public language contains a checkable economic/state cue,False
6c5f51c8fd8f3ff30a98c1ddec20fb95e934989ed8b5c8e3088147ca00837425,FACTUAL_PUBLIC_PRIVATE,3cbbc09499c1275328c9c27a3ce1ca60b93581b17e87857d07d0a1ff41ab2b01,86,86,1,public language contains a checkable economic/state cue,False
32af7982194940c7c783ab8742b6c1f6ca8c9fda77b07806f100ae9c73299739,FACTUAL_PUBLIC_PRIVATE,3cbbc09499c1275328c9c27a3ce1ca60b93581b17e87857d07d0a1ff41ab2b01,86,86,1,public language contains a checkable economic/state cue,False
fb7c0ac33b36c559fdfde3b61553ab837c494a876a3bd0e58b214a134428152e,FACTUAL_PUBLIC_PRIVATE,3cbbc09499c1275328c9c27a3ce1ca60b93581b17e87857d07d0a1ff41ab2b01,86,86,1,public language contains a checkable economic/state cue,False
6ea123858878bd7a54b98758c78bcca96fe048cca64f42c1526dbc4836122e23,FACTUAL_PUBLIC_PRIVATE,3cbbc09499c1275328c9c27a3ce1ca60b93581b17e87857d07d0a1ff41ab2b01,86,86,1,public language contains a checkable economic/state cue,False
b50652f6665715159677137628eccf892198993948af46be286357673145bdb6,FACTUAL_PUBLIC_PRIVATE,3cbbc09499c1275328c9c27a3ce1ca60b93581b17e87857d07d0a1ff41ab2b01,86,86,1,public language contains a checkable economic/state cue,False
4fa952421c2d3792bc0400ed351d87ab1686a0e2584923afdda6e8747d0b697b,FACTUAL_PUBLIC_PRIVATE,3cbbc09499c1275328c9c27a3ce1ca60b93581b17e87857d07d0a1ff41ab2b01,86,86,1,public language contains a checkable economic/state cue,False
d04c468b903bd6d128dce825b1f062654a70e1a0f8ad3ab6e9feabcfd3a55221,FACTUAL_PUBLIC_PRIVATE,3cbbc09499c1275328c9c27a3ce1ca60b93581b17e87857d07d0a1ff41ab2b01,86,86,1,public language contains a checkable economic/state cue,False
48b5ff935840f67134bc66387c851101a6b4e6e9ab4a51623d233833d6b71619,FACTUAL_PUBLIC_PRIVATE,3cbbc09499c1275328c9c27a3ce1ca60b93581b17e87857d07d0a1ff41ab2b01,86,86,1,public language contains a checkable economic/state cue,False
8da71274fffa18974e5e7840f0d618922891fe9b96dd23526ae13bb293e8733f,FACTUAL_PUBLIC_PRIVATE,3cbbc09499c1275328c9c27a3ce1ca60b93581b17e87857d07d0a1ff41ab2b01,86,86,1,public language contains a checkable economic/state cue,False
8efd6b8886b166327be1992c33860cad8d5556f316a18be7ffed4ff6aca14cdb,FACTUAL_PUBLIC_PRIVATE,3cbbc09499c1275328c9c27a3ce1ca60b93581b17e87857d07d0a1ff41ab2b01,86,86,1,public language contains a checkable economic/state cue,False
e9608377035c56166ddcdc7dba40467d22f123f3de08ded0f028fce02cff5e27,FACTUAL_PUBLIC_PRIVATE,3cbbc09499c1275328c9c27a3ce1ca60b93581b17e87857d07d0a1ff41ab2b01,86,86,1,public language contains a checkable economic/state cue,False
3fa98db3db1a64197964bcf153437d0b4d7f232a3bea99451100a2e7ddd63c9f,FACTUAL_PUBLIC_PRIVATE,3cbbc09499c1275328c9c27a3ce1ca60b93581b17e87857d07d0a1ff41ab2b01,86,86,1,public language contains a checkable economic/state cue,False
1ac5a6a3025d1870ae92201f4d42ced481c477fa3297a06a2bd84d6c9a408a39,FACTUAL_PUBLIC_PRIVATE,3cbbc09499c1275328c9c27a3ce1ca60b93581b17e87857d07d0a1ff41ab2b01,86,86,1,public language contains a checkable economic/state cue,False
9cc622547eb1da8cbeecc54623e8a8f065b774596160dcb06328c6ed5b02c59d,FACTUAL_PUBLIC_PRIVATE,3cbbc09499c1275328c9c27a3ce1ca60b93581b17e87857d07d0a1ff41ab2b01,86,86,1,public language contains a checkable economic/state cue,False
f0271dc81087ce14f2313659e00d800113344fca6d5a4d42b8d4fd481abf3c0b,FACTUAL_PUBLIC_PRIVATE,3cbbc09499c1275328c9c27a3ce1ca60b93581b17e87857d07d0a1ff41ab2b01,86,86,1,public language contains a checkable economic/state cue,False
e548acb89e979a34b4d6d15d8b3ae705d4cb812a932472f2ff7809f0ab160ba7,FACTUAL_PUBLIC_PRIVATE,3cbbc09499c1275328c9c27a3ce1ca60b93581b17e87857d07d0a1ff41ab2b01,86,86,1,public language contains a checkable economic/state cue,False
657778b81fc2e96c42e64e4871c920ac682ac4fa71644c1fbe1c0b1b4a979748,FACTUAL_PUBLIC_PRIVATE,3cbbc09499c1275328c9c27a3ce1ca60b93581b17e87857d07d0a1ff41ab2b01,90,90,1,public language contains a checkable economic/state cue,False
93eb80fb187afc3ba8f170700f3a84d6f261dca137647374e54dc4a6af1d3888,FACTUAL_PUBLIC_PRIVATE,3cbbc09499c1275328c9c27a3ce1ca60b93581b17e87857d07d0a1ff41ab2b01,90,90,1,public language contains a checkable economic/state cue,False
127977e743a6cec8c7f0c19b7f16b9b6e29e74114f8ee67362cac6442f3539ed,FACTUAL_PUBLIC_PRIVATE,3cbbc09499c1275328c9c27a3ce1ca60b93581b17e87857d07d0a1ff41ab2b01,92,92,1,public language contains a checkable economic/state cue,False
c22531d7cb321d04e0d4c5d2c0bd511e76500f2a7e904deab84186b5590b1509,FACTUAL_PUBLIC_PRIVATE,3cbbc09499c1275328c9c27a3ce1ca60b93581b17e87857d07d0a1ff41ab2b01,92,92,1,public language contains a checkable economic/state cue,False
70f3918863b595bb74239c579ffe756f59a53d2df9f8508593f19ec06873b863,FACTUAL_PUBLIC_PRIVATE,3cbbc09499c1275328c9c27a3ce1ca60b93581b17e87857d07d0a1ff41ab2b01,94,94,1,public language contains a checkable economic/state cue,False
5fdba5949db608bc4e4d0c64470ab3afaa073e1180b26f665c3eff9cf05adca4,FACTUAL_PUBLIC_PRIVATE,3cbbc09499c1275328c9c27a3ce1ca60b93581b17e87857d07d0a1ff41ab2b01,94,94,1,public language contains a checkable economic/state cue,False
f8d51f8ea80fb40a47bfe648a4b19f3ba2abf81abeecc1412a830ddc0289eac9,FACTUAL_PUBLIC_PRIVATE,3cbbc09499c1275328c9c27a3ce1ca60b93581b17e87857d07d0a1ff41ab2b01,94,94,1,public language contains a checkable economic/state cue,False
c103610b0478cd1db9e0273b51d057c59478519573c4aa7cdf652adeff72032c,FACTUAL_PUBLIC_PRIVATE,3cbbc09499c1275328c9c27a3ce1ca60b93581b17e87857d07d0a1ff41ab2b01,95,95,1,public language contains a checkable economic/state cue,False
36013c36eac3667a9545e83dcd4f8f4cf0480529a4debd6357dfbe754ea88b2f,FACTUAL_PUBLIC_PRIVATE,3cbbc09499c1275328c9c27a3ce1ca60b93581b17e87857d07d0a1ff41ab2b01,95,95,1,public language contains a checkable economic/state cue,False
4351076e8f8649d418910b0dfc345cf15a85eea15a6fd19ef65ed2d48b4fbd94,FACTUAL_PUBLIC_PRIVATE,3cbbc09499c1275328c9c27a3ce1ca60b93581b17e87857d07d0a1ff41ab2b01,98,98,1,public language contains a checkable economic/state cue,False
7cf2afdcee922f7087e31c69ae783e309732591016ed16000c1980ca1ff955fa,FACTUAL_PUBLIC_PRIVATE,3cbbc09499c1275328c9c27a3ce1ca60b93581b17e87857d07d0a1ff41ab2b01,98,98,1,public language contains a checkable economic/state cue,False
271dd0f6bd87003114bf861ec1215764361db18e536a0d59ed988808bfd97381,FACTUAL_PUBLIC_PRIVATE,3cbbc09499c1275328c9c27a3ce1ca60b93581b17e87857d07d0a1ff41ab2b01,98,98,1,public language contains a checkable economic/state cue,False
409e430227bfc1cf99a804385734e9527fef7f5372ce7d7e3b9c8045c879a5da,FACTUAL_PUBLIC_PRIVATE,3cbbc09499c1275328c9c27a3ce1ca60b93581b17e87857d07d0a1ff41ab2b01,98,98,1,public language contains a checkable economic/state cue,False
63cbf06f7e6a4d1d6c7003daca8c2b8910ae710ec3df3ae849aef33f1b884632,FACTUAL_PUBLIC_PRIVATE,3cbbc09499c1275328c9c27a3ce1ca60b93581b17e87857d07d0a1ff41ab2b01,98,98,1,public language contains a checkable economic/state cue,False
37508fe319500faea21d26652ea61d520267d249499796dbb7497502bfdbf136,FACTUAL_PUBLIC_PRIVATE,3cbbc09499c1275328c9c27a3ce1ca60b93581b17e87857d07d0a1ff41ab2b01,100,100,1,public language contains a checkable economic/state cue,False
e220e461c84c9421588710fcc9f5ac390eb8e6d9cad1faeda75a93a055d30a00,FACTUAL_PUBLIC_PRIVATE,3cbbc09499c1275328c9c27a3ce1ca60b93581b17e87857d07d0a1ff41ab2b01,101,101,1,public language contains a checkable economic/state cue,False
c0d92b658e4de2f3abae11111fd3bed4b289cd7b560d399a236a6966a43e6e7d,FACTUAL_PUBLIC_PRIVATE,3cbbc09499c1275328c9c27a3ce1ca60b93581b17e87857d07d0a1ff41ab2b01,102,102,1,public language contains a checkable economic/state cue,False
0861aef1a336d7a9a852d3496328b51555b8311badedd45c1f58d190db3acdaf,FACTUAL_PUBLIC_PRIVATE,3cbbc09499c1275328c9c27a3ce1ca60b93581b17e87857d07d0a1ff41ab2b01,103,103,1,public language contains a checkable economic/state cue,False
475536f1cc49b1a8f2277abecbf7c6a91f4ef877bbcd0c30c4e8eb505bb4605a,FACTUAL_PUBLIC_PRIVATE,3cbbc09499c1275328c9c27a3ce1ca60b93581b17e87857d07d0a1ff41ab2b01,103,103,1,public language contains a checkable economic/state cue,False
78474d21ceef9c45144da5f2a2dbaa68210f71d3b254a9fe23204eca3729cd00,FACTUAL_PUBLIC_PRIVATE,3cbbc09499c1275328c9c27a3ce1ca60b93581b17e87857d07d0a1ff41ab2b01,103,103,1,public language contains a checkable economic/state cue,False
f180ecfdc5dca3f070d902b2f8e5754af9ce9b89e26d063897d99e7b0297bfaa,FACTUAL_PUBLIC_PRIVATE,3cbbc09499c1275328c9c27a3ce1ca60b93581b17e87857d07d0a1ff41ab2b01,103,103,1,public language contains a checkable economic/state cue,False
6abbff3d0eb36e234d98495bf49d259ac3c7162ed07ffa85b7f4daa50a17729f,FACTUAL_PUBLIC_PRIVATE,3cbbc09499c1275328c9c27a3ce1ca60b93581b17e87857d07d0a1ff41ab2b01,103,103,1,public language contains a checkable economic/state cue,False
24ffaa47487c16d20fc581937e31b2b0544f38c9484d7db10ca526a95ec6b0c7,FACTUAL_PUBLIC_PRIVATE,3cbbc09499c1275328c9c27a3ce1ca60b93581b17e87857d07d0a1ff41ab2b01,103,103,1,public language contains a checkable economic/state cue,False
8576a79efe346ae18f7dd9143f6332e8b06850f63319eee64acc98421d4ffb03,FACTUAL_PUBLIC_PRIVATE,3cbbc09499c1275328c9c27a3ce1ca60b93581b17e87857d07d0a1ff41ab2b01,103,103,1,public language contains a checkable economic/state cue,False
51b20009862078534cafcabf286eeb4d91e949522373f7876484b603ebec255f,FACTUAL_PUBLIC_PRIVATE,3cbbc09499c1275328c9c27a3ce1ca60b93581b17e87857d07d0a1ff41ab2b01,103,103,1,public language contains a checkable economic/state cue,False
0330bdd562c3d4b4160a653fac3f525fab8dbba77c513761513d3a04099f975c,FACTUAL_PUBLIC_PRIVATE,3cbbc09499c1275328c9c27a3ce1ca60b93581b17e87857d07d0a1ff41ab2b01,104,104,1,public language contains a checkable economic/state cue,False
08383c4f944a800433a0dd9092005c7ce1077c8287b6550d0916b59b3bcd35ea,FACTUAL_PUBLIC_PRIVATE,3cbbc09499c1275328c9c27a3ce1ca60b93581b17e87857d07d0a1ff41ab2b01,105,105,1,public language contains a checkable economic/state cue,False
78b1d9d53abfca2e9985a8ecb238fdb793e53ff2e3b6df060dd51790de31b475,FACTUAL_PUBLIC_PRIVATE,3cbbc09499c1275328c9c27a3ce1ca60b93581b17e87857d07d0a1ff41ab2b01,106,106,1,public language contains a checkable economic/state cue,False
1800727212ffc6a2ba3ad96295abc15b80040d997ecec7ef859d4c06bf6675c0,FACTUAL_PUBLIC_PRIVATE,3cbbc09499c1275328c9c27a3ce1ca60b93581b17e87857d07d0a1ff41ab2b01,112,112,1,public language contains a checkable economic/state cue,False
901e093ed57115075c2496945bbd5a43c861e2c5c933832affe8097f58203fdf,FACTUAL_PUBLIC_PRIVATE,3cbbc09499c1275328c9c27a3ce1ca60b93581b17e87857d07d0a1ff41ab2b01,114,114,1,public language contains a checkable economic/state cue,False
c7ec6713f518dfdda668971af233b17dd0698c9675853115aefbfeff24c45119,FACTUAL_PUBLIC_PRIVATE,840335b51c3164c1d4c0f8f76b1960024e1a5f4396206890a248d6841c84f8b0,0,0,1,public language contains a checkable economic/state cue,False
1826c6c36c6d47ad12e60ba2975378759683a79952f5e3a2bf9632559b3877ae,FACTUAL_PUBLIC_PRIVATE,840335b51c3164c1d4c0f8f76b1960024e1a5f4396206890a248d6841c84f8b0,1,1,1,public language contains a checkable economic/state cue,False
7c56d8f6d01bb815a8ec54833bef5100e89d535827a619032f1e461effc33c76,FACTUAL_PUBLIC_PRIVATE,840335b51c3164c1d4c0f8f76b1960024e1a5f4396206890a248d6841c84f8b0,5,5,1,public language contains a checkable economic/state cue,False
4507b1f43e09710d5b9f162b0cba571987b78cefb30450ac8123e2e5041c328e,FACTUAL_PUBLIC_PRIVATE,840335b51c3164c1d4c0f8f76b1960024e1a5f4396206890a248d6841c84f8b0,5,5,1,public language contains a checkable economic/state cue,False
ea78940b6cc67d050b43846b7126a1cc4b4f733d745bbe7f09a8f1b295bcf2eb,FACTUAL_PUBLIC_PRIVATE,840335b51c3164c1d4c0f8f76b1960024e1a5f4396206890a248d6841c84f8b0,5,5,1,public language contains a checkable economic/state cue,False
965486e5b83a1d6aff0385437c6d29469f40213b594aa4c6649727edd0b0f4ac,FACTUAL_PUBLIC_PRIVATE,840335b51c3164c1d4c0f8f76b1960024e1a5f4396206890a248d6841c84f8b0,5,5,1,public language contains a checkable economic/state cue,False
713fa976bdf7b1d8b3d27712c7608c3cd4b3aff1174c323986d3f61fdc1f43fb,FACTUAL_PUBLIC_PRIVATE,840335b51c3164c1d4c0f8f76b1960024e1a5f4396206890a248d6841c84f8b0,5,5,1,public language contains a checkable economic/state cue,False
cbe54f87352a063728c04e4604563da0f3c8139f757f68a94e01944bce69e357,FACTUAL_PUBLIC_PRIVATE,840335b51c3164c1d4c0f8f76b1960024e1a5f4396206890a248d6841c84f8b0,5,5,1,public language contains a checkable economic/state cue,False
9007a4f589531e134831a2ae4f5945a91cfaac734bf44cfc711abf4327d2c40d,FACTUAL_PUBLIC_PRIVATE,840335b51c3164c1d4c0f8f76b1960024e1a5f4396206890a248d6841c84f8b0,6,6,1,public language contains a checkable economic/state cue,False
436820526ddb367693cdd38b099dd5ad136be2a9db123bfe34cff9d3d6d98620,FACTUAL_PUBLIC_PRIVATE,840335b51c3164c1d4c0f8f76b1960024e1a5f4396206890a248d6841c84f8b0,7,7,1,public language contains a checkable economic/state cue,False
e78fb1610c5bfa656ccd8ea9b708d341d8c296824c777172801e6d82d07d63ad,FACTUAL_PUBLIC_PRIVATE,840335b51c3164c1d4c0f8f76b1960024e1a5f4396206890a248d6841c84f8b0,7,7,1,public language contains a checkable economic/state cue,False
f29200d9f7b318c67a4d5cfdd8f5864e6bccb1152e57ec2c236fc5043d3d4436,FACTUAL_PUBLIC_PRIVATE,840335b51c3164c1d4c0f8f76b1960024e1a5f4396206890a248d6841c84f8b0,9,9,1,public language contains a checkable economic/state cue,False
e84d8981d3f85f18b95d6930bd19dd0e390420ab484fe5cfeffad9a0031a8b10,FACTUAL_PUBLIC_PRIVATE,840335b51c3164c1d4c0f8f76b1960024e1a5f4396206890a248d6841c84f8b0,9,9,1,public language contains a checkable economic/state cue,False
58779fe3a07109b26ce5a26a82948b5ea934aca26eafdf40529c0e175a4b9f5f,FACTUAL_PUBLIC_PRIVATE,840335b51c3164c1d4c0f8f76b1960024e1a5f4396206890a248d6841c84f8b0,10,10,1,public language contains a checkable economic/state cue,False
86f24285e065f5e07f20021ab0aace4bf0f8af1aa7e280508de180ce2763e67c,FACTUAL_PUBLIC_PRIVATE,840335b51c3164c1d4c0f8f76b1960024e1a5f4396206890a248d6841c84f8b0,10,10,1,public language contains a checkable economic/state cue,False
bb8fae97b7c1d08f0797119447b34de81505e325d2f9220310d67e3efe8ed447,FACTUAL_PUBLIC_PRIVATE,840335b51c3164c1d4c0f8f76b1960024e1a5f4396206890a248d6841c84f8b0,10,10,1,public language contains a checkable economic/state cue,False
f124aab13b5e333cbbcdad2466c8a6352b63c6057c9ef1247d481e3dfc541700,FACTUAL_PUBLIC_PRIVATE,840335b51c3164c1d4c0f8f76b1960024e1a5f4396206890a248d6841c84f8b0,10,10,1,public language contains a checkable economic/state cue,False
e260b3e912d3e87f895df699156e9ff1b20fe0c698f2cba886c0899981cddea3,FACTUAL_PUBLIC_PRIVATE,840335b51c3164c1d4c0f8f76b1960024e1a5f4396206890a248d6841c84f8b0,10,10,1,public language contains a checkable economic/state cue,False
5425e0e16ea05c3eef3690605b0935eab33af5c5e4417dab98c2f3ec0df5d63a,FACTUAL_PUBLIC_PRIVATE,840335b51c3164c1d4c0f8f76b1960024e1a5f4396206890a248d6841c84f8b0,10,10,1,public language contains a checkable economic/state cue,True
f7f74d9f5daf4abf66e31fb574e4ab58541a8ff2e6d10c7c1d4caa9b64547070,FACTUAL_PUBLIC_PRIVATE,840335b51c3164c1d4c0f8f76b1960024e1a5f4396206890a248d6841c84f8b0,10,10,1,public language contains a checkable economic/state cue,False
06c546806a7656acd6b5d561f03c378af8a4c85d6aff10ffdb3b2eedc3a74108,FACTUAL_PUBLIC_PRIVATE,840335b51c3164c1d4c0f8f76b1960024e1a5f4396206890a248d6841c84f8b0,10,10,1,public language contains a checkable economic/state cue,False
735c87f19eda7c532a3769a5b1a30534dd4923ae6ab94cc0d2fc28368e7f6b52,FACTUAL_PUBLIC_PRIVATE,840335b51c3164c1d4c0f8f76b1960024e1a5f4396206890a248d6841c84f8b0,10,10,1,public language contains a checkable economic/state cue,False
493df0f9dc3c19196938b6f068e7a160c80342b1eef178dc93a0986b8682b27a,FACTUAL_PUBLIC_PRIVATE,840335b51c3164c1d4c0f8f76b1960024e1a5f4396206890a248d6841c84f8b0,10,10,1,public language contains a checkable economic/state cue,False
c79d63abf175baa308ee277ebc31db9ee292a38beb65d8b4d5e14fceaf3a0e46,FACTUAL_PUBLIC_PRIVATE,840335b51c3164c1d4c0f8f76b1960024e1a5f4396206890a248d6841c84f8b0,10,10,1,public language contains a checkable economic/state cue,False
8cd47a5efeb7c36aa6147315c7aa43d00dbd22848e6b20aef68867b32c252db9,FACTUAL_PUBLIC_PRIVATE,840335b51c3164c1d4c0f8f76b1960024e1a5f4396206890a248d6841c84f8b0,10,10,1,public language contains a checkable economic/state cue,False
949f9c2e6a325ffc56bbe8a8c0f4d253f7dc620a99c89e6ee17e9c6044a786bb,FACTUAL_PUBLIC_PRIVATE,840335b51c3164c1d4c0f8f76b1960024e1a5f4396206890a248d6841c84f8b0,13,13,1,public language contains a checkable economic/state cue,False
f9242e35b987f1727595421e608863b4838c12d8a73847badfce6f8e46bb9c36,FACTUAL_PUBLIC_PRIVATE,840335b51c3164c1d4c0f8f76b1960024e1a5f4396206890a248d6841c84f8b0,13,13,1,public language contains a checkable economic/state cue,False
d25036f96fd1aeb0d73c20972545a1f54a02ef4f0e1849114de6212141f16df1,FACTUAL_PUBLIC_PRIVATE,840335b51c3164c1d4c0f8f76b1960024e1a5f4396206890a248d6841c84f8b0,14,14,1,public language contains a checkable economic/state cue,False
88a1aa929ea11f339a33c820124849ae0cae86e31a3de3cb0b1ee64f217b0ea0,FACTUAL_PUBLIC_PRIVATE,840335b51c3164c1d4c0f8f76b1960024e1a5f4396206890a248d6841c84f8b0,14,14,1,public language contains a checkable economic/state cue,False
34db3577014db8f3abfa41450131ac60d45dd628b480c43031cf3344058a97f7,FACTUAL_PUBLIC_PRIVATE,840335b51c3164c1d4c0f8f76b1960024e1a5f4396206890a248d6841c84f8b0,15,15,1,public language contains a checkable economic/state cue,False
4aec462c6774f17d51e6a4948fcc1194abf5572306804378985fe0dfb9fc3793,FACTUAL_PUBLIC_PRIVATE,840335b51c3164c1d4c0f8f76b1960024e1a5f4396206890a248d6841c84f8b0,16,16,1,public language contains a checkable economic/state cue,False
388ea1fd09682803633c5db16cd9e344f575b1876e44c614709b7ffe4a6c6e8f,FACTUAL_PUBLIC_PRIVATE,840335b51c3164c1d4c0f8f76b1960024e1a5f4396206890a248d6841c84f8b0,16,16,1,public language contains a checkable economic/state cue,False
2471a0eeb7ad4f13cc31f3a6ab45d9b7aaffbe58fb88f71a7e09b915424897e0,FACTUAL_PUBLIC_PRIVATE,840335b51c3164c1d4c0f8f76b1960024e1a5f4396206890a248d6841c84f8b0,16,16,1,public language contains a checkable economic/state cue,False
a4ddd76391a69e936858ea67fbf117ab0a19983a829ed8ba711dbfcd6749c9d1,FACTUAL_PUBLIC_PRIVATE,840335b51c3164c1d4c0f8f76b1960024e1a5f4396206890a248d6841c84f8b0,16,16,1,public language contains a checkable economic/state cue,False
9a4f7c782083a94b974b8d0d6a8853ae25f5f5d0eb8ec757f187c6e480a40039,FACTUAL_PUBLIC_PRIVATE,840335b51c3164c1d4c0f8f76b1960024e1a5f4396206890a248d6841c84f8b0,16,16,1,public language contains a checkable economic/state cue,False
6c7c9a4d559ea08962cc6a56573fd90c7572304f84b434a933f043e96772c7bb,FACTUAL_PUBLIC_PRIVATE,840335b51c3164c1d4c0f8f76b1960024e1a5f4396206890a248d6841c84f8b0,16,16,1,public language contains a checkable economic/state cue,False
05def5a370c0af62af5fe0ac5674f99ba97211e628eed8c27cbe341143ba60d3,FACTUAL_PUBLIC_PRIVATE,840335b51c3164c1d4c0f8f76b1960024e1a5f4396206890a248d6841c84f8b0,16,16,1,public language contains a checkable economic/state cue,False
9127d5e8297f5ccb211368a65b0541fadb7fed65d1ea6955ff8f2310728db38c,FACTUAL_PUBLIC_PRIVATE,840335b51c3164c1d4c0f8f76b1960024e1a5f4396206890a248d6841c84f8b0,16,16,1,public language contains a checkable economic/state cue,False
20f013bb78ce2f58474ebc2bd6b4ada7df87ee4997987f1d5b03ce8d85685363,FACTUAL_PUBLIC_PRIVATE,840335b51c3164c1d4c0f8f76b1960024e1a5f4396206890a248d6841c84f8b0,16,16,1,public language contains a checkable economic/state cue,False
1181b0d46fcef4da8f80921bafd0b1d5fc014967a78b2d091b498afab80b652e,FACTUAL_PUBLIC_PRIVATE,840335b51c3164c1d4c0f8f76b1960024e1a5f4396206890a248d6841c84f8b0,16,16,1,public language contains a checkable economic/state cue,False
e50bf9c4928ec6f581872381dbf65ffbac1a2978b4dcc866da907fb9652c97a0,FACTUAL_PUBLIC_PRIVATE,840335b51c3164c1d4c0f8f76b1960024e1a5f4396206890a248d6841c84f8b0,20,20,1,public language contains a checkable economic/state cue,False
537471aab95edd5d4aa972154672cd6d50a7cd90420b29c27ec03d2f8770d5d8,FACTUAL_PUBLIC_PRIVATE,840335b51c3164c1d4c0f8f76b1960024e1a5f4396206890a248d6841c84f8b0,20,20,1,public language contains a checkable economic/state cue,False
f6265ee4a77522ce3da032a4ddb45bab3970e3e98e1f81ea2c4fde193cc90eb7,FACTUAL_PUBLIC_PRIVATE,840335b51c3164c1d4c0f8f76b1960024e1a5f4396206890a248d6841c84f8b0,20,20,1,public language contains a checkable economic/state cue,False
1792669237be9c673b6d5cf91a47fdd2926f0d99855b87adb22504b90a8b4974,FACTUAL_PUBLIC_PRIVATE,840335b51c3164c1d4c0f8f76b1960024e1a5f4396206890a248d6841c84f8b0,20,20,1,public language contains a checkable economic/state cue,False
c332c07c066bb59696040b1f853c498c5c9efaf738cc353863a8e66457a595d1,FACTUAL_PUBLIC_PRIVATE,840335b51c3164c1d4c0f8f76b1960024e1a5f4396206890a248d6841c84f8b0,20,20,1,public language contains a checkable economic/state cue,False
95562932a3aaa0c591d8329a8353b4be85dad02335da14bd255c72636605f883,FACTUAL_PUBLIC_PRIVATE,840335b51c3164c1d4c0f8f76b1960024e1a5f4396206890a248d6841c84f8b0,20,20,1,public language contains a checkable economic/state cue,False
bc8d6071aedc5dc56eff5e4959e21fb47dc4f332d39894e3cad39b45196c661c,FACTUAL_PUBLIC_PRIVATE,840335b51c3164c1d4c0f8f76b1960024e1a5f4396206890a248d6841c84f8b0,20,20,1,public language contains a checkable economic/state cue,False
0d6472f9734d87cac5923e1eb6680ea429b76fca781b89f290ba8657ef83659c,FACTUAL_PUBLIC_PRIVATE,840335b51c3164c1d4c0f8f76b1960024e1a5f4396206890a248d6841c84f8b0,22,22,1,public language contains a checkable economic/state cue,False
1aebe8cb6104fd05557b7c451e20956d779035fbf87dc6ea4c3cc83fc1da489e,FACTUAL_PUBLIC_PRIVATE,840335b51c3164c1d4c0f8f76b1960024e1a5f4396206890a248d6841c84f8b0,25,25,1,public language contains a checkable economic/state cue,False
af45ce602e4716e63c8e477757ebb0d22b9d73b3ec00f589ae78715aca44e9d6,FACTUAL_PUBLIC_PRIVATE,840335b51c3164c1d4c0f8f76b1960024e1a5f4396206890a248d6841c84f8b0,26,26,1,public language contains a checkable economic/state cue,False
2b880d39f45029a3d51a07035d9da13786f78acdda28dbd18f806adf6624032e,FACTUAL_PUBLIC_PRIVATE,840335b51c3164c1d4c0f8f76b1960024e1a5f4396206890a248d6841c84f8b0,26,26,1,public language contains a checkable economic/state cue,False
4dfd05194d46f1f9222c3ff29540830cb74d12a78c06198654b349d624adb0dc,FACTUAL_PUBLIC_PRIVATE,840335b51c3164c1d4c0f8f76b1960024e1a5f4396206890a248d6841c84f8b0,26,26,1,public language contains a checkable economic/state cue,False
42074502152b4c77e5db67c8bb468fc5d1f4e2ad7c2b6504d18cf3ea47bf70dd,FACTUAL_PUBLIC_PRIVATE,840335b51c3164c1d4c0f8f76b1960024e1a5f4396206890a248d6841c84f8b0,26,26,1,public language contains a checkable economic/state cue,False
783dded0d135829bd2155eb29f1f42f129833a8d1d2b26ea28748d46bcc408de,FACTUAL_PUBLIC_PRIVATE,840335b51c3164c1d4c0f8f76b1960024e1a5f4396206890a248d6841c84f8b0,26,26,1,public language contains a checkable economic/state cue,False
9306237b6c80a45b77bfe5a44323d461404386fac9ff98a8cd3f2b2d9c45ad15,FACTUAL_PUBLIC_PRIVATE,840335b51c3164c1d4c0f8f76b1960024e1a5f4396206890a248d6841c84f8b0,28,28,1,public language contains a checkable economic/state cue,False
54eccb932b723cd35d3bd58a43b47eb54d0ecc48011a4377934130e403e16d23,FACTUAL_PUBLIC_PRIVATE,840335b51c3164c1d4c0f8f76b1960024e1a5f4396206890a248d6841c84f8b0,28,28,1,public language contains a checkable economic/state cue,False
d82c926c11817461cb9ac5f1cf926dc6925286ecb3d17fe28c12443fc9962037,FACTUAL_PUBLIC_PRIVATE,840335b51c3164c1d4c0f8f76b1960024e1a5f4396206890a248d6841c84f8b0,28,28,1,public language contains a checkable economic/state cue,False
64dfd1093ed1667105ade2bf7cc4dfac94194bf8ae3af3919781b24d9eb07139,FACTUAL_PUBLIC_PRIVATE,840335b51c3164c1d4c0f8f76b1960024e1a5f4396206890a248d6841c84f8b0,28,28,1,public language contains a checkable economic/state cue,False
fc06bb9356a84913d26ceab24edfb0f56aaa317e30df85ff99d4f880aeba12ec,FACTUAL_PUBLIC_PRIVATE,840335b51c3164c1d4c0f8f76b1960024e1a5f4396206890a248d6841c84f8b0,28,28,1,public language contains a checkable economic/state cue,False
be03190e6341691be5cfffed6b28cfe1b3597861cbe25703392475502fb1ab7c,FACTUAL_PUBLIC_PRIVATE,840335b51c3164c1d4c0f8f76b1960024e1a5f4396206890a248d6841c84f8b0,28,28,1,public language contains a checkable economic/state cue,False
73679af2b78151f18083ad5a1c4c9451ed13cd60d495dd01a04a3b2e5acd2a6d,FACTUAL_PUBLIC_PRIVATE,840335b51c3164c1d4c0f8f76b1960024e1a5f4396206890a248d6841c84f8b0,28,28,1,public language contains a checkable economic/state cue,False
7792692ab7236752ba6825b2a990bf8d0236b0a4d735322913333ec8335fc928,FACTUAL_PUBLIC_PRIVATE,840335b51c3164c1d4c0f8f76b1960024e1a5f4396206890a248d6841c84f8b0,28,28,1,public language contains a checkable economic/state cue,False
e3e132f6ca4f326a52a8e5ffcc9aaf3add2a68d0b2c6c349e96f819a10e172f0,FACTUAL_PUBLIC_PRIVATE,840335b51c3164c1d4c0f8f76b1960024e1a5f4396206890a248d6841c84f8b0,28,28,1,public language contains a checkable economic/state cue,False
791f10efb3866a64eb7c6aae72869faa6498d029b5f32961be8512b536d60f7d,FACTUAL_PUBLIC_PRIVATE,840335b51c3164c1d4c0f8f76b1960024e1a5f4396206890a248d6841c84f8b0,28,28,1,public language contains a checkable economic/state cue,False
fdd84c20bfafe7cc37d036b193b8bef0d33157de029aa45d09a2aabcb6374c99,FACTUAL_PUBLIC_PRIVATE,840335b51c3164c1d4c0f8f76b1960024e1a5f4396206890a248d6841c84f8b0,29,29,1,public language contains a checkable economic/state cue,False
e3d9fe5f24821404f715a7b7ca8551497cd10f905e0bde46a7045ead1478a1d9,FACTUAL_PUBLIC_PRIVATE,840335b51c3164c1d4c0f8f76b1960024e1a5f4396206890a248d6841c84f8b0,29,29,1,public language contains a checkable economic/state cue,False
e2a3f90e841465ef6ccf2adb2c985a1becd7855a861a3ae540ad9666391c0527,FACTUAL_PUBLIC_PRIVATE,840335b51c3164c1d4c0f8f76b1960024e1a5f4396206890a248d6841c84f8b0,34,34,1,public language contains a checkable economic/state cue,False
263657533c611666e98f0ce48614f5452a252dc8a8dac6a56b4eff3addb2511f,FACTUAL_PUBLIC_PRIVATE,840335b51c3164c1d4c0f8f76b1960024e1a5f4396206890a248d6841c84f8b0,35,35,1,public language contains a checkable economic/state cue,False
e8677eb44a3813d579ec8534ddeeaca244d5f5a957d5ca3b111df28dd81d4b00,FACTUAL_PUBLIC_PRIVATE,840335b51c3164c1d4c0f8f76b1960024e1a5f4396206890a248d6841c84f8b0,36,36,1,public language contains a checkable economic/state cue,False
d5fda5b5d19c442717906b50d47a6df0686ec1d8a5d482ce35898778a43641fb,FACTUAL_PUBLIC_PRIVATE,840335b51c3164c1d4c0f8f76b1960024e1a5f4396206890a248d6841c84f8b0,36,36,1,public language contains a checkable economic/state cue,False
cb2f82443884c0f620185c8081d4127d7a6cd18f206dd8c648c43de4741c2c90,FACTUAL_PUBLIC_PRIVATE,840335b51c3164c1d4c0f8f76b1960024e1a5f4396206890a248d6841c84f8b0,36,36,1,public language contains a checkable economic/state cue,False
8ab4479f2106af939e2f311b63036ec26a45b827e59ef6e3984b55dfac21389d,FACTUAL_PUBLIC_PRIVATE,840335b51c3164c1d4c0f8f76b1960024e1a5f4396206890a248d6841c84f8b0,40,40,1,public language contains a checkable economic/state cue,False
43e5980eb7e9bffe402c7e21c72d5974ae979be01e09eb71d4b0f0184184525d,FACTUAL_PUBLIC_PRIVATE,840335b51c3164c1d4c0f8f76b1960024e1a5f4396206890a248d6841c84f8b0,40,40,1,public language contains a checkable economic/state cue,False
3f004ef22b565b3c43b57bb900e0dbc1bbdd50f2bbf6d67db4dae47a9d2113bf,FACTUAL_PUBLIC_PRIVATE,840335b51c3164c1d4c0f8f76b1960024e1a5f4396206890a248d6841c84f8b0,40,40,1,public language contains a checkable economic/state cue,False
e2118a21a6d07bfd9c79c543319c5f5fdf76170034f239114a18defe5e45cc21,FACTUAL_PUBLIC_PRIVATE,840335b51c3164c1d4c0f8f76b1960024e1a5f4396206890a248d6841c84f8b0,40,40,1,public language contains a checkable economic/state cue,False
3ec878247356fb34bcc4676062c0c9954573a4c80906b16df6e1efec00396d21,FACTUAL_PUBLIC_PRIVATE,840335b51c3164c1d4c0f8f76b1960024e1a5f4396206890a248d6841c84f8b0,40,40,1,public language contains a checkable economic/state cue,False
d2224688d51132f848f69007b275e2dabc176c18d37cbe64f360c487c51e790d,FACTUAL_PUBLIC_PRIVATE,840335b51c3164c1d4c0f8f76b1960024e1a5f4396206890a248d6841c84f8b0,40,40,1,public language contains a checkable economic/state cue,False
d7cef1060b06e079e5fde2a55f4f70dd6ca96805a3e1415d63e2a76210deca21,FACTUAL_PUBLIC_PRIVATE,840335b51c3164c1d4c0f8f76b1960024e1a5f4396206890a248d6841c84f8b0,40,40,1,public language contains a checkable economic/state cue,False
86941e551fe3cd69ac5216b420eb3355c14b3acb64614f48e18c386cb7156dbd,FACTUAL_PUBLIC_PRIVATE,840335b51c3164c1d4c0f8f76b1960024e1a5f4396206890a248d6841c84f8b0,40,40,1,public language contains a checkable economic/state cue,False
780fdfd7b3751f41c63e6acea820ce802ef0a03959b2e16da10df2d17a77dad1,FACTUAL_PUBLIC_PRIVATE,840335b51c3164c1d4c0f8f76b1960024e1a5f4396206890a248d6841c84f8b0,42,42,1,public language contains a checkable economic/state cue,False
1825d3a545f45e7dd80a9577be9fe5709878607d27c189069e36372b6ef54d42,FACTUAL_PUBLIC_PRIVATE,840335b51c3164c1d4c0f8f76b1960024e1a5f4396206890a248d6841c84f8b0,43,43,1,public language contains a checkable economic/state cue,False
8cc11d96c2b58ea4708024069c8ed441e9e84827d10964dd825d09f72587e740,FACTUAL_PUBLIC_PRIVATE,840335b51c3164c1d4c0f8f76b1960024e1a5f4396206890a248d6841c84f8b0,45,45,1,public language contains a checkable economic/state cue,False
3b66c6bfcd6503732989e6538d01bed23337d4028757bf35d631e50efc6fce21,FACTUAL_PUBLIC_PRIVATE,840335b51c3164c1d4c0f8f76b1960024e1a5f4396206890a248d6841c84f8b0,45,45,1,public language contains a checkable economic/state cue,False
b7801982859dac54b5304e681b5f6a3f7446f7951a80aa63a11bbb6d8c5b2487,FACTUAL_PUBLIC_PRIVATE,840335b51c3164c1d4c0f8f76b1960024e1a5f4396206890a248d6841c84f8b0,46,46,1,public language contains a checkable economic/state cue,False
d89f26c217d7276021a393474bf612e52d07611b1bfdc5583417596b133f328f,FACTUAL_PUBLIC_PRIVATE,840335b51c3164c1d4c0f8f76b1960024e1a5f4396206890a248d6841c84f8b0,49,49,1,public language contains a checkable economic/state cue,False
e48fab49bb6ad0b9d8bcd3cbb884889c92dee0a64f73e6b1a101260860dc91db,FACTUAL_PUBLIC_PRIVATE,840335b51c3164c1d4c0f8f76b1960024e1a5f4396206890a248d6841c84f8b0,49,49,1,public language contains a checkable economic/state cue,False
72216842d4f51afe9cc944066c1c8bb59f063acaf36da3f4f710420fc0920fc6,FACTUAL_PUBLIC_PRIVATE,840335b51c3164c1d4c0f8f76b1960024e1a5f4396206890a248d6841c84f8b0,50,50,1,public language contains a checkable economic/state cue,False
2cdfe70e0e1f579dd493e036ad754bdb2541ce15cb84c4ddd87977182163cb1f,FACTUAL_PUBLIC_PRIVATE,840335b51c3164c1d4c0f8f76b1960024e1a5f4396206890a248d6841c84f8b0,53,53,1,public language contains a checkable economic/state cue,False
085266f2dc24b0843db5ce0fe4158833992471176f0b8a98c56a5a7b754526b6,FACTUAL_PUBLIC_PRIVATE,840335b51c3164c1d4c0f8f76b1960024e1a5f4396206890a248d6841c84f8b0,53,53,1,public language contains a checkable economic/state cue,False
6c051dcad14a53d22a74b1ecefdefd5f7c0353e6f67d2e19c1b8127962bd1d8b,FACTUAL_PUBLIC_PRIVATE,840335b51c3164c1d4c0f8f76b1960024e1a5f4396206890a248d6841c84f8b0,53,53,1,public language contains a checkable economic/state cue,False
51674d34a45f1584a2a9ffe5d4f4eff9635812f89558fca464894d768da93b6d,FACTUAL_PUBLIC_PRIVATE,840335b51c3164c1d4c0f8f76b1960024e1a5f4396206890a248d6841c84f8b0,53,53,1,public language contains a checkable economic/state cue,False
cb16fb39f9103c847e147a7120b9c077b6d2d79ee6e8e735ccfde7785502fcdd,FACTUAL_PUBLIC_PRIVATE,840335b51c3164c1d4c0f8f76b1960024e1a5f4396206890a248d6841c84f8b0,53,53,1,public language contains a checkable economic/state cue,False
ea906d26f05565b83a154a20ad630b5f90bc21e917c53e089f8089665f89f28a,FACTUAL_PUBLIC_PRIVATE,840335b51c3164c1d4c0f8f76b1960024e1a5f4396206890a248d6841c84f8b0,53,53,1,public language contains a checkable economic/state cue,False
b341fe3f9434850787f8e02139fa2ad805596af9e4d5138ec487bcd003a60e5c,FACTUAL_PUBLIC_PRIVATE,840335b51c3164c1d4c0f8f76b1960024e1a5f4396206890a248d6841c84f8b0,53,53,1,public language contains a checkable economic/state cue,False
3bfa599f5d16fddb447b2939729e26a99901ee0ec46b282cdae3c98f2355e8b4,FACTUAL_PUBLIC_PRIVATE,840335b51c3164c1d4c0f8f76b1960024e1a5f4396206890a248d6841c84f8b0,53,53,1,public language contains a checkable economic/state cue,False
2c68d7ba4947b182ab2ec438be96df20d517a4dbd8ce1eb87e0f85db6a85f3c8,FACTUAL_PUBLIC_PRIVATE,840335b51c3164c1d4c0f8f76b1960024e1a5f4396206890a248d6841c84f8b0,53,53,1,public language contains a checkable economic/state cue,False
f7e4707bab0ca5e958e474c7cccec2b0d3a70e47f0f1bb1466ec27333261034e,FACTUAL_PUBLIC_PRIVATE,840335b51c3164c1d4c0f8f76b1960024e1a5f4396206890a248d6841c84f8b0,53,53,1,public language contains a checkable economic/state cue,False
08164510a4064716a4dd5a41d34ee5f907580d10f8de495f3cbfc0fa6b09e68b,FACTUAL_PUBLIC_PRIVATE,840335b51c3164c1d4c0f8f76b1960024e1a5f4396206890a248d6841c84f8b0,53,53,1,public language contains a checkable economic/state cue,False
4bd4f6ae1207221fff8a7c84d9f3a3395e1bc57c9ddb3858537b1c0b82c88271,FACTUAL_PUBLIC_PRIVATE,840335b51c3164c1d4c0f8f76b1960024e1a5f4396206890a248d6841c84f8b0,53,53,1,public language contains a checkable economic/state cue,False
d2853b8da94fc4b229c2b7a81bdbaf7dc4924795921e0c02010c27f699dbae27,FACTUAL_PUBLIC_PRIVATE,840335b51c3164c1d4c0f8f76b1960024e1a5f4396206890a248d6841c84f8b0,53,53,1,public language contains a checkable economic/state cue,False
8feb2ef4118ef024a57b216da26641b96520197269324b703c5728d814a3abd6,FACTUAL_PUBLIC_PRIVATE,840335b51c3164c1d4c0f8f76b1960024e1a5f4396206890a248d6841c84f8b0,53,53,1,public language contains a checkable economic/state cue,False
b0e0a5e7ad86bf76c26c791678830ec6bd3401226d167da0fabed055bc0ed2c9,FACTUAL_PUBLIC_PRIVATE,840335b51c3164c1d4c0f8f76b1960024e1a5f4396206890a248d6841c84f8b0,53,53,1,public language contains a checkable economic/state cue,False
40b8c4c00a277af65ec16d67cbf80c63c435cd9fdc2ee2d5171992525e6d0bae,FACTUAL_PUBLIC_PRIVATE,840335b51c3164c1d4c0f8f76b1960024e1a5f4396206890a248d6841c84f8b0,53,53,1,public language contains a checkable economic/state cue,False
d331741df158b8781563b548aaf1a779212110f4ceb3bb084ad8ecad1371c53c,FACTUAL_PUBLIC_PRIVATE,840335b51c3164c1d4c0f8f76b1960024e1a5f4396206890a248d6841c84f8b0,53,53,1,public language contains a checkable economic/state cue,False
b3e7277620fa23dee5da9cc2a2d9c1144bf6f25f049b5535ef49e030ef929920,FACTUAL_PUBLIC_PRIVATE,840335b51c3164c1d4c0f8f76b1960024e1a5f4396206890a248d6841c84f8b0,53,53,1,public language contains a checkable economic/state cue,False
2c217e2edf2cea257254c4b9c194e82b12d49cdd2873c622f8ac7584f436b1aa,FACTUAL_PUBLIC_PRIVATE,840335b51c3164c1d4c0f8f76b1960024e1a5f4396206890a248d6841c84f8b0,53,53,1,public language contains a checkable economic/state cue,False
6b00adfe3f56a9f6f20c973f89c56ee2ea02debb7915990bb9d10f83f5311dc3,FACTUAL_PUBLIC_PRIVATE,840335b51c3164c1d4c0f8f76b1960024e1a5f4396206890a248d6841c84f8b0,53,53,1,public language contains a checkable economic/state cue,False
91eb3dea07b38f1a5f88b90f3e2740044c2ec83bc636a4e28fd515832ed13abb,FACTUAL_PUBLIC_PRIVATE,840335b51c3164c1d4c0f8f76b1960024e1a5f4396206890a248d6841c84f8b0,53,53,1,public language contains a checkable economic/state cue,False
1c741480363842e0dc529546a4b1c156eeb930796bcf45c8f232ea33ef11fd7f,FACTUAL_PUBLIC_PRIVATE,840335b51c3164c1d4c0f8f76b1960024e1a5f4396206890a248d6841c84f8b0,53,53,1,public language contains a checkable economic/state cue,False
c4adb39d4c652a845538dc6a7ff79779e6dc31ca9b9fcf106f54f5b54b28eef8,FACTUAL_PUBLIC_PRIVATE,840335b51c3164c1d4c0f8f76b1960024e1a5f4396206890a248d6841c84f8b0,53,53,1,public language contains a checkable economic/state cue,False
d56db9ae3fa9878efab4e4a8cad73959c9b89d004b5deb2f5f8e32b2690e9f8d,FACTUAL_PUBLIC_PRIVATE,840335b51c3164c1d4c0f8f76b1960024e1a5f4396206890a248d6841c84f8b0,53,53,1,public language contains a checkable economic/state cue,False
5b126a91bc7b2d2dae59c5b43650f972721aaaaac5f7a807db5ef4a64db35657,FACTUAL_PUBLIC_PRIVATE,840335b51c3164c1d4c0f8f76b1960024e1a5f4396206890a248d6841c84f8b0,53,53,1,public language contains a checkable economic/state cue,False
f89948e66b584680594eef07bf102bd6fbee0f4aa83cc9e42b6658516c0356a5,FACTUAL_PUBLIC_PRIVATE,840335b51c3164c1d4c0f8f76b1960024e1a5f4396206890a248d6841c84f8b0,57,57,1,public language contains a checkable economic/state cue,False
f60dc9f389f1e2f15bf87eb567dae8ac88f321552261decf713f559dc4a53b4d,FACTUAL_PUBLIC_PRIVATE,840335b51c3164c1d4c0f8f76b1960024e1a5f4396206890a248d6841c84f8b0,57,57,1,public language contains a checkable economic/state cue,False
d041b3559e9441a92daeb0a764d179f41d4a5ccdedae8caa8419ea230d72e7f2,FACTUAL_PUBLIC_PRIVATE,840335b51c3164c1d4c0f8f76b1960024e1a5f4396206890a248d6841c84f8b0,57,57,1,public language contains a checkable economic/state cue,False
fc8b42cc6a614c268773f2f3f62c6915c4397c0dd90255befabd1fa636b520b9,FACTUAL_PUBLIC_PRIVATE,840335b51c3164c1d4c0f8f76b1960024e1a5f4396206890a248d6841c84f8b0,57,57,1,public language contains a checkable economic/state cue,False
b0c1c90a28a95626069572184e7151f46af6ac093ac4d4c069ccce7d9942d504,FACTUAL_PUBLIC_PRIVATE,840335b51c3164c1d4c0f8f76b1960024e1a5f4396206890a248d6841c84f8b0,57,57,1,public language contains a checkable economic/state cue,False
68d1d97ca6cf1ee3599200f917bce78d1e59d121fa19c4f26e6e8607a7d4c4c1,FACTUAL_PUBLIC_PRIVATE,840335b51c3164c1d4c0f8f76b1960024e1a5f4396206890a248d6841c84f8b0,57,57,1,public language contains a checkable economic/state cue,False
c15d9cdea652d38a6e5480a8f1edac023bc16c11d6b57d0df9c7c6bdef1d3c25,FACTUAL_PUBLIC_PRIVATE,840335b51c3164c1d4c0f8f76b1960024e1a5f4396206890a248d6841c84f8b0,60,60,1,public language contains a checkable economic/state cue,False
d6ebc9814ceb7b5071b5a23e3d1ebe12bdecfda0267d0cf6d13fff364e156df1,FACTUAL_PUBLIC_PRIVATE,840335b51c3164c1d4c0f8f76b1960024e1a5f4396206890a248d6841c84f8b0,61,61,1,public language contains a checkable economic/state cue,False
9d0a9d2c8050deba8ce68ddf7403fbf7afa0c7c986d40dd642a4b2fb3ebf61ea,FACTUAL_PUBLIC_PRIVATE,840335b51c3164c1d4c0f8f76b1960024e1a5f4396206890a248d6841c84f8b0,61,61,1,public language contains a checkable economic/state cue,False
885c51646038e10b7896fba9322e38817b968a58c691df7c9dbbb365b9825f8f,FACTUAL_PUBLIC_PRIVATE,840335b51c3164c1d4c0f8f76b1960024e1a5f4396206890a248d6841c84f8b0,61,61,1,public language contains a checkable economic/state cue,False
b776800ebf6182bd76e10a94cf42b1999707cad45d50f4234e55cf5d053747b9,FACTUAL_PUBLIC_PRIVATE,840335b51c3164c1d4c0f8f76b1960024e1a5f4396206890a248d6841c84f8b0,65,65,1,public language contains a checkable economic/state cue,False
ccceb41d3c558ecdaed58b7f2e769457c66670dd6c3886983ee689de9ac88d53,FACTUAL_PUBLIC_PRIVATE,840335b51c3164c1d4c0f8f76b1960024e1a5f4396206890a248d6841c84f8b0,66,66,1,public language contains a checkable economic/state cue,False
3c6777371a00bc7cdeaad76ae6139c162ff578945527262cd461bc95cbc51842,FACTUAL_PUBLIC_PRIVATE,840335b51c3164c1d4c0f8f76b1960024e1a5f4396206890a248d6841c84f8b0,66,66,1,public language contains a checkable economic/state cue,False
585718e195ddb4a251334340df41ceb3ce8e1b11088e5aecf93ce629ec90593a,FACTUAL_PUBLIC_PRIVATE,840335b51c3164c1d4c0f8f76b1960024e1a5f4396206890a248d6841c84f8b0,66,66,1,public language contains a checkable economic/state cue,False
4da193048c9614c04045b93bce7cd36430b7464d5fa4f491f7a8084986019e91,FACTUAL_PUBLIC_PRIVATE,840335b51c3164c1d4c0f8f76b1960024e1a5f4396206890a248d6841c84f8b0,66,66,1,public language contains a checkable economic/state cue,False
1bad832cf8d7700fd0e6974c79d2f99db23f5cd1ffff77b1df788c8b784c48c5,FACTUAL_PUBLIC_PRIVATE,840335b51c3164c1d4c0f8f76b1960024e1a5f4396206890a248d6841c84f8b0,66,66,1,public language contains a checkable economic/state cue,False
482615398fd0f9d36b893976eed703c30f71b3985e32f5e6400aa4852adfc3d2,FACTUAL_PUBLIC_PRIVATE,840335b51c3164c1d4c0f8f76b1960024e1a5f4396206890a248d6841c84f8b0,66,66,1,public language contains a checkable economic/state cue,False
08af7e1988dca349163aab0ca0ba99e840be1054e26211acd1dde8d893519974,FACTUAL_PUBLIC_PRIVATE,840335b51c3164c1d4c0f8f76b1960024e1a5f4396206890a248d6841c84f8b0,66,66,1,public language contains a checkable economic/state cue,False
7004adf1e8c4b9989251503b0e7ef704d00fbdaa5dd51ec210444b7644a82d38,FACTUAL_PUBLIC_PRIVATE,840335b51c3164c1d4c0f8f76b1960024e1a5f4396206890a248d6841c84f8b0,66,66,1,public language contains a checkable economic/state cue,False
d4c45c654854630b6d96e38a8cf64f3a2b3f1113c5c7e4f15c359182ba373c22,FACTUAL_PUBLIC_PRIVATE,840335b51c3164c1d4c0f8f76b1960024e1a5f4396206890a248d6841c84f8b0,66,66,1,public language contains a checkable economic/state cue,False
d1802ac4debae748b050115d62b564925a89cf8c75c79631b7fea7b2658ed4b5,FACTUAL_PUBLIC_PRIVATE,840335b51c3164c1d4c0f8f76b1960024e1a5f4396206890a248d6841c84f8b0,68,68,1,public language contains a checkable economic/state cue,False
68ad4917204ed0258cbe697edc8ba2517d6ff1352f99dbb345b55c1d331b8211,FACTUAL_PUBLIC_PRIVATE,840335b51c3164c1d4c0f8f76b1960024e1a5f4396206890a248d6841c84f8b0,69,69,1,public language contains a checkable economic/state cue,False
c83f2392b136e5aff1077b4cb2ac1ad00d6bfc5ee460144243552a82cd79f571,FACTUAL_PUBLIC_PRIVATE,840335b51c3164c1d4c0f8f76b1960024e1a5f4396206890a248d6841c84f8b0,70,70,1,public language contains a checkable economic/state cue,False
7a992b2a168809e9d522ad5e133071cc1a8e82abea02297a728c0a05301fdbc2,FACTUAL_PUBLIC_PRIVATE,840335b51c3164c1d4c0f8f76b1960024e1a5f4396206890a248d6841c84f8b0,70,70,1,public language contains a checkable economic/state cue,False
83053d95ffffadb5e11d625248f53b57986df0e62edae30e8be7e98e460fc046,FACTUAL_PUBLIC_PRIVATE,840335b51c3164c1d4c0f8f76b1960024e1a5f4396206890a248d6841c84f8b0,70,70,1,public language contains a checkable economic/state cue,False
9cce264278ad1e95ed70fdb7b87b675461cfd38757b0fe7a0db752300954e288,FACTUAL_PUBLIC_PRIVATE,840335b51c3164c1d4c0f8f76b1960024e1a5f4396206890a248d6841c84f8b0,70,70,1,public language contains a checkable economic/state cue,False
222a0cb14f01c239db5a1a00d1ce9a571eee264262f0d241dc5b1ebd0d9ca6d6,FACTUAL_PUBLIC_PRIVATE,840335b51c3164c1d4c0f8f76b1960024e1a5f4396206890a248d6841c84f8b0,71,71,1,public language contains a checkable economic/state cue,False
4dcff283a7d7f83a022c0bc5aa72e4a38e0c2f4ede3eef5ff3842765087f0077,FACTUAL_PUBLIC_PRIVATE,840335b51c3164c1d4c0f8f76b1960024e1a5f4396206890a248d6841c84f8b0,75,75,1,public language contains a checkable economic/state cue,False
cf8181119dd32548f1d53e77bed42bf8f06cd7b25549c36e5b935a87bf108941,FACTUAL_PUBLIC_PRIVATE,840335b51c3164c1d4c0f8f76b1960024e1a5f4396206890a248d6841c84f8b0,76,76,1,public language contains a checkable economic/state cue,False
7fa08b1b697da29cfd29514f10d2ed170a36976e9ee3ecc0c3bfc5ec0983d5cb,FACTUAL_PUBLIC_PRIVATE,840335b51c3164c1d4c0f8f76b1960024e1a5f4396206890a248d6841c84f8b0,77,77,1,public language contains a checkable economic/state cue,False
5010454dd07eee911a3d321ad33803aa84ac79722e052315b7d90f9c053d1952,FACTUAL_PUBLIC_PRIVATE,840335b51c3164c1d4c0f8f76b1960024e1a5f4396206890a248d6841c84f8b0,77,77,1,public language contains a checkable economic/state cue,False
b1bf0cc77a8a8e4bea2cb641485691ea6cc484ed851063632435d6fbe02dbf49,FACTUAL_PUBLIC_PRIVATE,840335b51c3164c1d4c0f8f76b1960024e1a5f4396206890a248d6841c84f8b0,77,77,1,public language contains a checkable economic/state cue,False
57e624d36ce853f91bc699da988b7f75aad18fff0cb75b842ce7812d5733cb51,FACTUAL_PUBLIC_PRIVATE,840335b51c3164c1d4c0f8f76b1960024e1a5f4396206890a248d6841c84f8b0,77,77,1,public language contains a checkable economic/state cue,False
73cd35014a3038933c246f970a30a41ba8c8d3f0455cc234366cb55eb13296da,FACTUAL_PUBLIC_PRIVATE,840335b51c3164c1d4c0f8f76b1960024e1a5f4396206890a248d6841c84f8b0,80,80,1,public language contains a checkable economic/state cue,False
ded58114a2d5afabf1ac355494f14ea34a70a69a9e9659c05e377f5e0681594a,FACTUAL_PUBLIC_PRIVATE,840335b51c3164c1d4c0f8f76b1960024e1a5f4396206890a248d6841c84f8b0,81,81,1,public language contains a checkable economic/state cue,False
3f7d006ee1de2504738e9df779b3c79b3a8119cdfb58ca6da4597d6a16b20ba1,FACTUAL_PUBLIC_PRIVATE,840335b51c3164c1d4c0f8f76b1960024e1a5f4396206890a248d6841c84f8b0,81,81,1,public language contains a checkable economic/state cue,False
22ec81e080307d123080f01c86d1456973fcd603440e868bfbf7dd8943c9343e,FACTUAL_PUBLIC_PRIVATE,840335b51c3164c1d4c0f8f76b1960024e1a5f4396206890a248d6841c84f8b0,81,81,1,public language contains a checkable economic/state cue,False
7807c8e0855ad56663cb46aba2ba34d95bd1d3970018a316f138e246f66c66ce,FACTUAL_PUBLIC_PRIVATE,840335b51c3164c1d4c0f8f76b1960024e1a5f4396206890a248d6841c84f8b0,81,81,1,public language contains a checkable economic/state cue,False
e3039727670afefc1f1ab66253e5b31ba91cf72e2793626ec3c24dbbecc9ee1b,FACTUAL_PUBLIC_PRIVATE,840335b51c3164c1d4c0f8f76b1960024e1a5f4396206890a248d6841c84f8b0,81,81,1,public language contains a checkable economic/state cue,False
b9a9023d5c7482ce0b6afa7e29714e52866bb8d6a1d3cb44931fd18abb64f846,FACTUAL_PUBLIC_PRIVATE,840335b51c3164c1d4c0f8f76b1960024e1a5f4396206890a248d6841c84f8b0,81,81,1,public language contains a checkable economic/state cue,False
8a4813876cc4157c8fec21345549c1631721e2cf29032b52fceba58d363ef4b0,FACTUAL_PUBLIC_PRIVATE,840335b51c3164c1d4c0f8f76b1960024e1a5f4396206890a248d6841c84f8b0,81,81,1,public language contains a checkable economic/state cue,False
d45ce667901399997635497da31cb751a3c8e74fb7d0e4300aabc680ff7aee67,FACTUAL_PUBLIC_PRIVATE,840335b51c3164c1d4c0f8f76b1960024e1a5f4396206890a248d6841c84f8b0,81,81,1,public language contains a checkable economic/state cue,False
3e30aaf962fb3bb6f03112ed3c4600803a9d269612acae71d33bfaa7e4d7032a,FACTUAL_PUBLIC_PRIVATE,840335b51c3164c1d4c0f8f76b1960024e1a5f4396206890a248d6841c84f8b0,81,81,1,public language contains a checkable economic/state cue,False
b89ba21d933870fdc7dad4ae47817e17f1e391eb0d2f8e350fc924288b082e65,FACTUAL_PUBLIC_PRIVATE,840335b51c3164c1d4c0f8f76b1960024e1a5f4396206890a248d6841c84f8b0,81,81,1,public language contains a checkable economic/state cue,False
1a9c5e61b4b738c599593328b6a73570c9f122fe70f3c607cffa255e2978ece7,FACTUAL_PUBLIC_PRIVATE,840335b51c3164c1d4c0f8f76b1960024e1a5f4396206890a248d6841c84f8b0,83,83,1,public language contains a checkable economic/state cue,False
67db717a1cc4b32a347108fb89d1797eb725ac61944acb12ff5eeb403a22b1a7,FACTUAL_PUBLIC_PRIVATE,840335b51c3164c1d4c0f8f76b1960024e1a5f4396206890a248d6841c84f8b0,84,84,1,public language contains a checkable economic/state cue,False
1432dfca59d3917d2d314beb207a9877bff8dd7e16397397a05bab0177a71a82,FACTUAL_PUBLIC_PRIVATE,840335b51c3164c1d4c0f8f76b1960024e1a5f4396206890a248d6841c84f8b0,85,85,1,public language contains a checkable economic/state cue,False
e345212a11d8a8ca4a78d6b3c71fbebbeab551b7cb1b6327244c81fd38156ab6,FACTUAL_PUBLIC_PRIVATE,840335b51c3164c1d4c0f8f76b1960024e1a5f4396206890a248d6841c84f8b0,85,85,1,public language contains a checkable economic/state cue,False
1276a54a259616e20b29bec2684546bab772ee718864f13e8cd2fd6c6484b035,FACTUAL_PUBLIC_PRIVATE,840335b51c3164c1d4c0f8f76b1960024e1a5f4396206890a248d6841c84f8b0,85,85,1,public language contains a checkable economic/state cue,False
5cf0e80cda22f2b979ae371c693d87e0aba24a94612b340407f5b6e3ce8a97dd,FACTUAL_PUBLIC_PRIVATE,840335b51c3164c1d4c0f8f76b1960024e1a5f4396206890a248d6841c84f8b0,85,85,1,public language contains a checkable economic/state cue,False
3eb57159fb8848d45aa990b86cd01bb87542e5e9a3c000eb412bb387546be05f,FACTUAL_PUBLIC_PRIVATE,840335b51c3164c1d4c0f8f76b1960024e1a5f4396206890a248d6841c84f8b0,85,85,1,public language contains a checkable economic/state cue,False
90ff88e3e6152d31fb2f9def49d166c99c48349baef47ad51e7072e3db63b63d,FACTUAL_PUBLIC_PRIVATE,840335b51c3164c1d4c0f8f76b1960024e1a5f4396206890a248d6841c84f8b0,85,85,1,public language contains a checkable economic/state cue,False
700e6a36d98c6aa4ecff052074350c5c73b683d66735257688f081f8696e7cda,FACTUAL_PUBLIC_PRIVATE,840335b51c3164c1d4c0f8f76b1960024e1a5f4396206890a248d6841c84f8b0,85,85,1,public language contains a checkable economic/state cue,False
e76a542a28d913b642c6a521e13f6be71944ba6e55cd4003888a276596299415,FACTUAL_PUBLIC_PRIVATE,840335b51c3164c1d4c0f8f76b1960024e1a5f4396206890a248d6841c84f8b0,85,85,1,public language contains a checkable economic/state cue,False
c800ff5c7a14c6f9da41efad3593c46575cbcd5b14667ae2512f013e3d109978,FACTUAL_PUBLIC_PRIVATE,840335b51c3164c1d4c0f8f76b1960024e1a5f4396206890a248d6841c84f8b0,85,85,1,public language contains a checkable economic/state cue,False
15075dcb517aa4599895a9ed809719197c3abb2a28eafdfd52bb53b0eac7b461,FACTUAL_PUBLIC_PRIVATE,840335b51c3164c1d4c0f8f76b1960024e1a5f4396206890a248d6841c84f8b0,85,85,1,public language contains a checkable economic/state cue,False
cf08d775d63174cc503209acd6c83fac0dd0ca590fc448373ccf93bd8f4fba85,FACTUAL_PUBLIC_PRIVATE,840335b51c3164c1d4c0f8f76b1960024e1a5f4396206890a248d6841c84f8b0,85,85,1,public language contains a checkable economic/state cue,False
baad6439cfe738f6b6714a09ab2715752eee0b157b731163d2e212c7667a94ba,FACTUAL_PUBLIC_PRIVATE,840335b51c3164c1d4c0f8f76b1960024e1a5f4396206890a248d6841c84f8b0,85,85,1,public language contains a checkable economic/state cue,False
a62bf6f9e197d374123fae58e06d4eb73b2842ecb79c86689b8e5086f7b07443,FACTUAL_PUBLIC_PRIVATE,840335b51c3164c1d4c0f8f76b1960024e1a5f4396206890a248d6841c84f8b0,85,85,1,public language contains a checkable economic/state cue,False
a404ca5198d514e907c26609c8a50dcb5c9f505ccbb54f2e2a8110c8b6cba3ae,FACTUAL_PUBLIC_PRIVATE,840335b51c3164c1d4c0f8f76b1960024e1a5f4396206890a248d6841c84f8b0,85,85,1,public language contains a checkable economic/state cue,False
4ea92679c4048192a2af966c25525aaac4091553dbe16d627f4ddaa01caa152c,FACTUAL_PUBLIC_PRIVATE,840335b51c3164c1d4c0f8f76b1960024e1a5f4396206890a248d6841c84f8b0,85,85,1,public language contains a checkable economic/state cue,False
a49f94bdfe07be159248127c2a3d355303cf1002521cd8ee503854179a7205b2,FACTUAL_PUBLIC_PRIVATE,840335b51c3164c1d4c0f8f76b1960024e1a5f4396206890a248d6841c84f8b0,86,86,1,public language contains a checkable economic/state cue,False
f88add806467e7202d521939d8c6618f6f2f1a94b99a2c910a259d9877ef9b1c,FACTUAL_PUBLIC_PRIVATE,840335b51c3164c1d4c0f8f76b1960024e1a5f4396206890a248d6841c84f8b0,86,86,1,public language contains a checkable economic/state cue,False
fb3bcd517276b655de14b760bc61ac8ab1af143eaaf84880d955774be34f8e25,FACTUAL_PUBLIC_PRIVATE,840335b51c3164c1d4c0f8f76b1960024e1a5f4396206890a248d6841c84f8b0,86,86,1,public language contains a checkable economic/state cue,False
744967338b186a6b051362eb7f127c0e8dd474c9d80512fd104f65a53267559a,FACTUAL_PUBLIC_PRIVATE,840335b51c3164c1d4c0f8f76b1960024e1a5f4396206890a248d6841c84f8b0,86,86,1,public language contains a checkable economic/state cue,False
d7b98b5edaaa6c24efc6939d05d350e651cb9c3700f057ef0f2f42e0319637bf,FACTUAL_PUBLIC_PRIVATE,840335b51c3164c1d4c0f8f76b1960024e1a5f4396206890a248d6841c84f8b0,86,86,1,public language contains a checkable economic/state cue,False
63a7a2f1690020d517183c5317904a42d6df77aa561ebf0ff1aa6c9bf3ce9fc6,FACTUAL_PUBLIC_PRIVATE,840335b51c3164c1d4c0f8f76b1960024e1a5f4396206890a248d6841c84f8b0,86,86,1,public language contains a checkable economic/state cue,False
7bb58872120513ce2431b62c9cb114f58140bf309cfae29008d0519e4d60c696,FACTUAL_PUBLIC_PRIVATE,840335b51c3164c1d4c0f8f76b1960024e1a5f4396206890a248d6841c84f8b0,86,86,1,public language contains a checkable economic/state cue,False
a3996e270e5c0d179ab4660cc16304f2c7b367f3aa1aa3fbe7b3a24d26b29402,FACTUAL_PUBLIC_PRIVATE,840335b51c3164c1d4c0f8f76b1960024e1a5f4396206890a248d6841c84f8b0,86,86,1,public language contains a checkable economic/state cue,False
df227e5ef2c970c0f1eabbde5c678df7c50e62809d84e7779226a5792b0be32a,FACTUAL_PUBLIC_PRIVATE,840335b51c3164c1d4c0f8f76b1960024e1a5f4396206890a248d6841c84f8b0,86,86,1,public language contains a checkable economic/state cue,False
f115007d6b75410e03177a7288369740a8d97c732bf420d64eaae4cf01597bd3,FACTUAL_PUBLIC_PRIVATE,840335b51c3164c1d4c0f8f76b1960024e1a5f4396206890a248d6841c84f8b0,89,89,1,public language contains a checkable economic/state cue,False
bf5666294a1733249f9d0c66062b9ab6f5f1d9611c3f3d384340b42c69f14d76,FACTUAL_PUBLIC_PRIVATE,840335b51c3164c1d4c0f8f76b1960024e1a5f4396206890a248d6841c84f8b0,91,91,1,public language contains a checkable economic/state cue,False
6a94e687df2009e0864009e84f3fba8a12215d188bf827e2fd219f6fa7492dd5,FACTUAL_PUBLIC_PRIVATE,840335b51c3164c1d4c0f8f76b1960024e1a5f4396206890a248d6841c84f8b0,92,92,1,public language contains a checkable economic/state cue,False
de91825d536e041f945b113612c3ec3266f8eadc3c06cce02a6ae5a7ede197eb,FACTUAL_PUBLIC_PRIVATE,840335b51c3164c1d4c0f8f76b1960024e1a5f4396206890a248d6841c84f8b0,92,92,1,public language contains a checkable economic/state cue,False
762a2f73c31d87200f2bb6fd8cff6a6589719bc1565c4c7125590b282a75e7fe,FACTUAL_PUBLIC_PRIVATE,840335b51c3164c1d4c0f8f76b1960024e1a5f4396206890a248d6841c84f8b0,92,92,1,public language contains a checkable economic/state cue,False
fd44956f5657e93da02febd585375fd0fd98f58089ecc364ce6950d9f277d56c,FACTUAL_PUBLIC_PRIVATE,840335b51c3164c1d4c0f8f76b1960024e1a5f4396206890a248d6841c84f8b0,92,92,1,public language contains a checkable economic/state cue,False
6b5d75a45242fb27a4fcdc0f0165184c751e5d8959884fdf32d7591cf8c9a1dc,FACTUAL_PUBLIC_PRIVATE,840335b51c3164c1d4c0f8f76b1960024e1a5f4396206890a248d6841c84f8b0,95,95,1,public language contains a checkable economic/state cue,False
edcbc2eeedb20b7d5d985914fa5fceb16b2887ea06bbcf29f073cd7c1665391a,FACTUAL_PUBLIC_PRIVATE,840335b51c3164c1d4c0f8f76b1960024e1a5f4396206890a248d6841c84f8b0,96,96,1,public language contains a checkable economic/state cue,False
3b42af0fca76fd7cae3854af8b4dee12080ba6a455fbcc4d790a5166e896cbdb,FACTUAL_PUBLIC_PRIVATE,840335b51c3164c1d4c0f8f76b1960024e1a5f4396206890a248d6841c84f8b0,96,96,1,public language contains a checkable economic/state cue,False
640534d2d42a3a1cd58134c9a92249e7dadae5109098fa8f3cafdd76c5a0bece,FACTUAL_PUBLIC_PRIVATE,840335b51c3164c1d4c0f8f76b1960024e1a5f4396206890a248d6841c84f8b0,96,96,1,public language contains a checkable economic/state cue,False
5ee41c8931d60877d7df4e9094a1090cc2c5d91aec2a9633018ecd6e33ab2854,FACTUAL_PUBLIC_PRIVATE,840335b51c3164c1d4c0f8f76b1960024e1a5f4396206890a248d6841c84f8b0,96,96,1,public language contains a checkable economic/state cue,True
cb346506e0a5219a7b2aa15b0f099d1bb22e5e306a5110faab686912bf771b53,FACTUAL_PUBLIC_PRIVATE,840335b51c3164c1d4c0f8f76b1960024e1a5f4396206890a248d6841c84f8b0,96,96,1,public language contains a checkable economic/state cue,False
d3e064e9b5c082ad94be29ecccae5dc09fd015a7160f113faff4ea506dfd3c00,FACTUAL_PUBLIC_PRIVATE,840335b51c3164c1d4c0f8f76b1960024e1a5f4396206890a248d6841c84f8b0,96,96,1,public language contains a checkable economic/state cue,False
cb3f679364eb7cf90afff9eba0a7e22f70133210beb88d26536ed266d5561e46,FACTUAL_PUBLIC_PRIVATE,840335b51c3164c1d4c0f8f76b1960024e1a5f4396206890a248d6841c84f8b0,96,96,1,public language contains a checkable economic/state cue,False
792042ae32bc1a67de7d27ef3a31652e254fe05073e6cc27dd0409359435b0a0,FACTUAL_PUBLIC_PRIVATE,840335b51c3164c1d4c0f8f76b1960024e1a5f4396206890a248d6841c84f8b0,96,96,1,public language contains a checkable economic/state cue,False
ae4a1ad3e58ae509f1ed123a776c15262ff323c379ec4415e1966ce70c6e9e70,FACTUAL_PUBLIC_PRIVATE,840335b51c3164c1d4c0f8f76b1960024e1a5f4396206890a248d6841c84f8b0,96,96,1,public language contains a checkable economic/state cue,False
6a5a65c730d4ed621469a8fb91d84fb1d63bf95ca6db40f59da44f304ac5968d,FACTUAL_PUBLIC_PRIVATE,840335b51c3164c1d4c0f8f76b1960024e1a5f4396206890a248d6841c84f8b0,99,99,1,public language contains a checkable economic/state cue,False
76a062d92904cca56f0b647ed5f0858803379933ea4117590988d07f9f5103bc,FACTUAL_PUBLIC_PRIVATE,840335b51c3164c1d4c0f8f76b1960024e1a5f4396206890a248d6841c84f8b0,100,100,1,public language contains a checkable economic/state cue,False
e65cfe94908b3de67264108c6232e4e5f5b5bd0b7a84d958455ad64edd950e4d,FACTUAL_PUBLIC_PRIVATE,840335b51c3164c1d4c0f8f76b1960024e1a5f4396206890a248d6841c84f8b0,101,101,1,public language contains a checkable economic/state cue,False
c28ebe821f8a598a0f3049330fd03b6e73c9e0cb2f7735886a4cd76a6b013772,FACTUAL_PUBLIC_PRIVATE,840335b51c3164c1d4c0f8f76b1960024e1a5f4396206890a248d6841c84f8b0,104,104,1,public language contains a checkable economic/state cue,False
0e6ea7769b8afb03d7d67085401abeefbc8f6a30d36caee6d1e0027c711de31f,FACTUAL_PUBLIC_PRIVATE,840335b51c3164c1d4c0f8f76b1960024e1a5f4396206890a248d6841c84f8b0,106,106,1,public language contains a checkable economic/state cue,False
8e89a5b3b29698e7f73157a2dd59abb87baac93604169084e67ddf6efd9a1825,FACTUAL_PUBLIC_PRIVATE,840335b51c3164c1d4c0f8f76b1960024e1a5f4396206890a248d6841c84f8b0,106,106,1,public language contains a checkable economic/state cue,False
960864154d5b05e93f3015236ee97cf341b02d7369429145a0adee56200e78eb,FACTUAL_PUBLIC_PRIVATE,840335b51c3164c1d4c0f8f76b1960024e1a5f4396206890a248d6841c84f8b0,106,106,1,public language contains a checkable economic/state cue,False
381bd7dd5d362c32566d460078041169c3223c8d06f9f5d231d04332f49310bc,FACTUAL_PUBLIC_PRIVATE,840335b51c3164c1d4c0f8f76b1960024e1a5f4396206890a248d6841c84f8b0,106,106,1,public language contains a checkable economic/state cue,False
9d5ba82ff956bfba033055965575651d8ae521a79acecce5e7ee8bf7faf5101d,FACTUAL_PUBLIC_PRIVATE,840335b51c3164c1d4c0f8f76b1960024e1a5f4396206890a248d6841c84f8b0,106,106,1,public language contains a checkable economic/state cue,False
395b44ca202032df4cc83a5d7164622744895725c72ca2fe0214a680b668bdf6,FACTUAL_PUBLIC_PRIVATE,840335b51c3164c1d4c0f8f76b1960024e1a5f4396206890a248d6841c84f8b0,106,106,1,public language contains a checkable economic/state cue,False
0142505f7905dfa150fa9ccb2fb2703dd6b1966bf21f38a140aafb78ffb207e1,FACTUAL_PUBLIC_PRIVATE,840335b51c3164c1d4c0f8f76b1960024e1a5f4396206890a248d6841c84f8b0,106,106,1,public language contains a checkable economic/state cue,False
2f3cf2a1e824a28ae99303f7aa8822334672b08a21b18af8d150105ff1a6fbf3,FACTUAL_PUBLIC_PRIVATE,840335b51c3164c1d4c0f8f76b1960024e1a5f4396206890a248d6841c84f8b0,106,106,1,public language contains a checkable economic/state cue,False
ad981ed255f2048d169f4498b095fc0b1aa19f224001af96a3aaf2848a589f4c,FACTUAL_PUBLIC_PRIVATE,840335b51c3164c1d4c0f8f76b1960024e1a5f4396206890a248d6841c84f8b0,106,106,1,public language contains a checkable economic/state cue,False
0d8073ff2e72c18e2d24d64f19e9b16c619ffaa0d7b0e0792e3820f71f789143,FACTUAL_PUBLIC_PRIVATE,840335b51c3164c1d4c0f8f76b1960024e1a5f4396206890a248d6841c84f8b0,106,106,1,public language contains a checkable economic/state cue,False
35f14d67b73286285b8c7e8fd359f96094a81731e544193701657c417bc937ce,FACTUAL_PUBLIC_PRIVATE,840335b51c3164c1d4c0f8f76b1960024e1a5f4396206890a248d6841c84f8b0,106,106,1,public language contains a checkable economic/state cue,False
456d502a27bb74b0ce7249d533e7265d2b9cf1c98f75c351b71fce8101b1bdce,FACTUAL_PUBLIC_PRIVATE,840335b51c3164c1d4c0f8f76b1960024e1a5f4396206890a248d6841c84f8b0,106,106,1,public language contains a checkable economic/state cue,False
d6c339302f80427902bf96234d14016e6c57e3a9ddc2582b9c7321e8db547bfb,FACTUAL_PUBLIC_PRIVATE,840335b51c3164c1d4c0f8f76b1960024e1a5f4396206890a248d6841c84f8b0,107,107,1,public language contains a checkable economic/state cue,False
70fec7c518bc0e1320b6b6f7e3a280a2f485c36df498ead7bab9303c2d567acf,FACTUAL_PUBLIC_PRIVATE,840335b51c3164c1d4c0f8f76b1960024e1a5f4396206890a248d6841c84f8b0,109,109,1,public language contains a checkable economic/state cue,False
6b4f991bca15d7d3ebd25d4bf114970c1f3cf0f091130e613a6efbb257bb4d2b,FACTUAL_PUBLIC_PRIVATE,840335b51c3164c1d4c0f8f76b1960024e1a5f4396206890a248d6841c84f8b0,111,111,1,public language contains a checkable economic/state cue,False
1b131040b4b9ca50cfd785294b2c66e09dff0d0215d373f10608e213f46455e3,FACTUAL_PUBLIC_PRIVATE,840335b51c3164c1d4c0f8f76b1960024e1a5f4396206890a248d6841c84f8b0,111,111,1,public language contains a checkable economic/state cue,False
be2c41dab0193b39fc18cf659b9c6e911e11d6e5227d666282f684ec45d8eae2,FACTUAL_PUBLIC_PRIVATE,840335b51c3164c1d4c0f8f76b1960024e1a5f4396206890a248d6841c84f8b0,111,111,1,public language contains a checkable economic/state cue,False
9e9f4c280bf7f342220536eb9561fd0d37aad60d346b49e8d069bc9c92d03b61,FACTUAL_PUBLIC_PRIVATE,840335b51c3164c1d4c0f8f76b1960024e1a5f4396206890a248d6841c84f8b0,111,111,1,public language contains a checkable economic/state cue,False
dcf9cf705ec242eaadec4d3a28eb9dfad9838ae1436ad11de8bc6191a97e4f4d,FACTUAL_PUBLIC_PRIVATE,840335b51c3164c1d4c0f8f76b1960024e1a5f4396206890a248d6841c84f8b0,111,111,1,public language contains a checkable economic/state cue,False
0bf4c5fe5195bd6d9a1f4010a496b7d195d06a220aefb90906dc142e1b9dc4b4,FACTUAL_PUBLIC_PRIVATE,840335b51c3164c1d4c0f8f76b1960024e1a5f4396206890a248d6841c84f8b0,111,111,1,public language contains a checkable economic/state cue,False
ca1e334e106d280ab0e9a155775bc0f641ae408b6bd123393e9855e0271fe23d,FACTUAL_PUBLIC_PRIVATE,840335b51c3164c1d4c0f8f76b1960024e1a5f4396206890a248d6841c84f8b0,111,111,1,public language contains a checkable economic/state cue,False
91036a0a7338c4134f37a346ccb6476339f9f68c9045cc10405a37b6c9db8607,FACTUAL_PUBLIC_PRIVATE,840335b51c3164c1d4c0f8f76b1960024e1a5f4396206890a248d6841c84f8b0,111,111,1,public language contains a checkable economic/state cue,False
1e7d3614b08babd70568bb32a7cdf59ba839c281e0996c608e13b69f45e37951,FACTUAL_PUBLIC_PRIVATE,840335b51c3164c1d4c0f8f76b1960024e1a5f4396206890a248d6841c84f8b0,111,111,1,public language contains a checkable economic/state cue,False
76b2ecd3aa2abe6b91bf0d7f99412d086328ba35be4f65eb4341b375ccda8e05,FACTUAL_PUBLIC_PRIVATE,840335b51c3164c1d4c0f8f76b1960024e1a5f4396206890a248d6841c84f8b0,111,111,1,public language contains a checkable economic/state cue,False
6f1c04b66f59e84ae1d0e74d1c34c59560f53c5c7b6827571a022accb5f6520e,FACTUAL_PUBLIC_PRIVATE,840335b51c3164c1d4c0f8f76b1960024e1a5f4396206890a248d6841c84f8b0,111,111,1,public language contains a checkable economic/state cue,False
3357dbe9555ffb5b1bf4443691639e1bbc062726887781923719309c47567273,FACTUAL_PUBLIC_PRIVATE,840335b51c3164c1d4c0f8f76b1960024e1a5f4396206890a248d6841c84f8b0,111,111,1,public language contains a checkable economic/state cue,False
046d72c0aa337563848173090e21dac5e1c25d5d9e521336c7cf65e103e16a6a,FACTUAL_PUBLIC_PRIVATE,840335b51c3164c1d4c0f8f76b1960024e1a5f4396206890a248d6841c84f8b0,115,115,1,public language contains a checkable economic/state cue,False
b7a7c91fe2733e928b576c094bd3787e392e92567c6582ee24c303af95dea524,FACTUAL_PUBLIC_PRIVATE,840335b51c3164c1d4c0f8f76b1960024e1a5f4396206890a248d6841c84f8b0,115,115,1,public language contains a checkable economic/state cue,False
0c88d46261fb6053253be238f39eab542cfc2cd8865702b3d110b3b05ae89efe,FACTUAL_PUBLIC_PRIVATE,840335b51c3164c1d4c0f8f76b1960024e1a5f4396206890a248d6841c84f8b0,116,116,1,public language contains a checkable economic/state cue,False
993b2fed707ef787ec3059298f3c3253d438d5f427938dcb93cb73541e4f1541,FACTUAL_PUBLIC_PRIVATE,840335b51c3164c1d4c0f8f76b1960024e1a5f4396206890a248d6841c84f8b0,117,117,1,public language contains a checkable economic/state cue,False
467d076e6529dfbfb8a6658014b0d7706c37a39381921618d8701f15758955ee,FACTUAL_PUBLIC_PRIVATE,840335b51c3164c1d4c0f8f76b1960024e1a5f4396206890a248d6841c84f8b0,117,117,1,public language contains a checkable economic/state cue,False
c6c9011e9c0e1ea2c8bc6f48fc5c69ae42910e404f5c93c4e48a8b914ca99b7d,FACTUAL_PUBLIC_PRIVATE,840335b51c3164c1d4c0f8f76b1960024e1a5f4396206890a248d6841c84f8b0,117,117,1,public language contains a checkable economic/state cue,False
c20e6599cdf4ed311e13fe0186f9d669bb0d14fd2509dea874033cca28791a96,FACTUAL_PUBLIC_PRIVATE,840335b51c3164c1d4c0f8f76b1960024e1a5f4396206890a248d6841c84f8b0,117,117,1,public language contains a checkable economic/state cue,False
784253cfbf57e117eb3ecc3c58099c2f84aaf589b3f399d555735509f19987ed,FACTUAL_PUBLIC_PRIVATE,840335b51c3164c1d4c0f8f76b1960024e1a5f4396206890a248d6841c84f8b0,117,117,1,public language contains a checkable economic/state cue,False
421a11bac4ca793c1540aff4be94e1440f86b4e280bb40c365c6e714f104f8c4,FACTUAL_PUBLIC_PRIVATE,840335b51c3164c1d4c0f8f76b1960024e1a5f4396206890a248d6841c84f8b0,117,117,1,public language contains a checkable economic/state cue,False
a9ed8c61c73e512996e5d9b00a21048c6b588aca6c7a03cfa67e4d962dd08568,FACTUAL_PUBLIC_PRIVATE,840335b51c3164c1d4c0f8f76b1960024e1a5f4396206890a248d6841c84f8b0,118,118,1,public language contains a checkable economic/state cue,False
4046422e5bda4aaf32636628daf923ffa114028ab74d93708dd2e43f7c92ba2e,FACTUAL_PUBLIC_PRIVATE,840335b51c3164c1d4c0f8f76b1960024e1a5f4396206890a248d6841c84f8b0,118,118,1,public language contains a checkable economic/state cue,False
4e408d3ab2553ab9a2ca5c93ea90cd85ff6e9150ad8bfbe14bda76977a7eade3,FACTUAL_PUBLIC_PRIVATE,840335b51c3164c1d4c0f8f76b1960024e1a5f4396206890a248d6841c84f8b0,118,118,1,public language contains a checkable economic/state cue,False
71630d734c2c3be4611a3c6f7f7f4977e33b6e35a2ea5d7b3fdae90a26ae7b0c,FACTUAL_PUBLIC_PRIVATE,840335b51c3164c1d4c0f8f76b1960024e1a5f4396206890a248d6841c84f8b0,118,118,1,public language contains a checkable economic/state cue,False
d08268e13391c31395da670515b189de2cf47f0ecd072701eebe1ee5b8ed0e53,FACTUAL_PUBLIC_PRIVATE,840335b51c3164c1d4c0f8f76b1960024e1a5f4396206890a248d6841c84f8b0,118,118,1,public language contains a checkable economic/state cue,False
5cf5218cab3f8b30a97813849b2de64c87e9ed7fb8f131294668541abb2bf696,FACTUAL_PUBLIC_PRIVATE,840335b51c3164c1d4c0f8f76b1960024e1a5f4396206890a248d6841c84f8b0,118,118,1,public language contains a checkable economic/state cue,False
63a0c0432416344a1d748a893e838c3d0d55df26f418cc479abcb514bb67ba16,FACTUAL_PUBLIC_PRIVATE,840335b51c3164c1d4c0f8f76b1960024e1a5f4396206890a248d6841c84f8b0,118,118,1,public language contains a checkable economic/state cue,False
fd68af84725773479d6a158b67ee8f2e19737ddf4300589038a2bde71c3e39f7,FACTUAL_PUBLIC_PRIVATE,840335b51c3164c1d4c0f8f76b1960024e1a5f4396206890a248d6841c84f8b0,118,118,1,public language contains a checkable economic/state cue,False
df0084a9ba17619f0f272ec3fe6c6ef0e822da31c6976b65637db6bbf730be23,FACTUAL_PUBLIC_PRIVATE,840335b51c3164c1d4c0f8f76b1960024e1a5f4396206890a248d6841c84f8b0,118,118,1,public language contains a checkable economic/state cue,False
f064671f7b2ec89c5bba39ff15c0613242484f86fb65922bbd7b309a5a40c3e9,FACTUAL_PUBLIC_PRIVATE,840335b51c3164c1d4c0f8f76b1960024e1a5f4396206890a248d6841c84f8b0,118,118,1,public language contains a checkable economic/state cue,False
011d08229a59d2cd724e5ef5bcbcb0e5bfe152c5753a3286580c722db15489f2,FACTUAL_PUBLIC_PRIVATE,840335b51c3164c1d4c0f8f76b1960024e1a5f4396206890a248d6841c84f8b0,118,118,1,public language contains a checkable economic/state cue,False
e904f16b349b63ee1cb2526af733adda350a3f7eed34de9581b40fbbf916d8af,FACTUAL_PUBLIC_PRIVATE,840335b51c3164c1d4c0f8f76b1960024e1a5f4396206890a248d6841c84f8b0,118,118,1,public language contains a checkable economic/state cue,False
695782e329abb8abee55d9508b097af4807944839f91d85fa04610f7bb82b1b5,FACTUAL_PUBLIC_PRIVATE,840335b51c3164c1d4c0f8f76b1960024e1a5f4396206890a248d6841c84f8b0,118,118,1,public language contains a checkable economic/state cue,False
f9938f208b0b964acc2adc95a90d9ccb5598465fbda300d177162dbd43c0b1d3,FACTUAL_PUBLIC_PRIVATE,840335b51c3164c1d4c0f8f76b1960024e1a5f4396206890a248d6841c84f8b0,118,118,1,public language contains a checkable economic/state cue,False
97d9471e0034e0a9bfc461f855d0cdc2e718e79b091bd67ed6f0b1a152da03aa,FACTUAL_PUBLIC_PRIVATE,840335b51c3164c1d4c0f8f76b1960024e1a5f4396206890a248d6841c84f8b0,118,118,1,public language contains a checkable economic/state cue,False
07793be5ec5471c156d220c1683a8eea74e1a0a502d6500988cc9d1d68482289,FACTUAL_PUBLIC_PRIVATE,840335b51c3164c1d4c0f8f76b1960024e1a5f4396206890a248d6841c84f8b0,118,118,1,public language contains a checkable economic/state cue,False
eb4bf0c9d89a717b7bea366d19142328a3814e7aa866592f8be6042b6e83442f,FACTUAL_PUBLIC_PRIVATE,840335b51c3164c1d4c0f8f76b1960024e1a5f4396206890a248d6841c84f8b0,118,118,1,public language contains a checkable economic/state cue,False
f97813be1a955c75d65a51fe910b137126230b4c2f8dc77009704e6c705e62ca,FACTUAL_PUBLIC_PRIVATE,840335b51c3164c1d4c0f8f76b1960024e1a5f4396206890a248d6841c84f8b0,118,118,1,public language contains a checkable economic/state cue,False
1dd5853375359aa4f997c22ba44a69b925567679f0c1addba1dedd339cd344bc,FACTUAL_PUBLIC_PRIVATE,840335b51c3164c1d4c0f8f76b1960024e1a5f4396206890a248d6841c84f8b0,118,118,1,public language contains a checkable economic/state cue,False
146b7b9b9cfed352015ab9a06308c108cca831429c8e2138a566ecb51bd24188,FACTUAL_PUBLIC_PRIVATE,840335b51c3164c1d4c0f8f76b1960024e1a5f4396206890a248d6841c84f8b0,118,118,1,public language contains a checkable economic/state cue,False
5e50aa74c20291fdc176afd595908283cd7e45f66806d5dba8aa2301bbf392ec,FACTUAL_PUBLIC_PRIVATE,840335b51c3164c1d4c0f8f76b1960024e1a5f4396206890a248d6841c84f8b0,118,118,1,public language contains a checkable economic/state cue,False
bdf542098243bb21fec51734202c5b85ad8d436aa7fdbdf7ae9f14056ce3128c,FACTUAL_PUBLIC_PRIVATE,840335b51c3164c1d4c0f8f76b1960024e1a5f4396206890a248d6841c84f8b0,118,118,1,public language contains a checkable economic/state cue,False
1962c7e039d4dff4477844261e36b4b2bd8216ed7e60d13c39eb2fe8767eb596,FACTUAL_PUBLIC_PRIVATE,840335b51c3164c1d4c0f8f76b1960024e1a5f4396206890a248d6841c84f8b0,118,118,1,public language contains a checkable economic/state cue,False
7db1fa584c6a0336b7bab6bdf296ec3982654e2a18e4f9d13f13d04617423b34,FACTUAL_PUBLIC_PRIVATE,840335b51c3164c1d4c0f8f76b1960024e1a5f4396206890a248d6841c84f8b0,118,118,1,public language contains a checkable economic/state cue,False
fd5a908f939a89e151154493b0d9912a49dc35fa7889813566c84cff298349e1,FACTUAL_PUBLIC_PRIVATE,840335b51c3164c1d4c0f8f76b1960024e1a5f4396206890a248d6841c84f8b0,122,122,1,public language contains a checkable economic/state cue,False
397bf89656a6872b0d44b031674701613d3a11104dfdb151a22033e28c8e05c4,FACTUAL_PUBLIC_PRIVATE,840335b51c3164c1d4c0f8f76b1960024e1a5f4396206890a248d6841c84f8b0,122,122,1,public language contains a checkable economic/state cue,False
3ac86aa30648d716f7e3fc98167f32826a0324d4422572b84ae80119ee4df28f,FACTUAL_PUBLIC_PRIVATE,840335b51c3164c1d4c0f8f76b1960024e1a5f4396206890a248d6841c84f8b0,122,122,1,public language contains a checkable economic/state cue,False
85c0f67406787fabf3e8595b57c3732b2bbb0a940b599f2bc3b58cc1a5233b78,FACTUAL_PUBLIC_PRIVATE,840335b51c3164c1d4c0f8f76b1960024e1a5f4396206890a248d6841c84f8b0,122,122,1,public language contains a checkable economic/state cue,False
71855e91a2da6579d4b0773b83af3817d156ef028edaf67ee0c5dd3e44a3a922,FACTUAL_PUBLIC_PRIVATE,840335b51c3164c1d4c0f8f76b1960024e1a5f4396206890a248d6841c84f8b0,122,122,1,public language contains a checkable economic/state cue,False
02f8d14e19c2172ccc5ec921bdb68fb90a54f28afd5841a74f53dd6692962dc6,FACTUAL_PUBLIC_PRIVATE,840335b51c3164c1d4c0f8f76b1960024e1a5f4396206890a248d6841c84f8b0,122,122,1,public language contains a checkable economic/state cue,False
f15a7c6e13b6b2fa0084091363df04c7f8d98f19477e2b60eb37ffcbf580b10e,FACTUAL_PUBLIC_PRIVATE,840335b51c3164c1d4c0f8f76b1960024e1a5f4396206890a248d6841c84f8b0,122,122,1,public language contains a checkable economic/state cue,False
0282710eb2158b9985b4eb6f2a8205fe27fe90ea1b776f71cac8f34f7e320084,FACTUAL_PUBLIC_PRIVATE,840335b51c3164c1d4c0f8f76b1960024e1a5f4396206890a248d6841c84f8b0,122,122,1,public language contains a checkable economic/state cue,False
862f94b5fb40bb8d26355e90a2162c03cb807b15e70f5f5b225dcac9274bb8ff,FACTUAL_PUBLIC_PRIVATE,840335b51c3164c1d4c0f8f76b1960024e1a5f4396206890a248d6841c84f8b0,122,122,1,public language contains a checkable economic/state cue,False
87e9c44ecf51cf728e1086692fac200ecb8ecbfa3b2579d48fe70355adb8413c,FACTUAL_PUBLIC_PRIVATE,840335b51c3164c1d4c0f8f76b1960024e1a5f4396206890a248d6841c84f8b0,122,122,1,public language contains a checkable economic/state cue,False
d03779652044334fa21d96a701a22387257d179fd00464632a40567415bd0a96,FACTUAL_PUBLIC_PRIVATE,840335b51c3164c1d4c0f8f76b1960024e1a5f4396206890a248d6841c84f8b0,122,122,1,public language contains a checkable economic/state cue,False
34dd7290efdbd55c05d1ec3823e798da34a18a5835bd4e065bdf14e27c6d082e,FACTUAL_PUBLIC_PRIVATE,840335b51c3164c1d4c0f8f76b1960024e1a5f4396206890a248d6841c84f8b0,122,122,1,public language contains a checkable economic/state cue,False
458ad8f13e918f2bfc5bac0488a58914648838550099c6727272d326c41ad213,FACTUAL_PUBLIC_PRIVATE,840335b51c3164c1d4c0f8f76b1960024e1a5f4396206890a248d6841c84f8b0,122,122,1,public language contains a checkable economic/state cue,False
50f0a6a52013b238b1952b5476e5f491bbcf6d8a779b8b41ca316f72b82bfb99,FACTUAL_PUBLIC_PRIVATE,840335b51c3164c1d4c0f8f76b1960024e1a5f4396206890a248d6841c84f8b0,125,125,1,public language contains a checkable economic/state cue,False
7df27fa27fa2140b2e6984260555d01566c73e0b96c064f1856c8c82b0ca4d35,FACTUAL_PUBLIC_PRIVATE,840335b51c3164c1d4c0f8f76b1960024e1a5f4396206890a248d6841c84f8b0,126,126,1,public language contains a checkable economic/state cue,False
307a7ee35f83263240d7b12905cbd4d1837e8d76f6a04a8ef76c83bb755e8f3f,FACTUAL_PUBLIC_PRIVATE,840335b51c3164c1d4c0f8f76b1960024e1a5f4396206890a248d6841c84f8b0,126,126,1,public language contains a checkable economic/state cue,False
d82df9c7a3d074082f3813cbcaab0d7a4a8b0db26508d9a42d045970dc97212b,FACTUAL_PUBLIC_PRIVATE,840335b51c3164c1d4c0f8f76b1960024e1a5f4396206890a248d6841c84f8b0,126,126,1,public language contains a checkable economic/state cue,False
33007cef771a954f7e1c63f5576f39427ae43475f54f6122cd7c802a09d1fdef,FACTUAL_PUBLIC_PRIVATE,840335b51c3164c1d4c0f8f76b1960024e1a5f4396206890a248d6841c84f8b0,126,126,1,public language contains a checkable economic/state cue,False
f9a4b8636494f79b0c65b293a8c6604b3537ad78fd782728907ef2d3ce2b1108,FACTUAL_PUBLIC_PRIVATE,840335b51c3164c1d4c0f8f76b1960024e1a5f4396206890a248d6841c84f8b0,126,126,1,public language contains a checkable economic/state cue,False
8c6372df4fcfaec9e45651d57e5004101b32647acad63b4a622e34fb398460d2,FACTUAL_PUBLIC_PRIVATE,840335b51c3164c1d4c0f8f76b1960024e1a5f4396206890a248d6841c84f8b0,126,126,1,public language contains a checkable economic/state cue,False
ec8a526a3046fb8ac22cfb477e9e4df7c4a4ca88e5544c236507aaaa9a8c17f4,FACTUAL_PUBLIC_PRIVATE,840335b51c3164c1d4c0f8f76b1960024e1a5f4396206890a248d6841c84f8b0,128,128,1,public language contains a checkable economic/state cue,False
5c2200bf5f31721b3a653fe72de2f300213b4812913c2b269c07a99202a76ac0,FACTUAL_PUBLIC_PRIVATE,840335b51c3164c1d4c0f8f76b1960024e1a5f4396206890a248d6841c84f8b0,128,128,1,public language contains a checkable economic/state cue,False
4148ec5435228bc295f47f27ad16e0d1440b5a384f23d66b23cb61911ac40de4,FACTUAL_PUBLIC_PRIVATE,840335b51c3164c1d4c0f8f76b1960024e1a5f4396206890a248d6841c84f8b0,129,129,1,public language contains a checkable economic/state cue,False
2bff149d8140ea2c71f13e2b7191cdca763050b3af2872dc71f5ad155d73d981,FACTUAL_PUBLIC_PRIVATE,840335b51c3164c1d4c0f8f76b1960024e1a5f4396206890a248d6841c84f8b0,129,129,1,public language contains a checkable economic/state cue,False
821b8efc4644ba2e5d2155ec36b9e9622cb4d06085187d93410f52f612b0fe52,FACTUAL_PUBLIC_PRIVATE,840335b51c3164c1d4c0f8f76b1960024e1a5f4396206890a248d6841c84f8b0,130,130,1,public language contains a checkable economic/state cue,False
3f1d165b7b266afd90311fdeadb844313b3f921a066d9261a90914879849a5c2,FACTUAL_PUBLIC_PRIVATE,840335b51c3164c1d4c0f8f76b1960024e1a5f4396206890a248d6841c84f8b0,130,130,1,public language contains a checkable economic/state cue,False
e70747dee7b18f2bab97cce365107ac09f0467295125973942331164233826e2,FACTUAL_PUBLIC_PRIVATE,840335b51c3164c1d4c0f8f76b1960024e1a5f4396206890a248d6841c84f8b0,130,130,1,public language contains a checkable economic/state cue,False
dba5fe20f27ce66cf58c2c6b74a93a0d62a475e7f5c9d340386a53500cb3ea3c,FACTUAL_PUBLIC_PRIVATE,840335b51c3164c1d4c0f8f76b1960024e1a5f4396206890a248d6841c84f8b0,130,130,1,public language contains a checkable economic/state cue,False
21141fcd568df7ca3e392cdb9d93dfbd0ec3f36ab66263492c75dff6d5a520c9,FACTUAL_PUBLIC_PRIVATE,840335b51c3164c1d4c0f8f76b1960024e1a5f4396206890a248d6841c84f8b0,130,130,1,public language contains a checkable economic/state cue,False
6be55c528e03c11e86ad63d0c8e1ab1b2ef5fc4b654512b33f855ae95b68af2f,FACTUAL_PUBLIC_PRIVATE,840335b51c3164c1d4c0f8f76b1960024e1a5f4396206890a248d6841c84f8b0,130,130,1,public language contains a checkable economic/state cue,False
cefc3ff8e3c0b60f12829a6d005c86f6e1ec79e73edf6cb8a912e446d4fe6617,FACTUAL_PUBLIC_PRIVATE,840335b51c3164c1d4c0f8f76b1960024e1a5f4396206890a248d6841c84f8b0,130,130,1,public language contains a checkable economic/state cue,False
33cd21dac7716a6492e86e6b852d3b18e18fe32c175560906c9abdcaa1deaf85,FACTUAL_PUBLIC_PRIVATE,840335b51c3164c1d4c0f8f76b1960024e1a5f4396206890a248d6841c84f8b0,130,130,1,public language contains a checkable economic/state cue,False
b713c8d050080e560a6847e20e94ce497eee62512fb6eef96c945b944bea1915,FACTUAL_PUBLIC_PRIVATE,840335b51c3164c1d4c0f8f76b1960024e1a5f4396206890a248d6841c84f8b0,130,130,1,public language contains a checkable economic/state cue,False
9376fb129ac8e69b5cefcd502b4f127fa1e88e4822ed99579ea8242a666465f3,FACTUAL_PUBLIC_PRIVATE,840335b51c3164c1d4c0f8f76b1960024e1a5f4396206890a248d6841c84f8b0,131,131,1,public language contains a checkable economic/state cue,False
049203ee159b7738dc311d47162578d9b3ead660609ed40e746d1a2f8e382536,FACTUAL_PUBLIC_PRIVATE,840335b51c3164c1d4c0f8f76b1960024e1a5f4396206890a248d6841c84f8b0,134,134,1,public language contains a checkable economic/state cue,False
dee28b9bc505d23538e7e38056e08b836ec214e74adbaa0a151d5d658342afbc,FACTUAL_PUBLIC_PRIVATE,840335b51c3164c1d4c0f8f76b1960024e1a5f4396206890a248d6841c84f8b0,136,136,1,public language contains a checkable economic/state cue,False
aa10010f1c6c3e28bb535321aa616aa4cf699607698987a350b8029078c36d74,FACTUAL_PUBLIC_PRIVATE,840335b51c3164c1d4c0f8f76b1960024e1a5f4396206890a248d6841c84f8b0,138,138,1,public language contains a checkable economic/state cue,False
7e334cb702faa547ed1d6019a4d1802962909ebc3ef8aa7e200ae5aff6dae97d,FACTUAL_PUBLIC_PRIVATE,840335b51c3164c1d4c0f8f76b1960024e1a5f4396206890a248d6841c84f8b0,139,139,1,public language contains a checkable economic/state cue,False
93e0c096c0e80ce6b865fce92778388dd9ba61714ab62e73b5c60c6ad33eade8,FACTUAL_PUBLIC_PRIVATE,840335b51c3164c1d4c0f8f76b1960024e1a5f4396206890a248d6841c84f8b0,139,139,1,public language contains a checkable economic/state cue,False
0f3b66f260c96bbc45b11ec2ff41b49e9cc30d3d7815c7f067ae574277b229af,FACTUAL_PUBLIC_PRIVATE,840335b51c3164c1d4c0f8f76b1960024e1a5f4396206890a248d6841c84f8b0,139,139,1,public language contains a checkable economic/state cue,False
3954e6ac49d6e9901371be242533bb3d6b64813e84f9a8b21f2fcb0f42b64697,FACTUAL_PUBLIC_PRIVATE,840335b51c3164c1d4c0f8f76b1960024e1a5f4396206890a248d6841c84f8b0,139,139,1,public language contains a checkable economic/state cue,False
b73f4bdb48d4c1c1df906308f6e6b119c85068c2f59460423d562ab115ef22c6,FACTUAL_PUBLIC_PRIVATE,840335b51c3164c1d4c0f8f76b1960024e1a5f4396206890a248d6841c84f8b0,141,141,1,public language contains a checkable economic/state cue,False
21c023a5e44d544ef44980ed7ab95738df1a0440986d6fced4b15132c0b848a3,FACTUAL_PUBLIC_PRIVATE,840335b51c3164c1d4c0f8f76b1960024e1a5f4396206890a248d6841c84f8b0,144,144,1,public language contains a checkable economic/state cue,False
1d9080199643c748ab33d43ef090e93c0bad42af76291ef0b29553926a06cb98,FACTUAL_PUBLIC_PRIVATE,840335b51c3164c1d4c0f8f76b1960024e1a5f4396206890a248d6841c84f8b0,144,144,1,public language contains a checkable economic/state cue,False
248cd03c78b4e53582b0034d4703af14cf0324f0e45adf7879d9c132663460ad,FACTUAL_PUBLIC_PRIVATE,840335b51c3164c1d4c0f8f76b1960024e1a5f4396206890a248d6841c84f8b0,144,144,1,public language contains a checkable economic/state cue,False
6512cfeb685e49f37593809dfd1c51ab01d75d11cc790bfc54e4e52d2efd5eb7,FACTUAL_PUBLIC_PRIVATE,840335b51c3164c1d4c0f8f76b1960024e1a5f4396206890a248d6841c84f8b0,144,144,1,public language contains a checkable economic/state cue,False
bc2782bc291c56a2852300eeda330ad0ba3adf19546eedae785fb8aaa55cee01,FACTUAL_PUBLIC_PRIVATE,840335b51c3164c1d4c0f8f76b1960024e1a5f4396206890a248d6841c84f8b0,144,144,1,public language contains a checkable economic/state cue,False
514854be63cac6c6e7742d9674be39dede636a4a10a4a86bab996ffbd197ef52,FACTUAL_PUBLIC_PRIVATE,840335b51c3164c1d4c0f8f76b1960024e1a5f4396206890a248d6841c84f8b0,144,144,1,public language contains a checkable economic/state cue,False
33c600ff82266c5beb065e0922bac9772341a33707fa16721e3d69013f52d05a,FACTUAL_PUBLIC_PRIVATE,840335b51c3164c1d4c0f8f76b1960024e1a5f4396206890a248d6841c84f8b0,144,144,1,public language contains a checkable economic/state cue,False
a19f7ae9b1edfe6fb58c63ce62ecc5c05863248581c6250d5d122a30069980a4,FACTUAL_PUBLIC_PRIVATE,840335b51c3164c1d4c0f8f76b1960024e1a5f4396206890a248d6841c84f8b0,144,144,1,public language contains a checkable economic/state cue,False
ef0aef07b4e3b20aff081bcea87b48e266055ebed086f88df8fa53dffed3afc6,FACTUAL_PUBLIC_PRIVATE,840335b51c3164c1d4c0f8f76b1960024e1a5f4396206890a248d6841c84f8b0,144,144,1,public language contains a checkable economic/state cue,False
1773185dade0a36e519eb8f19ccd944e8bf75d7f68da32466ef1ddb97f883224,FACTUAL_PUBLIC_PRIVATE,840335b51c3164c1d4c0f8f76b1960024e1a5f4396206890a248d6841c84f8b0,144,144,1,public language contains a checkable economic/state cue,False
0d5594ad6046d4fcf992f91e42ab0557e1a99d03a7a24f957aa655dbb2e816dd,FACTUAL_PUBLIC_PRIVATE,840335b51c3164c1d4c0f8f76b1960024e1a5f4396206890a248d6841c84f8b0,144,144,1,public language contains a checkable economic/state cue,False
7f6d22ef1b303cb37c24a54511fcb021d8f545b2f624288c38a534538050480e,FACTUAL_PUBLIC_PRIVATE,840335b51c3164c1d4c0f8f76b1960024e1a5f4396206890a248d6841c84f8b0,146,146,1,public language contains a checkable economic/state cue,False
df69e579106188dafe256153a9f0c21adf6c68701bc537acc50f7410acca474c,FACTUAL_PUBLIC_PRIVATE,840335b51c3164c1d4c0f8f76b1960024e1a5f4396206890a248d6841c84f8b0,147,147,1,public language contains a checkable economic/state cue,False
e516bca5eef9438ac5ad2b71b94ae33c281a231095dabfff97f4a0023d62de09,FACTUAL_PUBLIC_PRIVATE,840335b51c3164c1d4c0f8f76b1960024e1a5f4396206890a248d6841c84f8b0,147,147,1,public language contains a checkable economic/state cue,False
f74ae1b129829df747de4be80122f24b3f312ee61c4d43d1aca09c46a69b34da,FACTUAL_PUBLIC_PRIVATE,840335b51c3164c1d4c0f8f76b1960024e1a5f4396206890a248d6841c84f8b0,147,147,1,public language contains a checkable economic/state cue,False
27a47bfeef8c21616768bf1ff6dd259156c2e0d12779bdbd639f04e78ce859c8,FACTUAL_PUBLIC_PRIVATE,840335b51c3164c1d4c0f8f76b1960024e1a5f4396206890a248d6841c84f8b0,148,148,1,public language contains a checkable economic/state cue,False
3b902431529c62b737c8a1949d90bed69d1579e5320569d5de39729dfbfd8a7d,FACTUAL_PUBLIC_PRIVATE,840335b51c3164c1d4c0f8f76b1960024e1a5f4396206890a248d6841c84f8b0,150,150,1,public language contains a checkable economic/state cue,False
44cc96d54c695861d6e123f67c4fb922421149cdfd9edfa97fb8f7e80f443f99,FACTUAL_PUBLIC_PRIVATE,840335b51c3164c1d4c0f8f76b1960024e1a5f4396206890a248d6841c84f8b0,151,151,1,public language contains a checkable economic/state cue,False
3b557fb80957350d2e513efc694e1c3e8f262e843b82e215856247f911234fda,FACTUAL_PUBLIC_PRIVATE,840335b51c3164c1d4c0f8f76b1960024e1a5f4396206890a248d6841c84f8b0,153,153,1,public language contains a checkable economic/state cue,False
394a64108e5b709b5762ead5d5712ad15c9053b2b093186f5b97c7c8bd668961,FACTUAL_PUBLIC_PRIVATE,840335b51c3164c1d4c0f8f76b1960024e1a5f4396206890a248d6841c84f8b0,155,155,1,public language contains a checkable economic/state cue,False
b460e4359d3f063e7b16e3ac1eaff7fd1ab0c813b23aaa1d6a30291f0ec1198b,FACTUAL_PUBLIC_PRIVATE,840335b51c3164c1d4c0f8f76b1960024e1a5f4396206890a248d6841c84f8b0,155,155,1,public language contains a checkable economic/state cue,False
91f66cfa926ab6895ddb1b22c39077a31c4272ae66c5485776ed96a8eaad84c2,FACTUAL_PUBLIC_PRIVATE,840335b51c3164c1d4c0f8f76b1960024e1a5f4396206890a248d6841c84f8b0,155,155,1,public language contains a checkable economic/state cue,False
2602323dfd6d2ae2c6e0759655e53d3a75a683e7b52d3a43d2fab54318f80bb5,FACTUAL_PUBLIC_PRIVATE,840335b51c3164c1d4c0f8f76b1960024e1a5f4396206890a248d6841c84f8b0,155,155,1,public language contains a checkable economic/state cue,False
0cf93f4ae2e89525463b7208a93de0500d73c2cafd766b3ab8c8f0bf872ea73b,FACTUAL_PUBLIC_PRIVATE,840335b51c3164c1d4c0f8f76b1960024e1a5f4396206890a248d6841c84f8b0,155,155,1,public language contains a checkable economic/state cue,False
2524320a3a269dbc155b1498e4bcce23486997147f9b899aa15775a98c75ac55,FACTUAL_PUBLIC_PRIVATE,840335b51c3164c1d4c0f8f76b1960024e1a5f4396206890a248d6841c84f8b0,155,155,1,public language contains a checkable economic/state cue,False
d934af3629db71a595ecd9aa015aa701a7dd203c141b53a48e803b6421df5b92,FACTUAL_PUBLIC_PRIVATE,840335b51c3164c1d4c0f8f76b1960024e1a5f4396206890a248d6841c84f8b0,157,157,1,public language contains a checkable economic/state cue,False
44c0534f48c5839b19eeda3e4d441fafa2557d9231cbc320c3133b9e13504f22,FACTUAL_PUBLIC_PRIVATE,840335b51c3164c1d4c0f8f76b1960024e1a5f4396206890a248d6841c84f8b0,161,161,1,public language contains a checkable economic/state cue,False
971d2843324b46adf4992869bc120142bde74cda703d0edc31353ae4090bbb79,FACTUAL_PUBLIC_PRIVATE,840335b51c3164c1d4c0f8f76b1960024e1a5f4396206890a248d6841c84f8b0,161,161,1,public language contains a checkable economic/state cue,False
4fb5ef9785c5295cb83a510c1fb2069752ff1edb3b19b801e59000165173c6f0,FACTUAL_PUBLIC_PRIVATE,840335b51c3164c1d4c0f8f76b1960024e1a5f4396206890a248d6841c84f8b0,161,161,1,public language contains a checkable economic/state cue,False
efa7292edb4d3e09992eb55f0494806606b63863e20f9c27e2df39879a24427b,FACTUAL_PUBLIC_PRIVATE,840335b51c3164c1d4c0f8f76b1960024e1a5f4396206890a248d6841c84f8b0,162,162,1,public language contains a checkable economic/state cue,False
0f30ac94ec18ad1b6ae5677bf9e5735a8367e3ca9e0b74bf600bff74fe5fbba4,FACTUAL_PUBLIC_PRIVATE,840335b51c3164c1d4c0f8f76b1960024e1a5f4396206890a248d6841c84f8b0,163,163,1,public language contains a checkable economic/state cue,False
6dc56d621f299339fc58666bbeed2a11ee09b25ed52943dcc41029fb1c804749,FACTUAL_PUBLIC_PRIVATE,840335b51c3164c1d4c0f8f76b1960024e1a5f4396206890a248d6841c84f8b0,164,164,1,public language contains a checkable economic/state cue,False
f182ebbeb9567af28ff69922741a3e81c31769b60bb1034c1a47d161b5806815,FACTUAL_PUBLIC_PRIVATE,840335b51c3164c1d4c0f8f76b1960024e1a5f4396206890a248d6841c84f8b0,165,165,1,public language contains a checkable economic/state cue,False
33115b7da4188fa22f98f6dd26aa952da70b8e8503b6d03a89781fa2a387c93a,FACTUAL_PUBLIC_PRIVATE,3b81679fe9d1a8001adc0c8fcd83b4648a68131ca3a3ab8157f73118ad7df4dc,7,7,1,public language contains a checkable economic/state cue,False
4533807d39c96dd310b9991b6bfa89a2f8005901b45bec60c1d59b2101e9a3c4,FACTUAL_PUBLIC_PRIVATE,3b81679fe9d1a8001adc0c8fcd83b4648a68131ca3a3ab8157f73118ad7df4dc,8,8,1,public language contains a checkable economic/state cue,False
4ea939dab4b795cb7d76639edc87c74794b3764a02104bc33cfe7529970ab0cc,FACTUAL_PUBLIC_PRIVATE,3b81679fe9d1a8001adc0c8fcd83b4648a68131ca3a3ab8157f73118ad7df4dc,9,9,1,public language contains a checkable economic/state cue,False
a34a848fdf0ce7893d2f6f64e144994bc94f3b9b7563ce1d15afb3a815c1f7de,FACTUAL_PUBLIC_PRIVATE,3b81679fe9d1a8001adc0c8fcd83b4648a68131ca3a3ab8157f73118ad7df4dc,9,9,1,public language contains a checkable economic/state cue,False
885a11d4f028076ecc3df6244e1bebe01b07e590308f85cfe4c6273b0e0078e2,FACTUAL_PUBLIC_PRIVATE,3b81679fe9d1a8001adc0c8fcd83b4648a68131ca3a3ab8157f73118ad7df4dc,10,10,1,public language contains a checkable economic/state cue,False
0b0257ffc7333158c783ad9c8b3de057d79ca7862b709c3bbe6dbde6a8d84988,FACTUAL_PUBLIC_PRIVATE,3b81679fe9d1a8001adc0c8fcd83b4648a68131ca3a3ab8157f73118ad7df4dc,11,11,1,public language contains a checkable economic/state cue,False
052a396a8a9a145d5a5583a834ae2847e68382114b0e871bdd0d01f528d64d87,FACTUAL_PUBLIC_PRIVATE,3b81679fe9d1a8001adc0c8fcd83b4648a68131ca3a3ab8157f73118ad7df4dc,12,12,1,public language contains a checkable economic/state cue,False
f1bc0e3a0f461dd33908f0079e35a0669d542dc6a2de0657fdb02fd7ad993f07,FACTUAL_PUBLIC_PRIVATE,3b81679fe9d1a8001adc0c8fcd83b4648a68131ca3a3ab8157f73118ad7df4dc,14,14,1,public language contains a checkable economic/state cue,False
c80691ebc206a6ab5e904a4ac7a1c2d964409e3a0a1dab86073db9274a228575,FACTUAL_PUBLIC_PRIVATE,3b81679fe9d1a8001adc0c8fcd83b4648a68131ca3a3ab8157f73118ad7df4dc,14,14,1,public language contains a checkable economic/state cue,False
788f41928801ca3691e4c898004854ca1141774f3be3a1caa3ff2bfc8b88d83d,FACTUAL_PUBLIC_PRIVATE,3b81679fe9d1a8001adc0c8fcd83b4648a68131ca3a3ab8157f73118ad7df4dc,15,15,1,public language contains a checkable economic/state cue,False
8be53f8ee948bb0afcf2d716e8ba5f9bd0adb0ada7171a48bbf5cbda7849d680,FACTUAL_PUBLIC_PRIVATE,3b81679fe9d1a8001adc0c8fcd83b4648a68131ca3a3ab8157f73118ad7df4dc,15,15,1,public language contains a checkable economic/state cue,False
0d01d9134dba3f797f6d8c9c0ffe55514fdd9573fc13d8159f452f1589be209d,FACTUAL_PUBLIC_PRIVATE,3b81679fe9d1a8001adc0c8fcd83b4648a68131ca3a3ab8157f73118ad7df4dc,15,15,1,public language contains a checkable economic/state cue,False
c1e52a18b8b29d2f1e6c2c36d7ce86080c17c3271681f9e3eed98aa7e7ea99b0,FACTUAL_PUBLIC_PRIVATE,3b81679fe9d1a8001adc0c8fcd83b4648a68131ca3a3ab8157f73118ad7df4dc,15,15,1,public language contains a checkable economic/state cue,False
8ce85d0ddcced913143b6187e5582a1c0871d2f826cee64ac0846bf03713339a,FACTUAL_PUBLIC_PRIVATE,3b81679fe9d1a8001adc0c8fcd83b4648a68131ca3a3ab8157f73118ad7df4dc,15,15,1,public language contains a checkable economic/state cue,False
8ce3fbde71f7986e565d575dd688723ec17bdbc8837858e6b76a87d642746e80,FACTUAL_PUBLIC_PRIVATE,3b81679fe9d1a8001adc0c8fcd83b4648a68131ca3a3ab8157f73118ad7df4dc,15,15,1,public language contains a checkable economic/state cue,False
9414b51ce0f23101090ec760fa52869c2df27d7bb96ec221fc8a0ef1467d6422,FACTUAL_PUBLIC_PRIVATE,3b81679fe9d1a8001adc0c8fcd83b4648a68131ca3a3ab8157f73118ad7df4dc,15,15,1,public language contains a checkable economic/state cue,False
b26db8241d0f021509dfcf71bdb0e8ce68e28a684fc16db7ae6cb3f02cf570c8,FACTUAL_PUBLIC_PRIVATE,3b81679fe9d1a8001adc0c8fcd83b4648a68131ca3a3ab8157f73118ad7df4dc,15,15,1,public language contains a checkable economic/state cue,False
f0805153fe1aed644f2dbd0827bf21f11f79f4ef623744dd7d51be54253701ce,FACTUAL_PUBLIC_PRIVATE,3b81679fe9d1a8001adc0c8fcd83b4648a68131ca3a3ab8157f73118ad7df4dc,16,16,1,public language contains a checkable economic/state cue,False
4613a2076118e4f19cd96bb434a5091a358b1400760e5d5d80cfb6317c4d61aa,FACTUAL_PUBLIC_PRIVATE,3b81679fe9d1a8001adc0c8fcd83b4648a68131ca3a3ab8157f73118ad7df4dc,17,17,1,public language contains a checkable economic/state cue,False
96a2d5dec29c1bfafdd075a171fd1c5676d3c9c60e7850aa22672d30439acf97,FACTUAL_PUBLIC_PRIVATE,3b81679fe9d1a8001adc0c8fcd83b4648a68131ca3a3ab8157f73118ad7df4dc,17,17,1,public language contains a checkable economic/state cue,False
45b956d90f1b1c869834d26f9a41250a0245da3cbaf5ec9188085e0533ce8ec9,FACTUAL_PUBLIC_PRIVATE,3b81679fe9d1a8001adc0c8fcd83b4648a68131ca3a3ab8157f73118ad7df4dc,18,18,1,public language contains a checkable economic/state cue,False
5a1e525d3f11aaa73bda227fde3d294e1a0e8bccfd8bbf46e26b20f6d2a18ca5,FACTUAL_PUBLIC_PRIVATE,3b81679fe9d1a8001adc0c8fcd83b4648a68131ca3a3ab8157f73118ad7df4dc,18,18,1,public language contains a checkable economic/state cue,False
032f0a6d99bce313cfb1e02ff4d80980377a641e2b4ce3a979126b68f2406990,FACTUAL_PUBLIC_PRIVATE,3b81679fe9d1a8001adc0c8fcd83b4648a68131ca3a3ab8157f73118ad7df4dc,20,20,1,public language contains a checkable economic/state cue,False
073f05807199bcf1bd24e6d569918a827ecd25e4379a399cbc055b904bb6f675,FACTUAL_PUBLIC_PRIVATE,3b81679fe9d1a8001adc0c8fcd83b4648a68131ca3a3ab8157f73118ad7df4dc,22,22,1,public language contains a checkable economic/state cue,False
2bf1315434942bfbcbc3786382a4f6d3cb8615d0ec1534de8b4b7d2e5d0c6179,FACTUAL_PUBLIC_PRIVATE,3b81679fe9d1a8001adc0c8fcd83b4648a68131ca3a3ab8157f73118ad7df4dc,22,22,1,public language contains a checkable economic/state cue,False
11618461a0ec5ea8446f0d3d7f799e798cc52493653b06ed6ff8353e7f7891e6,FACTUAL_PUBLIC_PRIVATE,3b81679fe9d1a8001adc0c8fcd83b4648a68131ca3a3ab8157f73118ad7df4dc,22,22,1,public language contains a checkable economic/state cue,False
d9d850511197d8a8eb178c008e9650d54d3bdaab41de64ebcfc234960120c4bc,FACTUAL_PUBLIC_PRIVATE,3b81679fe9d1a8001adc0c8fcd83b4648a68131ca3a3ab8157f73118ad7df4dc,22,22,1,public language contains a checkable economic/state cue,False
7456a02c5f460b9d87381bc07939b37e7c8d2895cac7d57a60669894d0132a4c,FACTUAL_PUBLIC_PRIVATE,3b81679fe9d1a8001adc0c8fcd83b4648a68131ca3a3ab8157f73118ad7df4dc,22,22,1,public language contains a checkable economic/state cue,False
73a022a6fa815f7667c6cdb05dab864dd89f261fa2e71acfb858f0585f0b8767,FACTUAL_PUBLIC_PRIVATE,3b81679fe9d1a8001adc0c8fcd83b4648a68131ca3a3ab8157f73118ad7df4dc,22,22,1,public language contains a checkable economic/state cue,False
d7ad12c1940219804f43dbb1aab0e3b992faa40f09d1b7e753b2d5bd5f1b331e,FACTUAL_PUBLIC_PRIVATE,3b81679fe9d1a8001adc0c8fcd83b4648a68131ca3a3ab8157f73118ad7df4dc,22,22,1,public language contains a checkable economic/state cue,False
242a27a7c30d0f928b406ccb82372d349fa46a51d7518770f3567dd14874c045,FACTUAL_PUBLIC_PRIVATE,3b81679fe9d1a8001adc0c8fcd83b4648a68131ca3a3ab8157f73118ad7df4dc,22,22,1,public language contains a checkable economic/state cue,False
e89594608372ab9a122c797b5af0f5461bbbcad2225a43a89de03046b4f80f25,FACTUAL_PUBLIC_PRIVATE,3b81679fe9d1a8001adc0c8fcd83b4648a68131ca3a3ab8157f73118ad7df4dc,22,22,1,public language contains a checkable economic/state cue,False
53157f5207c906083074e8c25cd4912a8d7c1ad3d5c906ace7c52c19d8e330cf,FACTUAL_PUBLIC_PRIVATE,3b81679fe9d1a8001adc0c8fcd83b4648a68131ca3a3ab8157f73118ad7df4dc,22,22,1,public language contains a checkable economic/state cue,False
2734ec375e4dc70568f9eb953f08ad52f374eaed1c1e6b40e97bde361f81f1cb,FACTUAL_PUBLIC_PRIVATE,3b81679fe9d1a8001adc0c8fcd83b4648a68131ca3a3ab8157f73118ad7df4dc,22,22,1,public language contains a checkable economic/state cue,False
b150ff37562369fb67d03e8a86e3a86dc3bd16e976e06720b84b690ef8f03ab1,FACTUAL_PUBLIC_PRIVATE,3b81679fe9d1a8001adc0c8fcd83b4648a68131ca3a3ab8157f73118ad7df4dc,22,22,1,public language contains a checkable economic/state cue,False
076922999ef6b162a6cd6df0a4f33cf9d81a6470699ce3ff37eb961d17fd2991,FACTUAL_PUBLIC_PRIVATE,3b81679fe9d1a8001adc0c8fcd83b4648a68131ca3a3ab8157f73118ad7df4dc,22,22,1,public language contains a checkable economic/state cue,False
c9ebf31819c377e7fa46debbe4d6186531b5f392c0b5ec9b705fcc1836de4001,FACTUAL_PUBLIC_PRIVATE,3b81679fe9d1a8001adc0c8fcd83b4648a68131ca3a3ab8157f73118ad7df4dc,22,22,1,public language contains a checkable economic/state cue,False
18d0f0e72187b35be0d41447abc9d1d7f4126316ed00923a80052225b99fb710,FACTUAL_PUBLIC_PRIVATE,3b81679fe9d1a8001adc0c8fcd83b4648a68131ca3a3ab8157f73118ad7df4dc,22,22,1,public language contains a checkable economic/state cue,False
b21d3dd3157492cfbceec01ed1c92201af93670cfa48ef53f63ae6a59501f0b0,FACTUAL_PUBLIC_PRIVATE,3b81679fe9d1a8001adc0c8fcd83b4648a68131ca3a3ab8157f73118ad7df4dc,25,25,1,public language contains a checkable economic/state cue,False
6a36370478d4ca8c362277bb62b3ae7dc60176890ffa5e35419b64d07df8deba,FACTUAL_PUBLIC_PRIVATE,3b81679fe9d1a8001adc0c8fcd83b4648a68131ca3a3ab8157f73118ad7df4dc,26,26,1,public language contains a checkable economic/state cue,False
6ab6243e7e55f207320cd3b481a7979d07575ac00f06d61becdc9b1070a26254,FACTUAL_PUBLIC_PRIVATE,3b81679fe9d1a8001adc0c8fcd83b4648a68131ca3a3ab8157f73118ad7df4dc,26,26,1,public language contains a checkable economic/state cue,False
3ec510076f5fcf16003e0f8f4fd381a3872b24127704d0a238803fa31fad5753,FACTUAL_PUBLIC_PRIVATE,3b81679fe9d1a8001adc0c8fcd83b4648a68131ca3a3ab8157f73118ad7df4dc,26,26,1,public language contains a checkable economic/state cue,False
5ff7239b4f3a63b20cebe35f4a49ae94a4a6ebb53cadce31733bb8a977893eae,FACTUAL_PUBLIC_PRIVATE,3b81679fe9d1a8001adc0c8fcd83b4648a68131ca3a3ab8157f73118ad7df4dc,26,26,1,public language contains a checkable economic/state cue,False
e2464a62defdc98a7836b004ca9a6bdab8a86043a1edcd74c73ce16b3b12e8b6,FACTUAL_PUBLIC_PRIVATE,3b81679fe9d1a8001adc0c8fcd83b4648a68131ca3a3ab8157f73118ad7df4dc,26,26,1,public language contains a checkable economic/state cue,False
8e829af6a51cb2e02f83b124e9ab3eac94536dca39a89a6c36a45a50b1465d2c,FACTUAL_PUBLIC_PRIVATE,3b81679fe9d1a8001adc0c8fcd83b4648a68131ca3a3ab8157f73118ad7df4dc,26,26,1,public language contains a checkable economic/state cue,False
720ffcf5cb5a16147b50e31dcb7bfeb0b130a7ba3f4223dc10213627af1f4759,FACTUAL_PUBLIC_PRIVATE,3b81679fe9d1a8001adc0c8fcd83b4648a68131ca3a3ab8157f73118ad7df4dc,26,26,1,public language contains a checkable economic/state cue,False
6e338c2d3264f930e2fa21cb11d36604df23e639e8bcd3c6160860aba57b17cb,FACTUAL_PUBLIC_PRIVATE,3b81679fe9d1a8001adc0c8fcd83b4648a68131ca3a3ab8157f73118ad7df4dc,26,26,1,public language contains a checkable economic/state cue,False
a43c0e48a8f47a2c7c5883271fd2c7495db6aaee6c18183b4aed70474f321d8c,FACTUAL_PUBLIC_PRIVATE,3b81679fe9d1a8001adc0c8fcd83b4648a68131ca3a3ab8157f73118ad7df4dc,27,27,1,public language contains a checkable economic/state cue,False
b2b94b30dd7328dd4c5b4dcebb88ea519f996a506c5f19c272058a9c2f73c443,FACTUAL_PUBLIC_PRIVATE,3b81679fe9d1a8001adc0c8fcd83b4648a68131ca3a3ab8157f73118ad7df4dc,28,28,1,public language contains a checkable economic/state cue,False
fd75a64ea1697e5bbd0bced52cbaeb007373da4d3c1ca48cdd98442c56dcd0aa,FACTUAL_PUBLIC_PRIVATE,3b81679fe9d1a8001adc0c8fcd83b4648a68131ca3a3ab8157f73118ad7df4dc,33,33,1,public language contains a checkable economic/state cue,False
2a0d948fa2b1586d40b8f82462201781152e1315ea74bd3d70c61a7d2b3e03dc,FACTUAL_PUBLIC_PRIVATE,3b81679fe9d1a8001adc0c8fcd83b4648a68131ca3a3ab8157f73118ad7df4dc,33,33,1,public language contains a checkable economic/state cue,False
c221e8a341e79389f4ef9d1baec98771fcb631a2dadf4ef85d207dbe03601eee,FACTUAL_PUBLIC_PRIVATE,3b81679fe9d1a8001adc0c8fcd83b4648a68131ca3a3ab8157f73118ad7df4dc,33,33,1,public language contains a checkable economic/state cue,False
a3a2be71f37efd6e696e60fad304012e167f39c0abbc75d7ad23ca7f7650662b,FACTUAL_PUBLIC_PRIVATE,3b81679fe9d1a8001adc0c8fcd83b4648a68131ca3a3ab8157f73118ad7df4dc,34,34,1,public language contains a checkable economic/state cue,False
7b301b1ec4cdca531afb1f9fae014b120b5beea2b811695a5e728e833e4bd6b2,FACTUAL_PUBLIC_PRIVATE,3b81679fe9d1a8001adc0c8fcd83b4648a68131ca3a3ab8157f73118ad7df4dc,35,35,1,public language contains a checkable economic/state cue,False
8735dafb7b0930ee7a1f9b32caf997d4e40c3b9642c26c1a6c2268f149317826,FACTUAL_PUBLIC_PRIVATE,3b81679fe9d1a8001adc0c8fcd83b4648a68131ca3a3ab8157f73118ad7df4dc,36,36,1,public language contains a checkable economic/state cue,False
1c77e5ffa620c61b8c0f55b5d5b880ea50a3bac74bf6d47f7cc200664d1056e6,FACTUAL_PUBLIC_PRIVATE,3b81679fe9d1a8001adc0c8fcd83b4648a68131ca3a3ab8157f73118ad7df4dc,36,36,1,public language contains a checkable economic/state cue,False
255c35119a568b4b3312fe2e9b280ea5c4309b1d49c1b30e114773f0fb8ff2b4,FACTUAL_PUBLIC_PRIVATE,3b81679fe9d1a8001adc0c8fcd83b4648a68131ca3a3ab8157f73118ad7df4dc,37,37,1,public language contains a checkable economic/state cue,False
2a87db125d19f973abc3bc4ccd49477387825b815f0e67a4e5a4375d664116a6,FACTUAL_PUBLIC_PRIVATE,3b81679fe9d1a8001adc0c8fcd83b4648a68131ca3a3ab8157f73118ad7df4dc,39,39,1,public language contains a checkable economic/state cue,False
37c827b38c0fdbe724830ba21b16cc55275cfbe92769d35710970b3b555a704b,FACTUAL_PUBLIC_PRIVATE,3b81679fe9d1a8001adc0c8fcd83b4648a68131ca3a3ab8157f73118ad7df4dc,40,40,1,public language contains a checkable economic/state cue,False
2fba1e3bb47b9dbd64e6b65a2d7922709ad34c77bceadd26e9f21312e570ece5,FACTUAL_PUBLIC_PRIVATE,3b81679fe9d1a8001adc0c8fcd83b4648a68131ca3a3ab8157f73118ad7df4dc,40,40,1,public language contains a checkable economic/state cue,False
419b9b3075821b4c2001172f66b657a3325c0c6bcecdde2c7e4bc4564db1ce00,FACTUAL_PUBLIC_PRIVATE,3b81679fe9d1a8001adc0c8fcd83b4648a68131ca3a3ab8157f73118ad7df4dc,40,40,1,public language contains a checkable economic/state cue,False
ca56eddbf6420ecf0e968992e514eee342b836a3686927ce49cc84d637a9cb9d,FACTUAL_PUBLIC_PRIVATE,3b81679fe9d1a8001adc0c8fcd83b4648a68131ca3a3ab8157f73118ad7df4dc,40,40,1,public language contains a checkable economic/state cue,False
ead4d9cce8f1f54eae87c8f92fe3f5ae557b7bcc26df96a7eadf3c897479f179,FACTUAL_PUBLIC_PRIVATE,3b81679fe9d1a8001adc0c8fcd83b4648a68131ca3a3ab8157f73118ad7df4dc,40,40,1,public language contains a checkable economic/state cue,False
490d7385f0866a0ed2b0bd85cfb34b2314788a4ac77d5b1ff9764998d683762d,FACTUAL_PUBLIC_PRIVATE,3b81679fe9d1a8001adc0c8fcd83b4648a68131ca3a3ab8157f73118ad7df4dc,40,40,1,public language contains a checkable economic/state cue,False
f43d8469be9bb3d0174e3cc76facd869edf80b2bce9f64b1bcb21c1bc16cde0c,FACTUAL_PUBLIC_PRIVATE,3b81679fe9d1a8001adc0c8fcd83b4648a68131ca3a3ab8157f73118ad7df4dc,40,40,1,public language contains a checkable economic/state cue,False
1321d8c270f84040be682a3997c47f4bf35db656ac1a99c0657d8d2b6e8f8877,FACTUAL_PUBLIC_PRIVATE,3b81679fe9d1a8001adc0c8fcd83b4648a68131ca3a3ab8157f73118ad7df4dc,40,40,1,public language contains a checkable economic/state cue,False
a7da370115cad75c32bcba32405701e6479cc86801d87b6aaeef70976d7e5a88,FACTUAL_PUBLIC_PRIVATE,3b81679fe9d1a8001adc0c8fcd83b4648a68131ca3a3ab8157f73118ad7df4dc,41,41,1,public language contains a checkable economic/state cue,False
aabdfbaac577a1022c8ab03a940103bc3e54fa7076a0cfa6ca023bc2bfea609c,FACTUAL_PUBLIC_PRIVATE,3b81679fe9d1a8001adc0c8fcd83b4648a68131ca3a3ab8157f73118ad7df4dc,43,43,1,public language contains a checkable economic/state cue,False
bbfe243b998a3e91377fa30bb4700e35dd7897df1f49e53e7ef896c9591085ba,FACTUAL_PUBLIC_PRIVATE,3b81679fe9d1a8001adc0c8fcd83b4648a68131ca3a3ab8157f73118ad7df4dc,44,44,1,public language contains a checkable economic/state cue,False
41017c7148b6662c10420f5a6f2c277cd87476a6b2a108957e7a4a72ca538d40,FACTUAL_PUBLIC_PRIVATE,3b81679fe9d1a8001adc0c8fcd83b4648a68131ca3a3ab8157f73118ad7df4dc,44,44,1,public language contains a checkable economic/state cue,False
2b78b09b32a1471385c94d7d3d304e9c8bb8c1170b42b0a8e1275020a417b49e,FACTUAL_PUBLIC_PRIVATE,3b81679fe9d1a8001adc0c8fcd83b4648a68131ca3a3ab8157f73118ad7df4dc,44,44,1,public language contains a checkable economic/state cue,False
e8bab0fc4461afcf7e652e7bd6ae481381247e3ee2f4982e71822600271f853b,FACTUAL_PUBLIC_PRIVATE,3b81679fe9d1a8001adc0c8fcd83b4648a68131ca3a3ab8157f73118ad7df4dc,45,45,1,public language contains a checkable economic/state cue,False
58f58263dd3f67a79af5e4df8e796a5b8e272b186d8ef3a89e5d3eecb84c9ccb,FACTUAL_PUBLIC_PRIVATE,3b81679fe9d1a8001adc0c8fcd83b4648a68131ca3a3ab8157f73118ad7df4dc,46,46,1,public language contains a checkable economic/state cue,False
66b480e1a231f59bf13af80578e63a1b10c5b8c711947203daed380ea9a511b9,FACTUAL_PUBLIC_PRIVATE,3b81679fe9d1a8001adc0c8fcd83b4648a68131ca3a3ab8157f73118ad7df4dc,47,47,1,public language contains a checkable economic/state cue,False
063a7d5b0b5686d5f657faa84ccafb26888b64ff2642fe775726bc92dc387b2c,FACTUAL_PUBLIC_PRIVATE,3b81679fe9d1a8001adc0c8fcd83b4648a68131ca3a3ab8157f73118ad7df4dc,47,47,1,public language contains a checkable economic/state cue,False
ed4a8e56c38b2cf07636a0ca55cb3416b0f0deec6f792cd3748f154e83de82e8,FACTUAL_PUBLIC_PRIVATE,3b81679fe9d1a8001adc0c8fcd83b4648a68131ca3a3ab8157f73118ad7df4dc,47,47,1,public language contains a checkable economic/state cue,False
2d3a67ff966441160cb793f3d0f47bcffc9a74f17bcfdfdbaa96dbb399202ea6,FACTUAL_PUBLIC_PRIVATE,3b81679fe9d1a8001adc0c8fcd83b4648a68131ca3a3ab8157f73118ad7df4dc,47,47,1,public language contains a checkable economic/state cue,False
fd3ed13ea6a28b5d31762a5baffbd03eff341ff53be5b3fe94ece4f7750efada,FACTUAL_PUBLIC_PRIVATE,3b81679fe9d1a8001adc0c8fcd83b4648a68131ca3a3ab8157f73118ad7df4dc,47,47,1,public language contains a checkable economic/state cue,False
8bd2eb5a5bde8d421402c57cc37d258748c43853bab24da8c572b065b0421aa6,FACTUAL_PUBLIC_PRIVATE,3b81679fe9d1a8001adc0c8fcd83b4648a68131ca3a3ab8157f73118ad7df4dc,47,47,1,public language contains a checkable economic/state cue,False
5dfff26a5ee782cc08f27d0296cda6602b4eee20a207b2dff38366343000b58b,FACTUAL_PUBLIC_PRIVATE,3b81679fe9d1a8001adc0c8fcd83b4648a68131ca3a3ab8157f73118ad7df4dc,47,47,1,public language contains a checkable economic/state cue,False
6ca165ad503c718f69ad3c30d9bc58bde12572b3a28a0b8c36a732989e80d84e,FACTUAL_PUBLIC_PRIVATE,3b81679fe9d1a8001adc0c8fcd83b4648a68131ca3a3ab8157f73118ad7df4dc,47,47,1,public language contains a checkable economic/state cue,False
02ea214fcdd9d378d65559f247b26cbd679ff46975b050a840c70fd1c705bd74,FACTUAL_PUBLIC_PRIVATE,3b81679fe9d1a8001adc0c8fcd83b4648a68131ca3a3ab8157f73118ad7df4dc,47,47,1,public language contains a checkable economic/state cue,False
1fb93e8e718623647c95dcc1288ef2cc1e89ec73b51519dfea0895ca74520045,FACTUAL_PUBLIC_PRIVATE,3b81679fe9d1a8001adc0c8fcd83b4648a68131ca3a3ab8157f73118ad7df4dc,47,47,1,public language contains a checkable economic/state cue,False
49bed4b5e14d03f379b5e887739b638ddf01a2c552a7a268a28e3177a0359d8d,FACTUAL_PUBLIC_PRIVATE,3b81679fe9d1a8001adc0c8fcd83b4648a68131ca3a3ab8157f73118ad7df4dc,48,48,1,public language contains a checkable economic/state cue,False
c7c8333eaf190e0c81f4e21db85db07ad34e226cea0b16e6ed11bd4e07c7e21b,FACTUAL_PUBLIC_PRIVATE,3b81679fe9d1a8001adc0c8fcd83b4648a68131ca3a3ab8157f73118ad7df4dc,48,48,1,public language contains a checkable economic/state cue,False
f71e5d2456ec6e8d20d3a459b95e92b7bccef6faa0200f4471ec04da7054cc06,FACTUAL_PUBLIC_PRIVATE,3b81679fe9d1a8001adc0c8fcd83b4648a68131ca3a3ab8157f73118ad7df4dc,48,48,1,public language contains a checkable economic/state cue,False
e27337ef4aaf48450471827f2974f37ef57898c0f4fcae03b22cf7d5932bd82e,FACTUAL_PUBLIC_PRIVATE,3b81679fe9d1a8001adc0c8fcd83b4648a68131ca3a3ab8157f73118ad7df4dc,48,48,1,public language contains a checkable economic/state cue,False
57b7b0632c39008fe37d7a8ab6d181a1f80cb50074de721db61e134ab574e1ad,FACTUAL_PUBLIC_PRIVATE,3b81679fe9d1a8001adc0c8fcd83b4648a68131ca3a3ab8157f73118ad7df4dc,48,48,1,public language contains a checkable economic/state cue,False
1c3f4a8062a781b8807a07f26179bd8cf4f0fbcc9f3ed7270e24906b12d78b43,FACTUAL_PUBLIC_PRIVATE,3b81679fe9d1a8001adc0c8fcd83b4648a68131ca3a3ab8157f73118ad7df4dc,48,48,1,public language contains a checkable economic/state cue,False
043b92b5481384aadb3c9218ba09abf9ed5f59f9f37b61bc8dd12c269e32f4af,FACTUAL_PUBLIC_PRIVATE,3b81679fe9d1a8001adc0c8fcd83b4648a68131ca3a3ab8157f73118ad7df4dc,48,48,1,public language contains a checkable economic/state cue,False
cc4d8350fa504474e6798ac764ace8509cb7f9d35c868fc25c0c0227fd9178bf,FACTUAL_PUBLIC_PRIVATE,3b81679fe9d1a8001adc0c8fcd83b4648a68131ca3a3ab8157f73118ad7df4dc,48,48,1,public language contains a checkable economic/state cue,False
b2caee3e15f6529925875ab4d27da1823ce6aba5f8ba12c311f9053cfd99d2d5,FACTUAL_PUBLIC_PRIVATE,3b81679fe9d1a8001adc0c8fcd83b4648a68131ca3a3ab8157f73118ad7df4dc,48,48,1,public language contains a checkable economic/state cue,False
55fb37fe32f4dd32b8699298e2463bab4a2c165ebd0e9a818ac9e31abcc54a70,FACTUAL_PUBLIC_PRIVATE,3b81679fe9d1a8001adc0c8fcd83b4648a68131ca3a3ab8157f73118ad7df4dc,48,48,1,public language contains a checkable economic/state cue,False
be11534a5d6b283bf163c7b89da9899d8a2bb07b15b7a58e1425605fe814b96d,FACTUAL_PUBLIC_PRIVATE,3b81679fe9d1a8001adc0c8fcd83b4648a68131ca3a3ab8157f73118ad7df4dc,48,48,1,public language contains a checkable economic/state cue,False
c61163451ef25a5b1780e6486e37391ac79b9f09a382685594dc148b587c175b,FACTUAL_PUBLIC_PRIVATE,3b81679fe9d1a8001adc0c8fcd83b4648a68131ca3a3ab8157f73118ad7df4dc,48,48,1,public language contains a checkable economic/state cue,False
a6e4b3c6ae67ecb136b0a67f0ef76cff6e04873a098185d212ed5686274ae3da,FACTUAL_PUBLIC_PRIVATE,3b81679fe9d1a8001adc0c8fcd83b4648a68131ca3a3ab8157f73118ad7df4dc,48,48,1,public language contains a checkable economic/state cue,False
ce82213bc16d28609a33a13f61e8c2689a43b02caa79144a8c04e661b8f57b00,FACTUAL_PUBLIC_PRIVATE,3b81679fe9d1a8001adc0c8fcd83b4648a68131ca3a3ab8157f73118ad7df4dc,49,49,1,public language contains a checkable economic/state cue,False
a5a30aa2020de776fd9dc328a037fa1d454927c98f0f8201daa5347d32ba8118,FACTUAL_PUBLIC_PRIVATE,3b81679fe9d1a8001adc0c8fcd83b4648a68131ca3a3ab8157f73118ad7df4dc,50,50,1,public language contains a checkable economic/state cue,False
adad29c04a88acc32768e43b4553a3bc399c66eaed864a40a94926e44cb5310b,FACTUAL_PUBLIC_PRIVATE,3b81679fe9d1a8001adc0c8fcd83b4648a68131ca3a3ab8157f73118ad7df4dc,50,50,1,public language contains a checkable economic/state cue,False
d70e6a958a6230dee67f571493948c840ed96d6296cc5f862133d37602057ffc,FACTUAL_PUBLIC_PRIVATE,3b81679fe9d1a8001adc0c8fcd83b4648a68131ca3a3ab8157f73118ad7df4dc,51,51,1,public language contains a checkable economic/state cue,False
161876fc204c8191fcf2e50cf1bb5cae635bbc1889cf19519eb0f9cdbb7debcc,FACTUAL_PUBLIC_PRIVATE,3b81679fe9d1a8001adc0c8fcd83b4648a68131ca3a3ab8157f73118ad7df4dc,51,51,1,public language contains a checkable economic/state cue,False
d12b45f4f1fe57378ced06aa7519df8912c96b034663b68de53e810f8014ced6,FACTUAL_PUBLIC_PRIVATE,3b81679fe9d1a8001adc0c8fcd83b4648a68131ca3a3ab8157f73118ad7df4dc,52,52,1,public language contains a checkable economic/state cue,False
d61410128070ef6df329cf051b511df1167483a0b5e008371a211a81fdd32feb,FACTUAL_PUBLIC_PRIVATE,3b81679fe9d1a8001adc0c8fcd83b4648a68131ca3a3ab8157f73118ad7df4dc,53,53,1,public language contains a checkable economic/state cue,False
1a801e1502d8da52f3057bfc7b3c11eacdf663078bd1d69df9aab532f6662244,FACTUAL_PUBLIC_PRIVATE,3b81679fe9d1a8001adc0c8fcd83b4648a68131ca3a3ab8157f73118ad7df4dc,54,54,1,public language contains a checkable economic/state cue,False
924753fa453cfae80498d84050c69de464b31a93ec7e405f6057521486ac3a03,FACTUAL_PUBLIC_PRIVATE,3b81679fe9d1a8001adc0c8fcd83b4648a68131ca3a3ab8157f73118ad7df4dc,54,54,1,public language contains a checkable economic/state cue,False
0309daa708dee64b8b99a6f7b4d614f752c141eeec090ef23d0f53de79c61fd0,FACTUAL_PUBLIC_PRIVATE,3b81679fe9d1a8001adc0c8fcd83b4648a68131ca3a3ab8157f73118ad7df4dc,54,54,1,public language contains a checkable economic/state cue,False
1b51cc4bf0d32262e2edd672604f2093dce050efcd16406fea24fb6837567b7d,FACTUAL_PUBLIC_PRIVATE,3b81679fe9d1a8001adc0c8fcd83b4648a68131ca3a3ab8157f73118ad7df4dc,54,54,1,public language contains a checkable economic/state cue,False
88ba6e064d435b121fb056dfc169dd0cb4cf5d8bbfc40d54cb11e6b0f8faa186,FACTUAL_PUBLIC_PRIVATE,3b81679fe9d1a8001adc0c8fcd83b4648a68131ca3a3ab8157f73118ad7df4dc,54,54,1,public language contains a checkable economic/state cue,False
b1b74082e6000a9aa7c61ba8a8f93fe74b69508a50f5911d074b1a0d7639036e,FACTUAL_PUBLIC_PRIVATE,3b81679fe9d1a8001adc0c8fcd83b4648a68131ca3a3ab8157f73118ad7df4dc,54,54,1,public language contains a checkable economic/state cue,False
7e8e814f516ed3665b348243f91536ab0c21622eaf71355d05d72823be5db521,FACTUAL_PUBLIC_PRIVATE,3b81679fe9d1a8001adc0c8fcd83b4648a68131ca3a3ab8157f73118ad7df4dc,55,55,1,public language contains a checkable economic/state cue,False
e1ede9e2bf5ff3e4bd2286566eb8795722e4ebea2d3428fa217c2e2e238aef2d,FACTUAL_PUBLIC_PRIVATE,3b81679fe9d1a8001adc0c8fcd83b4648a68131ca3a3ab8157f73118ad7df4dc,55,55,1,public language contains a checkable economic/state cue,False
60fe8c7ef2a7e21976b5d056cad503ee42b65d7ae33b5dea968c7885f6df6c13,FACTUAL_PUBLIC_PRIVATE,3b81679fe9d1a8001adc0c8fcd83b4648a68131ca3a3ab8157f73118ad7df4dc,55,55,1,public language contains a checkable economic/state cue,False
d0a5bce94b54cd9a5d44f430e1eaeb1245900812deed56b4d227ba09aa57af85,FACTUAL_PUBLIC_PRIVATE,3b81679fe9d1a8001adc0c8fcd83b4648a68131ca3a3ab8157f73118ad7df4dc,55,55,1,public language contains a checkable economic/state cue,False
604ecb4140d8d7baf50fc44c52c2be95cc85f7a465401930dbe75d70f69fe041,FACTUAL_PUBLIC_PRIVATE,3b81679fe9d1a8001adc0c8fcd83b4648a68131ca3a3ab8157f73118ad7df4dc,55,55,1,public language contains a checkable economic/state cue,False
2a5964b485f672542b1b8187e51355ea47685da432a45b00b5e809c20b1e6805,FACTUAL_PUBLIC_PRIVATE,3b81679fe9d1a8001adc0c8fcd83b4648a68131ca3a3ab8157f73118ad7df4dc,55,55,1,public language contains a checkable economic/state cue,False
07318bb911a77224b555cfe2b9044678a344f9561db7194bc3cca03a475b79e4,FACTUAL_PUBLIC_PRIVATE,3b81679fe9d1a8001adc0c8fcd83b4648a68131ca3a3ab8157f73118ad7df4dc,55,55,1,public language contains a checkable economic/state cue,False
8a9025bcc95537469a858acf02799e2c626e45635819a0a95065ef9d9ba5d72a,FACTUAL_PUBLIC_PRIVATE,3b81679fe9d1a8001adc0c8fcd83b4648a68131ca3a3ab8157f73118ad7df4dc,58,58,1,public language contains a checkable economic/state cue,False
0a577c23b31c61aefc96a0bac4866332397c08ddc6725e9c54bcaa7e7679db5c,FACTUAL_PUBLIC_PRIVATE,3b81679fe9d1a8001adc0c8fcd83b4648a68131ca3a3ab8157f73118ad7df4dc,59,59,1,public language contains a checkable economic/state cue,False
dd1f49e6d84f4aa47255b345a4eea122b5e5fe70f4c4ab879f9b85379a7861a4,FACTUAL_PUBLIC_PRIVATE,3b81679fe9d1a8001adc0c8fcd83b4648a68131ca3a3ab8157f73118ad7df4dc,60,60,1,public language contains a checkable economic/state cue,False
f87d9b8aa6838353bd1bbb79531d9cf023ca18982918bbaa6a1bb6d3dfae61d7,FACTUAL_PUBLIC_PRIVATE,3b81679fe9d1a8001adc0c8fcd83b4648a68131ca3a3ab8157f73118ad7df4dc,60,60,1,public language contains a checkable economic/state cue,False
8ae86b9eef624a548eed6060f500e15a6303a506d89a0b864f31b845c7ea677b,FACTUAL_PUBLIC_PRIVATE,3b81679fe9d1a8001adc0c8fcd83b4648a68131ca3a3ab8157f73118ad7df4dc,62,62,1,public language contains a checkable economic/state cue,False
bf9aed2709c07e4659942f97fc3a080461a6c1feabb917bf3c9f8d383e2dfbe2,FACTUAL_PUBLIC_PRIVATE,3b81679fe9d1a8001adc0c8fcd83b4648a68131ca3a3ab8157f73118ad7df4dc,62,62,1,public language contains a checkable economic/state cue,False
e8e9cd84245aa7229457cd4d1cd7eb1ab335760c47f7096e9025fc429efcffc9,FACTUAL_PUBLIC_PRIVATE,3b81679fe9d1a8001adc0c8fcd83b4648a68131ca3a3ab8157f73118ad7df4dc,62,62,1,public language contains a checkable economic/state cue,False
ec39789272d32bc657b8699ba7b1b3edd59d158d3cde79ac7b357469454bf93a,FACTUAL_PUBLIC_PRIVATE,3b81679fe9d1a8001adc0c8fcd83b4648a68131ca3a3ab8157f73118ad7df4dc,62,62,1,public language contains a checkable economic/state cue,False
aba28e8e22bf2156afee1dd6c65302f1e60dc6a594cec803c1a2cfc9afb4af5f,FACTUAL_PUBLIC_PRIVATE,3b81679fe9d1a8001adc0c8fcd83b4648a68131ca3a3ab8157f73118ad7df4dc,62,62,1,public language contains a checkable economic/state cue,False
f4f7414dc0c59833e34073252a5360a4845dff3ae5265730af3af91a5f18fb24,FACTUAL_PUBLIC_PRIVATE,3b81679fe9d1a8001adc0c8fcd83b4648a68131ca3a3ab8157f73118ad7df4dc,63,63,1,public language contains a checkable economic/state cue,False
5c0b677d48f0bcfb1593049a6e9887124f25e5143ea0db2730e845584efd540a,FACTUAL_PUBLIC_PRIVATE,3b81679fe9d1a8001adc0c8fcd83b4648a68131ca3a3ab8157f73118ad7df4dc,63,63,1,public language contains a checkable economic/state cue,False
0d6de6ddbf903e2539ce8ae1dbf931d870d8a11298426eb69b3fe0d13f2e1541,FACTUAL_PUBLIC_PRIVATE,3b81679fe9d1a8001adc0c8fcd83b4648a68131ca3a3ab8157f73118ad7df4dc,65,65,1,public language contains a checkable economic/state cue,False
8de2834ea0b22ff12f0f9c2438262f9d262bf2eafbdcfb6cf8bf2b8b9b3c3eff,FACTUAL_PUBLIC_PRIVATE,3b81679fe9d1a8001adc0c8fcd83b4648a68131ca3a3ab8157f73118ad7df4dc,66,66,1,public language contains a checkable economic/state cue,False
d4a8e012b77d751e30397722da32ec5430a747fd7570cf233aa82df01202b5fe,FACTUAL_PUBLIC_PRIVATE,3b81679fe9d1a8001adc0c8fcd83b4648a68131ca3a3ab8157f73118ad7df4dc,66,66,1,public language contains a checkable economic/state cue,False
a820d940ae2d61f282b521acd0d3081136aefdd8a2ec1547260aec682022fe83,FACTUAL_PUBLIC_PRIVATE,3b81679fe9d1a8001adc0c8fcd83b4648a68131ca3a3ab8157f73118ad7df4dc,66,66,1,public language contains a checkable economic/state cue,False
3a75d73fdb37f42e2cb70991f4844a48ce0745f8f722e9ee07d6dc6ecd56ad63,FACTUAL_PUBLIC_PRIVATE,3b81679fe9d1a8001adc0c8fcd83b4648a68131ca3a3ab8157f73118ad7df4dc,66,66,1,public language contains a checkable economic/state cue,False
3f40fc88447c72feffc6f5a50c35a0c02c724e506ac8d115874166ac3370580e,FACTUAL_PUBLIC_PRIVATE,3b81679fe9d1a8001adc0c8fcd83b4648a68131ca3a3ab8157f73118ad7df4dc,66,66,1,public language contains a checkable economic/state cue,False
8d1e0fd4940367f5304d069e7dc5e8d289947df61bbae464098f2879a6d5b1f6,FACTUAL_PUBLIC_PRIVATE,3b81679fe9d1a8001adc0c8fcd83b4648a68131ca3a3ab8157f73118ad7df4dc,66,66,1,public language contains a checkable economic/state cue,False
e73b4f489f5f67ff219e6c53ec04d86f2838ead32b35a3fb4bef33b9f73ee991,FACTUAL_PUBLIC_PRIVATE,3b81679fe9d1a8001adc0c8fcd83b4648a68131ca3a3ab8157f73118ad7df4dc,66,66,1,public language contains a checkable economic/state cue,False
0aa49d957d7832a76f3bbadda8559904bdc6c059e3c282b81d3c527f99b44490,FACTUAL_PUBLIC_PRIVATE,3b81679fe9d1a8001adc0c8fcd83b4648a68131ca3a3ab8157f73118ad7df4dc,67,67,1,public language contains a checkable economic/state cue,False
1e912466d141367b1bf99e2f1e07cf1bf18cdd90967ee9d230cdf4c9155f1b3b,FACTUAL_PUBLIC_PRIVATE,3b81679fe9d1a8001adc0c8fcd83b4648a68131ca3a3ab8157f73118ad7df4dc,68,68,1,public language contains a checkable economic/state cue,False
02620741144ac27b7385ed5b5dc28d93eeb8ad20c53630160d781ad7e20c9737,FACTUAL_PUBLIC_PRIVATE,3b81679fe9d1a8001adc0c8fcd83b4648a68131ca3a3ab8157f73118ad7df4dc,68,68,1,public language contains a checkable economic/state cue,False
7d1cad89ab951b0dff22c450e42fbf0b42d72b8db78ae8668f2a2dd6c4fe02f0,FACTUAL_PUBLIC_PRIVATE,3b81679fe9d1a8001adc0c8fcd83b4648a68131ca3a3ab8157f73118ad7df4dc,68,68,1,public language contains a checkable economic/state cue,False
cab3e0212dbaec75b18e1cc9284a4be8c72a486244ed0e6c744e771febd7cced,FACTUAL_PUBLIC_PRIVATE,3b81679fe9d1a8001adc0c8fcd83b4648a68131ca3a3ab8157f73118ad7df4dc,68,68,1,public language contains a checkable economic/state cue,False
e400319496991293866a2b5981382ae85bd3066559ae46a348b0e5f506ad4fb7,FACTUAL_PUBLIC_PRIVATE,3b81679fe9d1a8001adc0c8fcd83b4648a68131ca3a3ab8157f73118ad7df4dc,68,68,1,public language contains a checkable economic/state cue,False
c54c21b1ab06810c3e5c044b449380c39819dc5d6f813d6454a984bf15c87d04,FACTUAL_PUBLIC_PRIVATE,3b81679fe9d1a8001adc0c8fcd83b4648a68131ca3a3ab8157f73118ad7df4dc,68,68,1,public language contains a checkable economic/state cue,False
01c7090b7fc4892bb5dc07482b2ae6306356f74e00cae5bed4ed54a5c842f0cd,FACTUAL_PUBLIC_PRIVATE,3b81679fe9d1a8001adc0c8fcd83b4648a68131ca3a3ab8157f73118ad7df4dc,68,68,1,public language contains a checkable economic/state cue,False
02f9799a2faf312ea60987a562501b8428eeb569945f2c5adeef03ec23542f1a,FACTUAL_PUBLIC_PRIVATE,3b81679fe9d1a8001adc0c8fcd83b4648a68131ca3a3ab8157f73118ad7df4dc,68,68,1,public language contains a checkable economic/state cue,False
2737c86f45fba5f2ebd6340dcaa35a74dbf44abef83bb31a8bf1d76add772fb0,FACTUAL_PUBLIC_PRIVATE,3b81679fe9d1a8001adc0c8fcd83b4648a68131ca3a3ab8157f73118ad7df4dc,68,68,1,public language contains a checkable economic/state cue,False
94a210d568c195cfaba92616f0de0abf26f2f9328f1ba417faf0fce8e07c2b20,FACTUAL_PUBLIC_PRIVATE,3b81679fe9d1a8001adc0c8fcd83b4648a68131ca3a3ab8157f73118ad7df4dc,68,68,1,public language contains a checkable economic/state cue,False
1d498c3ab170c8e1932f5e81cfbef4b6928ff99fa48db4f7e9ab6f48a6cde412,FACTUAL_PUBLIC_PRIVATE,3b81679fe9d1a8001adc0c8fcd83b4648a68131ca3a3ab8157f73118ad7df4dc,68,68,1,public language contains a checkable economic/state cue,False
02762e1f3083c1bb625b673b599b16bd8959c3746b4742c6d4a3b7ed5ea2ae78,FACTUAL_PUBLIC_PRIVATE,3b81679fe9d1a8001adc0c8fcd83b4648a68131ca3a3ab8157f73118ad7df4dc,68,68,1,public language contains a checkable economic/state cue,False
7ac01b61d3e6b82206737dc163db11c927650d8319cda7c5bf60f3e7f9ab375f,FACTUAL_PUBLIC_PRIVATE,3b81679fe9d1a8001adc0c8fcd83b4648a68131ca3a3ab8157f73118ad7df4dc,70,70,1,public language contains a checkable economic/state cue,False
1e685fe09fcb618cd8486bb8bf8c2ea2cb9ac27c2d5a8f429509d599eb95445b,FACTUAL_PUBLIC_PRIVATE,3b81679fe9d1a8001adc0c8fcd83b4648a68131ca3a3ab8157f73118ad7df4dc,70,70,1,public language contains a checkable economic/state cue,False
8c2e111c44f4ad90b7fc9b706d359e06e3f021fad0f7a0fb8333abaee88ded23,FACTUAL_PUBLIC_PRIVATE,3b81679fe9d1a8001adc0c8fcd83b4648a68131ca3a3ab8157f73118ad7df4dc,72,72,1,public language contains a checkable economic/state cue,False
dd9a017607bad73451e0c3f55f17613bdbd7c6abbdb58d3130652aede6a205ef,FACTUAL_PUBLIC_PRIVATE,3b81679fe9d1a8001adc0c8fcd83b4648a68131ca3a3ab8157f73118ad7df4dc,73,73,1,public language contains a checkable economic/state cue,False
4416f54799f88a65fc32a3d2340e98d7ccc4fe1c21c33676a8972b5bdbd3c0f9,FACTUAL_PUBLIC_PRIVATE,3b81679fe9d1a8001adc0c8fcd83b4648a68131ca3a3ab8157f73118ad7df4dc,75,75,1,public language contains a checkable economic/state cue,False
6125fc4e411866c2c2f8bb652f5c54af1899c82c7813b4e4ccfc04484f1ba498,FACTUAL_PUBLIC_PRIVATE,3b81679fe9d1a8001adc0c8fcd83b4648a68131ca3a3ab8157f73118ad7df4dc,76,76,1,public language contains a checkable economic/state cue,False
e9514abef75f591b16e849b06086bc5d3ce6d06f14d2d92669b500741c3dda2a,FACTUAL_PUBLIC_PRIVATE,3b81679fe9d1a8001adc0c8fcd83b4648a68131ca3a3ab8157f73118ad7df4dc,76,76,1,public language contains a checkable economic/state cue,False
39505fd3c0cfd43cbe660f48d086bff23ab49aa255cb1d52552041b64c16bb5a,FACTUAL_PUBLIC_PRIVATE,3b81679fe9d1a8001adc0c8fcd83b4648a68131ca3a3ab8157f73118ad7df4dc,76,76,1,public language contains a checkable economic/state cue,False
9d06ba922a682a96b3f9ee113abe631452cc2db85e4539039ec15c642426a282,FACTUAL_PUBLIC_PRIVATE,3b81679fe9d1a8001adc0c8fcd83b4648a68131ca3a3ab8157f73118ad7df4dc,76,76,1,public language contains a checkable economic/state cue,False
b84812afaf6257908ed8e49a6ec64bc92c54391d053dd3ad64606b5e6802d90b,FACTUAL_PUBLIC_PRIVATE,3b81679fe9d1a8001adc0c8fcd83b4648a68131ca3a3ab8157f73118ad7df4dc,76,76,1,public language contains a checkable economic/state cue,False
5476705c47a33a2930597cd7e62bf278ecaf694e2f80c8cdd360d96e8d693ecd,FACTUAL_PUBLIC_PRIVATE,3b81679fe9d1a8001adc0c8fcd83b4648a68131ca3a3ab8157f73118ad7df4dc,76,76,1,public language contains a checkable economic/state cue,False
42ba0f7d82de22464956938eb1432d84daf28e19e6d9829dea87edae67c9f8f1,FACTUAL_PUBLIC_PRIVATE,3b81679fe9d1a8001adc0c8fcd83b4648a68131ca3a3ab8157f73118ad7df4dc,76,76,1,public language contains a checkable economic/state cue,False
8ca01ef2db148eba6250d3a404f51eac827b75ac9cd9b76986644e6547b539b5,FACTUAL_PUBLIC_PRIVATE,3b81679fe9d1a8001adc0c8fcd83b4648a68131ca3a3ab8157f73118ad7df4dc,76,76,1,public language contains a checkable economic/state cue,False
6e3bc0ecdccaa472ebdcc54b793ad4d27f5ebc2ec5fc76c73b8a9378a9d91409,FACTUAL_PUBLIC_PRIVATE,3b81679fe9d1a8001adc0c8fcd83b4648a68131ca3a3ab8157f73118ad7df4dc,78,78,1,public language contains a checkable economic/state cue,False
8d31be7bcc69d15a607807eb9f2fec4242efde0796dcb831130396100ad9ef54,FACTUAL_PUBLIC_PRIVATE,3b81679fe9d1a8001adc0c8fcd83b4648a68131ca3a3ab8157f73118ad7df4dc,78,78,1,public language contains a checkable economic/state cue,False
ad86e792178294e864d7e61d49b3c6ced7c987175f91469c265f116f6463af15,FACTUAL_PUBLIC_PRIVATE,3b81679fe9d1a8001adc0c8fcd83b4648a68131ca3a3ab8157f73118ad7df4dc,78,78,1,public language contains a checkable economic/state cue,False
9ba2cfb148e3453bb8a4196e011bcdb5dff4ae6ae012ddba200eb923ffb7aec2,FACTUAL_PUBLIC_PRIVATE,3b81679fe9d1a8001adc0c8fcd83b4648a68131ca3a3ab8157f73118ad7df4dc,78,78,1,public language contains a checkable economic/state cue,False
be701ff651e9892fc7c29ef7cacebbdeb1eca5a216f2f086d74140d1ad3a2f5b,FACTUAL_PUBLIC_PRIVATE,3b81679fe9d1a8001adc0c8fcd83b4648a68131ca3a3ab8157f73118ad7df4dc,79,79,1,public language contains a checkable economic/state cue,False
6fb1bb5e339514d556159f18860ebf9f4581e5ba2601b9ced52672cf2098b49a,FACTUAL_PUBLIC_PRIVATE,3b81679fe9d1a8001adc0c8fcd83b4648a68131ca3a3ab8157f73118ad7df4dc,83,83,1,public language contains a checkable economic/state cue,False
6d0184bb1a0b3a4feab027bc6a0a615d17f3009d026b94c4a769cb2172e9b00e,FACTUAL_PUBLIC_PRIVATE,3b81679fe9d1a8001adc0c8fcd83b4648a68131ca3a3ab8157f73118ad7df4dc,84,84,1,public language contains a checkable economic/state cue,False
bf7a4c302d34bbfcb291b7399f284fe4c08d0856f9fc14f165969974a6e963c0,FACTUAL_PUBLIC_PRIVATE,3b81679fe9d1a8001adc0c8fcd83b4648a68131ca3a3ab8157f73118ad7df4dc,88,88,1,public language contains a checkable economic/state cue,False
53aa6ed45fb189ab0b75733cff4b5f233b076ef07455aa91c0543280a1489b1d,FACTUAL_PUBLIC_PRIVATE,3b81679fe9d1a8001adc0c8fcd83b4648a68131ca3a3ab8157f73118ad7df4dc,93,93,1,public language contains a checkable economic/state cue,False
66f2ae6b6896e1ade15fe60fbea19fa1122a7cdd8b42c52a51bf183d86e4d85e,FACTUAL_PUBLIC_PRIVATE,3b81679fe9d1a8001adc0c8fcd83b4648a68131ca3a3ab8157f73118ad7df4dc,93,93,1,public language contains a checkable economic/state cue,False
3e599698b6543f03e3797b4bae332c784828aa91fb976a283ce5566bcd269496,FACTUAL_PUBLIC_PRIVATE,3b81679fe9d1a8001adc0c8fcd83b4648a68131ca3a3ab8157f73118ad7df4dc,94,94,1,public language contains a checkable economic/state cue,False
93399c4b4601719d08f36bd8a0f7f46fbbb5752361c0046e033bb7dd67b5399a,FACTUAL_PUBLIC_PRIVATE,3b81679fe9d1a8001adc0c8fcd83b4648a68131ca3a3ab8157f73118ad7df4dc,97,97,1,public language contains a checkable economic/state cue,False
e2e349830b6813821f4bebb283db8be3d10212e7641286b6f7ebd29e420c174e,FACTUAL_PUBLIC_PRIVATE,3b81679fe9d1a8001adc0c8fcd83b4648a68131ca3a3ab8157f73118ad7df4dc,98,98,1,public language contains a checkable economic/state cue,False
985a6560468c47b6c5664f6c990793ce40b6e9517d8585330204f3858e63e9b4,FACTUAL_PUBLIC_PRIVATE,3b81679fe9d1a8001adc0c8fcd83b4648a68131ca3a3ab8157f73118ad7df4dc,98,98,1,public language contains a checkable economic/state cue,False
4519dcaf2ec0428d1fb3fd65975e11848ebfff8f2439fffe08b1926006395cd3,FACTUAL_PUBLIC_PRIVATE,3b81679fe9d1a8001adc0c8fcd83b4648a68131ca3a3ab8157f73118ad7df4dc,98,98,1,public language contains a checkable economic/state cue,False
6fa30914e915f66e62a0647d56ff5bfc565663a65c59c3f3e0e337575c607553,FACTUAL_PUBLIC_PRIVATE,3b81679fe9d1a8001adc0c8fcd83b4648a68131ca3a3ab8157f73118ad7df4dc,98,98,1,public language contains a checkable economic/state cue,False
4cd8ccfa803a88a8c7dd58c806128d236db2d451db5b03424030d32193aa7770,FACTUAL_PUBLIC_PRIVATE,3b81679fe9d1a8001adc0c8fcd83b4648a68131ca3a3ab8157f73118ad7df4dc,99,99,1,public language contains a checkable economic/state cue,False
bc8a80e39203b403065c8f781b25d2e1d391df12a2974f96c9fa1d3f32013480,FACTUAL_PUBLIC_PRIVATE,3b81679fe9d1a8001adc0c8fcd83b4648a68131ca3a3ab8157f73118ad7df4dc,100,100,1,public language contains a checkable economic/state cue,False
7925a559fa56862ef0420d4b388603304c4a9017940f89f5410115075505b04d,FACTUAL_PUBLIC_PRIVATE,3b81679fe9d1a8001adc0c8fcd83b4648a68131ca3a3ab8157f73118ad7df4dc,101,101,1,public language contains a checkable economic/state cue,False
54dd3de6fb3444f28ab19b298828208f73cca307f108a57b7901641b9f3fdddd,FACTUAL_PUBLIC_PRIVATE,3b81679fe9d1a8001adc0c8fcd83b4648a68131ca3a3ab8157f73118ad7df4dc,102,102,1,public language contains a checkable economic/state cue,False
960e38c21421ab6da1ef5d39ec942f27c7604a872d66464686e414f18bb28dda,FACTUAL_PUBLIC_PRIVATE,3b81679fe9d1a8001adc0c8fcd83b4648a68131ca3a3ab8157f73118ad7df4dc,103,103,1,public language contains a checkable economic/state cue,False
fb3c8ad91ab1a1c2941b3f5e01e7cafa1d58b196a09a0faba2fe90a598abe9e3,FACTUAL_PUBLIC_PRIVATE,3b81679fe9d1a8001adc0c8fcd83b4648a68131ca3a3ab8157f73118ad7df4dc,104,104,1,public language contains a checkable economic/state cue,False
5f5281c0e9eadadddb7c8250355d1a65d81121d63e3f52d2f386bd435e102d36,FACTUAL_PUBLIC_PRIVATE,3b81679fe9d1a8001adc0c8fcd83b4648a68131ca3a3ab8157f73118ad7df4dc,107,107,1,public language contains a checkable economic/state cue,False
59fc0d800253532aef9634b1f87d12b762997a1b1ca9dcdb3c0a6a72b2ef0426,FACTUAL_PUBLIC_PRIVATE,3b81679fe9d1a8001adc0c8fcd83b4648a68131ca3a3ab8157f73118ad7df4dc,109,109,1,public language contains a checkable economic/state cue,False
5cebce79dff1450abe4278407598fe41c440ecb0b85530c39ed0448e75fc2233,FACTUAL_PUBLIC_PRIVATE,3b81679fe9d1a8001adc0c8fcd83b4648a68131ca3a3ab8157f73118ad7df4dc,109,109,1,public language contains a checkable economic/state cue,False
b237da0816d7b6d213f6a04f8e0411b3d4b22eb608232a7b124086da53f3ba8a,FACTUAL_PUBLIC_PRIVATE,3b81679fe9d1a8001adc0c8fcd83b4648a68131ca3a3ab8157f73118ad7df4dc,119,119,1,public language contains a checkable economic/state cue,False
bd4e21e24d3df6b3d9f926365e9a1fde559f76d24a2fe237901523489110e5ef,FACTUAL_PUBLIC_PRIVATE,3b81679fe9d1a8001adc0c8fcd83b4648a68131ca3a3ab8157f73118ad7df4dc,119,119,1,public language contains a checkable economic/state cue,False
0bd7a25fd0325b3cff0fb47c8ea833efcdb769ac212a5ada34e4ae0d63da59dd,FACTUAL_PUBLIC_PRIVATE,3b81679fe9d1a8001adc0c8fcd83b4648a68131ca3a3ab8157f73118ad7df4dc,119,119,1,public language contains a checkable economic/state cue,False
bd0234e5bfcfa63d42d4120a84fb2905180840c374fe9b9836dc95b2eb76d708,FACTUAL_PUBLIC_PRIVATE,3b81679fe9d1a8001adc0c8fcd83b4648a68131ca3a3ab8157f73118ad7df4dc,119,119,1,public language contains a checkable economic/state cue,False
b56ad803f890e53d16e4bc7051ec063ae728c6510813ac5c4667f22af896774a,FACTUAL_PUBLIC_PRIVATE,3b81679fe9d1a8001adc0c8fcd83b4648a68131ca3a3ab8157f73118ad7df4dc,121,121,1,public language contains a checkable economic/state cue,False
626d93e32192dce265ba0f8b351d95e01717b7a9b08990ecb634bee3851548da,FACTUAL_PUBLIC_PRIVATE,3b81679fe9d1a8001adc0c8fcd83b4648a68131ca3a3ab8157f73118ad7df4dc,121,121,1,public language contains a checkable economic/state cue,False
733c28807bad4fa193eb3286ba565ecd4766f7b370c7f156147ee744b8ce425f,FACTUAL_PUBLIC_PRIVATE,3b81679fe9d1a8001adc0c8fcd83b4648a68131ca3a3ab8157f73118ad7df4dc,121,121,1,public language contains a checkable economic/state cue,False
f909ecd83a807e19c651eca506af32d582512e253b640ad8785054ef67bdc9de,FACTUAL_PUBLIC_PRIVATE,3b81679fe9d1a8001adc0c8fcd83b4648a68131ca3a3ab8157f73118ad7df4dc,121,121,1,public language contains a checkable economic/state cue,False
31c1fc7989534f0c4fd63987eb78dbbdcb261f0f6da3289dbf57049e0fe31e2d,FACTUAL_PUBLIC_PRIVATE,3b81679fe9d1a8001adc0c8fcd83b4648a68131ca3a3ab8157f73118ad7df4dc,124,124,1,public language contains a checkable economic/state cue,False
39eecc1fc0f9932e9af8c1fc9d3365b6c87c99905d6a394eaf7601b0908351f6,FACTUAL_PUBLIC_PRIVATE,3b81679fe9d1a8001adc0c8fcd83b4648a68131ca3a3ab8157f73118ad7df4dc,124,124,1,public language contains a checkable economic/state cue,False
936432aa2e5329f574d83a26743b2725433fc957fba2791191bbecb90f631992,FACTUAL_PUBLIC_PRIVATE,3b81679fe9d1a8001adc0c8fcd83b4648a68131ca3a3ab8157f73118ad7df4dc,124,124,1,public language contains a checkable economic/state cue,False
348a0b751db83089a0f8dbb9318cabaafa9ea1912e8fec381208b927a9972cb0,FACTUAL_PUBLIC_PRIVATE,3b81679fe9d1a8001adc0c8fcd83b4648a68131ca3a3ab8157f73118ad7df4dc,124,124,1,public language contains a checkable economic/state cue,False
92bacf974af45c23337c8c2a64c81b1870f7e28461217dc1c946052f89043ee3,FACTUAL_PUBLIC_PRIVATE,3b81679fe9d1a8001adc0c8fcd83b4648a68131ca3a3ab8157f73118ad7df4dc,124,124,1,public language contains a checkable economic/state cue,False
2ee25e2306740aa9619d6f7e96b8ebe11456f5fb470557c5d29f9cd66d77fe5d,FACTUAL_PUBLIC_PRIVATE,3b81679fe9d1a8001adc0c8fcd83b4648a68131ca3a3ab8157f73118ad7df4dc,124,124,1,public language contains a checkable economic/state cue,False
ba6c3c0e2caf5fdfa452c3aa8394f62eb3efe0489f650ee10327e411b0a5aa57,FACTUAL_PUBLIC_PRIVATE,3b81679fe9d1a8001adc0c8fcd83b4648a68131ca3a3ab8157f73118ad7df4dc,124,124,1,public language contains a checkable economic/state cue,False
e94148ce2d82bf4a73e620319fadf8e99b7abc44d1d184bcc5b7593ae2584f66,FACTUAL_PUBLIC_PRIVATE,3b81679fe9d1a8001adc0c8fcd83b4648a68131ca3a3ab8157f73118ad7df4dc,124,124,1,public language contains a checkable economic/state cue,False
5514c2d4bfe4640d5a6feac472ea3b535f6badd702e7df32ee83285a4806d6cc,FACTUAL_PUBLIC_PRIVATE,3b81679fe9d1a8001adc0c8fcd83b4648a68131ca3a3ab8157f73118ad7df4dc,132,132,1,public language contains a checkable economic/state cue,False
3e65b4f8f2eb08f9f2d5f9b6331dfa399e3af48f25dfb42b312306b35f3bd5f8,FACTUAL_PUBLIC_PRIVATE,3b81679fe9d1a8001adc0c8fcd83b4648a68131ca3a3ab8157f73118ad7df4dc,134,134,1,public language contains a checkable economic/state cue,True
7f27cd066e03e0add502e93c11a4587f56ea16a00178252e18938abbdb66fbc3,FACTUAL_PUBLIC_PRIVATE,3b81679fe9d1a8001adc0c8fcd83b4648a68131ca3a3ab8157f73118ad7df4dc,137,137,1,public language contains a checkable economic/state cue,False
ee9e7bceb5052b3463d2986e25f2b8fd9bd46eb5572ff102c21e98b6a7b89504,FACTUAL_PUBLIC_PRIVATE,3b81679fe9d1a8001adc0c8fcd83b4648a68131ca3a3ab8157f73118ad7df4dc,137,137,1,public language contains a checkable economic/state cue,False
b29b2a8ac2b4ec0387063b54a224f4338a67cce6e3256f49b39f613991a1fd65,FACTUAL_PUBLIC_PRIVATE,3b81679fe9d1a8001adc0c8fcd83b4648a68131ca3a3ab8157f73118ad7df4dc,138,138,1,public language contains a checkable economic/state cue,False
8b8f290134694011422316983cfc20b1b8e3375313b0f23b0aff8a9e222e597e,FACTUAL_PUBLIC_PRIVATE,3b81679fe9d1a8001adc0c8fcd83b4648a68131ca3a3ab8157f73118ad7df4dc,140,140,1,public language contains a checkable economic/state cue,False
64375ea7d662241443e1f30aa00f88285888ec7d52a8ed891502d33830833148,FACTUAL_PUBLIC_PRIVATE,3b81679fe9d1a8001adc0c8fcd83b4648a68131ca3a3ab8157f73118ad7df4dc,140,140,1,public language contains a checkable economic/state cue,False
c35db58481c6de6bf346cbd5453624ca5c36eb03e3ea80dbe4c4cc445bf0e3c2,FACTUAL_PUBLIC_PRIVATE,3b81679fe9d1a8001adc0c8fcd83b4648a68131ca3a3ab8157f73118ad7df4dc,140,140,1,public language contains a checkable economic/state cue,False
69a49f284e8255a959dd85eeaaf742f38b5b4a6dd8223de87b153f93e8c441e9,FACTUAL_PUBLIC_PRIVATE,3b81679fe9d1a8001adc0c8fcd83b4648a68131ca3a3ab8157f73118ad7df4dc,141,141,1,public language contains a checkable economic/state cue,False
bea81758070efc9f4dac99c7e29457808226911658a49fc4779850b514db4c8b,FACTUAL_PUBLIC_PRIVATE,3b81679fe9d1a8001adc0c8fcd83b4648a68131ca3a3ab8157f73118ad7df4dc,143,143,1,public language contains a checkable economic/state cue,False
27dd61736110b4f91dcbd21c740ea46cc4f7777199e9c8576cbea50966d6518b,FACTUAL_PUBLIC_PRIVATE,3b81679fe9d1a8001adc0c8fcd83b4648a68131ca3a3ab8157f73118ad7df4dc,143,143,1,public language contains a checkable economic/state cue,False
5e11cbb519acfe7fda7b78dde150acde638abf66009601396e557194677aee6a,FACTUAL_PUBLIC_PRIVATE,3b81679fe9d1a8001adc0c8fcd83b4648a68131ca3a3ab8157f73118ad7df4dc,143,143,1,public language contains a checkable economic/state cue,False
cf3c73f99a08a1cec717ccab2427378aadf660a6d2e59110a9809c5aae3c06d4,FACTUAL_PUBLIC_PRIVATE,3b81679fe9d1a8001adc0c8fcd83b4648a68131ca3a3ab8157f73118ad7df4dc,143,143,1,public language contains a checkable economic/state cue,False
dde4e2059534bb72a3959881cd7683f375ae7b246b2dbb59b9eddc1aa0bb439b,FACTUAL_PUBLIC_PRIVATE,3b81679fe9d1a8001adc0c8fcd83b4648a68131ca3a3ab8157f73118ad7df4dc,143,143,1,public language contains a checkable economic/state cue,False
cef9594c12366f66f1506877ff39ee4931aeb1fcb4d7c802e7692ab1b87fd726,FACTUAL_PUBLIC_PRIVATE,3b81679fe9d1a8001adc0c8fcd83b4648a68131ca3a3ab8157f73118ad7df4dc,143,143,1,public language contains a checkable economic/state cue,False
af66e3c583697314411225ffe6e256d12a33be3e0db7108f90122155e4e5d170,FACTUAL_PUBLIC_PRIVATE,3b81679fe9d1a8001adc0c8fcd83b4648a68131ca3a3ab8157f73118ad7df4dc,143,143,1,public language contains a checkable economic/state cue,False
da1362c839a804f390cdb528ace0e01d2b85d1233ef26fa47f791b5832c253e0,FACTUAL_PUBLIC_PRIVATE,3b81679fe9d1a8001adc0c8fcd83b4648a68131ca3a3ab8157f73118ad7df4dc,143,143,1,public language contains a checkable economic/state cue,False
b61f7c6a47efec13c375d3611528133a01ec83dd6e387e42bd3675dc4ac4f68b,FACTUAL_PUBLIC_PRIVATE,3b81679fe9d1a8001adc0c8fcd83b4648a68131ca3a3ab8157f73118ad7df4dc,149,149,1,public language contains a checkable economic/state cue,False
7e67c186fd075cbac1b59f5dad5ec0acdcc113dd0cf8f7512e818a089ecf9d31,FACTUAL_PUBLIC_PRIVATE,3b81679fe9d1a8001adc0c8fcd83b4648a68131ca3a3ab8157f73118ad7df4dc,152,152,1,public language contains a checkable economic/state cue,False
56dbe7b8d31a594a3a9cef339e42fc992618c2ada38c3a82f4e44971363eb5d2,FACTUAL_PUBLIC_PRIVATE,3b81679fe9d1a8001adc0c8fcd83b4648a68131ca3a3ab8157f73118ad7df4dc,164,164,1,public language contains a checkable economic/state cue,False
8007b0d36a43701320fa1674ff670d2066f87e7f8e2135efd0d74329a9437d4c,FACTUAL_PUBLIC_PRIVATE,3b81679fe9d1a8001adc0c8fcd83b4648a68131ca3a3ab8157f73118ad7df4dc,164,164,1,public language contains a checkable economic/state cue,False
286f2afd8f30ec7676834d6b985644c31afa22f638ed6bf6c86e7b541930df3f,FACTUAL_PUBLIC_PRIVATE,3b81679fe9d1a8001adc0c8fcd83b4648a68131ca3a3ab8157f73118ad7df4dc,164,164,1,public language contains a checkable economic/state cue,False
61da8fa040f9ab16d45757d2a8a1754942799906d9c4552e81053581a05a9f96,FACTUAL_PUBLIC_PRIVATE,3b81679fe9d1a8001adc0c8fcd83b4648a68131ca3a3ab8157f73118ad7df4dc,164,164,1,public language contains a checkable economic/state cue,False
86550e8d184a781d70b80b72fa33fa192273ece1530eef8e064548a18a8a5e27,FACTUAL_PUBLIC_PRIVATE,3b81679fe9d1a8001adc0c8fcd83b4648a68131ca3a3ab8157f73118ad7df4dc,164,164,1,public language contains a checkable economic/state cue,False
eedd12d61eb760a50682fcc01fc6958068d88178c66a8a18162f39bef9bbd73d,FACTUAL_PUBLIC_PRIVATE,3b81679fe9d1a8001adc0c8fcd83b4648a68131ca3a3ab8157f73118ad7df4dc,166,166,1,public language contains a checkable economic/state cue,False
02dcdd370a07a9bb8e835c453b32bf449fd45147c1971356e7940cf3ae412ab2,FACTUAL_PUBLIC_PRIVATE,3b81679fe9d1a8001adc0c8fcd83b4648a68131ca3a3ab8157f73118ad7df4dc,167,167,1,public language contains a checkable economic/state cue,False
1c88cd7e7431f2b384e4da3fac1cb48536458ee46617f7ae2bd2d5f4008acfe9,FACTUAL_PUBLIC_PRIVATE,3b81679fe9d1a8001adc0c8fcd83b4648a68131ca3a3ab8157f73118ad7df4dc,167,167,1,public language contains a checkable economic/state cue,False
822e96b35a8467a7538593593f03cc16eb5f90ba73a184bfbd2e496ec11dc742,FACTUAL_PUBLIC_PRIVATE,3b81679fe9d1a8001adc0c8fcd83b4648a68131ca3a3ab8157f73118ad7df4dc,167,167,1,public language contains a checkable economic/state cue,False
c5ba82e31b0f4b1cd88a1bf5f8d7a3d5fed6f936986ad8e2c11c98b4f1bbf2d3,FACTUAL_PUBLIC_PRIVATE,3b81679fe9d1a8001adc0c8fcd83b4648a68131ca3a3ab8157f73118ad7df4dc,167,167,1,public language contains a checkable economic/state cue,False
65430a97a34e69f3cb4feeed58d8c3f53f1a73e2be36826df04c95ac2ecb37d9,FACTUAL_PUBLIC_PRIVATE,3b81679fe9d1a8001adc0c8fcd83b4648a68131ca3a3ab8157f73118ad7df4dc,167,167,1,public language contains a checkable economic/state cue,False
387cee20db00d4588485ef3505f053dd39c16d9e453e150f4c8584bb4a449f61,FACTUAL_PUBLIC_PRIVATE,3b81679fe9d1a8001adc0c8fcd83b4648a68131ca3a3ab8157f73118ad7df4dc,167,167,1,public language contains a checkable economic/state cue,False
8519cd2dfb97b8d620b82cbf8b23575a75f4cc5a9ec7e7c358d231a02938c8b2,FACTUAL_PUBLIC_PRIVATE,3b81679fe9d1a8001adc0c8fcd83b4648a68131ca3a3ab8157f73118ad7df4dc,167,167,1,public language contains a checkable economic/state cue,False
94378def47353e05982ca281dfd5c6f211c67273f7a7c2b8a240750ef31450b7,FACTUAL_PUBLIC_PRIVATE,3b81679fe9d1a8001adc0c8fcd83b4648a68131ca3a3ab8157f73118ad7df4dc,168,168,1,public language contains a checkable economic/state cue,False
ec6d1bc3c78700cab9e6ff724380f22feacc264cb20c006fe50a6d957a063a96,FACTUAL_PUBLIC_PRIVATE,3b81679fe9d1a8001adc0c8fcd83b4648a68131ca3a3ab8157f73118ad7df4dc,168,168,1,public language contains a checkable economic/state cue,False
e3b38a85955dbcb1c7f2836c3412c198aaef1aa0bc5f12b9fff59be5e9d387a1,FACTUAL_PUBLIC_PRIVATE,3b81679fe9d1a8001adc0c8fcd83b4648a68131ca3a3ab8157f73118ad7df4dc,169,169,1,public language contains a checkable economic/state cue,False
f2aaa6b6476eb5970d76b7a6f658c968b387d08325142ce6e18bd6c83aeb39a5,FACTUAL_PUBLIC_PRIVATE,3b81679fe9d1a8001adc0c8fcd83b4648a68131ca3a3ab8157f73118ad7df4dc,173,173,1,public language contains a checkable economic/state cue,False
f8af71723b42118cfcc01404ca259c8cd13baf90e3bf066638fb1d8a65286909,FACTUAL_PUBLIC_PRIVATE,3b81679fe9d1a8001adc0c8fcd83b4648a68131ca3a3ab8157f73118ad7df4dc,173,173,1,public language contains a checkable economic/state cue,False
45d55ac31720a0b3f1be7943f9d8b6174cae9cb44a5ada96691ecac68657d91c,FACTUAL_PUBLIC_PRIVATE,3b81679fe9d1a8001adc0c8fcd83b4648a68131ca3a3ab8157f73118ad7df4dc,176,176,1,public language contains a checkable economic/state cue,False
5033853ad05b92a191464be51e147d3845abe8b4a01e9d555b2f7d586637d909,FACTUAL_PUBLIC_PRIVATE,3b81679fe9d1a8001adc0c8fcd83b4648a68131ca3a3ab8157f73118ad7df4dc,180,180,1,public language contains a checkable economic/state cue,False
694e6032c3bf2dd05c0dcf09b69e8fa0bf3aa0390c5c69b8787b2bd4debd9672,FACTUAL_PUBLIC_PRIVATE,3b81679fe9d1a8001adc0c8fcd83b4648a68131ca3a3ab8157f73118ad7df4dc,183,183,1,public language contains a checkable economic/state cue,False
bb04eeca14f3390d15af919753dad150966f08e1f3dae2246b7b4777ac68b67e,FACTUAL_PUBLIC_PRIVATE,3b81679fe9d1a8001adc0c8fcd83b4648a68131ca3a3ab8157f73118ad7df4dc,183,183,1,public language contains a checkable economic/state cue,False
828be7623e24f7e9dba5c56940a4ccee977365916a8cfe5b45d03ef61f8aceef,FACTUAL_PUBLIC_PRIVATE,3b81679fe9d1a8001adc0c8fcd83b4648a68131ca3a3ab8157f73118ad7df4dc,183,183,1,public language contains a checkable economic/state cue,False
30c88b9ce88b390689d736b4394b32fe81f66098499f7579851a5d95a336f107,FACTUAL_PUBLIC_PRIVATE,3b81679fe9d1a8001adc0c8fcd83b4648a68131ca3a3ab8157f73118ad7df4dc,183,183,1,public language contains a checkable economic/state cue,False
e2df28e16620c47fbe280ebcf0d9fbe6307d1c96d17d12ea7f5375859d4429e3,FACTUAL_PUBLIC_PRIVATE,3b81679fe9d1a8001adc0c8fcd83b4648a68131ca3a3ab8157f73118ad7df4dc,183,183,1,public language contains a checkable economic/state cue,False
8b7274d3366fc0c7555a7ce1fcb750ad0f01986e1ec323c057f2caae7977613f,FACTUAL_PUBLIC_PRIVATE,3b81679fe9d1a8001adc0c8fcd83b4648a68131ca3a3ab8157f73118ad7df4dc,183,183,1,public language contains a checkable economic/state cue,False
8098954731b07a2180307b9a2bc987e83ced179658b11ab494fc61a49cb6c730,FACTUAL_PUBLIC_PRIVATE,3b81679fe9d1a8001adc0c8fcd83b4648a68131ca3a3ab8157f73118ad7df4dc,185,185,1,public language contains a checkable economic/state cue,False
b96bb7f923ea71f31ea1d9b6a1f93d76f96a17baf6c30ab680f34a7c80e84ff7,FACTUAL_PUBLIC_PRIVATE,3b81679fe9d1a8001adc0c8fcd83b4648a68131ca3a3ab8157f73118ad7df4dc,194,194,1,public language contains a checkable economic/state cue,False
622fbf9c4641cb6bc7758dc3aa845786d9daa5cf1bbb5215abfa7a6235f1f483,FACTUAL_PUBLIC_PRIVATE,3b81679fe9d1a8001adc0c8fcd83b4648a68131ca3a3ab8157f73118ad7df4dc,197,197,1,public language contains a checkable economic/state cue,False
2dc1411f2653c54fe5f5d0819d795e9330b29a4caeffde75bccef4025b4cae53,FACTUAL_PUBLIC_PRIVATE,3b81679fe9d1a8001adc0c8fcd83b4648a68131ca3a3ab8157f73118ad7df4dc,197,197,1,public language contains a checkable economic/state cue,False
b216ee3f8968b12ecbdefe03c5f0f03262325c35a4ba78c0aaca5b4d795c15b0,FACTUAL_PUBLIC_PRIVATE,3b81679fe9d1a8001adc0c8fcd83b4648a68131ca3a3ab8157f73118ad7df4dc,200,200,1,public language contains a checkable economic/state cue,False
6300f21968fd443157c01d276c50cec6aaea33b761770833d468a96cc6696ea9,FACTUAL_PUBLIC_PRIVATE,3b81679fe9d1a8001adc0c8fcd83b4648a68131ca3a3ab8157f73118ad7df4dc,200,200,1,public language contains a checkable economic/state cue,False
40eb737dbafdf4808ba5704b93131c598f978c68503b96995197e3b2b69b9035,FACTUAL_PUBLIC_PRIVATE,3b81679fe9d1a8001adc0c8fcd83b4648a68131ca3a3ab8157f73118ad7df4dc,200,200,1,public language contains a checkable economic/state cue,False
5fe527f556b639f8a95c36bcee14e639c5d8d0fc9746ba4e64e0b3238da97341,FACTUAL_PUBLIC_PRIVATE,3b81679fe9d1a8001adc0c8fcd83b4648a68131ca3a3ab8157f73118ad7df4dc,210,210,1,public language contains a checkable economic/state cue,False
13564a2e7e7314a665a15f8138a68b2994180163a79782e479a9b463132f1e74,FACTUAL_PUBLIC_PRIVATE,3b81679fe9d1a8001adc0c8fcd83b4648a68131ca3a3ab8157f73118ad7df4dc,211,211,1,public language contains a checkable economic/state cue,False
31c4ba6003b9220a21bdb531f3fff33ce6090dfb5048fad5a522b68ff96261fb,FACTUAL_PUBLIC_PRIVATE,3b81679fe9d1a8001adc0c8fcd83b4648a68131ca3a3ab8157f73118ad7df4dc,211,211,1,public language contains a checkable economic/state cue,False
4fdaa30530356312909d3871a3f939809ceabe38316648ce9b000caba661f1f6,FACTUAL_PUBLIC_PRIVATE,3b81679fe9d1a8001adc0c8fcd83b4648a68131ca3a3ab8157f73118ad7df4dc,214,214,1,public language contains a checkable economic/state cue,False
2e755e270b71b5240383e58c75cee42d3d14b4035355fe5116f2be868ab778ed,FACTUAL_PUBLIC_PRIVATE,3b81679fe9d1a8001adc0c8fcd83b4648a68131ca3a3ab8157f73118ad7df4dc,217,217,1,public language contains a checkable economic/state cue,False
5689e545bd373a4fb2d94056f1340adbc0c3499da9d8833c5251f1a7071d2766,FACTUAL_PUBLIC_PRIVATE,3b81679fe9d1a8001adc0c8fcd83b4648a68131ca3a3ab8157f73118ad7df4dc,220,220,1,public language contains a checkable economic/state cue,False
e5b9ee73ec075f802428818866631adc050e04db1f1c468a5d1560017e3d446f,FACTUAL_PUBLIC_PRIVATE,3b81679fe9d1a8001adc0c8fcd83b4648a68131ca3a3ab8157f73118ad7df4dc,221,221,1,public language contains a checkable economic/state cue,False
c88605886cb0660b7e3f3d81bbe03fa98cb5e2bfa03d259b51629fd33a19c9b7,FACTUAL_PUBLIC_PRIVATE,3b81679fe9d1a8001adc0c8fcd83b4648a68131ca3a3ab8157f73118ad7df4dc,223,223,1,public language contains a checkable economic/state cue,False
fe615d1e778c4adfc50ab7dc5f2a9109934002c67dc83756eec6c4f1e3a28211,FACTUAL_PUBLIC_PRIVATE,3b81679fe9d1a8001adc0c8fcd83b4648a68131ca3a3ab8157f73118ad7df4dc,241,241,1,public language contains a checkable economic/state cue,False
34874d2e8356fe007f52341241285fd0a551ed4f5237e18c1fbfc11aba2c0081,FACTUAL_PUBLIC_PRIVATE,3b81679fe9d1a8001adc0c8fcd83b4648a68131ca3a3ab8157f73118ad7df4dc,256,256,1,public language contains a checkable economic/state cue,False
d97c51de1ad4aa2ec49a4cc92b6cf77361ee0f2e40e5446be5fafbc7d96540ab,FACTUAL_PUBLIC_PRIVATE,3b81679fe9d1a8001adc0c8fcd83b4648a68131ca3a3ab8157f73118ad7df4dc,260,260,1,public language contains a checkable economic/state cue,False
f412ba37a673567201876d28b76c3539d45a42c360b51bffae5fe16705ec2433,FACTUAL_PUBLIC_PRIVATE,3b81679fe9d1a8001adc0c8fcd83b4648a68131ca3a3ab8157f73118ad7df4dc,260,260,1,public language contains a checkable economic/state cue,False
4f4d311163b93ced9181132826803d88454b1bba4de9558e5c272b8426a99df1,FACTUAL_PUBLIC_PRIVATE,3b81679fe9d1a8001adc0c8fcd83b4648a68131ca3a3ab8157f73118ad7df4dc,262,262,1,public language contains a checkable economic/state cue,False
40dc1242ced2d3b7a8de8c3c623b05ec8089cffccdd00baed6dbe152d63b9028,FACTUAL_PUBLIC_PRIVATE,3b81679fe9d1a8001adc0c8fcd83b4648a68131ca3a3ab8157f73118ad7df4dc,262,262,1,public language contains a checkable economic/state cue,False
130621ebd3145a4d771787639cc9fef934e9602f35a36200b860442adf49b5ae,FACTUAL_PUBLIC_PRIVATE,3b81679fe9d1a8001adc0c8fcd83b4648a68131ca3a3ab8157f73118ad7df4dc,264,264,1,public language contains a checkable economic/state cue,False
1f5698058e59effd20bdea44c274cb8c335160f5c4419a907c336e91846ca26a,FACTUAL_PUBLIC_PRIVATE,3b81679fe9d1a8001adc0c8fcd83b4648a68131ca3a3ab8157f73118ad7df4dc,265,265,1,public language contains a checkable economic/state cue,False
b1701b38eee3499a555214760dcfa67889e2c8d4959fc9c7e8242917b08b0d92,FACTUAL_PUBLIC_PRIVATE,9b64b50b21246a813a276af7a32e56a5ec4b88a3bd464355ae9cc3e77f313efb,1,1,1,public language contains a checkable economic/state cue,False
850a59d8bf08d8f83472ff1affad36fef11a30ac3473b5a8214a6e3184dcef93,FACTUAL_PUBLIC_PRIVATE,9b64b50b21246a813a276af7a32e56a5ec4b88a3bd464355ae9cc3e77f313efb,2,2,1,public language contains a checkable economic/state cue,False
00e6df8ad538d817cbed5b017990a8bc7fe08c7f68d251682a1fccbf96725a0c,FACTUAL_PUBLIC_PRIVATE,9b64b50b21246a813a276af7a32e56a5ec4b88a3bd464355ae9cc3e77f313efb,4,4,1,public language contains a checkable economic/state cue,False
99bcc046552d6c3f379ded1cd16fb9ce5581c54832fb65576facfbd6b5ae2d94,FACTUAL_PUBLIC_PRIVATE,9b64b50b21246a813a276af7a32e56a5ec4b88a3bd464355ae9cc3e77f313efb,9,9,1,public language contains a checkable economic/state cue,False
a15c42c21504786da3ecb78cecb92290756196a355aa015730d74d00cbf2c678,FACTUAL_PUBLIC_PRIVATE,9b64b50b21246a813a276af7a32e56a5ec4b88a3bd464355ae9cc3e77f313efb,10,10,1,public language contains a checkable economic/state cue,False
02f950fbbc762581213e04aecff811d45d0c75fe9a798d2b0855f70447c25f68,FACTUAL_PUBLIC_PRIVATE,9b64b50b21246a813a276af7a32e56a5ec4b88a3bd464355ae9cc3e77f313efb,12,12,1,public language contains a checkable economic/state cue,False
341c0017116fa49a0df83103d66766527e9f44f7559e18edaad8831c4242c17f,FACTUAL_PUBLIC_PRIVATE,9b64b50b21246a813a276af7a32e56a5ec4b88a3bd464355ae9cc3e77f313efb,12,12,1,public language contains a checkable economic/state cue,False
496b6c9bdf31e3021777e8f08236d8091e36a9ffe3ec889c4543aee54d9d693e,FACTUAL_PUBLIC_PRIVATE,9b64b50b21246a813a276af7a32e56a5ec4b88a3bd464355ae9cc3e77f313efb,14,14,1,public language contains a checkable economic/state cue,False
edeb869e96a7607f817d1f050e89eb183e044ba692f53658a20cd7948719476f,FACTUAL_PUBLIC_PRIVATE,9b64b50b21246a813a276af7a32e56a5ec4b88a3bd464355ae9cc3e77f313efb,18,18,1,public language contains a checkable economic/state cue,False
fdc2970286ef09364988ff101c337040963c383b39379eb418b7e85fbfa3c828,FACTUAL_PUBLIC_PRIVATE,9b64b50b21246a813a276af7a32e56a5ec4b88a3bd464355ae9cc3e77f313efb,20,20,1,public language contains a checkable economic/state cue,False
5bb0a3ea0c11c3d7683ba5696e2e970c7396d446dd2a3a7560f72153fc28fc85,FACTUAL_PUBLIC_PRIVATE,9b64b50b21246a813a276af7a32e56a5ec4b88a3bd464355ae9cc3e77f313efb,20,20,1,public language contains a checkable economic/state cue,False
283d7ae348a1416222656ff82d377ef087a4733d3bb516c6d022538d1397a542,FACTUAL_PUBLIC_PRIVATE,9b64b50b21246a813a276af7a32e56a5ec4b88a3bd464355ae9cc3e77f313efb,21,21,1,public language contains a checkable economic/state cue,False
8686d51f80791b4d4008d0b064a5fbf788f720a5c038e7b837e605d73376940b,FACTUAL_PUBLIC_PRIVATE,9b64b50b21246a813a276af7a32e56a5ec4b88a3bd464355ae9cc3e77f313efb,22,22,1,public language contains a checkable economic/state cue,False
e058340dba9170758ec836112f5971f264dec087289d87ad0efd5fce4837d22b,FACTUAL_PUBLIC_PRIVATE,9b64b50b21246a813a276af7a32e56a5ec4b88a3bd464355ae9cc3e77f313efb,24,24,1,public language contains a checkable economic/state cue,False
ffe95d6c42964c09ca1df986eff88f388f1895f6accc0235368bffb137d85aba,FACTUAL_PUBLIC_PRIVATE,9b64b50b21246a813a276af7a32e56a5ec4b88a3bd464355ae9cc3e77f313efb,25,25,1,public language contains a checkable economic/state cue,False
90a32784927880ae20159c0e156d8ed89c5961d89e45255fe9fe74857de537c6,FACTUAL_PUBLIC_PRIVATE,9b64b50b21246a813a276af7a32e56a5ec4b88a3bd464355ae9cc3e77f313efb,25,25,1,public language contains a checkable economic/state cue,False
c83923fb8818e773cbc5c75cbd4c67735ec2862c304a99bbcd048a2b74ab22d0,FACTUAL_PUBLIC_PRIVATE,9b64b50b21246a813a276af7a32e56a5ec4b88a3bd464355ae9cc3e77f313efb,27,27,1,public language contains a checkable economic/state cue,False
62634e55cef1ea90519944d3671fb2d769a3144fbc65c4e8be79533d9e23b1cc,FACTUAL_PUBLIC_PRIVATE,9b64b50b21246a813a276af7a32e56a5ec4b88a3bd464355ae9cc3e77f313efb,27,27,1,public language contains a checkable economic/state cue,False
ecd9c3b199241bc95246584c44d3d1bdd179a6cb20543f3531e5b065b55218f7,FACTUAL_PUBLIC_PRIVATE,9b64b50b21246a813a276af7a32e56a5ec4b88a3bd464355ae9cc3e77f313efb,29,29,1,public language contains a checkable economic/state cue,False
5298e41ff52f02c1b93fb06e7b0b5f692e7714eb1f22829a14b1ec10eaf9b9ad,FACTUAL_PUBLIC_PRIVATE,9b64b50b21246a813a276af7a32e56a5ec4b88a3bd464355ae9cc3e77f313efb,30,30,1,public language contains a checkable economic/state cue,False
adef5c365a84d7640f6caa5bee18e4a233753fac4b2eb56c6ae9a9abcf5957af,FACTUAL_PUBLIC_PRIVATE,9b64b50b21246a813a276af7a32e56a5ec4b88a3bd464355ae9cc3e77f313efb,30,30,1,public language contains a checkable economic/state cue,False
cdfc261d76e486b178e10378e630ae5d2e3216b67d8d0722e990210fa1d0896a,FACTUAL_PUBLIC_PRIVATE,9b64b50b21246a813a276af7a32e56a5ec4b88a3bd464355ae9cc3e77f313efb,31,31,1,public language contains a checkable economic/state cue,False
8e9b7ab592d6b2efa666c9854d576d306068ca3247ec9278429d63bb194bd038,FACTUAL_PUBLIC_PRIVATE,9b64b50b21246a813a276af7a32e56a5ec4b88a3bd464355ae9cc3e77f313efb,31,31,1,public language contains a checkable economic/state cue,False
e08fa2c803d155ba1b197081cbae2bbc0bd821e478de926c40c89ee578ff24ff,FACTUAL_PUBLIC_PRIVATE,9b64b50b21246a813a276af7a32e56a5ec4b88a3bd464355ae9cc3e77f313efb,31,31,1,public language contains a checkable economic/state cue,False
5b02b4c680b09854ef4307910881eec9b372e170aa05223b9092b272d18efb5c,FACTUAL_PUBLIC_PRIVATE,9b64b50b21246a813a276af7a32e56a5ec4b88a3bd464355ae9cc3e77f313efb,31,31,1,public language contains a checkable economic/state cue,False
3926e4f48488609f928786008fe529bc38503536341c22095a096393b0d243d9,FACTUAL_PUBLIC_PRIVATE,9b64b50b21246a813a276af7a32e56a5ec4b88a3bd464355ae9cc3e77f313efb,31,31,1,public language contains a checkable economic/state cue,False
3d1b8cf3c5643b2a7e81ba5051f9286e54dacb3640b1aa1c1f966839f78ae33f,FACTUAL_PUBLIC_PRIVATE,9b64b50b21246a813a276af7a32e56a5ec4b88a3bd464355ae9cc3e77f313efb,31,31,1,public language contains a checkable economic/state cue,False
7d8a43af4ceb02581823c46f7913c85a9aafeeee40d95759560b0bad17867486,FACTUAL_PUBLIC_PRIVATE,9b64b50b21246a813a276af7a32e56a5ec4b88a3bd464355ae9cc3e77f313efb,31,31,1,public language contains a checkable economic/state cue,False
1cc96f3edda1689dd562a6e4cba2c4c02f3c9db7957c56952d1162cf6a1b2d2d,FACTUAL_PUBLIC_PRIVATE,9b64b50b21246a813a276af7a32e56a5ec4b88a3bd464355ae9cc3e77f313efb,31,31,1,public language contains a checkable economic/state cue,False
7986e9898cba46ef39050576a896fd16fbba80c63c3799cb07c7dff951852d1c,FACTUAL_PUBLIC_PRIVATE,9b64b50b21246a813a276af7a32e56a5ec4b88a3bd464355ae9cc3e77f313efb,31,31,1,public language contains a checkable economic/state cue,False
9c57b776b5911f190ef017eeb315b10f4cca637b5a0dc7d25e536551ff17ccea,FACTUAL_PUBLIC_PRIVATE,9b64b50b21246a813a276af7a32e56a5ec4b88a3bd464355ae9cc3e77f313efb,31,31,1,public language contains a checkable economic/state cue,False
76ed25b2e8c46faa81fb0858e34fb29067da1817b678fae96eb71ae5af4206a5,FACTUAL_PUBLIC_PRIVATE,9b64b50b21246a813a276af7a32e56a5ec4b88a3bd464355ae9cc3e77f313efb,31,31,1,public language contains a checkable economic/state cue,False
c72137b5011dbeeaea1dfe291405641572f2ac4fd2990e4ff5f4218b6a1664b9,FACTUAL_PUBLIC_PRIVATE,9b64b50b21246a813a276af7a32e56a5ec4b88a3bd464355ae9cc3e77f313efb,31,31,1,public language contains a checkable economic/state cue,False
45e883985b0d52f9e05d610024f8cdece9e87178a9007d1a61ef4c5307b81409,FACTUAL_PUBLIC_PRIVATE,9b64b50b21246a813a276af7a32e56a5ec4b88a3bd464355ae9cc3e77f313efb,31,31,1,public language contains a checkable economic/state cue,False
8e3cd369d324711e805ba8dcc87074cbeb43495a2f6ed32d0dfaa8c3909f41e7,FACTUAL_PUBLIC_PRIVATE,9b64b50b21246a813a276af7a32e56a5ec4b88a3bd464355ae9cc3e77f313efb,31,31,1,public language contains a checkable economic/state cue,False
4c3895be2a0ba2704c0e58504e8fdf4c38e9cb56a760ee16b82cd24b9490c85c,FACTUAL_PUBLIC_PRIVATE,9b64b50b21246a813a276af7a32e56a5ec4b88a3bd464355ae9cc3e77f313efb,31,31,1,public language contains a checkable economic/state cue,False
3b75509d44081ea655635c049ae183c769254e87c160ceaf6d21e8ccbb60107c,FACTUAL_PUBLIC_PRIVATE,9b64b50b21246a813a276af7a32e56a5ec4b88a3bd464355ae9cc3e77f313efb,31,31,1,public language contains a checkable economic/state cue,False
53f25bce3665587fb33d0b51e28005fd200fd35bbbc88d6c84be1aec969ff078,FACTUAL_PUBLIC_PRIVATE,9b64b50b21246a813a276af7a32e56a5ec4b88a3bd464355ae9cc3e77f313efb,31,31,1,public language contains a checkable economic/state cue,False
2d95f54971e958d84ed492554ac99f72cebadb7047a984b97d7ffdf02b814c81,FACTUAL_PUBLIC_PRIVATE,9b64b50b21246a813a276af7a32e56a5ec4b88a3bd464355ae9cc3e77f313efb,31,31,1,public language contains a checkable economic/state cue,False
feccf57d2f192f5ee08e4731e929496bb9cd83ad4b7280d984f3d24ca2d35993,FACTUAL_PUBLIC_PRIVATE,9b64b50b21246a813a276af7a32e56a5ec4b88a3bd464355ae9cc3e77f313efb,32,32,1,public language contains a checkable economic/state cue,False
c863f156a569fd9631df1dca4c4938b92eadd2a4dbcd2541ec5dc3c8d9259b63,FACTUAL_PUBLIC_PRIVATE,9b64b50b21246a813a276af7a32e56a5ec4b88a3bd464355ae9cc3e77f313efb,32,32,1,public language contains a checkable economic/state cue,False
e2f101a3b286213dc479bc87c7f7aea8633b1b3e48ec0ec87c717ecbb1f40459,FACTUAL_PUBLIC_PRIVATE,9b64b50b21246a813a276af7a32e56a5ec4b88a3bd464355ae9cc3e77f313efb,32,32,1,public language contains a checkable economic/state cue,False
4b0821c691d0f3ac70e973bad694f1f85e9f72741f1eb876e3c0282f9da6a72a,FACTUAL_PUBLIC_PRIVATE,9b64b50b21246a813a276af7a32e56a5ec4b88a3bd464355ae9cc3e77f313efb,32,32,1,public language contains a checkable economic/state cue,False
fef34823baabebef7149775f975071d4f5fb72e05ce21be53b4966ab6cb4fb28,FACTUAL_PUBLIC_PRIVATE,9b64b50b21246a813a276af7a32e56a5ec4b88a3bd464355ae9cc3e77f313efb,32,32,1,public language contains a checkable economic/state cue,False
d83ab81f241521da4954664a41fe239576bdd90edb0055db00c5a64f0d2bdf0d,FACTUAL_PUBLIC_PRIVATE,9b64b50b21246a813a276af7a32e56a5ec4b88a3bd464355ae9cc3e77f313efb,34,34,1,public language contains a checkable economic/state cue,False
ab6e1737ff1cc9712072452d430beca25c2ca748f5421f2611d642bd1b893389,FACTUAL_PUBLIC_PRIVATE,9b64b50b21246a813a276af7a32e56a5ec4b88a3bd464355ae9cc3e77f313efb,34,34,1,public language contains a checkable economic/state cue,False
5e7b39201759283e5fe524090490b72f3c7fed4609ae3f0638e4caa6a4a1d8eb,FACTUAL_PUBLIC_PRIVATE,9b64b50b21246a813a276af7a32e56a5ec4b88a3bd464355ae9cc3e77f313efb,36,36,1,public language contains a checkable economic/state cue,False
3ba2ddc397776dff07ace09cb5125a09008b1e434b4a1ea7ddf4c1502f69d2e3,FACTUAL_PUBLIC_PRIVATE,9b64b50b21246a813a276af7a32e56a5ec4b88a3bd464355ae9cc3e77f313efb,36,36,1,public language contains a checkable economic/state cue,False
e003463c0b6aa33ce2078ca4265d1389614e8c8116415f3ea290d304566d74d6,FACTUAL_PUBLIC_PRIVATE,9b64b50b21246a813a276af7a32e56a5ec4b88a3bd464355ae9cc3e77f313efb,36,36,1,public language contains a checkable economic/state cue,False
3297e8523b01a013151d4b47fe8c884ab59692f412305f1bd4a6ef45e2dfd664,FACTUAL_PUBLIC_PRIVATE,9b64b50b21246a813a276af7a32e56a5ec4b88a3bd464355ae9cc3e77f313efb,36,36,1,public language contains a checkable economic/state cue,False
e66de69592985395b282dd44e150dee49c5f0e7e19a7c9dfd8e92419c8390c93,FACTUAL_PUBLIC_PRIVATE,9b64b50b21246a813a276af7a32e56a5ec4b88a3bd464355ae9cc3e77f313efb,36,36,1,public language contains a checkable economic/state cue,False
fba00c6a1dff2c50d24511b7bbabf5c93f216b69a8f929f10d13aef71435d04f,FACTUAL_PUBLIC_PRIVATE,9b64b50b21246a813a276af7a32e56a5ec4b88a3bd464355ae9cc3e77f313efb,36,36,1,public language contains a checkable economic/state cue,False
2d697016176f85c2f33d6ac53660afbf42c880c17fdb8749d921d96015d2a197,FACTUAL_PUBLIC_PRIVATE,9b64b50b21246a813a276af7a32e56a5ec4b88a3bd464355ae9cc3e77f313efb,36,36,1,public language contains a checkable economic/state cue,False
5bfe68b0adaaab47b00287f84829f8e1d8afc4309f84d2bb2c9f13466006f289,FACTUAL_PUBLIC_PRIVATE,9b64b50b21246a813a276af7a32e56a5ec4b88a3bd464355ae9cc3e77f313efb,37,37,1,public language contains a checkable economic/state cue,False
dbb0ecaaf848984e94ecd177562397f1bde8f454a5184c8f8873d080210b267f,FACTUAL_PUBLIC_PRIVATE,9b64b50b21246a813a276af7a32e56a5ec4b88a3bd464355ae9cc3e77f313efb,37,37,1,public language contains a checkable economic/state cue,False
df53c6fd930f7f6079923f2fcd927948ab87e29886b295235a7ce4df2a285e40,FACTUAL_PUBLIC_PRIVATE,9b64b50b21246a813a276af7a32e56a5ec4b88a3bd464355ae9cc3e77f313efb,37,37,1,public language contains a checkable economic/state cue,False
05ea7eeb18feb3edadfd351b1dcc2764976bdc69702afa97164e097cf64f2a9d,FACTUAL_PUBLIC_PRIVATE,9b64b50b21246a813a276af7a32e56a5ec4b88a3bd464355ae9cc3e77f313efb,37,37,1,public language contains a checkable economic/state cue,False
c0f64160b274f8660d7a044c91a34758c8c254cafced0e4f000a45543c411776,FACTUAL_PUBLIC_PRIVATE,9b64b50b21246a813a276af7a32e56a5ec4b88a3bd464355ae9cc3e77f313efb,39,39,1,public language contains a checkable economic/state cue,False
32ab4a38245bc5bb5ab0a29d627b3b75cd62c22a0b64ffdbe82a636e10b89c89,FACTUAL_PUBLIC_PRIVATE,9b64b50b21246a813a276af7a32e56a5ec4b88a3bd464355ae9cc3e77f313efb,39,39,1,public language contains a checkable economic/state cue,False
2931579317e86002dab382fec587844f0d74e998e3619598e95d1ec2b95c0c88,FACTUAL_PUBLIC_PRIVATE,9b64b50b21246a813a276af7a32e56a5ec4b88a3bd464355ae9cc3e77f313efb,39,39,1,public language contains a checkable economic/state cue,False
818aa7154b023e59a68dc00c2894dfc43d59b8a2d2ee4dd7cbc9ec31275008dc,FACTUAL_PUBLIC_PRIVATE,9b64b50b21246a813a276af7a32e56a5ec4b88a3bd464355ae9cc3e77f313efb,39,39,1,public language contains a checkable economic/state cue,False
eff047df4ca2af73e85350715e09852a3d6d1690fa2452680ce4ea6c0aba2fba,FACTUAL_PUBLIC_PRIVATE,9b64b50b21246a813a276af7a32e56a5ec4b88a3bd464355ae9cc3e77f313efb,41,41,1,public language contains a checkable economic/state cue,False
4c3ca9e3b3203bb354f50b587d50d6fef00989794cf504c7fc40f72fcba3cb76,FACTUAL_PUBLIC_PRIVATE,9b64b50b21246a813a276af7a32e56a5ec4b88a3bd464355ae9cc3e77f313efb,41,41,1,public language contains a checkable economic/state cue,False
59e75e639b0f96d90b9e6108675743a9fcdf8e2bcd6dbcb34825a2839f2884e2,FACTUAL_PUBLIC_PRIVATE,9b64b50b21246a813a276af7a32e56a5ec4b88a3bd464355ae9cc3e77f313efb,42,42,1,public language contains a checkable economic/state cue,False
5d0e068b5c602ba723100efa73adf7efbe9df0a53f0d9b622c6026dfa29c6166,FACTUAL_PUBLIC_PRIVATE,9b64b50b21246a813a276af7a32e56a5ec4b88a3bd464355ae9cc3e77f313efb,42,42,1,public language contains a checkable economic/state cue,False
bcbcfa31784101e0c02c23c067a2b397a1d3429309c224dcce8e0aed937fa8fd,FACTUAL_PUBLIC_PRIVATE,9b64b50b21246a813a276af7a32e56a5ec4b88a3bd464355ae9cc3e77f313efb,44,44,1,public language contains a checkable economic/state cue,False
af36ed26a1c0478509dd4c280c9871de91e020d8248c9b574c3f4700dd6b27b5,FACTUAL_PUBLIC_PRIVATE,9b64b50b21246a813a276af7a32e56a5ec4b88a3bd464355ae9cc3e77f313efb,45,45,1,public language contains a checkable economic/state cue,False
9e54c11c0954af1228067f3a434ab50f6956b2ec315ae277db9b689b60ef51d2,FACTUAL_PUBLIC_PRIVATE,9b64b50b21246a813a276af7a32e56a5ec4b88a3bd464355ae9cc3e77f313efb,45,45,1,public language contains a checkable economic/state cue,False
b837db4ea97344da008186436b6224b75c96b48e45e02154d227cc8fb9b38d15,FACTUAL_PUBLIC_PRIVATE,9b64b50b21246a813a276af7a32e56a5ec4b88a3bd464355ae9cc3e77f313efb,45,45,1,public language contains a checkable economic/state cue,False
641699f16aaa0c238cda44428aba187aa0e576522a6c5d83a313b975a06c6daa,FACTUAL_PUBLIC_PRIVATE,9b64b50b21246a813a276af7a32e56a5ec4b88a3bd464355ae9cc3e77f313efb,45,45,1,public language contains a checkable economic/state cue,False
3658d427eae18a11813cd6c3f078779b19b78dcfb0aa73e767004aff015b4326,FACTUAL_PUBLIC_PRIVATE,9b64b50b21246a813a276af7a32e56a5ec4b88a3bd464355ae9cc3e77f313efb,45,45,1,public language contains a checkable economic/state cue,False
0c1ab10be14111f443bef9c927256911b8c054d6660ab9778ec10234811982b7,FACTUAL_PUBLIC_PRIVATE,9b64b50b21246a813a276af7a32e56a5ec4b88a3bd464355ae9cc3e77f313efb,47,47,1,public language contains a checkable economic/state cue,False
391efe8049f7d04c18c5797cbd9439dda5a7a8abb69c3d94837b51d9cf884d2c,FACTUAL_PUBLIC_PRIVATE,9b64b50b21246a813a276af7a32e56a5ec4b88a3bd464355ae9cc3e77f313efb,47,47,1,public language contains a checkable economic/state cue,False
1ed137a5a8cfa7a5225b84f611d747e8ddecc4132eb69c01927e1fb45b7e66fb,FACTUAL_PUBLIC_PRIVATE,9b64b50b21246a813a276af7a32e56a5ec4b88a3bd464355ae9cc3e77f313efb,48,48,1,public language contains a checkable economic/state cue,False
9e8bede4ed83af6382c9654f70ec66b7c1cd743f6056e965fe9d4f7b7c307901,FACTUAL_PUBLIC_PRIVATE,9b64b50b21246a813a276af7a32e56a5ec4b88a3bd464355ae9cc3e77f313efb,49,49,1,public language contains a checkable economic/state cue,False
4a80de5620166f1739f3d7641f763543186fd1f876ca4b6a0706984bb1a9fd9b,FACTUAL_PUBLIC_PRIVATE,9b64b50b21246a813a276af7a32e56a5ec4b88a3bd464355ae9cc3e77f313efb,49,49,1,public language contains a checkable economic/state cue,False
b86efdb0b3c4eae8009cbe6b4b9dd3665b2b6c2ed9b1fe2b1d61b328577dff96,FACTUAL_PUBLIC_PRIVATE,9b64b50b21246a813a276af7a32e56a5ec4b88a3bd464355ae9cc3e77f313efb,49,49,1,public language contains a checkable economic/state cue,False
9f504ee5a5d9d67e90422f8c687faca3531827d4d9efbc2d29b428542109d8ec,FACTUAL_PUBLIC_PRIVATE,9b64b50b21246a813a276af7a32e56a5ec4b88a3bd464355ae9cc3e77f313efb,49,49,1,public language contains a checkable economic/state cue,False
d2a927ccde170d8f98cce42895c07127559b9a7832cea027bfffb5505536f4f4,FACTUAL_PUBLIC_PRIVATE,9b64b50b21246a813a276af7a32e56a5ec4b88a3bd464355ae9cc3e77f313efb,49,49,1,public language contains a checkable economic/state cue,False
1afefbd3135c51db0da571dcdd1acdcbd5828102e063cb15dbc44e27774f86e3,FACTUAL_PUBLIC_PRIVATE,9b64b50b21246a813a276af7a32e56a5ec4b88a3bd464355ae9cc3e77f313efb,49,49,1,public language contains a checkable economic/state cue,False
ab3b2a5f58f5c17f581e712eea0698616f7397adf541f9ba2f23fab46022f452,FACTUAL_PUBLIC_PRIVATE,9b64b50b21246a813a276af7a32e56a5ec4b88a3bd464355ae9cc3e77f313efb,49,49,1,public language contains a checkable economic/state cue,False
f307c6b888bd5000d7eb5e8fbc04775db48f89a8d6ef99312193db9fea4e5825,FACTUAL_PUBLIC_PRIVATE,9b64b50b21246a813a276af7a32e56a5ec4b88a3bd464355ae9cc3e77f313efb,51,51,1,public language contains a checkable economic/state cue,False
bbdcd7760d4119471a6a09d838bd192c1c2345bd848a6f14c2777c495e7bd2cd,FACTUAL_PUBLIC_PRIVATE,9b64b50b21246a813a276af7a32e56a5ec4b88a3bd464355ae9cc3e77f313efb,51,51,1,public language contains a checkable economic/state cue,False
4e6e80006808174fb5a22f26b1ffcb7b701c4f3b8c049086693829e5c508276c,FACTUAL_PUBLIC_PRIVATE,9b64b50b21246a813a276af7a32e56a5ec4b88a3bd464355ae9cc3e77f313efb,51,51,1,public language contains a checkable economic/state cue,False
3143f0c3c267dccd9f6bc1014aae3df6826b62c730651cebd25803f512fe28ef,FACTUAL_PUBLIC_PRIVATE,9b64b50b21246a813a276af7a32e56a5ec4b88a3bd464355ae9cc3e77f313efb,51,51,1,public language contains a checkable economic/state cue,False
a0be3633b9d554a2f0d766e8c1adb03c8d4813bd1e130eef7c5842f8d1f23f20,FACTUAL_PUBLIC_PRIVATE,9b64b50b21246a813a276af7a32e56a5ec4b88a3bd464355ae9cc3e77f313efb,52,52,1,public language contains a checkable economic/state cue,False
443069f681f84c19199a127f8ca9ae6965366d61dd0ff2659f77f9122f7f51ca,FACTUAL_PUBLIC_PRIVATE,9b64b50b21246a813a276af7a32e56a5ec4b88a3bd464355ae9cc3e77f313efb,53,53,1,public language contains a checkable economic/state cue,False
f5929c377035e445dccd30dabaa9332f43423cf61fad785ce6d18ec51f4b660e,FACTUAL_PUBLIC_PRIVATE,9b64b50b21246a813a276af7a32e56a5ec4b88a3bd464355ae9cc3e77f313efb,53,53,1,public language contains a checkable economic/state cue,False
9c745231d0f6c95088c538ccc59e2068411783ecef979889ca70772fdb226ff1,FACTUAL_PUBLIC_PRIVATE,9b64b50b21246a813a276af7a32e56a5ec4b88a3bd464355ae9cc3e77f313efb,56,56,1,public language contains a checkable economic/state cue,False
280677e65c994b0d703ba127823326d1235451c9830de9bb913f1468e8e8b556,FACTUAL_PUBLIC_PRIVATE,9b64b50b21246a813a276af7a32e56a5ec4b88a3bd464355ae9cc3e77f313efb,57,57,1,public language contains a checkable economic/state cue,False
a41cd4dce38d7bf40d2b0d14b0ce44648309753b5e59f9084879c9e1030fa04f,FACTUAL_PUBLIC_PRIVATE,9b64b50b21246a813a276af7a32e56a5ec4b88a3bd464355ae9cc3e77f313efb,59,59,1,public language contains a checkable economic/state cue,False
f5e9fb45c5891ba675c14696ebebec42be93b03d64502c912c1c3ea20f1dd955,FACTUAL_PUBLIC_PRIVATE,9b64b50b21246a813a276af7a32e56a5ec4b88a3bd464355ae9cc3e77f313efb,59,59,1,public language contains a checkable economic/state cue,False
2d8e9a5e0c34ccbff7905dddfdb6ef987c9ff45a16287a9ca0d62d88da2fe282,FACTUAL_PUBLIC_PRIVATE,9b64b50b21246a813a276af7a32e56a5ec4b88a3bd464355ae9cc3e77f313efb,59,59,1,public language contains a checkable economic/state cue,False
55fa54f10f8cf3573077e9a22220d34170576e792caf7e7186436f37b2ff1868,FACTUAL_PUBLIC_PRIVATE,9b64b50b21246a813a276af7a32e56a5ec4b88a3bd464355ae9cc3e77f313efb,59,59,1,public language contains a checkable economic/state cue,False
139f456fc80962bb4399966b8cb06653e4284dd44da8ebfefea4e5653f7bf338,FACTUAL_PUBLIC_PRIVATE,9b64b50b21246a813a276af7a32e56a5ec4b88a3bd464355ae9cc3e77f313efb,59,59,1,public language contains a checkable economic/state cue,False
6233850f94a4c345fe198996afeb6cb6c3ebfa5ef6031a9a0feaeb8c43d05378,FACTUAL_PUBLIC_PRIVATE,9b64b50b21246a813a276af7a32e56a5ec4b88a3bd464355ae9cc3e77f313efb,59,59,1,public language contains a checkable economic/state cue,False
3fe2e8411773df5fd9bb84f0d30cd9101a10d631bf7d4f9853ca0084919480d4,FACTUAL_PUBLIC_PRIVATE,9b64b50b21246a813a276af7a32e56a5ec4b88a3bd464355ae9cc3e77f313efb,59,59,1,public language contains a checkable economic/state cue,False
b4df9df23e889692124c0740eccb89b4310873771597b8e185f5c9920088a316,FACTUAL_PUBLIC_PRIVATE,9b64b50b21246a813a276af7a32e56a5ec4b88a3bd464355ae9cc3e77f313efb,59,59,1,public language contains a checkable economic/state cue,False
16f572a0d9b04f998a3ce7fd7b12cbabe4dd09df0b8298dedae9ab1a03043592,FACTUAL_PUBLIC_PRIVATE,9b64b50b21246a813a276af7a32e56a5ec4b88a3bd464355ae9cc3e77f313efb,59,59,1,public language contains a checkable economic/state cue,False
dba7d804ef6c6ad4387a0772530dba3c3d60f646f590c7e310a5791cd8321eab,FACTUAL_PUBLIC_PRIVATE,9b64b50b21246a813a276af7a32e56a5ec4b88a3bd464355ae9cc3e77f313efb,59,59,1,public language contains a checkable economic/state cue,False
a8755fea8124eb26d848647eeba6ff58307353893ca97254bcb376b9de49c9bb,FACTUAL_PUBLIC_PRIVATE,9b64b50b21246a813a276af7a32e56a5ec4b88a3bd464355ae9cc3e77f313efb,59,59,1,public language contains a checkable economic/state cue,False
18dc42694b1f5cdffd18ba392f542962bd66f9ca4dd8a6e822fcdeed09f6eb18,FACTUAL_PUBLIC_PRIVATE,9b64b50b21246a813a276af7a32e56a5ec4b88a3bd464355ae9cc3e77f313efb,59,59,1,public language contains a checkable economic/state cue,False
0d133edaead008945799e5233bf6b4d06e853ac8991f6c22520365b788efdf40,FACTUAL_PUBLIC_PRIVATE,9b64b50b21246a813a276af7a32e56a5ec4b88a3bd464355ae9cc3e77f313efb,59,59,1,public language contains a checkable economic/state cue,False
94c9f738e3d9c38dca95a5e767ba35a3f2d7d7cbc01191d90570cbdaf48c3660,FACTUAL_PUBLIC_PRIVATE,9b64b50b21246a813a276af7a32e56a5ec4b88a3bd464355ae9cc3e77f313efb,59,59,1,public language contains a checkable economic/state cue,False
a7f5ae2b0f68f66533d24eb38f3403f5c1dc20922caf925b8ecab3e9cb4410c2,FACTUAL_PUBLIC_PRIVATE,9b64b50b21246a813a276af7a32e56a5ec4b88a3bd464355ae9cc3e77f313efb,60,60,1,public language contains a checkable economic/state cue,False
e4a288ae3fb8b3f442e57d5f9d0fe7a80f5ba2a6e88a3c210f80247d3b00bb7e,FACTUAL_PUBLIC_PRIVATE,9b64b50b21246a813a276af7a32e56a5ec4b88a3bd464355ae9cc3e77f313efb,61,61,1,public language contains a checkable economic/state cue,False
d64c1d936e58c027f36457305627b7a087669122fd9ddc4aeb31fae5f86a10a3,FACTUAL_PUBLIC_PRIVATE,9b64b50b21246a813a276af7a32e56a5ec4b88a3bd464355ae9cc3e77f313efb,62,62,1,public language contains a checkable economic/state cue,False
7994a86ba5a1712f134a2397c82c42918845b571eac088b3af1bac013322f01a,FACTUAL_PUBLIC_PRIVATE,9b64b50b21246a813a276af7a32e56a5ec4b88a3bd464355ae9cc3e77f313efb,62,62,1,public language contains a checkable economic/state cue,False
0eb83d0485e168ed1a476cde0ce2f64c12bd539fcf908afb62d6e517af1e7468,FACTUAL_PUBLIC_PRIVATE,9b64b50b21246a813a276af7a32e56a5ec4b88a3bd464355ae9cc3e77f313efb,62,62,1,public language contains a checkable economic/state cue,False
751880267c11e942543e4401b360ee469edc638f05b8f0c61de91dbab84b31c1,FACTUAL_PUBLIC_PRIVATE,9b64b50b21246a813a276af7a32e56a5ec4b88a3bd464355ae9cc3e77f313efb,62,62,1,public language contains a checkable economic/state cue,False
8b55d8bed9242725b799f4c9a65ffe634713fde7b5468d5d414e297f111cf0cf,FACTUAL_PUBLIC_PRIVATE,9b64b50b21246a813a276af7a32e56a5ec4b88a3bd464355ae9cc3e77f313efb,62,62,1,public language contains a checkable economic/state cue,False
49555b7f39bc0cb33dd68d3e46bbe45364b5374f70ea1c2bc9943475cf69a376,FACTUAL_PUBLIC_PRIVATE,9b64b50b21246a813a276af7a32e56a5ec4b88a3bd464355ae9cc3e77f313efb,62,62,1,public language contains a checkable economic/state cue,False
512f379f52a4e5ff1c4e34f475271617d183555d9b9cefad48d69c0962835e7a,FACTUAL_PUBLIC_PRIVATE,9b64b50b21246a813a276af7a32e56a5ec4b88a3bd464355ae9cc3e77f313efb,62,62,1,public language contains a checkable economic/state cue,False
40acf266104518cf4ad17b530221f51aca2b6927dc4eec745e4ec2ec9154ea83,FACTUAL_PUBLIC_PRIVATE,9b64b50b21246a813a276af7a32e56a5ec4b88a3bd464355ae9cc3e77f313efb,63,63,1,public language contains a checkable economic/state cue,False
058b1f2d28f08810f4bc5ce3af1b03912a847e4aa66b0ab6f9a4e33b9d452eb0,FACTUAL_PUBLIC_PRIVATE,9b64b50b21246a813a276af7a32e56a5ec4b88a3bd464355ae9cc3e77f313efb,63,63,1,public language contains a checkable economic/state cue,False
ff37dbcea726e28f1e06fc8fd38a7e58c20333c4d781dbc1415d7b19485f5600,FACTUAL_PUBLIC_PRIVATE,9b64b50b21246a813a276af7a32e56a5ec4b88a3bd464355ae9cc3e77f313efb,63,63,1,public language contains a checkable economic/state cue,False
3120566259901160b1417e05bf0e665e76a9850ba05cc832f20f4f13f7c551d2,FACTUAL_PUBLIC_PRIVATE,9b64b50b21246a813a276af7a32e56a5ec4b88a3bd464355ae9cc3e77f313efb,63,63,1,public language contains a checkable economic/state cue,False
a0bca5739a70e24108acbfa64ec9fac6e616692f57062e17c5a9ccdd1228785c,FACTUAL_PUBLIC_PRIVATE,9b64b50b21246a813a276af7a32e56a5ec4b88a3bd464355ae9cc3e77f313efb,63,63,1,public language contains a checkable economic/state cue,False
91d73fb14a60b7f5b614e9fb562fa202a5f59b5460fc3d4c92cfc89443bcb657,FACTUAL_PUBLIC_PRIVATE,9b64b50b21246a813a276af7a32e56a5ec4b88a3bd464355ae9cc3e77f313efb,63,63,1,public language contains a checkable economic/state cue,False
b95f8decba85840d88cfc6f5a34e57307d12d48e663f6c24f54dbb4450b0819f,FACTUAL_PUBLIC_PRIVATE,9b64b50b21246a813a276af7a32e56a5ec4b88a3bd464355ae9cc3e77f313efb,63,63,1,public language contains a checkable economic/state cue,False
ec686050b1e1c0df580729a30ce29a9e3fd826bc73717cd66a39d916576cea96,FACTUAL_PUBLIC_PRIVATE,9b64b50b21246a813a276af7a32e56a5ec4b88a3bd464355ae9cc3e77f313efb,63,63,1,public language contains a checkable economic/state cue,False
8b5336b218fc45ef10e3bff83b2c998310fa19e05ec11d774bb064bdfbe63384,FACTUAL_PUBLIC_PRIVATE,9b64b50b21246a813a276af7a32e56a5ec4b88a3bd464355ae9cc3e77f313efb,63,63,1,public language contains a checkable economic/state cue,False
540ebb25049f847e5398f337f62c4183f87383f45b6c9badb33ef3e19d647c94,FACTUAL_PUBLIC_PRIVATE,9b64b50b21246a813a276af7a32e56a5ec4b88a3bd464355ae9cc3e77f313efb,66,66,1,public language contains a checkable economic/state cue,False
026d199431c9eb9f5672515219a44068b50dfa0992713efd8139ba3532231999,FACTUAL_PUBLIC_PRIVATE,9b64b50b21246a813a276af7a32e56a5ec4b88a3bd464355ae9cc3e77f313efb,67,67,1,public language contains a checkable economic/state cue,False
b7bbbe82c1ff2b116ea1109d3eb02845574606f3a8e459b473528221df6e6153,FACTUAL_PUBLIC_PRIVATE,9b64b50b21246a813a276af7a32e56a5ec4b88a3bd464355ae9cc3e77f313efb,69,69,1,public language contains a checkable economic/state cue,False
ac11feb28d16b428494a713d748c040882f969253e3026c126f8213c1dd707b0,FACTUAL_PUBLIC_PRIVATE,9b64b50b21246a813a276af7a32e56a5ec4b88a3bd464355ae9cc3e77f313efb,69,69,1,public language contains a checkable economic/state cue,False
bdaaa7e3931681e27391a3f58d695603fd1fd79f9290e430c185d00196f4252b,FACTUAL_PUBLIC_PRIVATE,9b64b50b21246a813a276af7a32e56a5ec4b88a3bd464355ae9cc3e77f313efb,69,69,1,public language contains a checkable economic/state cue,False
7983b9382d9d269b71b48175d6167d52a39f22e6614a85aa64e3f3f5bdfcf5c3,FACTUAL_PUBLIC_PRIVATE,9b64b50b21246a813a276af7a32e56a5ec4b88a3bd464355ae9cc3e77f313efb,69,69,1,public language contains a checkable economic/state cue,False
60678875bbdbcd39676ae4c3b5c7154fe959951d74fe71b7a8679e77620019ee,FACTUAL_PUBLIC_PRIVATE,9b64b50b21246a813a276af7a32e56a5ec4b88a3bd464355ae9cc3e77f313efb,69,69,1,public language contains a checkable economic/state cue,False
50447bcc5dfb3cb2c23ca3ec09d15bc3dc7cf404d9c880ca317ca30ff74d8f08,FACTUAL_PUBLIC_PRIVATE,9b64b50b21246a813a276af7a32e56a5ec4b88a3bd464355ae9cc3e77f313efb,69,69,1,public language contains a checkable economic/state cue,False
b6b7ce8ed71138cb0a393b241cbf56723cd3a19600969a37925116fa44a450a0,FACTUAL_PUBLIC_PRIVATE,9b64b50b21246a813a276af7a32e56a5ec4b88a3bd464355ae9cc3e77f313efb,73,73,1,public language contains a checkable economic/state cue,False
62cd2bf6aca6fcab55752c09f852ad1fc0ecafd4fe4c1d11f39612f6f8e14530,FACTUAL_PUBLIC_PRIVATE,9b64b50b21246a813a276af7a32e56a5ec4b88a3bd464355ae9cc3e77f313efb,74,74,1,public language contains a checkable economic/state cue,False
e9a56c6ae830ec8156dc1fe7dab474d93c3a3ccdcac5ae0f256bb7d9a7aab31a,FACTUAL_PUBLIC_PRIVATE,9b64b50b21246a813a276af7a32e56a5ec4b88a3bd464355ae9cc3e77f313efb,75,75,1,public language contains a checkable economic/state cue,False
141d8712fcb3e756732e37f018f4d8521cffe4cab855c751298971d9fc0795af,FACTUAL_PUBLIC_PRIVATE,9b64b50b21246a813a276af7a32e56a5ec4b88a3bd464355ae9cc3e77f313efb,75,75,1,public language contains a checkable economic/state cue,False
f51dd54c763a0c890afc3bdcd31685beec2bf3a5d52c159e51c304c5562e7184,FACTUAL_PUBLIC_PRIVATE,9b64b50b21246a813a276af7a32e56a5ec4b88a3bd464355ae9cc3e77f313efb,75,75,1,public language contains a checkable economic/state cue,False
48605ebd1d72efc1b412a7bcdad613e28eb82de1d48c48ee7b62754cf5e65200,FACTUAL_PUBLIC_PRIVATE,9b64b50b21246a813a276af7a32e56a5ec4b88a3bd464355ae9cc3e77f313efb,75,75,1,public language contains a checkable economic/state cue,False
faf4df09460ca1140372e5c364631c2c614afc1d506709e1cd23f5441c130bd7,FACTUAL_PUBLIC_PRIVATE,9b64b50b21246a813a276af7a32e56a5ec4b88a3bd464355ae9cc3e77f313efb,75,75,1,public language contains a checkable economic/state cue,False
c2a090176f36333c659dee1770a7dc3ee9ba4d4283525b6dee196cbb6ec9b83f,FACTUAL_PUBLIC_PRIVATE,9b64b50b21246a813a276af7a32e56a5ec4b88a3bd464355ae9cc3e77f313efb,76,76,1,public language contains a checkable economic/state cue,False
200b5a557aa8188ec99ac9f7a874632f35dac0131e646f5acf243c107899aa12,FACTUAL_PUBLIC_PRIVATE,9b64b50b21246a813a276af7a32e56a5ec4b88a3bd464355ae9cc3e77f313efb,77,77,1,public language contains a checkable economic/state cue,False
ec779976c52f05cc51932d45e3d925630ec548eb8dde9fa69d14eaa642be564b,FACTUAL_PUBLIC_PRIVATE,9b64b50b21246a813a276af7a32e56a5ec4b88a3bd464355ae9cc3e77f313efb,78,78,1,public language contains a checkable economic/state cue,False
4e865c67de84a841db3f670fdd8364174e09e5a7f41495e16e067bf2af4780b3,FACTUAL_PUBLIC_PRIVATE,9b64b50b21246a813a276af7a32e56a5ec4b88a3bd464355ae9cc3e77f313efb,79,79,1,public language contains a checkable economic/state cue,False
cd9543c674713267362d0c72331c840132a8fd256752a43568105e580491908c,FACTUAL_PUBLIC_PRIVATE,9b64b50b21246a813a276af7a32e56a5ec4b88a3bd464355ae9cc3e77f313efb,81,81,1,public language contains a checkable economic/state cue,False
99a647567eae760de316ea3ec72e23fb8d28490dd4df8711a7387c839ef5bb3b,FACTUAL_PUBLIC_PRIVATE,9b64b50b21246a813a276af7a32e56a5ec4b88a3bd464355ae9cc3e77f313efb,82,82,1,public language contains a checkable economic/state cue,False
f4e86f4f4e2d751a4b8eaadd058c6287af1a9756a1421f37a6005f21263a7139,FACTUAL_PUBLIC_PRIVATE,9b64b50b21246a813a276af7a32e56a5ec4b88a3bd464355ae9cc3e77f313efb,82,82,1,public language contains a checkable economic/state cue,False
c0a5b4105c5d56d1b977a7fd7503f41ef2ab96b554b2087491af4d309e3ffb63,FACTUAL_PUBLIC_PRIVATE,9b64b50b21246a813a276af7a32e56a5ec4b88a3bd464355ae9cc3e77f313efb,84,84,1,public language contains a checkable economic/state cue,False
65c36a1b2a81e2a98d1cd86a670d22ea270bf52cfc2fd56017ce715409d3ac62,FACTUAL_PUBLIC_PRIVATE,9b64b50b21246a813a276af7a32e56a5ec4b88a3bd464355ae9cc3e77f313efb,85,85,1,public language contains a checkable economic/state cue,False
580b62e5b3fea3f3303fc015bdfd662a91100d7ed059d229d4716ba1e0bc73ff,FACTUAL_PUBLIC_PRIVATE,9b64b50b21246a813a276af7a32e56a5ec4b88a3bd464355ae9cc3e77f313efb,87,87,1,public language contains a checkable economic/state cue,False
c506668f8b6297edc323af9ec869a56073633a9c8bd859503c6bd21edbd27dd7,FACTUAL_PUBLIC_PRIVATE,9b64b50b21246a813a276af7a32e56a5ec4b88a3bd464355ae9cc3e77f313efb,88,88,1,public language contains a checkable economic/state cue,False
2266c45004064aef19661dcf7aa06483d978e14666bac6212daf11d91aff3036,FACTUAL_PUBLIC_PRIVATE,9b64b50b21246a813a276af7a32e56a5ec4b88a3bd464355ae9cc3e77f313efb,89,89,1,public language contains a checkable economic/state cue,False
1cadb810358121c012c3fa065f8bbf8791c7491ad4833a268024d7776a55093b,FACTUAL_PUBLIC_PRIVATE,9b64b50b21246a813a276af7a32e56a5ec4b88a3bd464355ae9cc3e77f313efb,90,90,1,public language contains a checkable economic/state cue,False
1f9c23f61813f387574d0b09def118590977aac72e0775023cf5f8f70d695554,FACTUAL_PUBLIC_PRIVATE,9b64b50b21246a813a276af7a32e56a5ec4b88a3bd464355ae9cc3e77f313efb,91,91,1,public language contains a checkable economic/state cue,False
0124695cb55c8e6e37b014de93b415d194cb27f44db1f0a67886a4691f0b67ac,FACTUAL_PUBLIC_PRIVATE,9b64b50b21246a813a276af7a32e56a5ec4b88a3bd464355ae9cc3e77f313efb,92,92,1,public language contains a checkable economic/state cue,False
ea169b1d52049544129d4fea805a10ca22cb4c40953e88f027aa7209b7f7e3ca,FACTUAL_PUBLIC_PRIVATE,9b64b50b21246a813a276af7a32e56a5ec4b88a3bd464355ae9cc3e77f313efb,93,93,1,public language contains a checkable economic/state cue,False
c2e57485b0b61b759b8d61da75967e7fa4dfa5e99f226f761cd18ed2d8866a12,FACTUAL_PUBLIC_PRIVATE,9b64b50b21246a813a276af7a32e56a5ec4b88a3bd464355ae9cc3e77f313efb,95,95,1,public language contains a checkable economic/state cue,False
10eb4eb09d48a085a12e1ebf1a9ce760be93828e254ae033ad41d0dd0f791eb5,FACTUAL_PUBLIC_PRIVATE,9b64b50b21246a813a276af7a32e56a5ec4b88a3bd464355ae9cc3e77f313efb,97,97,1,public language contains a checkable economic/state cue,False
c230297e79fe3ad542dd69aba7d5773968ec4aca60243e6d5ba10f547c39806f,FACTUAL_PUBLIC_PRIVATE,9b64b50b21246a813a276af7a32e56a5ec4b88a3bd464355ae9cc3e77f313efb,98,98,1,public language contains a checkable economic/state cue,False
c01fa0d9a6097cfb522dd03653e309b8f3fc8172942ad5ce0371ca63ece255c3,FACTUAL_PUBLIC_PRIVATE,9b64b50b21246a813a276af7a32e56a5ec4b88a3bd464355ae9cc3e77f313efb,98,98,1,public language contains a checkable economic/state cue,False
526cf024ba5a4c938108aaf90768041aa1bed243f2aef5799af9aba409dac56f,FACTUAL_PUBLIC_PRIVATE,9b64b50b21246a813a276af7a32e56a5ec4b88a3bd464355ae9cc3e77f313efb,98,98,1,public language contains a checkable economic/state cue,False
4a0714948f189037fbc10e7c63bee4ac0fb48112be7cf1476f43626234af3dd5,FACTUAL_PUBLIC_PRIVATE,9b64b50b21246a813a276af7a32e56a5ec4b88a3bd464355ae9cc3e77f313efb,100,100,1,public language contains a checkable economic/state cue,False
c455ea8166ec7ed93c9c2a4a8b059e4da3d0fa696b186f38ad9e5a1cf6961175,FACTUAL_PUBLIC_PRIVATE,9b64b50b21246a813a276af7a32e56a5ec4b88a3bd464355ae9cc3e77f313efb,100,100,1,public language contains a checkable economic/state cue,False
80e0c0123da8fde25b5c8cd61e674e1568fa13f639dbe6f48b4b7f9e989623ed,FACTUAL_PUBLIC_PRIVATE,9b64b50b21246a813a276af7a32e56a5ec4b88a3bd464355ae9cc3e77f313efb,101,101,1,public language contains a checkable economic/state cue,False
b6d9b975f515da99bb142da9970166bc9c89147a638a4d2cb76a9e6ef9b1142c,FACTUAL_PUBLIC_PRIVATE,9b64b50b21246a813a276af7a32e56a5ec4b88a3bd464355ae9cc3e77f313efb,102,102,1,public language contains a checkable economic/state cue,False
ef8d2ef0a1d99b8de2de8557d9d9ad3a4b06f5a991ae722cf1f89f1ce0ea26ad,FACTUAL_PUBLIC_PRIVATE,9b64b50b21246a813a276af7a32e56a5ec4b88a3bd464355ae9cc3e77f313efb,103,103,1,public language contains a checkable economic/state cue,False
47ee06e69d6699c701ccb7bc850e260f22e0991439104321b7be92d2636dcf4c,FACTUAL_PUBLIC_PRIVATE,9b64b50b21246a813a276af7a32e56a5ec4b88a3bd464355ae9cc3e77f313efb,103,103,1,public language contains a checkable economic/state cue,False
fcae539c7f8deddbc2b70ce73d63491151ebcc60da9f9236a35357aff04f3418,FACTUAL_PUBLIC_PRIVATE,9b64b50b21246a813a276af7a32e56a5ec4b88a3bd464355ae9cc3e77f313efb,103,103,1,public language contains a checkable economic/state cue,False
d1815a2889188c19348e232a00ff89e8fd4d39e24fc525ca34e476e93617270d,FACTUAL_PUBLIC_PRIVATE,9b64b50b21246a813a276af7a32e56a5ec4b88a3bd464355ae9cc3e77f313efb,104,104,1,public language contains a checkable economic/state cue,False
ff1c4cd1f64c5cc522841945f97b3601548aef9b3c02daf04d01414982158517,FACTUAL_PUBLIC_PRIVATE,9b64b50b21246a813a276af7a32e56a5ec4b88a3bd464355ae9cc3e77f313efb,106,106,1,public language contains a checkable economic/state cue,False
95b34eb282c8377c4a6e3c34b818e764460ff861469984184ed64fc48107ea60,FACTUAL_PUBLIC_PRIVATE,9b64b50b21246a813a276af7a32e56a5ec4b88a3bd464355ae9cc3e77f313efb,108,108,1,public language contains a checkable economic/state cue,False
341b0956026b901980cdbe6544f65189a48722e847255ea55bf21ecb7642820a,FACTUAL_PUBLIC_PRIVATE,9b64b50b21246a813a276af7a32e56a5ec4b88a3bd464355ae9cc3e77f313efb,108,108,1,public language contains a checkable economic/state cue,False
97c1d0376706b6b97d31f9958491a3d07bcb3b349f6e91188b4a0c3fafcba62b,FACTUAL_PUBLIC_PRIVATE,9b64b50b21246a813a276af7a32e56a5ec4b88a3bd464355ae9cc3e77f313efb,108,108,1,public language contains a checkable economic/state cue,False
6b043d0775783ff09e5ccb377d0ae930a2fa646f9dfe610da4c16b62df9a8887,FACTUAL_PUBLIC_PRIVATE,9b64b50b21246a813a276af7a32e56a5ec4b88a3bd464355ae9cc3e77f313efb,108,108,1,public language contains a checkable economic/state cue,False
5fcdfd064c5ca8f1293164c8357d33630f175b92beb09b8c9edf28101185a508,FACTUAL_PUBLIC_PRIVATE,9b64b50b21246a813a276af7a32e56a5ec4b88a3bd464355ae9cc3e77f313efb,108,108,1,public language contains a checkable economic/state cue,False
eb96fa60776cf927dd139e00c204961b054617924a8c79eecee45bf4c31afb7e,FACTUAL_PUBLIC_PRIVATE,9b64b50b21246a813a276af7a32e56a5ec4b88a3bd464355ae9cc3e77f313efb,111,111,1,public language contains a checkable economic/state cue,False
f9e054c1c9d1324a3db835bc2b3fe1e6d420c09976b269d0523c9c231b7c1fc6,FACTUAL_PUBLIC_PRIVATE,9b64b50b21246a813a276af7a32e56a5ec4b88a3bd464355ae9cc3e77f313efb,112,112,1,public language contains a checkable economic/state cue,False
484f569e723fae1a20b2836dff9a3636e5ea01e1095eae2237b32277bf523bc0,FACTUAL_PUBLIC_PRIVATE,9b64b50b21246a813a276af7a32e56a5ec4b88a3bd464355ae9cc3e77f313efb,112,112,1,public language contains a checkable economic/state cue,False
d8a4e79f2bb8392606f65ff988e7a25ef8cd7851fecd713b5ed0936f073eb7d1,FACTUAL_PUBLIC_PRIVATE,9b64b50b21246a813a276af7a32e56a5ec4b88a3bd464355ae9cc3e77f313efb,112,112,1,public language contains a checkable economic/state cue,False
9c508107b0f4a2375622fb39b3e41db23c36340698e5d59ada05e4d2972012ae,FACTUAL_PUBLIC_PRIVATE,9b64b50b21246a813a276af7a32e56a5ec4b88a3bd464355ae9cc3e77f313efb,112,112,1,public language contains a checkable economic/state cue,False
6dc52a81c3120fc6f3df393997db4197fd4c285d160a315973ff5eb25a48daa9,FACTUAL_PUBLIC_PRIVATE,9b64b50b21246a813a276af7a32e56a5ec4b88a3bd464355ae9cc3e77f313efb,112,112,1,public language contains a checkable economic/state cue,False
83ff0b499259cfe1cc0585ea03e12c8bccacf5cacb631f2dc1f158f23e7b852c,FACTUAL_PUBLIC_PRIVATE,9b64b50b21246a813a276af7a32e56a5ec4b88a3bd464355ae9cc3e77f313efb,112,112,1,public language contains a checkable economic/state cue,False
59d11ad17a9347e963bafdcf87e82d44e53510d5ed791aaba21e86bae65ce1ba,FACTUAL_PUBLIC_PRIVATE,9b64b50b21246a813a276af7a32e56a5ec4b88a3bd464355ae9cc3e77f313efb,112,112,1,public language contains a checkable economic/state cue,False
8256e743ca5c8785c2166238053a97199d7f8ccaf63ad5017bbbf0d241895473,FACTUAL_PUBLIC_PRIVATE,9b64b50b21246a813a276af7a32e56a5ec4b88a3bd464355ae9cc3e77f313efb,114,114,1,public language contains a checkable economic/state cue,False
d9e32ea547ff8060f8170f1d28a38f3d275612f5e13cdcfd8dbf99ce2210c644,FACTUAL_PUBLIC_PRIVATE,9b64b50b21246a813a276af7a32e56a5ec4b88a3bd464355ae9cc3e77f313efb,114,114,1,public language contains a checkable economic/state cue,False
9e0bc3eb42d000b44bf1085cf3291c7b6d46702bbb848367e857e35f077c31ad,FACTUAL_PUBLIC_PRIVATE,9b64b50b21246a813a276af7a32e56a5ec4b88a3bd464355ae9cc3e77f313efb,115,115,1,public language contains a checkable economic/state cue,False
7e8d08b49784b6739f90579560a8673c329fa4e712be8371b8a9b44aeba4b336,FACTUAL_PUBLIC_PRIVATE,9b64b50b21246a813a276af7a32e56a5ec4b88a3bd464355ae9cc3e77f313efb,116,116,1,public language contains a checkable economic/state cue,False
085818fb08f46e5d7cf216142c5e064404143556826e28fc07bdcbf7ebe9940a,FACTUAL_PUBLIC_PRIVATE,9b64b50b21246a813a276af7a32e56a5ec4b88a3bd464355ae9cc3e77f313efb,117,117,1,public language contains a checkable economic/state cue,False
e457c4397cc0762a566cb4e91da86107c6d9e802b83c2689790f294e103aef74,FACTUAL_PUBLIC_PRIVATE,9b64b50b21246a813a276af7a32e56a5ec4b88a3bd464355ae9cc3e77f313efb,117,117,1,public language contains a checkable economic/state cue,False
c1eec31c5635786cfd70179f7fbce4b05a4d9d6d97bbdf9fd53856006b39e617,FACTUAL_PUBLIC_PRIVATE,9b64b50b21246a813a276af7a32e56a5ec4b88a3bd464355ae9cc3e77f313efb,117,117,1,public language contains a checkable economic/state cue,False
bc5308b0159215bca6aca1175188fd4bd202fb31c868b14f877aadb6e33cd24d,FACTUAL_PUBLIC_PRIVATE,9b64b50b21246a813a276af7a32e56a5ec4b88a3bd464355ae9cc3e77f313efb,117,117,1,public language contains a checkable economic/state cue,False
7a0e051ef55765e8f171fda047174981f1d9befc0fdeda2a4b70cb3283d84b64,FACTUAL_PUBLIC_PRIVATE,9b64b50b21246a813a276af7a32e56a5ec4b88a3bd464355ae9cc3e77f313efb,117,117,1,public language contains a checkable economic/state cue,False
c2dd3ca1e1a547e0f7c5ea2743ed7d2874c9b0ef071b1b52397c18c315ab40fc,FACTUAL_PUBLIC_PRIVATE,9b64b50b21246a813a276af7a32e56a5ec4b88a3bd464355ae9cc3e77f313efb,117,117,1,public language contains a checkable economic/state cue,False
8af682d33cd6723b17bb78918398742f704602e32d85c2a06505d151dc07ef60,FACTUAL_PUBLIC_PRIVATE,9b64b50b21246a813a276af7a32e56a5ec4b88a3bd464355ae9cc3e77f313efb,117,117,1,public language contains a checkable economic/state cue,False
c0f5a9f3f2c3e479c44db840786de8d8c22aff9ea71ddbd55a8d70d271a3ed04,FACTUAL_PUBLIC_PRIVATE,9b64b50b21246a813a276af7a32e56a5ec4b88a3bd464355ae9cc3e77f313efb,117,117,1,public language contains a checkable economic/state cue,False
39c9f74b5f25e6490d2d85f91cc8d9e26f27ceb438bc26b63dfbb795d98a30a5,FACTUAL_PUBLIC_PRIVATE,9b64b50b21246a813a276af7a32e56a5ec4b88a3bd464355ae9cc3e77f313efb,118,118,1,public language contains a checkable economic/state cue,False
030af5bb21d068f5b5ca5300f0608e50b215af401d73e60d7f070845db3e8b43,FACTUAL_PUBLIC_PRIVATE,9b64b50b21246a813a276af7a32e56a5ec4b88a3bd464355ae9cc3e77f313efb,119,119,1,public language contains a checkable economic/state cue,False
e0ffbe3034cf0bd0dc330d882720a1a12ceda8fcfdefdd48b4e0eab74fc73d51,FACTUAL_PUBLIC_PRIVATE,9b64b50b21246a813a276af7a32e56a5ec4b88a3bd464355ae9cc3e77f313efb,119,119,1,public language contains a checkable economic/state cue,False
ac60f54ac5f0cf158484e10291e9ad9a1c3309edfa6d54094b7e62bcaa11ba07,FACTUAL_PUBLIC_PRIVATE,9b64b50b21246a813a276af7a32e56a5ec4b88a3bd464355ae9cc3e77f313efb,120,120,1,public language contains a checkable economic/state cue,False
4d766cd601da91dd5d5fabdfee5c8832881a41b0f816c15d9dcd5928e896c279,FACTUAL_PUBLIC_PRIVATE,9b64b50b21246a813a276af7a32e56a5ec4b88a3bd464355ae9cc3e77f313efb,120,120,1,public language contains a checkable economic/state cue,False
5fb5c490facbcdb228a74ce4644f4fcb94322cb52d8cd59a4eada4a583d21d0d,FACTUAL_PUBLIC_PRIVATE,9b64b50b21246a813a276af7a32e56a5ec4b88a3bd464355ae9cc3e77f313efb,121,121,1,public language contains a checkable economic/state cue,False
6e1df4267ba67939502c143ae520b5befc6ab8eeb907cf3754cac62fa592fc9c,FACTUAL_PUBLIC_PRIVATE,9b64b50b21246a813a276af7a32e56a5ec4b88a3bd464355ae9cc3e77f313efb,122,122,1,public language contains a checkable economic/state cue,False
a79b84fc889fdd854943245befba81958785542a3693e704205a9085f3ac1f37,FACTUAL_PUBLIC_PRIVATE,9b64b50b21246a813a276af7a32e56a5ec4b88a3bd464355ae9cc3e77f313efb,123,123,1,public language contains a checkable economic/state cue,False
2c30a1aaf6ca2ce3fcd81c1d2d396d991736ce702f60edc467f5c58d44e4a70a,FACTUAL_PUBLIC_PRIVATE,9b64b50b21246a813a276af7a32e56a5ec4b88a3bd464355ae9cc3e77f313efb,123,123,1,public language contains a checkable economic/state cue,False
f9738a43f6d4415a87190c800a5743adc74462ca7c2d2f619cc741c17ca62740,FACTUAL_PUBLIC_PRIVATE,9b64b50b21246a813a276af7a32e56a5ec4b88a3bd464355ae9cc3e77f313efb,124,124,1,public language contains a checkable economic/state cue,False
59b20292dbe86d3a9cc119db796aa0225daab7230e8cde9722a0a1925998c93d,FACTUAL_PUBLIC_PRIVATE,9b64b50b21246a813a276af7a32e56a5ec4b88a3bd464355ae9cc3e77f313efb,126,126,1,public language contains a checkable economic/state cue,False
cc0999e724f471690225e83a5c3dcd18d8cd1c0326a36eaf709883b4fdbac22d,FACTUAL_PUBLIC_PRIVATE,9b64b50b21246a813a276af7a32e56a5ec4b88a3bd464355ae9cc3e77f313efb,127,127,1,public language contains a checkable economic/state cue,False
b11591877cacd1acdbd430ed8a638fe3a936b1f8336cb7bb6fc7624ea748f4e9,FACTUAL_PUBLIC_PRIVATE,9b64b50b21246a813a276af7a32e56a5ec4b88a3bd464355ae9cc3e77f313efb,128,128,1,public language contains a checkable economic/state cue,False
8350722a6efc4b5ddd71f03132ad5715480939977be6acff82e949d375d71a29,FACTUAL_PUBLIC_PRIVATE,9b64b50b21246a813a276af7a32e56a5ec4b88a3bd464355ae9cc3e77f313efb,129,129,1,public language contains a checkable economic/state cue,False
166b35d96f1ea9fbef4096ba13b09d0739e357eda69909d434375f829defede8,FACTUAL_PUBLIC_PRIVATE,9b64b50b21246a813a276af7a32e56a5ec4b88a3bd464355ae9cc3e77f313efb,130,130,1,public language contains a checkable economic/state cue,False
a700d8503683f696ccb065d23149dc8d31d2f8bea68f6fd92e24269b1d29dbb6,FACTUAL_PUBLIC_PRIVATE,9b64b50b21246a813a276af7a32e56a5ec4b88a3bd464355ae9cc3e77f313efb,131,131,1,public language contains a checkable economic/state cue,False
5767dfe76fc5b97233d6847fe1ae0887749e1144294d43b3dcaf63cc0fd3432f,FACTUAL_PUBLIC_PRIVATE,9b64b50b21246a813a276af7a32e56a5ec4b88a3bd464355ae9cc3e77f313efb,131,131,1,public language contains a checkable economic/state cue,False
dbd6511f39d8747b3c34c032a00afd1ec135ede719bfb0d57a6a147eb7f53329,FACTUAL_PUBLIC_PRIVATE,9b64b50b21246a813a276af7a32e56a5ec4b88a3bd464355ae9cc3e77f313efb,131,131,1,public language contains a checkable economic/state cue,False
8972a7d219943adfac216c7576001fc4746278e8761c37e4bdf3e83b29c84ed8,FACTUAL_PUBLIC_PRIVATE,9b64b50b21246a813a276af7a32e56a5ec4b88a3bd464355ae9cc3e77f313efb,131,131,1,public language contains a checkable economic/state cue,False
6261466d7ed52085858610a7f0883e85df4c574bd44189f7a501bfba28c09492,FACTUAL_PUBLIC_PRIVATE,9b64b50b21246a813a276af7a32e56a5ec4b88a3bd464355ae9cc3e77f313efb,131,131,1,public language contains a checkable economic/state cue,False
d581c1aa784dfedd618a2a01e834365ec23c8e6535fc41e644c42c6aaac8c301,FACTUAL_PUBLIC_PRIVATE,9b64b50b21246a813a276af7a32e56a5ec4b88a3bd464355ae9cc3e77f313efb,131,131,1,public language contains a checkable economic/state cue,False
31ce546033d6ec05a64f03ea9a4d41e0c75fb286f1f988261433a9d4c2da306f,FACTUAL_PUBLIC_PRIVATE,9b64b50b21246a813a276af7a32e56a5ec4b88a3bd464355ae9cc3e77f313efb,132,132,1,public language contains a checkable economic/state cue,False
74af06b5a52d3477398f463b361a0cd5e36428ce31587a74e0a08e0111431d97,FACTUAL_PUBLIC_PRIVATE,9b64b50b21246a813a276af7a32e56a5ec4b88a3bd464355ae9cc3e77f313efb,132,132,1,public language contains a checkable economic/state cue,False
b26688c91d24c075e74a4fa620811b29a8a776c74f87a69b0ade12071c79a80a,FACTUAL_PUBLIC_PRIVATE,9b64b50b21246a813a276af7a32e56a5ec4b88a3bd464355ae9cc3e77f313efb,133,133,1,public language contains a checkable economic/state cue,False
cd291e971b3ae31f37d4766f902e7ec7818b90c0086d83293200aa23d0429475,FACTUAL_PUBLIC_PRIVATE,9b64b50b21246a813a276af7a32e56a5ec4b88a3bd464355ae9cc3e77f313efb,134,134,1,public language contains a checkable economic/state cue,False
8e4de6648f4831f8a7d141dc8094eb3620eea4d475f36f1c512a4ac53516e906,FACTUAL_PUBLIC_PRIVATE,9b64b50b21246a813a276af7a32e56a5ec4b88a3bd464355ae9cc3e77f313efb,134,134,1,public language contains a checkable economic/state cue,False
b8584d1b41bb37a14cde156d200f66c9c24748bbf0e1a3db0762133d84991809,FACTUAL_PUBLIC_PRIVATE,9b64b50b21246a813a276af7a32e56a5ec4b88a3bd464355ae9cc3e77f313efb,134,134,1,public language contains a checkable economic/state cue,False
4967da61a081ab727687353c1298c5c15feed22a1d65856ee2aa3e5f4ae7d81d,FACTUAL_PUBLIC_PRIVATE,9b64b50b21246a813a276af7a32e56a5ec4b88a3bd464355ae9cc3e77f313efb,134,134,1,public language contains a checkable economic/state cue,False
fafc8c2f341c355e4bffebd53eccd6a21162b6525a0ab7cc68d98cffb1bf3670,FACTUAL_PUBLIC_PRIVATE,9b64b50b21246a813a276af7a32e56a5ec4b88a3bd464355ae9cc3e77f313efb,138,138,1,public language contains a checkable economic/state cue,False
fd80bbf81da665c24dcebe9ab444b65953d6a2c2c3dde24a33c6015f2d159e1b,FACTUAL_PUBLIC_PRIVATE,9b64b50b21246a813a276af7a32e56a5ec4b88a3bd464355ae9cc3e77f313efb,138,138,1,public language contains a checkable economic/state cue,False
cbfc71a71a873d4851db99c0f6078c857780660f59d706ea68dd92699b6eab31,FACTUAL_PUBLIC_PRIVATE,9b64b50b21246a813a276af7a32e56a5ec4b88a3bd464355ae9cc3e77f313efb,138,138,1,public language contains a checkable economic/state cue,False
278d5fb0215121cbbf3e5727c16d856869fe908570dac9a82a7674bdf25c8e9b,FACTUAL_PUBLIC_PRIVATE,9b64b50b21246a813a276af7a32e56a5ec4b88a3bd464355ae9cc3e77f313efb,138,138,1,public language contains a checkable economic/state cue,False
35f3f9bf472377a0358ec4ac35ef51bd8343cf7453f93cba80db6551ea952210,FACTUAL_PUBLIC_PRIVATE,9b64b50b21246a813a276af7a32e56a5ec4b88a3bd464355ae9cc3e77f313efb,139,139,1,public language contains a checkable economic/state cue,False
759c5d66ea86a69fa0d979774b30e86ec5a8f6e81af3763b02cbf94e1c11bd10,FACTUAL_PUBLIC_PRIVATE,9b64b50b21246a813a276af7a32e56a5ec4b88a3bd464355ae9cc3e77f313efb,141,141,1,public language contains a checkable economic/state cue,False
0d01d16fefe4307e39825bae56491f95f5ea52c0a1ea4d0f2ee84474119a94f4,FACTUAL_PUBLIC_PRIVATE,9b64b50b21246a813a276af7a32e56a5ec4b88a3bd464355ae9cc3e77f313efb,144,144,1,public language contains a checkable economic/state cue,False
0f41c2032c34ae4371c2c82184441c0e6f391d183b03601d4b8c689f6efc677d,FACTUAL_PUBLIC_PRIVATE,9b64b50b21246a813a276af7a32e56a5ec4b88a3bd464355ae9cc3e77f313efb,146,146,1,public language contains a checkable economic/state cue,False
d51874127fd9866bb6f1c748f86aaa1e485d5a8c9eb04402416238483e181e20,FACTUAL_PUBLIC_PRIVATE,9b64b50b21246a813a276af7a32e56a5ec4b88a3bd464355ae9cc3e77f313efb,147,147,1,public language contains a checkable economic/state cue,False
2c7d5eae2b62aaf028e8d9117951aca566ca9c2f6bda8ccf67282779eadf6169,FACTUAL_PUBLIC_PRIVATE,9b64b50b21246a813a276af7a32e56a5ec4b88a3bd464355ae9cc3e77f313efb,148,148,1,public language contains a checkable economic/state cue,False
028196b7a7fadab6acc91789fea2d82db46e87c97d7b40fe8613b8065f25cd13,FACTUAL_PUBLIC_PRIVATE,9b64b50b21246a813a276af7a32e56a5ec4b88a3bd464355ae9cc3e77f313efb,149,149,1,public language contains a checkable economic/state cue,False
d16dc8fd25925530926945ea06387507549248be6443d75e20ff20046f042561,FACTUAL_PUBLIC_PRIVATE,9b64b50b21246a813a276af7a32e56a5ec4b88a3bd464355ae9cc3e77f313efb,150,150,1,public language contains a checkable economic/state cue,False
3e323d156ef8ca6abe152d5c7a9dffdd6d575bd6d7020870e5c1edb66e9dae05,FACTUAL_PUBLIC_PRIVATE,9b64b50b21246a813a276af7a32e56a5ec4b88a3bd464355ae9cc3e77f313efb,152,152,1,public language contains a checkable economic/state cue,False
a8ac9a9b78a5e8a2cf632472860c1a71e7f2884b202bf9a27f4b74614fbdcec6,FACTUAL_PUBLIC_PRIVATE,9b64b50b21246a813a276af7a32e56a5ec4b88a3bd464355ae9cc3e77f313efb,152,152,1,public language contains a checkable economic/state cue,False
95bb3ea7bfced25854a31d4c3f19a97920ac39523327f1005cb90365b1e998aa,FACTUAL_PUBLIC_PRIVATE,9b64b50b21246a813a276af7a32e56a5ec4b88a3bd464355ae9cc3e77f313efb,154,154,1,public language contains a checkable economic/state cue,False
d0910fee5113117c8ddc55831b967dfb29ede3a0328432b91744b2d084cfa773,FACTUAL_PUBLIC_PRIVATE,9b64b50b21246a813a276af7a32e56a5ec4b88a3bd464355ae9cc3e77f313efb,154,154,1,public language contains a checkable economic/state cue,False
e18818aa0502882687a45b20698b724c2dd263e169393b383a6f1d6c181b76bb,FACTUAL_PUBLIC_PRIVATE,9b64b50b21246a813a276af7a32e56a5ec4b88a3bd464355ae9cc3e77f313efb,154,154,1,public language contains a checkable economic/state cue,False
71149f49bf1a7479c1abe5c2c9688b8f0987066ed140657589454158486a13b1,FACTUAL_PUBLIC_PRIVATE,9b64b50b21246a813a276af7a32e56a5ec4b88a3bd464355ae9cc3e77f313efb,154,154,1,public language contains a checkable economic/state cue,False
5d766fdc666c337f2c1c55fe27365baab4b6f1dd87e5f83fa45ef04a9369557a,FACTUAL_PUBLIC_PRIVATE,9b64b50b21246a813a276af7a32e56a5ec4b88a3bd464355ae9cc3e77f313efb,154,154,1,public language contains a checkable economic/state cue,False
5264ddb489af505df16e6fe874a4edb9a94da819077866bfc70fdee5aeba2a2c,FACTUAL_PUBLIC_PRIVATE,9b64b50b21246a813a276af7a32e56a5ec4b88a3bd464355ae9cc3e77f313efb,154,154,1,public language contains a checkable economic/state cue,False
5d7283df8af0356dc73723f5b0b0b566e232f8b6dd53b59ade42fc22f8e6094b,FACTUAL_PUBLIC_PRIVATE,9b64b50b21246a813a276af7a32e56a5ec4b88a3bd464355ae9cc3e77f313efb,154,154,1,public language contains a checkable economic/state cue,False
b25f4514e58c57d05e5aed6dab9f26d3923c2a9a4e551217e6063e0bc971229b,FACTUAL_PUBLIC_PRIVATE,9b64b50b21246a813a276af7a32e56a5ec4b88a3bd464355ae9cc3e77f313efb,154,154,1,public language contains a checkable economic/state cue,False
86e8a688ae3c0d250bb121c953a314a9d05be68239dba699ab767228e0309b92,FACTUAL_PUBLIC_PRIVATE,9b64b50b21246a813a276af7a32e56a5ec4b88a3bd464355ae9cc3e77f313efb,154,154,1,public language contains a checkable economic/state cue,False
d8fa0b4116c9e30df89ca83910baf28aa19f4256654380ba208fdb7c281b8995,FACTUAL_PUBLIC_PRIVATE,9b64b50b21246a813a276af7a32e56a5ec4b88a3bd464355ae9cc3e77f313efb,154,154,1,public language contains a checkable economic/state cue,False
14349036462382eac0f5ef4d9550af781ec5890d6dbfdc027c6a73716be02a08,FACTUAL_PUBLIC_PRIVATE,9b64b50b21246a813a276af7a32e56a5ec4b88a3bd464355ae9cc3e77f313efb,154,154,1,public language contains a checkable economic/state cue,False
cccecf3a1c65e0c04a5170529b2d518676cd478793d94d742fec60fc27054ce5,FACTUAL_PUBLIC_PRIVATE,9b64b50b21246a813a276af7a32e56a5ec4b88a3bd464355ae9cc3e77f313efb,154,154,1,public language contains a checkable economic/state cue,False
6ec59f5d4fe085a53313a35ca435386aad36f293b232502ced8924d1f2300b18,FACTUAL_PUBLIC_PRIVATE,9b64b50b21246a813a276af7a32e56a5ec4b88a3bd464355ae9cc3e77f313efb,156,156,1,public language contains a checkable economic/state cue,False
b10625055ffb064bfe85276b771bc544ef62e4e3046a8747041be25df91a1908,FACTUAL_PUBLIC_PRIVATE,7e5c042a6c2641d49b6acfb017ddbfa16c3dcfbe567a6dd7386fd1dc0fa3a8a4,1,1,1,public language contains a checkable economic/state cue,False
d00e8cb44d9d20f27fe314321fb1b61e2e6deeeaf757bd736b9e84c960424b3e,FACTUAL_PUBLIC_PRIVATE,7e5c042a6c2641d49b6acfb017ddbfa16c3dcfbe567a6dd7386fd1dc0fa3a8a4,5,5,1,public language contains a checkable economic/state cue,False
9d1c94bcd3b8c6f2fca5618d038f4f8ac8b23b0a77d75409b7a01bf36bb37f05,FACTUAL_PUBLIC_PRIVATE,7e5c042a6c2641d49b6acfb017ddbfa16c3dcfbe567a6dd7386fd1dc0fa3a8a4,6,6,1,public language contains a checkable economic/state cue,False
ba9a81c8f58f63e46f688bcb2f5418823b95c464976ced91b4a40c0574f1214c,FACTUAL_PUBLIC_PRIVATE,7e5c042a6c2641d49b6acfb017ddbfa16c3dcfbe567a6dd7386fd1dc0fa3a8a4,7,7,1,public language contains a checkable economic/state cue,False
791e9cc20a5ca2359a4b4883c5604d7dfa1c3501d7b286a6713ef3c790092301,FACTUAL_PUBLIC_PRIVATE,7e5c042a6c2641d49b6acfb017ddbfa16c3dcfbe567a6dd7386fd1dc0fa3a8a4,8,8,1,public language contains a checkable economic/state cue,False
16cf2ac38c65ffe786aed6a7be6abd4097511fcaaa62fc4586a13879c47bb259,FACTUAL_PUBLIC_PRIVATE,7e5c042a6c2641d49b6acfb017ddbfa16c3dcfbe567a6dd7386fd1dc0fa3a8a4,8,8,1,public language contains a checkable economic/state cue,False
dd16cb63d8d0b9f15a5bbb0a3e42ac62d19803239bab0939b8333e33c51b810a,FACTUAL_PUBLIC_PRIVATE,7e5c042a6c2641d49b6acfb017ddbfa16c3dcfbe567a6dd7386fd1dc0fa3a8a4,10,10,1,public language contains a checkable economic/state cue,False
1d35927383824092677a49a24f18b12c7c075653e9758b903b14e518f89db3b8,FACTUAL_PUBLIC_PRIVATE,7e5c042a6c2641d49b6acfb017ddbfa16c3dcfbe567a6dd7386fd1dc0fa3a8a4,12,12,1,public language contains a checkable economic/state cue,False
2254dd899ad9f86c12a98d52ba8d3607737765eb3acf4d0f90d0f82b157180a1,FACTUAL_PUBLIC_PRIVATE,7e5c042a6c2641d49b6acfb017ddbfa16c3dcfbe567a6dd7386fd1dc0fa3a8a4,13,13,1,public language contains a checkable economic/state cue,False
0a11e2c2b86eb7841b201176efa1f066c928b35448dce3435fd515b20d4b92f8,FACTUAL_PUBLIC_PRIVATE,7e5c042a6c2641d49b6acfb017ddbfa16c3dcfbe567a6dd7386fd1dc0fa3a8a4,14,14,1,public language contains a checkable economic/state cue,False
9399d282d8d3c126be2f7f00b7484b703d762a86ee29e36a9712f40f87311ba5,FACTUAL_PUBLIC_PRIVATE,7e5c042a6c2641d49b6acfb017ddbfa16c3dcfbe567a6dd7386fd1dc0fa3a8a4,15,15,1,public language contains a checkable economic/state cue,False
ff6cd79366b0eab4f5e09339e05b4d35397b36a9af243ef1900c86eb08ba1cb6,FACTUAL_PUBLIC_PRIVATE,7e5c042a6c2641d49b6acfb017ddbfa16c3dcfbe567a6dd7386fd1dc0fa3a8a4,18,18,1,public language contains a checkable economic/state cue,False
f7d4fcb81626d4a3557a51f9b3252bb5c17eb1020fe46c70552c6dee705a80b4,FACTUAL_PUBLIC_PRIVATE,7e5c042a6c2641d49b6acfb017ddbfa16c3dcfbe567a6dd7386fd1dc0fa3a8a4,19,19,1,public language contains a checkable economic/state cue,False
c394c72250293927923743561404d7e07a1342d724e3500365a4f76cab79f667,FACTUAL_PUBLIC_PRIVATE,7e5c042a6c2641d49b6acfb017ddbfa16c3dcfbe567a6dd7386fd1dc0fa3a8a4,21,21,1,public language contains a checkable economic/state cue,False
deca19abf179cb5cc060bc327dc5bed84b4dc7e9453933071913ba7a19bf9624,FACTUAL_PUBLIC_PRIVATE,7e5c042a6c2641d49b6acfb017ddbfa16c3dcfbe567a6dd7386fd1dc0fa3a8a4,23,23,1,public language contains a checkable economic/state cue,False
eeaaf11a60b90a870b855283c0cf1714ba0c3ad451ee7a7aca51a1e90751643c,FACTUAL_PUBLIC_PRIVATE,7e5c042a6c2641d49b6acfb017ddbfa16c3dcfbe567a6dd7386fd1dc0fa3a8a4,25,25,1,public language contains a checkable economic/state cue,False
68362a87ec49401ad002a0b910882c9316450ea1cfedb4a1b8ba827db963e031,FACTUAL_PUBLIC_PRIVATE,7e5c042a6c2641d49b6acfb017ddbfa16c3dcfbe567a6dd7386fd1dc0fa3a8a4,25,25,1,public language contains a checkable economic/state cue,False
0970f6793f91915ad0a9ce9bd7e35a6429c3fd033797466de32c31aac627e7b7,FACTUAL_PUBLIC_PRIVATE,7e5c042a6c2641d49b6acfb017ddbfa16c3dcfbe567a6dd7386fd1dc0fa3a8a4,25,25,1,public language contains a checkable economic/state cue,False
05927cbb3851e1ce4f921727408b4c735c1f3ffdad93741b19d7cc23d9a3bcf0,FACTUAL_PUBLIC_PRIVATE,7e5c042a6c2641d49b6acfb017ddbfa16c3dcfbe567a6dd7386fd1dc0fa3a8a4,25,25,1,public language contains a checkable economic/state cue,False
c92ff77f206fd4cc42812b1ec804dc25e300aba561434907c73c4f06b04cfb58,FACTUAL_PUBLIC_PRIVATE,7e5c042a6c2641d49b6acfb017ddbfa16c3dcfbe567a6dd7386fd1dc0fa3a8a4,25,25,1,public language contains a checkable economic/state cue,False
f4340878688bbdc4356fa841d2d369e33296c1a394c5ade771935cb635514fb8,FACTUAL_PUBLIC_PRIVATE,7e5c042a6c2641d49b6acfb017ddbfa16c3dcfbe567a6dd7386fd1dc0fa3a8a4,25,25,1,public language contains a checkable economic/state cue,False
c82361204f6c6fc3966115b660156eb834f481aed158a18022c754bfba798202,FACTUAL_PUBLIC_PRIVATE,7e5c042a6c2641d49b6acfb017ddbfa16c3dcfbe567a6dd7386fd1dc0fa3a8a4,25,25,1,public language contains a checkable economic/state cue,False
504c05ee4c463bca1ed6aa74b677bf0450a9122b4efeb9d23bd265c6772aebbf,FACTUAL_PUBLIC_PRIVATE,7e5c042a6c2641d49b6acfb017ddbfa16c3dcfbe567a6dd7386fd1dc0fa3a8a4,25,25,1,public language contains a checkable economic/state cue,False
91678570efb1db1f0eb46f5430eccba86e2fef62e35e320432d27773a06fee7d,FACTUAL_PUBLIC_PRIVATE,7e5c042a6c2641d49b6acfb017ddbfa16c3dcfbe567a6dd7386fd1dc0fa3a8a4,25,25,1,public language contains a checkable economic/state cue,False
0d723ffcde9573fb65a0b95f05154b2c20a17343fbb3a70115b1a30ab2815dcd,FACTUAL_PUBLIC_PRIVATE,7e5c042a6c2641d49b6acfb017ddbfa16c3dcfbe567a6dd7386fd1dc0fa3a8a4,25,25,1,public language contains a checkable economic/state cue,False
78baaa758a9c8f05c5fa06244df834bb684e180a1267fd5efc1a382533f0072b,FACTUAL_PUBLIC_PRIVATE,7e5c042a6c2641d49b6acfb017ddbfa16c3dcfbe567a6dd7386fd1dc0fa3a8a4,25,25,1,public language contains a checkable economic/state cue,False
590817b7d60a56668ca2ed4cac78aa201105f03986b6b422ac58efebcadff823,FACTUAL_PUBLIC_PRIVATE,7e5c042a6c2641d49b6acfb017ddbfa16c3dcfbe567a6dd7386fd1dc0fa3a8a4,25,25,1,public language contains a checkable economic/state cue,False
65343ed8f025f7be514cdcf5161e58c8ca1135db31a075380709896be6d12fde,FACTUAL_PUBLIC_PRIVATE,7e5c042a6c2641d49b6acfb017ddbfa16c3dcfbe567a6dd7386fd1dc0fa3a8a4,25,25,1,public language contains a checkable economic/state cue,False
bcf1c5502892a2c17cdf555a959e0f3fbe387cf7ee39baad55e733048dad6085,FACTUAL_PUBLIC_PRIVATE,7e5c042a6c2641d49b6acfb017ddbfa16c3dcfbe567a6dd7386fd1dc0fa3a8a4,25,25,1,public language contains a checkable economic/state cue,False
9a4a53852df0fbda9e20b83fb41379f9af1d3449a11520913bf01fa67d42f622,FACTUAL_PUBLIC_PRIVATE,7e5c042a6c2641d49b6acfb017ddbfa16c3dcfbe567a6dd7386fd1dc0fa3a8a4,25,25,1,public language contains a checkable economic/state cue,False
544fae2a21eef13f5a5fb5a8afde85d18ea93439548b9ab595e200f9b5b7358c,FACTUAL_PUBLIC_PRIVATE,7e5c042a6c2641d49b6acfb017ddbfa16c3dcfbe567a6dd7386fd1dc0fa3a8a4,25,25,1,public language contains a checkable economic/state cue,False
2d14570b8c0bb273f07063ceaf7e9f5cbd4fa0a718828d6cc6f74dd82c0fbc3f,FACTUAL_PUBLIC_PRIVATE,7e5c042a6c2641d49b6acfb017ddbfa16c3dcfbe567a6dd7386fd1dc0fa3a8a4,25,25,1,public language contains a checkable economic/state cue,False
1c6603c667994054d2cd165caaa38017ce7b845016965bab469f1a2a1bc773ca,FACTUAL_PUBLIC_PRIVATE,7e5c042a6c2641d49b6acfb017ddbfa16c3dcfbe567a6dd7386fd1dc0fa3a8a4,25,25,1,public language contains a checkable economic/state cue,False
1c63a3329bb66764179902d7192102d74b1623f6c29fdbf109ad388ad771d915,FACTUAL_PUBLIC_PRIVATE,7e5c042a6c2641d49b6acfb017ddbfa16c3dcfbe567a6dd7386fd1dc0fa3a8a4,25,25,1,public language contains a checkable economic/state cue,False
4b6764699629f9d07a6a2ed02074e7e1741d8fc995b9918ad458e575aee8b4a7,FACTUAL_PUBLIC_PRIVATE,7e5c042a6c2641d49b6acfb017ddbfa16c3dcfbe567a6dd7386fd1dc0fa3a8a4,25,25,1,public language contains a checkable economic/state cue,False
0f8cb0484efed70effea211fcc14adcafd174ab304cc50fe903092b3f7a9e25e,FACTUAL_PUBLIC_PRIVATE,7e5c042a6c2641d49b6acfb017ddbfa16c3dcfbe567a6dd7386fd1dc0fa3a8a4,25,25,1,public language contains a checkable economic/state cue,False
c344c0ace3bc4238ad39362fcf4133c3880c7c4ab004d562078a12935e59cc33,FACTUAL_PUBLIC_PRIVATE,7e5c042a6c2641d49b6acfb017ddbfa16c3dcfbe567a6dd7386fd1dc0fa3a8a4,25,25,1,public language contains a checkable economic/state cue,False
2354996b48599eef5962b5aad012c5436b60e6126cbff1b7523ca3825bb74c3e,FACTUAL_PUBLIC_PRIVATE,7e5c042a6c2641d49b6acfb017ddbfa16c3dcfbe567a6dd7386fd1dc0fa3a8a4,25,25,1,public language contains a checkable economic/state cue,False
e32e04524ec3e37ae3bf0558537ac2cde3dfd9eda05dd71ade2730fa62724aca,FACTUAL_PUBLIC_PRIVATE,7e5c042a6c2641d49b6acfb017ddbfa16c3dcfbe567a6dd7386fd1dc0fa3a8a4,25,25,1,public language contains a checkable economic/state cue,False
53eeddf21f76c9d2028864777f0c814458f246f2d9c9ddc7506b013d15d4d076,FACTUAL_PUBLIC_PRIVATE,7e5c042a6c2641d49b6acfb017ddbfa16c3dcfbe567a6dd7386fd1dc0fa3a8a4,25,25,1,public language contains a checkable economic/state cue,False
2de07f2c73014e496ef5d04758c11f77a4bc90d4bf72d3662ecbd9e43d49af52,FACTUAL_PUBLIC_PRIVATE,7e5c042a6c2641d49b6acfb017ddbfa16c3dcfbe567a6dd7386fd1dc0fa3a8a4,26,26,1,public language contains a checkable economic/state cue,False
80e5209d7fba47874f3155a03f1f8e6657545bf85d657d06e3ffcdba79a4dfed,FACTUAL_PUBLIC_PRIVATE,7e5c042a6c2641d49b6acfb017ddbfa16c3dcfbe567a6dd7386fd1dc0fa3a8a4,31,31,1,public language contains a checkable economic/state cue,False
2b305f6c96287a53ad591b7230fda652082f496de8cbbf3ad46efed297c03937,FACTUAL_PUBLIC_PRIVATE,7e5c042a6c2641d49b6acfb017ddbfa16c3dcfbe567a6dd7386fd1dc0fa3a8a4,31,31,1,public language contains a checkable economic/state cue,False
af5caf5820ab87f279adf7e5a5e1196b042223c2862e69f8b212fdbdc8da7bc4,FACTUAL_PUBLIC_PRIVATE,7e5c042a6c2641d49b6acfb017ddbfa16c3dcfbe567a6dd7386fd1dc0fa3a8a4,31,31,1,public language contains a checkable economic/state cue,False
e77851c53a8ee02e8285c0a8319552845ad6c8450202fd579f8ce5080fa7c4d8,FACTUAL_PUBLIC_PRIVATE,7e5c042a6c2641d49b6acfb017ddbfa16c3dcfbe567a6dd7386fd1dc0fa3a8a4,31,31,1,public language contains a checkable economic/state cue,False
c63af8ed3a98c411f7cb71af0b17e3bb67516fa483ada1e606e1d06b5aeeda70,FACTUAL_PUBLIC_PRIVATE,7e5c042a6c2641d49b6acfb017ddbfa16c3dcfbe567a6dd7386fd1dc0fa3a8a4,31,31,1,public language contains a checkable economic/state cue,False
4b8d12d0ae2a9d1fe3512eb9cf0259b7c580c4beb662253e4ef2870b88006841,FACTUAL_PUBLIC_PRIVATE,7e5c042a6c2641d49b6acfb017ddbfa16c3dcfbe567a6dd7386fd1dc0fa3a8a4,31,31,1,public language contains a checkable economic/state cue,False
ecd7fc9d6ab2c04f6340fc9410f57a8d0064d729370eea1250e1e1b3160e9709,FACTUAL_PUBLIC_PRIVATE,7e5c042a6c2641d49b6acfb017ddbfa16c3dcfbe567a6dd7386fd1dc0fa3a8a4,31,31,1,public language contains a checkable economic/state cue,False
45f8323156e6217a8306b594d4f99f6dbf1cd30f8f663eae74df01354e335c4a,FACTUAL_PUBLIC_PRIVATE,7e5c042a6c2641d49b6acfb017ddbfa16c3dcfbe567a6dd7386fd1dc0fa3a8a4,31,31,1,public language contains a checkable economic/state cue,False
38bb9ec856a09df5291f3200f0cf598ca119aefde169dda2049534ad1651464b,FACTUAL_PUBLIC_PRIVATE,7e5c042a6c2641d49b6acfb017ddbfa16c3dcfbe567a6dd7386fd1dc0fa3a8a4,31,31,1,public language contains a checkable economic/state cue,False
62750167a7c5e8b688bfd3481c4d9d15cd4ec9fd61f858f6a1e07ffbac0c1c95,FACTUAL_PUBLIC_PRIVATE,7e5c042a6c2641d49b6acfb017ddbfa16c3dcfbe567a6dd7386fd1dc0fa3a8a4,31,31,1,public language contains a checkable economic/state cue,False
dcd01912f36fca6a2eae91c020a23c93369dbd449bbbddfc631bcca7aeb2d188,FACTUAL_PUBLIC_PRIVATE,7e5c042a6c2641d49b6acfb017ddbfa16c3dcfbe567a6dd7386fd1dc0fa3a8a4,31,31,1,public language contains a checkable economic/state cue,False
9dfd93024895b4624ada617c8e710ba4de21725293706b22ed9d20b56157f103,FACTUAL_PUBLIC_PRIVATE,7e5c042a6c2641d49b6acfb017ddbfa16c3dcfbe567a6dd7386fd1dc0fa3a8a4,32,32,1,public language contains a checkable economic/state cue,False
dd0a6cd869bbe0d0be5e671a65327599d8bf38832dfadbf6f8fa85162cd46eb8,FACTUAL_PUBLIC_PRIVATE,7e5c042a6c2641d49b6acfb017ddbfa16c3dcfbe567a6dd7386fd1dc0fa3a8a4,33,33,1,public language contains a checkable economic/state cue,False
63b45d8c0273f73a2252efda571fd25e56f164e02c24bf1f548a3b6f72cf868c,FACTUAL_PUBLIC_PRIVATE,7e5c042a6c2641d49b6acfb017ddbfa16c3dcfbe567a6dd7386fd1dc0fa3a8a4,33,33,1,public language contains a checkable economic/state cue,False
feaa86e2b8d9572d23bb378cbbea233ac72321f64b3379f7293da12ca11e4d57,FACTUAL_PUBLIC_PRIVATE,7e5c042a6c2641d49b6acfb017ddbfa16c3dcfbe567a6dd7386fd1dc0fa3a8a4,34,34,1,public language contains a checkable economic/state cue,False
a3f773a6c0bdc98bb6a40851d9e1c947f313910470d6d5b92a7380e045337a67,FACTUAL_PUBLIC_PRIVATE,7e5c042a6c2641d49b6acfb017ddbfa16c3dcfbe567a6dd7386fd1dc0fa3a8a4,35,35,1,public language contains a checkable economic/state cue,False
93c658893733770cf8d43f9966777726f532b591e4c441e5a91e471717361a3b,FACTUAL_PUBLIC_PRIVATE,7e5c042a6c2641d49b6acfb017ddbfa16c3dcfbe567a6dd7386fd1dc0fa3a8a4,35,35,1,public language contains a checkable economic/state cue,False
a25aa2bdf7febdeb99f930eeebcf71e3b6574dd6964c03a7fbc3680410c19ecd,FACTUAL_PUBLIC_PRIVATE,7e5c042a6c2641d49b6acfb017ddbfa16c3dcfbe567a6dd7386fd1dc0fa3a8a4,35,35,1,public language contains a checkable economic/state cue,False
ad650de231d6302aeccb467b3d04ccb5bb322165fc6e51e259325578130cf12d,FACTUAL_PUBLIC_PRIVATE,7e5c042a6c2641d49b6acfb017ddbfa16c3dcfbe567a6dd7386fd1dc0fa3a8a4,35,35,1,public language contains a checkable economic/state cue,False
44fe23175d239ebbe641f8d8eebff0375460a30eaa9136229b22dd45f909ba68,FACTUAL_PUBLIC_PRIVATE,7e5c042a6c2641d49b6acfb017ddbfa16c3dcfbe567a6dd7386fd1dc0fa3a8a4,35,35,1,public language contains a checkable economic/state cue,False
c9ab4e406c9f974e4d52ea08516740f92a14ef3fefdedc89885f14ccf862a454,FACTUAL_PUBLIC_PRIVATE,7e5c042a6c2641d49b6acfb017ddbfa16c3dcfbe567a6dd7386fd1dc0fa3a8a4,35,35,1,public language contains a checkable economic/state cue,False
81509cb6baa25fb92bf98715380663a4f756208dc754a67bd9ed0b7ffd31f5be,FACTUAL_PUBLIC_PRIVATE,7e5c042a6c2641d49b6acfb017ddbfa16c3dcfbe567a6dd7386fd1dc0fa3a8a4,37,37,1,public language contains a checkable economic/state cue,False
9fce8c2b001a319fe82f9c6433d95da8541117560c7d6ff233cfb1d3d714b0de,FACTUAL_PUBLIC_PRIVATE,7e5c042a6c2641d49b6acfb017ddbfa16c3dcfbe567a6dd7386fd1dc0fa3a8a4,37,37,1,public language contains a checkable economic/state cue,False
e5251262f4b2724190da6421f59e3df2ae4ca907ef6bab29edd398d25a7397c0,FACTUAL_PUBLIC_PRIVATE,7e5c042a6c2641d49b6acfb017ddbfa16c3dcfbe567a6dd7386fd1dc0fa3a8a4,37,37,1,public language contains a checkable economic/state cue,False
ea2c30ec3d310ba1fc77574313b26a220af760447c3cd6825ce1fe26359af690,FACTUAL_PUBLIC_PRIVATE,7e5c042a6c2641d49b6acfb017ddbfa16c3dcfbe567a6dd7386fd1dc0fa3a8a4,37,37,1,public language contains a checkable economic/state cue,False
3803decd15d9b537f29911bda0aaedec70084a0bb66e726e349024f58624d139,FACTUAL_PUBLIC_PRIVATE,7e5c042a6c2641d49b6acfb017ddbfa16c3dcfbe567a6dd7386fd1dc0fa3a8a4,37,37,1,public language contains a checkable economic/state cue,False
ee6153e1e8e306f38a805c40cdac42d4121043279f5ac87f84cf51622fe3497a,FACTUAL_PUBLIC_PRIVATE,7e5c042a6c2641d49b6acfb017ddbfa16c3dcfbe567a6dd7386fd1dc0fa3a8a4,37,37,1,public language contains a checkable economic/state cue,False
7f51754219d7286777422797c562ee69082ac10b36831cc8661e0b53f53a1ec2,FACTUAL_PUBLIC_PRIVATE,7e5c042a6c2641d49b6acfb017ddbfa16c3dcfbe567a6dd7386fd1dc0fa3a8a4,37,37,1,public language contains a checkable economic/state cue,False
544eb87bc85c94e57fa418c5514973b245a06af8d1cfd4157be52846ab670793,FACTUAL_PUBLIC_PRIVATE,7e5c042a6c2641d49b6acfb017ddbfa16c3dcfbe567a6dd7386fd1dc0fa3a8a4,37,37,1,public language contains a checkable economic/state cue,False
86fd2e2d27e2a52f02f826bc6fc5ffd5735e06a16e9cb674bd8d2a1cf7737a41,FACTUAL_PUBLIC_PRIVATE,7e5c042a6c2641d49b6acfb017ddbfa16c3dcfbe567a6dd7386fd1dc0fa3a8a4,37,37,1,public language contains a checkable economic/state cue,False
09017d5d3dd612b88293b5d8d69c5730d1e5a85cb9028b3066f2d3304bed090b,FACTUAL_PUBLIC_PRIVATE,7e5c042a6c2641d49b6acfb017ddbfa16c3dcfbe567a6dd7386fd1dc0fa3a8a4,40,40,1,public language contains a checkable economic/state cue,False
14b857c9d6bf1f1bc1233a188a7d00617d14d51e7e1a65b69f0b44938de8675b,FACTUAL_PUBLIC_PRIVATE,7e5c042a6c2641d49b6acfb017ddbfa16c3dcfbe567a6dd7386fd1dc0fa3a8a4,40,40,1,public language contains a checkable economic/state cue,False
c535215dc2c98ca51acaea02cd4f350d68bde7d3393bfec18dec707ab083e03b,FACTUAL_PUBLIC_PRIVATE,7e5c042a6c2641d49b6acfb017ddbfa16c3dcfbe567a6dd7386fd1dc0fa3a8a4,40,40,1,public language contains a checkable economic/state cue,False
8c6f58a249cacdd88e3c98671fa9dac5f79abce0e68d3c79c0c7eff53f2dc89d,FACTUAL_PUBLIC_PRIVATE,7e5c042a6c2641d49b6acfb017ddbfa16c3dcfbe567a6dd7386fd1dc0fa3a8a4,40,40,1,public language contains a checkable economic/state cue,False
377dff185eabe4ae2d851720ccba0af4987acbe11a61945f38381e093032abf0,FACTUAL_PUBLIC_PRIVATE,7e5c042a6c2641d49b6acfb017ddbfa16c3dcfbe567a6dd7386fd1dc0fa3a8a4,41,41,1,public language contains a checkable economic/state cue,False
390a381c549ee1c33435f3d4ba8a67738724a2f61ded8a7222ec97d1b3deeb48,FACTUAL_PUBLIC_PRIVATE,7e5c042a6c2641d49b6acfb017ddbfa16c3dcfbe567a6dd7386fd1dc0fa3a8a4,41,41,1,public language contains a checkable economic/state cue,False
58426beb2877ca562fc787922c021434152cf5f2c9ccb272b585310e89d04891,FACTUAL_PUBLIC_PRIVATE,7e5c042a6c2641d49b6acfb017ddbfa16c3dcfbe567a6dd7386fd1dc0fa3a8a4,41,41,1,public language contains a checkable economic/state cue,False
27482b0715a7be82a351645f95232eee3799be2a608b2c2423f77c5642102e09,FACTUAL_PUBLIC_PRIVATE,7e5c042a6c2641d49b6acfb017ddbfa16c3dcfbe567a6dd7386fd1dc0fa3a8a4,41,41,1,public language contains a checkable economic/state cue,False
c8d5508b354346d80be82c0113e3c833efb54d55764e559c46539c9cf3312c24,FACTUAL_PUBLIC_PRIVATE,7e5c042a6c2641d49b6acfb017ddbfa16c3dcfbe567a6dd7386fd1dc0fa3a8a4,41,41,1,public language contains a checkable economic/state cue,False
9ba6a47068c827b6f45a14d2380ac54e456c5873c17419bbe7724e6522a0eb75,FACTUAL_PUBLIC_PRIVATE,7e5c042a6c2641d49b6acfb017ddbfa16c3dcfbe567a6dd7386fd1dc0fa3a8a4,41,41,1,public language contains a checkable economic/state cue,False
1fb23525796cd9ad91934004e5202f83f3e9f971c6b17297ce507e9651d6e7ff,FACTUAL_PUBLIC_PRIVATE,7e5c042a6c2641d49b6acfb017ddbfa16c3dcfbe567a6dd7386fd1dc0fa3a8a4,41,41,1,public language contains a checkable economic/state cue,False
f6728c29ccbe63d6e468a828aefeea90b03b8435a3ed2aa76faddb82ffa57ad8,FACTUAL_PUBLIC_PRIVATE,7e5c042a6c2641d49b6acfb017ddbfa16c3dcfbe567a6dd7386fd1dc0fa3a8a4,41,41,1,public language contains a checkable economic/state cue,False
52f73a695ad86ae8a8c634fb15ac38edb877f4750c587f171bed1d538a1874f2,FACTUAL_PUBLIC_PRIVATE,7e5c042a6c2641d49b6acfb017ddbfa16c3dcfbe567a6dd7386fd1dc0fa3a8a4,41,41,1,public language contains a checkable economic/state cue,False
23a1bd1133e014630cc61b171875d83dea315f6800174db87babb4fc44bdf5b1,FACTUAL_PUBLIC_PRIVATE,7e5c042a6c2641d49b6acfb017ddbfa16c3dcfbe567a6dd7386fd1dc0fa3a8a4,41,41,1,public language contains a checkable economic/state cue,False
0799777a16076f12dd943b2a6a8bb40cf67c181032f35286a474ea593aa32a4a,FACTUAL_PUBLIC_PRIVATE,7e5c042a6c2641d49b6acfb017ddbfa16c3dcfbe567a6dd7386fd1dc0fa3a8a4,41,41,1,public language contains a checkable economic/state cue,False
875e5c4938b077fef842716359ba7d5d75fe137effc001fc96fee8345a221055,FACTUAL_PUBLIC_PRIVATE,7e5c042a6c2641d49b6acfb017ddbfa16c3dcfbe567a6dd7386fd1dc0fa3a8a4,41,41,1,public language contains a checkable economic/state cue,False
7b31c3924f001d6edb33f41fdacbe9f7c2e228ca08fb8da6d96f255ce8b96d64,FACTUAL_PUBLIC_PRIVATE,7e5c042a6c2641d49b6acfb017ddbfa16c3dcfbe567a6dd7386fd1dc0fa3a8a4,41,41,1,public language contains a checkable economic/state cue,False
cbf6aa3d5834a6a2eb3c30844f83e41d9265e05b530d2432b7825226267fb1d9,FACTUAL_PUBLIC_PRIVATE,7e5c042a6c2641d49b6acfb017ddbfa16c3dcfbe567a6dd7386fd1dc0fa3a8a4,42,42,1,public language contains a checkable economic/state cue,False
c587e93b617de82bd2d3bc99f2089db6fd499a5274d3288447698e1fd0475119,FACTUAL_PUBLIC_PRIVATE,7e5c042a6c2641d49b6acfb017ddbfa16c3dcfbe567a6dd7386fd1dc0fa3a8a4,42,42,1,public language contains a checkable economic/state cue,False
eb6c27284bc71e6541f0408e39e45a758e014a8371f0f904667c1a3c011868aa,FACTUAL_PUBLIC_PRIVATE,7e5c042a6c2641d49b6acfb017ddbfa16c3dcfbe567a6dd7386fd1dc0fa3a8a4,45,45,1,public language contains a checkable economic/state cue,False
c173834272236151cb8960b4c292f667d43fa2ca5e4f58c66a66f8e63a97fec5,FACTUAL_PUBLIC_PRIVATE,7e5c042a6c2641d49b6acfb017ddbfa16c3dcfbe567a6dd7386fd1dc0fa3a8a4,45,45,1,public language contains a checkable economic/state cue,False
1cc9b6c21f7eeee82a306c928920cfb0d151d64884d014d4f3c0da95bd80936d,FACTUAL_PUBLIC_PRIVATE,7e5c042a6c2641d49b6acfb017ddbfa16c3dcfbe567a6dd7386fd1dc0fa3a8a4,45,45,1,public language contains a checkable economic/state cue,False
7cf0564808ec786b924ff4aeb1fd7267aa798feb93b64fb71f685472c8a826b9,FACTUAL_PUBLIC_PRIVATE,7e5c042a6c2641d49b6acfb017ddbfa16c3dcfbe567a6dd7386fd1dc0fa3a8a4,45,45,1,public language contains a checkable economic/state cue,False
08668c78c7587d4b2d6d8c4eb7b35b920c123a575236d993dd2ee2127af36eeb,FACTUAL_PUBLIC_PRIVATE,7e5c042a6c2641d49b6acfb017ddbfa16c3dcfbe567a6dd7386fd1dc0fa3a8a4,45,45,1,public language contains a checkable economic/state cue,False
724bd86bee8f4bbeccffbf5b86713b046695492130848b4ce7335621f65e3ee0,FACTUAL_PUBLIC_PRIVATE,7e5c042a6c2641d49b6acfb017ddbfa16c3dcfbe567a6dd7386fd1dc0fa3a8a4,45,45,1,public language contains a checkable economic/state cue,False
d8533478b1f30f3ac2def6cbc09113b140a3c8cc9c38613f87d7597a1a9969cf,FACTUAL_PUBLIC_PRIVATE,7e5c042a6c2641d49b6acfb017ddbfa16c3dcfbe567a6dd7386fd1dc0fa3a8a4,45,45,1,public language contains a checkable economic/state cue,False
32404e582f3e0674255506aa347315a629c2553ff0cd5534be6dcf91e8436c85,FACTUAL_PUBLIC_PRIVATE,7e5c042a6c2641d49b6acfb017ddbfa16c3dcfbe567a6dd7386fd1dc0fa3a8a4,45,45,1,public language contains a checkable economic/state cue,False
8402d461ed460d2a7dc26ed7870560836475284caa6797c216f5f83647b4192b,FACTUAL_PUBLIC_PRIVATE,7e5c042a6c2641d49b6acfb017ddbfa16c3dcfbe567a6dd7386fd1dc0fa3a8a4,45,45,1,public language contains a checkable economic/state cue,False
c3e6ab759818408e9c7720790235f15e8a236de7a81a4d78a96770baf5eef3ce,FACTUAL_PUBLIC_PRIVATE,7e5c042a6c2641d49b6acfb017ddbfa16c3dcfbe567a6dd7386fd1dc0fa3a8a4,45,45,1,public language contains a checkable economic/state cue,False
b3a65831a301256ada465e8df854145e2d38e839abb692bafc3a17de4212754b,FACTUAL_PUBLIC_PRIVATE,7e5c042a6c2641d49b6acfb017ddbfa16c3dcfbe567a6dd7386fd1dc0fa3a8a4,45,45,1,public language contains a checkable economic/state cue,False
20acbc48ec3a44e1992beb0135ab89f46869a437d7d17bf6057faaf66fb7adca,FACTUAL_PUBLIC_PRIVATE,7e5c042a6c2641d49b6acfb017ddbfa16c3dcfbe567a6dd7386fd1dc0fa3a8a4,45,45,1,public language contains a checkable economic/state cue,False
bfe4bdd320e73d0443493542983cd0b581f40285f449ebd7f3c05ddc19cef17d,FACTUAL_PUBLIC_PRIVATE,7e5c042a6c2641d49b6acfb017ddbfa16c3dcfbe567a6dd7386fd1dc0fa3a8a4,45,45,1,public language contains a checkable economic/state cue,False
8e439c93f249b04788571d0ad483b77dd9b4ef8c5098f434aa6481c89cd06165,FACTUAL_PUBLIC_PRIVATE,7e5c042a6c2641d49b6acfb017ddbfa16c3dcfbe567a6dd7386fd1dc0fa3a8a4,45,45,1,public language contains a checkable economic/state cue,False
cc0141ef2e0e003c8bbd95e88d465e0653b5cae4c5068663a25b5364a48b5a50,FACTUAL_PUBLIC_PRIVATE,7e5c042a6c2641d49b6acfb017ddbfa16c3dcfbe567a6dd7386fd1dc0fa3a8a4,45,45,1,public language contains a checkable economic/state cue,False
631cd2da4ffb09974cc7bddd3f7aeab939df7c7711a2a7ff69aceac727098dc0,FACTUAL_PUBLIC_PRIVATE,7e5c042a6c2641d49b6acfb017ddbfa16c3dcfbe567a6dd7386fd1dc0fa3a8a4,45,45,1,public language contains a checkable economic/state cue,False
5069b37e68b9b98e5ebaae4ef3abc52c49c3726d11d7120f64e6a11e41aa8ddb,FACTUAL_PUBLIC_PRIVATE,7e5c042a6c2641d49b6acfb017ddbfa16c3dcfbe567a6dd7386fd1dc0fa3a8a4,45,45,1,public language contains a checkable economic/state cue,False
60276f4acf6032aff89642aec86f5cff204943223b41aa0bb3c905835611860f,FACTUAL_PUBLIC_PRIVATE,7e5c042a6c2641d49b6acfb017ddbfa16c3dcfbe567a6dd7386fd1dc0fa3a8a4,45,45,1,public language contains a checkable economic/state cue,False
f4777959618806b6686947d081aec472644d1d7d9b3dada50d86fb1601ac4e28,FACTUAL_PUBLIC_PRIVATE,7e5c042a6c2641d49b6acfb017ddbfa16c3dcfbe567a6dd7386fd1dc0fa3a8a4,45,45,1,public language contains a checkable economic/state cue,False
646a7b9cff7a228b4508aeaa8d412efcf26c29f2e60e6849824262f846811638,FACTUAL_PUBLIC_PRIVATE,7e5c042a6c2641d49b6acfb017ddbfa16c3dcfbe567a6dd7386fd1dc0fa3a8a4,45,45,1,public language contains a checkable economic/state cue,False
b0fbe86b5bde222806ebc9ad7e921f76f2008c3e3c0e4b786bdee6301ff3f817,FACTUAL_PUBLIC_PRIVATE,7e5c042a6c2641d49b6acfb017ddbfa16c3dcfbe567a6dd7386fd1dc0fa3a8a4,45,45,1,public language contains a checkable economic/state cue,False
4c7d69cb7699efdd70f582f7e93ee3c92172305ee0d84d8dcd74be6a62d667e5,FACTUAL_PUBLIC_PRIVATE,7e5c042a6c2641d49b6acfb017ddbfa16c3dcfbe567a6dd7386fd1dc0fa3a8a4,45,45,1,public language contains a checkable economic/state cue,False
b857054cb69d9ea0d0859dbd4e1b715d741fecdcb1656eb8c2fdc49777293123,FACTUAL_PUBLIC_PRIVATE,7e5c042a6c2641d49b6acfb017ddbfa16c3dcfbe567a6dd7386fd1dc0fa3a8a4,46,46,1,public language contains a checkable economic/state cue,False
10f4346dd5282f2a130cc95d97e402579e39a1f5dcee5e1f98b71f87399ad0cf,FACTUAL_PUBLIC_PRIVATE,7e5c042a6c2641d49b6acfb017ddbfa16c3dcfbe567a6dd7386fd1dc0fa3a8a4,46,46,1,public language contains a checkable economic/state cue,False
107b9d08b092a9ef1e332e930b5c232304eee3f560e3bdbedf830f8cd12d2857,FACTUAL_PUBLIC_PRIVATE,7e5c042a6c2641d49b6acfb017ddbfa16c3dcfbe567a6dd7386fd1dc0fa3a8a4,46,46,1,public language contains a checkable economic/state cue,False
04c4cc6cacec42c6f6ee5e66c59d56f403b7e2b92e181de645689d16e698ca27,FACTUAL_PUBLIC_PRIVATE,7e5c042a6c2641d49b6acfb017ddbfa16c3dcfbe567a6dd7386fd1dc0fa3a8a4,46,46,1,public language contains a checkable economic/state cue,False
9d88dbf0a83256c4e66c5143e7eb4ec477b8077ca72e4959cfca22ec386ced8a,FACTUAL_PUBLIC_PRIVATE,7e5c042a6c2641d49b6acfb017ddbfa16c3dcfbe567a6dd7386fd1dc0fa3a8a4,47,47,1,public language contains a checkable economic/state cue,False
9b22f7ef331dace83e44d96f5d023e12d0e045e3794b980092a8e7bc64d787b0,FACTUAL_PUBLIC_PRIVATE,7e5c042a6c2641d49b6acfb017ddbfa16c3dcfbe567a6dd7386fd1dc0fa3a8a4,47,47,1,public language contains a checkable economic/state cue,False
2562ddfb2096450c5cbde4821d48abda85d82bfd1efa1f543a20ea8b71239fb8,FACTUAL_PUBLIC_PRIVATE,7e5c042a6c2641d49b6acfb017ddbfa16c3dcfbe567a6dd7386fd1dc0fa3a8a4,47,47,1,public language contains a checkable economic/state cue,False
5332ee9df13c018818404460a6a60406317b1fd8d399da446134e8dc296a7787,FACTUAL_PUBLIC_PRIVATE,7e5c042a6c2641d49b6acfb017ddbfa16c3dcfbe567a6dd7386fd1dc0fa3a8a4,47,47,1,public language contains a checkable economic/state cue,False
ad7178fd8a4033a6dbfd05c152a6a1ff593b467d24aaa0fd3249a0fdfed4ee95,FACTUAL_PUBLIC_PRIVATE,7e5c042a6c2641d49b6acfb017ddbfa16c3dcfbe567a6dd7386fd1dc0fa3a8a4,47,47,1,public language contains a checkable economic/state cue,False
ed2069580c8ccc0f53394d069364f91ffd94c34a63f4756b93a6e16342255213,FACTUAL_PUBLIC_PRIVATE,7e5c042a6c2641d49b6acfb017ddbfa16c3dcfbe567a6dd7386fd1dc0fa3a8a4,47,47,1,public language contains a checkable economic/state cue,False
dc399333a30cfad3e5475f2adea28ccf6d1927065011500c38b88441295cebeb,FACTUAL_PUBLIC_PRIVATE,7e5c042a6c2641d49b6acfb017ddbfa16c3dcfbe567a6dd7386fd1dc0fa3a8a4,50,50,1,public language contains a checkable economic/state cue,False
1f48920d587f335afb5ca358cbcaaee43697633e35f8baa64376b69d541bda60,FACTUAL_PUBLIC_PRIVATE,7e5c042a6c2641d49b6acfb017ddbfa16c3dcfbe567a6dd7386fd1dc0fa3a8a4,50,50,1,public language contains a checkable economic/state cue,False
3897072d83e2efd49325afd0f62940afff5f85bc72cd26f8734665483d8d5852,FACTUAL_PUBLIC_PRIVATE,7e5c042a6c2641d49b6acfb017ddbfa16c3dcfbe567a6dd7386fd1dc0fa3a8a4,50,50,1,public language contains a checkable economic/state cue,False
6037272aead05cfbcfd6ccf09a951c91989d53a5e0b969dc62527aad864e0e8d,FACTUAL_PUBLIC_PRIVATE,7e5c042a6c2641d49b6acfb017ddbfa16c3dcfbe567a6dd7386fd1dc0fa3a8a4,50,50,1,public language contains a checkable economic/state cue,False
763ea47d8f31d9a14f92ad58f9b81e623327c2ea1af9eb7f60949660497896a8,FACTUAL_PUBLIC_PRIVATE,7e5c042a6c2641d49b6acfb017ddbfa16c3dcfbe567a6dd7386fd1dc0fa3a8a4,50,50,1,public language contains a checkable economic/state cue,False
c93f7a8cf0751822d129faa4554cddf8ff43b4cfcd0210afbbd845b3cbce18f8,FACTUAL_PUBLIC_PRIVATE,7e5c042a6c2641d49b6acfb017ddbfa16c3dcfbe567a6dd7386fd1dc0fa3a8a4,50,50,1,public language contains a checkable economic/state cue,False
bc7c03644b8a332b702614008d84b5d6b3dbfa24218ce4d287102cb374529c92,FACTUAL_PUBLIC_PRIVATE,7e5c042a6c2641d49b6acfb017ddbfa16c3dcfbe567a6dd7386fd1dc0fa3a8a4,50,50,1,public language contains a checkable economic/state cue,False
23e5c7c2a13d055e7279c0adfffe635edbf4dfa730fde6afab6af0c83a00d4c6,FACTUAL_PUBLIC_PRIVATE,7e5c042a6c2641d49b6acfb017ddbfa16c3dcfbe567a6dd7386fd1dc0fa3a8a4,50,50,1,public language contains a checkable economic/state cue,False
9d4bf61809c77977f5de58ca2ede5373a2f5bfe751f039408e68315879a579e2,FACTUAL_PUBLIC_PRIVATE,7e5c042a6c2641d49b6acfb017ddbfa16c3dcfbe567a6dd7386fd1dc0fa3a8a4,50,50,1,public language contains a checkable economic/state cue,False
d9b4657560bf33b6d8ceb828ef8f1ee485c8d3675c02fe45b7b6b689e337e4f5,FACTUAL_PUBLIC_PRIVATE,7e5c042a6c2641d49b6acfb017ddbfa16c3dcfbe567a6dd7386fd1dc0fa3a8a4,51,51,1,public language contains a checkable economic/state cue,False
36f489ffe828b1d0e17a878ceab670ae6ca4c877460ab983cfcd80f31b43ed60,FACTUAL_PUBLIC_PRIVATE,7e5c042a6c2641d49b6acfb017ddbfa16c3dcfbe567a6dd7386fd1dc0fa3a8a4,52,52,1,public language contains a checkable economic/state cue,False
8505ca1b7a99207018678a4f547387a1376e3945f2471518a21af4bbb8ec4da5,FACTUAL_PUBLIC_PRIVATE,7e5c042a6c2641d49b6acfb017ddbfa16c3dcfbe567a6dd7386fd1dc0fa3a8a4,53,53,1,public language contains a checkable economic/state cue,False
3b401058670734530dda5404110136c3755c9fd77edb32fbf653fae5dbe8776c,FACTUAL_PUBLIC_PRIVATE,7e5c042a6c2641d49b6acfb017ddbfa16c3dcfbe567a6dd7386fd1dc0fa3a8a4,53,53,1,public language contains a checkable economic/state cue,False
d6b5d67ffd9ae0b0d34a3b6574db28506dc4bf699f3c50bd948b6dda5939d113,FACTUAL_PUBLIC_PRIVATE,7e5c042a6c2641d49b6acfb017ddbfa16c3dcfbe567a6dd7386fd1dc0fa3a8a4,53,53,1,public language contains a checkable economic/state cue,False
6acc793a2d88e233deb25c3d79d543f4847b94a46f88d39aa5b3981374eb0f2a,FACTUAL_PUBLIC_PRIVATE,7e5c042a6c2641d49b6acfb017ddbfa16c3dcfbe567a6dd7386fd1dc0fa3a8a4,53,53,1,public language contains a checkable economic/state cue,False
d7905273d91617107f0f39e5b655e2cc44c40eba616b37a6ee09d893bdc23f63,FACTUAL_PUBLIC_PRIVATE,7e5c042a6c2641d49b6acfb017ddbfa16c3dcfbe567a6dd7386fd1dc0fa3a8a4,53,53,1,public language contains a checkable economic/state cue,False
3bdc2ddd437c9172c25f4bcc51a37cc3fe3d3730fdb0f743f3bf5fa3c25a7360,FACTUAL_PUBLIC_PRIVATE,7e5c042a6c2641d49b6acfb017ddbfa16c3dcfbe567a6dd7386fd1dc0fa3a8a4,53,53,1,public language contains a checkable economic/state cue,False
1ba8c4c8b9f8c637a2fbd78e382ae1dc64e3ec87d295b878983e59c3e9621f41,FACTUAL_PUBLIC_PRIVATE,7e5c042a6c2641d49b6acfb017ddbfa16c3dcfbe567a6dd7386fd1dc0fa3a8a4,53,53,1,public language contains a checkable economic/state cue,False
c5e85647263ff5d005fb7b4797fb917d2db0285676f9577398d0f4007aa5b674,FACTUAL_PUBLIC_PRIVATE,7e5c042a6c2641d49b6acfb017ddbfa16c3dcfbe567a6dd7386fd1dc0fa3a8a4,54,54,1,public language contains a checkable economic/state cue,False
e083522457abb4473bd1fe5638aeb6c42108f729b8519de62869910bedcd10de,FACTUAL_PUBLIC_PRIVATE,7e5c042a6c2641d49b6acfb017ddbfa16c3dcfbe567a6dd7386fd1dc0fa3a8a4,54,54,1,public language contains a checkable economic/state cue,False
f359ef72ee45132855958b21902a2b18cb8370cf6eb62617d30a10a873bb7c40,FACTUAL_PUBLIC_PRIVATE,7e5c042a6c2641d49b6acfb017ddbfa16c3dcfbe567a6dd7386fd1dc0fa3a8a4,55,55,1,public language contains a checkable economic/state cue,False
6f32d8b9e4ef4f0fd011e8822429c97f1fcc288ccbf49fee8690a467dd9b72fb,FACTUAL_PUBLIC_PRIVATE,7e5c042a6c2641d49b6acfb017ddbfa16c3dcfbe567a6dd7386fd1dc0fa3a8a4,55,55,1,public language contains a checkable economic/state cue,False
89c76efd11f964b27e91192528060488bc94de9ddc7b368a5945fef315b866db,FACTUAL_PUBLIC_PRIVATE,7e5c042a6c2641d49b6acfb017ddbfa16c3dcfbe567a6dd7386fd1dc0fa3a8a4,55,55,1,public language contains a checkable economic/state cue,False
e42b699f0461c91bf606dafe26d4bc5f011e694071f59e4968139014619eebc2,FACTUAL_PUBLIC_PRIVATE,7e5c042a6c2641d49b6acfb017ddbfa16c3dcfbe567a6dd7386fd1dc0fa3a8a4,55,55,1,public language contains a checkable economic/state cue,False
c1e4a82b56dcc3b599833fb70e960984c251050a9f29bfcd686e5e149b50487e,FACTUAL_PUBLIC_PRIVATE,7e5c042a6c2641d49b6acfb017ddbfa16c3dcfbe567a6dd7386fd1dc0fa3a8a4,55,55,1,public language contains a checkable economic/state cue,False
5713958f9a95aa51e6137bb64f34395d48f2f3a83ae21baaef1c9a291c8b01a4,FACTUAL_PUBLIC_PRIVATE,7e5c042a6c2641d49b6acfb017ddbfa16c3dcfbe567a6dd7386fd1dc0fa3a8a4,55,55,1,public language contains a checkable economic/state cue,False
03a3101d533997db0ac38ccd713329943c1c45066de24fa6be42136a8cc1de63,FACTUAL_PUBLIC_PRIVATE,7e5c042a6c2641d49b6acfb017ddbfa16c3dcfbe567a6dd7386fd1dc0fa3a8a4,55,55,1,public language contains a checkable economic/state cue,False
1e82ea4d06ba4ceeb54e42e3a44b1fe41492e847bda08a58b9a982d15ac9f294,FACTUAL_PUBLIC_PRIVATE,7e5c042a6c2641d49b6acfb017ddbfa16c3dcfbe567a6dd7386fd1dc0fa3a8a4,55,55,1,public language contains a checkable economic/state cue,False
c59f97e14864e82cb218f68e31180fe38e0858fffaea2ce0ac1a3e9eec64d21d,FACTUAL_PUBLIC_PRIVATE,7e5c042a6c2641d49b6acfb017ddbfa16c3dcfbe567a6dd7386fd1dc0fa3a8a4,56,56,1,public language contains a checkable economic/state cue,False
c57ca32724c155d17efa218ff49c22fcf9e000c1ab2621322b59c557fc47039f,FACTUAL_PUBLIC_PRIVATE,7e5c042a6c2641d49b6acfb017ddbfa16c3dcfbe567a6dd7386fd1dc0fa3a8a4,57,57,1,public language contains a checkable economic/state cue,False
57d1d10fe7c11690dd157cbad89dde7dcb589e3f27aa0f3a37cb5e844ccc4342,FACTUAL_PUBLIC_PRIVATE,7e5c042a6c2641d49b6acfb017ddbfa16c3dcfbe567a6dd7386fd1dc0fa3a8a4,58,58,1,public language contains a checkable economic/state cue,False
0ccb5047f2cab08c50ba29a973aa5649e06b2aefade6a20ec5e5395ffa36308a,FACTUAL_PUBLIC_PRIVATE,7e5c042a6c2641d49b6acfb017ddbfa16c3dcfbe567a6dd7386fd1dc0fa3a8a4,59,59,1,public language contains a checkable economic/state cue,False
217b207386e4ae70815acdcdb59053110f500d6a83eb79720dc1aed06394648e,FACTUAL_PUBLIC_PRIVATE,7e5c042a6c2641d49b6acfb017ddbfa16c3dcfbe567a6dd7386fd1dc0fa3a8a4,59,59,1,public language contains a checkable economic/state cue,False
80dc41231f36a8d30c8c86e884f3bf98c9bd93537eef5cf5983ae30aa15bcc8a,FACTUAL_PUBLIC_PRIVATE,7e5c042a6c2641d49b6acfb017ddbfa16c3dcfbe567a6dd7386fd1dc0fa3a8a4,59,59,1,public language contains a checkable economic/state cue,False
4ce8c4780670ca62610a4fb23069d1fd27f90924aca86681b25fce5828860e6f,FACTUAL_PUBLIC_PRIVATE,7e5c042a6c2641d49b6acfb017ddbfa16c3dcfbe567a6dd7386fd1dc0fa3a8a4,59,59,1,public language contains a checkable economic/state cue,False
083d3bf9d82476fdc25d68fb0c8517457449e5135b3a222271e0962016adf377,FACTUAL_PUBLIC_PRIVATE,7e5c042a6c2641d49b6acfb017ddbfa16c3dcfbe567a6dd7386fd1dc0fa3a8a4,59,59,1,public language contains a checkable economic/state cue,False
a165e4ee5c7139106f5686c7147cb5197de0cacb0aa19bce07bf1b1ffe5de5c9,FACTUAL_PUBLIC_PRIVATE,7e5c042a6c2641d49b6acfb017ddbfa16c3dcfbe567a6dd7386fd1dc0fa3a8a4,59,59,1,public language contains a checkable economic/state cue,False
b0627830a61a5b7b19e7f25c09ba19b41504579eebaab0ec531f69d51ce90f8e,FACTUAL_PUBLIC_PRIVATE,7e5c042a6c2641d49b6acfb017ddbfa16c3dcfbe567a6dd7386fd1dc0fa3a8a4,59,59,1,public language contains a checkable economic/state cue,False
0eb223e26504df0edf9892098a0fa17203c4fea5024fe6ed2a2361167c062a1e,FACTUAL_PUBLIC_PRIVATE,7e5c042a6c2641d49b6acfb017ddbfa16c3dcfbe567a6dd7386fd1dc0fa3a8a4,59,59,1,public language contains a checkable economic/state cue,False
f6158e94acdd54cce474cfa841a44c4515b0beeb3c91201c41d6b7a7357fe435,FACTUAL_PUBLIC_PRIVATE,7e5c042a6c2641d49b6acfb017ddbfa16c3dcfbe567a6dd7386fd1dc0fa3a8a4,59,59,1,public language contains a checkable economic/state cue,False
46da92dbae94b63b910917311f34ef7c91cc5fbb38d4e534bad9388a15d6b2b9,FACTUAL_PUBLIC_PRIVATE,7e5c042a6c2641d49b6acfb017ddbfa16c3dcfbe567a6dd7386fd1dc0fa3a8a4,59,59,1,public language contains a checkable economic/state cue,False
d66a257683df6f0e07bc81556d8ef4b6de1e98b5dd00a110207d746fefd800f4,FACTUAL_PUBLIC_PRIVATE,7e5c042a6c2641d49b6acfb017ddbfa16c3dcfbe567a6dd7386fd1dc0fa3a8a4,62,62,1,public language contains a checkable economic/state cue,False
a6b74ca717985d2a5c70b97c2b72f0b0269d81bb11aaecf43168820e46342306,FACTUAL_PUBLIC_PRIVATE,7e5c042a6c2641d49b6acfb017ddbfa16c3dcfbe567a6dd7386fd1dc0fa3a8a4,64,64,1,public language contains a checkable economic/state cue,False
231610ba3b81f4be88e389861638928b3afa62516b6ca03fdb1e6e2ce44d9a36,FACTUAL_PUBLIC_PRIVATE,7e5c042a6c2641d49b6acfb017ddbfa16c3dcfbe567a6dd7386fd1dc0fa3a8a4,64,64,1,public language contains a checkable economic/state cue,False
c55b666c3ec0d912dbcfde81f5a082bfc48c3b7df5ba4820d0d77a2dc55c278b,FACTUAL_PUBLIC_PRIVATE,7e5c042a6c2641d49b6acfb017ddbfa16c3dcfbe567a6dd7386fd1dc0fa3a8a4,64,64,1,public language contains a checkable economic/state cue,False
aa40364b9067c24f4087bb2020180252bb25663bcab4f20972e9940c45e69a9b,FACTUAL_PUBLIC_PRIVATE,7e5c042a6c2641d49b6acfb017ddbfa16c3dcfbe567a6dd7386fd1dc0fa3a8a4,64,64,1,public language contains a checkable economic/state cue,False
ee8db72a9f2d3f0eb94610c51950021971d93ba9c26baebac57ad2e7c90e0f0f,FACTUAL_PUBLIC_PRIVATE,7e5c042a6c2641d49b6acfb017ddbfa16c3dcfbe567a6dd7386fd1dc0fa3a8a4,64,64,1,public language contains a checkable economic/state cue,False
174d192f2808a75afc41b6f7e7f4e291382203deb224a851747e0118002ac6c8,FACTUAL_PUBLIC_PRIVATE,7e5c042a6c2641d49b6acfb017ddbfa16c3dcfbe567a6dd7386fd1dc0fa3a8a4,64,64,1,public language contains a checkable economic/state cue,False
118e51ce908f5fc837eb6f3316bc45c749c3e704313dc2765b5b8a3a1e39632c,FACTUAL_PUBLIC_PRIVATE,7e5c042a6c2641d49b6acfb017ddbfa16c3dcfbe567a6dd7386fd1dc0fa3a8a4,64,64,1,public language contains a checkable economic/state cue,False
5b96cb18acf7197312e77ad1f50d1d50fe4e51ee544fa4f315d8f34363002934,FACTUAL_PUBLIC_PRIVATE,7e5c042a6c2641d49b6acfb017ddbfa16c3dcfbe567a6dd7386fd1dc0fa3a8a4,66,66,1,public language contains a checkable economic/state cue,False
d0c1226008e27f2ce1eabfa8d038203626fca5d5a18d2fe05f01c634a96f1564,FACTUAL_PUBLIC_PRIVATE,7e5c042a6c2641d49b6acfb017ddbfa16c3dcfbe567a6dd7386fd1dc0fa3a8a4,70,70,1,public language contains a checkable economic/state cue,False
9e8a636cd4a85857a76a13eb56862d426c533535920b031e76af36242a701fca,FACTUAL_PUBLIC_PRIVATE,7e5c042a6c2641d49b6acfb017ddbfa16c3dcfbe567a6dd7386fd1dc0fa3a8a4,74,74,1,public language contains a checkable economic/state cue,False
7e3a9295349444d2ffdab2e6f656fef929a220d03690cec9490ad51ea4355f3b,FACTUAL_PUBLIC_PRIVATE,7e5c042a6c2641d49b6acfb017ddbfa16c3dcfbe567a6dd7386fd1dc0fa3a8a4,77,77,1,public language contains a checkable economic/state cue,False
0d9c759b5ed0807d4ee5b9e3df210e09ad716ca83cca981f8d4da31f1e9f458a,FACTUAL_PUBLIC_PRIVATE,7e5c042a6c2641d49b6acfb017ddbfa16c3dcfbe567a6dd7386fd1dc0fa3a8a4,77,77,1,public language contains a checkable economic/state cue,False
260df3e559e0aa387018b71f8877904c7a75355b42bbd7b6434838c82424f018,FACTUAL_PUBLIC_PRIVATE,7e5c042a6c2641d49b6acfb017ddbfa16c3dcfbe567a6dd7386fd1dc0fa3a8a4,77,77,1,public language contains a checkable economic/state cue,False
3e29f7263ac3bafd9b9c65876bc9034217565ce89dbe12c26e2b8064705273f4,FACTUAL_PUBLIC_PRIVATE,7e5c042a6c2641d49b6acfb017ddbfa16c3dcfbe567a6dd7386fd1dc0fa3a8a4,79,79,1,public language contains a checkable economic/state cue,False
9fda8f184e56e19dd3870b0ced4b9dbb3329bbbe778e707ed33c419148f052fa,FACTUAL_PUBLIC_PRIVATE,7e5c042a6c2641d49b6acfb017ddbfa16c3dcfbe567a6dd7386fd1dc0fa3a8a4,79,79,1,public language contains a checkable economic/state cue,False
570a3031e77b9d9740c85f85a04bf7ffe2db826cb461af939796c5a84b8c5449,FACTUAL_PUBLIC_PRIVATE,7e5c042a6c2641d49b6acfb017ddbfa16c3dcfbe567a6dd7386fd1dc0fa3a8a4,79,79,1,public language contains a checkable economic/state cue,False
9da7a06cc65be1fa002e96f524c823492eac94fa81ed43bf8e4f1268a5db575b,FACTUAL_PUBLIC_PRIVATE,7e5c042a6c2641d49b6acfb017ddbfa16c3dcfbe567a6dd7386fd1dc0fa3a8a4,79,79,1,public language contains a checkable economic/state cue,False
7ddb09cc872a070d914ec289fb67d31c1b132f8ff5b3629af1396219e06ae61e,FACTUAL_PUBLIC_PRIVATE,7e5c042a6c2641d49b6acfb017ddbfa16c3dcfbe567a6dd7386fd1dc0fa3a8a4,79,79,1,public language contains a checkable economic/state cue,False
8a0d5806af3c6744e6be1133b8bd5bd9ecc8fa9240e81e633d3ba84d19d7903f,FACTUAL_PUBLIC_PRIVATE,7e5c042a6c2641d49b6acfb017ddbfa16c3dcfbe567a6dd7386fd1dc0fa3a8a4,79,79,1,public language contains a checkable economic/state cue,False
bcc62ab74d1206e0e3a347aebeab2dab9e8e241097e84dc4fd3fb3b862b27bb1,FACTUAL_PUBLIC_PRIVATE,7e5c042a6c2641d49b6acfb017ddbfa16c3dcfbe567a6dd7386fd1dc0fa3a8a4,79,79,1,public language contains a checkable economic/state cue,False
f89bfaf387c6155bb44f0f06291b2eb20f7184492cfc013e5a7f8f6b5cd7ce4a,FACTUAL_PUBLIC_PRIVATE,7e5c042a6c2641d49b6acfb017ddbfa16c3dcfbe567a6dd7386fd1dc0fa3a8a4,79,79,1,public language contains a checkable economic/state cue,False
5036a66892532462d45c45d42eb96de6a2483d3fd9a5db976c87743d75c835dd,FACTUAL_PUBLIC_PRIVATE,7e5c042a6c2641d49b6acfb017ddbfa16c3dcfbe567a6dd7386fd1dc0fa3a8a4,79,79,1,public language contains a checkable economic/state cue,False
10c2baeee99c58a11e36ca3fd863880dabcfbd2f9b20efd2fea4bdb4993e6d1f,FACTUAL_PUBLIC_PRIVATE,7e5c042a6c2641d49b6acfb017ddbfa16c3dcfbe567a6dd7386fd1dc0fa3a8a4,79,79,1,public language contains a checkable economic/state cue,False
ab5c4a29ece03b281a6f5b194c53877f45468bc6f0b1c2e9329d4d7b32e98c43,FACTUAL_PUBLIC_PRIVATE,7e5c042a6c2641d49b6acfb017ddbfa16c3dcfbe567a6dd7386fd1dc0fa3a8a4,79,79,1,public language contains a checkable economic/state cue,False
1540bb2a4de126aebce960e7797dc41c01dbf9a3f08961ef3ba32ea5670c9584,FACTUAL_PUBLIC_PRIVATE,7e5c042a6c2641d49b6acfb017ddbfa16c3dcfbe567a6dd7386fd1dc0fa3a8a4,79,79,1,public language contains a checkable economic/state cue,False
99337056371bb9d9382fd20c38803ea9142eb0845a4b0580d54a483b251c0a4a,FACTUAL_PUBLIC_PRIVATE,7e5c042a6c2641d49b6acfb017ddbfa16c3dcfbe567a6dd7386fd1dc0fa3a8a4,79,79,1,public language contains a checkable economic/state cue,False
613155648e29c8734a06e061bc10771b12c590635503da70459bebd8613b122b,FACTUAL_PUBLIC_PRIVATE,7e5c042a6c2641d49b6acfb017ddbfa16c3dcfbe567a6dd7386fd1dc0fa3a8a4,79,79,1,public language contains a checkable economic/state cue,False
8bec57fce6136dc6c42c4adea7512382eaee32ea2ee04816f58a65d3a145e5dd,FACTUAL_PUBLIC_PRIVATE,7e5c042a6c2641d49b6acfb017ddbfa16c3dcfbe567a6dd7386fd1dc0fa3a8a4,79,79,1,public language contains a checkable economic/state cue,False
775fdec84b22b494cb33e6b3f2b16932f4feab7e7f1808073e7584340b62360d,FACTUAL_PUBLIC_PRIVATE,7e5c042a6c2641d49b6acfb017ddbfa16c3dcfbe567a6dd7386fd1dc0fa3a8a4,79,79,1,public language contains a checkable economic/state cue,False
4f46b33c1e863a4be3238a5b49a93b840dee65e6ca7c63d3fd93ccf4fb1405ca,FACTUAL_PUBLIC_PRIVATE,7e5c042a6c2641d49b6acfb017ddbfa16c3dcfbe567a6dd7386fd1dc0fa3a8a4,79,79,1,public language contains a checkable economic/state cue,False
3e3afd922756752574c0b316c1d3d7d0bb8009e40e59285b99ed36a11a4e588c,FACTUAL_PUBLIC_PRIVATE,7e5c042a6c2641d49b6acfb017ddbfa16c3dcfbe567a6dd7386fd1dc0fa3a8a4,79,79,1,public language contains a checkable economic/state cue,False
cf9dc4544995e1b44c27aa1eba9c228ae7a28d01dff8edb83b1b3ffb112c6e10,FACTUAL_PUBLIC_PRIVATE,7e5c042a6c2641d49b6acfb017ddbfa16c3dcfbe567a6dd7386fd1dc0fa3a8a4,79,79,1,public language contains a checkable economic/state cue,False
99d8f4f28b21cad129d02005859eec176f409c2030489f802622b48dc17c1a6e,FACTUAL_PUBLIC_PRIVATE,7e5c042a6c2641d49b6acfb017ddbfa16c3dcfbe567a6dd7386fd1dc0fa3a8a4,79,79,1,public language contains a checkable economic/state cue,False
7c7ffa24b3a10573fe81366bce24ad9db9657ef6030a244a2ebbdeb68fe06424,FACTUAL_PUBLIC_PRIVATE,7e5c042a6c2641d49b6acfb017ddbfa16c3dcfbe567a6dd7386fd1dc0fa3a8a4,79,79,1,public language contains a checkable economic/state cue,False
8ab46c0d51db638efb03c9e58aca771e5ef4d36359e7329a3d1fde38e4c1cbb9,FACTUAL_PUBLIC_PRIVATE,7e5c042a6c2641d49b6acfb017ddbfa16c3dcfbe567a6dd7386fd1dc0fa3a8a4,79,79,1,public language contains a checkable economic/state cue,False
60fda8b90d0375f61f8d98101fbd5b67cc32bc621c15b6a1680a426d054ab48d,FACTUAL_PUBLIC_PRIVATE,7e5c042a6c2641d49b6acfb017ddbfa16c3dcfbe567a6dd7386fd1dc0fa3a8a4,79,79,1,public language contains a checkable economic/state cue,False
354b585d390a972b0604d9f18870060c2100f820047c71daaafad1c6199ae570,FACTUAL_PUBLIC_PRIVATE,7e5c042a6c2641d49b6acfb017ddbfa16c3dcfbe567a6dd7386fd1dc0fa3a8a4,79,79,1,public language contains a checkable economic/state cue,False
98ccb3e60ac7012286a7b5b9d30a0b980434c0fdc85e6757ca182a50b16d40f7,FACTUAL_PUBLIC_PRIVATE,7e5c042a6c2641d49b6acfb017ddbfa16c3dcfbe567a6dd7386fd1dc0fa3a8a4,79,79,1,public language contains a checkable economic/state cue,False
44d9f6a006a57b7cfccdc6facc6a63ed08d06499e471122c3431b061c0678e64,FACTUAL_PUBLIC_PRIVATE,7e5c042a6c2641d49b6acfb017ddbfa16c3dcfbe567a6dd7386fd1dc0fa3a8a4,79,79,1,public language contains a checkable economic/state cue,False
edbe465c53dd5c2968cde45d2bf71caa1f7026e733e97844edc3ae52b6b77426,FACTUAL_PUBLIC_PRIVATE,7e5c042a6c2641d49b6acfb017ddbfa16c3dcfbe567a6dd7386fd1dc0fa3a8a4,79,79,1,public language contains a checkable economic/state cue,False
7bfe1bf53f0467f044d00611f3da906ed288b2b4e0764e2e90f28518d731390d,FACTUAL_PUBLIC_PRIVATE,7e5c042a6c2641d49b6acfb017ddbfa16c3dcfbe567a6dd7386fd1dc0fa3a8a4,79,79,1,public language contains a checkable economic/state cue,False
1a5b91e30753d2a00d7d7820dfecd8e2674f8035c3341819814f117a5ad221a3,FACTUAL_PUBLIC_PRIVATE,7e5c042a6c2641d49b6acfb017ddbfa16c3dcfbe567a6dd7386fd1dc0fa3a8a4,79,79,1,public language contains a checkable economic/state cue,False
2930fd5133ac8d7c1f7696182c1facca98c8f38c621b1f7215f3803b9a3c7bd9,FACTUAL_PUBLIC_PRIVATE,7e5c042a6c2641d49b6acfb017ddbfa16c3dcfbe567a6dd7386fd1dc0fa3a8a4,79,79,1,public language contains a checkable economic/state cue,False
279dcae298dafc764891f27dc5e4364085ede0c4c74104f10a6bd1c80dac4e84,FACTUAL_PUBLIC_PRIVATE,7e5c042a6c2641d49b6acfb017ddbfa16c3dcfbe567a6dd7386fd1dc0fa3a8a4,79,79,1,public language contains a checkable economic/state cue,False
0355b88bad0752a09008f5a58be7e4f9989097ae3166dbec633769044938399e,FACTUAL_PUBLIC_PRIVATE,7e5c042a6c2641d49b6acfb017ddbfa16c3dcfbe567a6dd7386fd1dc0fa3a8a4,79,79,1,public language contains a checkable economic/state cue,False
7cc599b630c01181f280e3812cfa253759b7148635f872628debd3b658521d3a,FACTUAL_PUBLIC_PRIVATE,7e5c042a6c2641d49b6acfb017ddbfa16c3dcfbe567a6dd7386fd1dc0fa3a8a4,79,79,1,public language contains a checkable economic/state cue,False
2bb063058d29c234f2140a71f45ef849a8240395045b9fdb85a9d6f2cfe4972d,FACTUAL_PUBLIC_PRIVATE,7e5c042a6c2641d49b6acfb017ddbfa16c3dcfbe567a6dd7386fd1dc0fa3a8a4,79,79,1,public language contains a checkable economic/state cue,False
f8f2ef8e090333bdf306eb2c338596aff6267620f9fe2e83f14ccc6663330390,FACTUAL_PUBLIC_PRIVATE,7e5c042a6c2641d49b6acfb017ddbfa16c3dcfbe567a6dd7386fd1dc0fa3a8a4,79,79,1,public language contains a checkable economic/state cue,False
eebe3bee217fc4f420d0b846f10553b83c2cd7cfcddb63aa2b347043281e4931,FACTUAL_PUBLIC_PRIVATE,7e5c042a6c2641d49b6acfb017ddbfa16c3dcfbe567a6dd7386fd1dc0fa3a8a4,79,79,1,public language contains a checkable economic/state cue,False
3c246c1953c7f8493f3fc1697dbbe1614c64d37015568eeb54040c7b24712152,FACTUAL_PUBLIC_PRIVATE,7e5c042a6c2641d49b6acfb017ddbfa16c3dcfbe567a6dd7386fd1dc0fa3a8a4,79,79,1,public language contains a checkable economic/state cue,False
c20c05129acc8db4b16bb94bae956b075d454c53a42c665227523f1be02fed14,FACTUAL_PUBLIC_PRIVATE,7e5c042a6c2641d49b6acfb017ddbfa16c3dcfbe567a6dd7386fd1dc0fa3a8a4,79,79,1,public language contains a checkable economic/state cue,False
0ffc0dfe2f65ca20e2b22221e47d941c64cf53c3b7a0cbf00bd1e0faf6f66f0c,FACTUAL_PUBLIC_PRIVATE,7e5c042a6c2641d49b6acfb017ddbfa16c3dcfbe567a6dd7386fd1dc0fa3a8a4,79,79,1,public language contains a checkable economic/state cue,False
21a44ae84a63852c7786ca56dcd63c8cc71050ddf8568927eaf18986d33e17c0,FACTUAL_PUBLIC_PRIVATE,7e5c042a6c2641d49b6acfb017ddbfa16c3dcfbe567a6dd7386fd1dc0fa3a8a4,79,79,1,public language contains a checkable economic/state cue,False
bdc00fa05adec605eaecdaf3e8227c4b37b45cdb9b2aa2056c3d7f573e44f0d3,FACTUAL_PUBLIC_PRIVATE,7e5c042a6c2641d49b6acfb017ddbfa16c3dcfbe567a6dd7386fd1dc0fa3a8a4,79,79,1,public language contains a checkable economic/state cue,False
943f9bbabd765af940b99439ce4481abaac53391ade77fae461d08159e887820,FACTUAL_PUBLIC_PRIVATE,7e5c042a6c2641d49b6acfb017ddbfa16c3dcfbe567a6dd7386fd1dc0fa3a8a4,79,79,1,public language contains a checkable economic/state cue,False
1e6db8a0d0e66aba717b2ec3518a7ed0e050b740f9a1ee831c12ee20a3abb942,FACTUAL_PUBLIC_PRIVATE,7e5c042a6c2641d49b6acfb017ddbfa16c3dcfbe567a6dd7386fd1dc0fa3a8a4,79,79,1,public language contains a checkable economic/state cue,False
13114641d59f2db79399ff20905c60ebe36539f4ec1940eb5d7aceed4a67c768,FACTUAL_PUBLIC_PRIVATE,7e5c042a6c2641d49b6acfb017ddbfa16c3dcfbe567a6dd7386fd1dc0fa3a8a4,79,79,1,public language contains a checkable economic/state cue,False
fd646e8977a1efabcbc88465f70ed9cc50f03f0facbab61323ee0271c27b92db,FACTUAL_PUBLIC_PRIVATE,7e5c042a6c2641d49b6acfb017ddbfa16c3dcfbe567a6dd7386fd1dc0fa3a8a4,79,79,1,public language contains a checkable economic/state cue,False
3f6d11d6f96f0ececade5b4728f54dbeba57f5b3d67110559182b21da6144213,FACTUAL_PUBLIC_PRIVATE,7e5c042a6c2641d49b6acfb017ddbfa16c3dcfbe567a6dd7386fd1dc0fa3a8a4,79,79,1,public language contains a checkable economic/state cue,False
0d21871d8e742edfd19d4ee48b74a6c69c550f1576c278c28aec8eb555bec509,FACTUAL_PUBLIC_PRIVATE,7e5c042a6c2641d49b6acfb017ddbfa16c3dcfbe567a6dd7386fd1dc0fa3a8a4,81,81,1,public language contains a checkable economic/state cue,False
ad1b3a2111ba5264b993beee64582a9c34df32a0837c0d77132ccead12ea98f0,FACTUAL_PUBLIC_PRIVATE,7e5c042a6c2641d49b6acfb017ddbfa16c3dcfbe567a6dd7386fd1dc0fa3a8a4,81,81,1,public language contains a checkable economic/state cue,False
decd5047252745b2b5ddde60c776fffe62c79aaaf5ea1258c0d3ef1ba1a5c708,FACTUAL_PUBLIC_PRIVATE,7e5c042a6c2641d49b6acfb017ddbfa16c3dcfbe567a6dd7386fd1dc0fa3a8a4,84,84,1,public language contains a checkable economic/state cue,False
091792c76758c0b04d0c6b143b1f04a732202807da9f78af8b8a91bb12958002,FACTUAL_PUBLIC_PRIVATE,7e5c042a6c2641d49b6acfb017ddbfa16c3dcfbe567a6dd7386fd1dc0fa3a8a4,84,84,1,public language contains a checkable economic/state cue,False
00b561a83b2e9ea8d451e363229fc266378a524d49df64f1ad1499ca8ed77fc0,FACTUAL_PUBLIC_PRIVATE,7e5c042a6c2641d49b6acfb017ddbfa16c3dcfbe567a6dd7386fd1dc0fa3a8a4,85,85,1,public language contains a checkable economic/state cue,False
e6d27d2de668af9f078747434bf0e93115485a80716df8ad48ed0e120c95362c,FACTUAL_PUBLIC_PRIVATE,7e5c042a6c2641d49b6acfb017ddbfa16c3dcfbe567a6dd7386fd1dc0fa3a8a4,86,86,1,public language contains a checkable economic/state cue,False
0a05a9ca238fde21084df968b0bf93e0ef270bc443bc1aa773e5444c930a8d63,FACTUAL_PUBLIC_PRIVATE,7e5c042a6c2641d49b6acfb017ddbfa16c3dcfbe567a6dd7386fd1dc0fa3a8a4,88,88,1,public language contains a checkable economic/state cue,False
4a13702053a67a47c677a3fde678075edbcfb9174a7841ebc2cada2212979fa8,FACTUAL_PUBLIC_PRIVATE,7e5c042a6c2641d49b6acfb017ddbfa16c3dcfbe567a6dd7386fd1dc0fa3a8a4,88,88,1,public language contains a checkable economic/state cue,False
892af7f26478985cb7ffeedeeadbdc652f0ecff35a6753a1b0616212577a9662,FACTUAL_PUBLIC_PRIVATE,7e5c042a6c2641d49b6acfb017ddbfa16c3dcfbe567a6dd7386fd1dc0fa3a8a4,88,88,1,public language contains a checkable economic/state cue,False
b694b110ca4f1a1a107e5c745ee313588f8c2d8ae542f8fe886dbdd1f4ffad7e,FACTUAL_PUBLIC_PRIVATE,7e5c042a6c2641d49b6acfb017ddbfa16c3dcfbe567a6dd7386fd1dc0fa3a8a4,88,88,1,public language contains a checkable economic/state cue,False
f1b0bcddc47b7ed24b52473728aac2e75cc8651489a9e822bb6f96659fc6d433,FACTUAL_PUBLIC_PRIVATE,7e5c042a6c2641d49b6acfb017ddbfa16c3dcfbe567a6dd7386fd1dc0fa3a8a4,88,88,1,public language contains a checkable economic/state cue,False
49b271a76d52f9616f15eb5b80bdd340c160b9672c594d8b2c33d26bc142033b,FACTUAL_PUBLIC_PRIVATE,7e5c042a6c2641d49b6acfb017ddbfa16c3dcfbe567a6dd7386fd1dc0fa3a8a4,88,88,1,public language contains a checkable economic/state cue,False
e1ba78e4f1f9e23054f69ba6b55b89f207dcc3ddc426309721b23e212cf554ba,FACTUAL_PUBLIC_PRIVATE,7e5c042a6c2641d49b6acfb017ddbfa16c3dcfbe567a6dd7386fd1dc0fa3a8a4,88,88,1,public language contains a checkable economic/state cue,False
21ba671c1af2ee47ba88678380a2c9e1045e595476043879ba2a305ea75bffa4,FACTUAL_PUBLIC_PRIVATE,7e5c042a6c2641d49b6acfb017ddbfa16c3dcfbe567a6dd7386fd1dc0fa3a8a4,88,88,1,public language contains a checkable economic/state cue,False
3f9b02df8251f3e01574be251a763138b3ea3af338123ee0640b5189b393e592,FACTUAL_PUBLIC_PRIVATE,7e5c042a6c2641d49b6acfb017ddbfa16c3dcfbe567a6dd7386fd1dc0fa3a8a4,88,88,1,public language contains a checkable economic/state cue,False
1244c3158daf032a0a505b0467c4450d4d1d2642beef8c2ce46bb12c28831e40,FACTUAL_PUBLIC_PRIVATE,7e5c042a6c2641d49b6acfb017ddbfa16c3dcfbe567a6dd7386fd1dc0fa3a8a4,88,88,1,public language contains a checkable economic/state cue,False
67e14b09f26adc5d8456d0f0a38d42d91dde13d88e8940b2b3181676142af242,FACTUAL_PUBLIC_PRIVATE,7e5c042a6c2641d49b6acfb017ddbfa16c3dcfbe567a6dd7386fd1dc0fa3a8a4,88,88,1,public language contains a checkable economic/state cue,False
b5f67ec145e298e3cda95d11e332307f240bce390710cf7bb850bd74cb2f6ad9,FACTUAL_PUBLIC_PRIVATE,7e5c042a6c2641d49b6acfb017ddbfa16c3dcfbe567a6dd7386fd1dc0fa3a8a4,88,88,1,public language contains a checkable economic/state cue,False
af678487100131e6f4914c398877cc2e787e3bd94be43dda903c12aa2731490d,FACTUAL_PUBLIC_PRIVATE,7e5c042a6c2641d49b6acfb017ddbfa16c3dcfbe567a6dd7386fd1dc0fa3a8a4,88,88,1,public language contains a checkable economic/state cue,False
30087233198ec8c214c90dbd05282d3956da263487d65477bdccdbcbcaa834ad,FACTUAL_PUBLIC_PRIVATE,7e5c042a6c2641d49b6acfb017ddbfa16c3dcfbe567a6dd7386fd1dc0fa3a8a4,88,88,1,public language contains a checkable economic/state cue,False
c6b8b4a2b2ad96399a8f4fa6fc1575c5751cb6151bc51b7f2595c015ceb7088d,FACTUAL_PUBLIC_PRIVATE,7e5c042a6c2641d49b6acfb017ddbfa16c3dcfbe567a6dd7386fd1dc0fa3a8a4,88,88,1,public language contains a checkable economic/state cue,False
67127431c0fb96dcd670041f00a0f6291830a4346e145afcb80131817be59303,FACTUAL_PUBLIC_PRIVATE,7e5c042a6c2641d49b6acfb017ddbfa16c3dcfbe567a6dd7386fd1dc0fa3a8a4,89,89,1,public language contains a checkable economic/state cue,False
6548b1640bcd51d9fc306c6ab3987b1042e7e075ed86ba505636d1040fc29009,FACTUAL_PUBLIC_PRIVATE,7e5c042a6c2641d49b6acfb017ddbfa16c3dcfbe567a6dd7386fd1dc0fa3a8a4,89,89,1,public language contains a checkable economic/state cue,False
0e0fa816c6c399c79ee99b78c4e4c55a5765e379a5b90f12127255973cb1b0c1,FACTUAL_PUBLIC_PRIVATE,7e5c042a6c2641d49b6acfb017ddbfa16c3dcfbe567a6dd7386fd1dc0fa3a8a4,91,91,1,public language contains a checkable economic/state cue,False
1c117c4170d447ea4120a1485873bdb538c8b8bfb6374aa365bca489bc1061fe,FACTUAL_PUBLIC_PRIVATE,7e5c042a6c2641d49b6acfb017ddbfa16c3dcfbe567a6dd7386fd1dc0fa3a8a4,91,91,1,public language contains a checkable economic/state cue,False
0490c93b81e9c82bd305d54ced95c35631df854be73bfcc6d9dbe2293c76bcd6,FACTUAL_PUBLIC_PRIVATE,7e5c042a6c2641d49b6acfb017ddbfa16c3dcfbe567a6dd7386fd1dc0fa3a8a4,96,96,1,public language contains a checkable economic/state cue,False
0f2d2738ef433ec02bea7bb97c2f9faf51815b8e022a38687dd0b896d68c31ae,FACTUAL_PUBLIC_PRIVATE,7e5c042a6c2641d49b6acfb017ddbfa16c3dcfbe567a6dd7386fd1dc0fa3a8a4,98,98,1,public language contains a checkable economic/state cue,False
be1b43c8d10aa5db6f05142c0e76dd6d4bef054dd8d142944fb885dd958ed354,FACTUAL_PUBLIC_PRIVATE,7e5c042a6c2641d49b6acfb017ddbfa16c3dcfbe567a6dd7386fd1dc0fa3a8a4,98,98,1,public language contains a checkable economic/state cue,False
bbf76b41abb213fb6d25931b9e7044ecaa139cddf4fbf7aca10fb58eb459aea0,FACTUAL_PUBLIC_PRIVATE,7e5c042a6c2641d49b6acfb017ddbfa16c3dcfbe567a6dd7386fd1dc0fa3a8a4,99,99,1,public language contains a checkable economic/state cue,False
558ce30ee3e9d8cb43bc0a55019ad565a4bbedb50ed54ffc4b5c7094b1429727,FACTUAL_PUBLIC_PRIVATE,7e5c042a6c2641d49b6acfb017ddbfa16c3dcfbe567a6dd7386fd1dc0fa3a8a4,99,99,1,public language contains a checkable economic/state cue,False
928c0286756cfc0ff8ec7a031f17f1dfb409b4d308e5afa7382e66e33644b8ba,FACTUAL_PUBLIC_PRIVATE,7e5c042a6c2641d49b6acfb017ddbfa16c3dcfbe567a6dd7386fd1dc0fa3a8a4,99,99,1,public language contains a checkable economic/state cue,False
c597f158bc77d4b828a8e44a5f823c2e0df5a229cf23b365297390b170333993,FACTUAL_PUBLIC_PRIVATE,7e5c042a6c2641d49b6acfb017ddbfa16c3dcfbe567a6dd7386fd1dc0fa3a8a4,99,99,1,public language contains a checkable economic/state cue,False
be03ad31d6ebdddfadf536fa83db503184ce4e242ab9745fc14e24d4e4bcfa09,FACTUAL_PUBLIC_PRIVATE,7e5c042a6c2641d49b6acfb017ddbfa16c3dcfbe567a6dd7386fd1dc0fa3a8a4,99,99,1,public language contains a checkable economic/state cue,False
6c3184deed356456d02a4821d801edb031aa98f1704da36cfc42df335dd5b780,FACTUAL_PUBLIC_PRIVATE,7e5c042a6c2641d49b6acfb017ddbfa16c3dcfbe567a6dd7386fd1dc0fa3a8a4,99,99,1,public language contains a checkable economic/state cue,False
fabdcbbd860ba9a417d3fa96dce71fe62dac9143bab0f83af6b67996b6b6ae56,FACTUAL_PUBLIC_PRIVATE,7e5c042a6c2641d49b6acfb017ddbfa16c3dcfbe567a6dd7386fd1dc0fa3a8a4,103,103,1,public language contains a checkable economic/state cue,False
19e6762dada5046de53e43710812d12ec11c2261f04f5902c9f7ca795b23fe3a,FACTUAL_PUBLIC_PRIVATE,7e5c042a6c2641d49b6acfb017ddbfa16c3dcfbe567a6dd7386fd1dc0fa3a8a4,103,103,1,public language contains a checkable economic/state cue,False
edef9403fd7d154b9794f25ba9ea6e751789d4a0e6423a72414ed0fab0ad8522,FACTUAL_PUBLIC_PRIVATE,7e5c042a6c2641d49b6acfb017ddbfa16c3dcfbe567a6dd7386fd1dc0fa3a8a4,103,103,1,public language contains a checkable economic/state cue,False
61a482e29af76387ada3c5c4419bcde01ab787269b3ff014e9ada21f95c5bfaf,FACTUAL_PUBLIC_PRIVATE,7e5c042a6c2641d49b6acfb017ddbfa16c3dcfbe567a6dd7386fd1dc0fa3a8a4,103,103,1,public language contains a checkable economic/state cue,False
478499d85c151f5cd2cbea1887ed15f93bb87e5152d98d0a5be4686c7ff05670,FACTUAL_PUBLIC_PRIVATE,7e5c042a6c2641d49b6acfb017ddbfa16c3dcfbe567a6dd7386fd1dc0fa3a8a4,103,103,1,public language contains a checkable economic/state cue,False
219ec21d23818cdab8e98022cefa05d8803aacfd37c807a59ad607b273b8be70,FACTUAL_PUBLIC_PRIVATE,7e5c042a6c2641d49b6acfb017ddbfa16c3dcfbe567a6dd7386fd1dc0fa3a8a4,105,105,1,public language contains a checkable economic/state cue,False
94e5eada01f03297e02a00f11afc60fb9d463e42a3816a522038e2c1b6304c91,FACTUAL_PUBLIC_PRIVATE,7e5c042a6c2641d49b6acfb017ddbfa16c3dcfbe567a6dd7386fd1dc0fa3a8a4,105,105,1,public language contains a checkable economic/state cue,False
67d717313b7aefd7bb4e416828e1bdedd9fa695b36bbace4eacd3d43d09165a4,FACTUAL_PUBLIC_PRIVATE,7e5c042a6c2641d49b6acfb017ddbfa16c3dcfbe567a6dd7386fd1dc0fa3a8a4,105,105,1,public language contains a checkable economic/state cue,False
181e5ce015bfef5876aea20ca855dd610b3eb612251ca7aaf39b305b748264e4,FACTUAL_PUBLIC_PRIVATE,7e5c042a6c2641d49b6acfb017ddbfa16c3dcfbe567a6dd7386fd1dc0fa3a8a4,105,105,1,public language contains a checkable economic/state cue,False
f77de503098a68ea4abaa39ed6805488f99beba27cc9fd4e27bdc17b970cf102,FACTUAL_PUBLIC_PRIVATE,7e5c042a6c2641d49b6acfb017ddbfa16c3dcfbe567a6dd7386fd1dc0fa3a8a4,105,105,1,public language contains a checkable economic/state cue,False
3c425349e3329fa377ce381f221fe4efe456ba6f0fe91cdad5e828a2fa1af542,FACTUAL_PUBLIC_PRIVATE,7e5c042a6c2641d49b6acfb017ddbfa16c3dcfbe567a6dd7386fd1dc0fa3a8a4,105,105,1,public language contains a checkable economic/state cue,False
9c65979c39fd07ae3ab8ecd83b5b425a39a67ab032de002d7971b96a203873c2,FACTUAL_PUBLIC_PRIVATE,7e5c042a6c2641d49b6acfb017ddbfa16c3dcfbe567a6dd7386fd1dc0fa3a8a4,105,105,1,public language contains a checkable economic/state cue,False
e88dcf020b7137fe00839764f82f769ebb98daeaff958dce55de0fd84490eb2c,FACTUAL_PUBLIC_PRIVATE,7e5c042a6c2641d49b6acfb017ddbfa16c3dcfbe567a6dd7386fd1dc0fa3a8a4,105,105,1,public language contains a checkable economic/state cue,False
41dc903bfcdc62aa69978fc06ffb62530fcf311fd619ff817aa5a84bf4706b8c,FACTUAL_PUBLIC_PRIVATE,7e5c042a6c2641d49b6acfb017ddbfa16c3dcfbe567a6dd7386fd1dc0fa3a8a4,105,105,1,public language contains a checkable economic/state cue,False
c4ca54b15e5cee2d77aeb765f0b61824cfefbe31d8c85144339d723df84ee7c7,FACTUAL_PUBLIC_PRIVATE,7e5c042a6c2641d49b6acfb017ddbfa16c3dcfbe567a6dd7386fd1dc0fa3a8a4,105,105,1,public language contains a checkable economic/state cue,False
7e9a54aef33f13ab2049186e299a87eb92bdc640eb172c0bef043b0ceae75427,FACTUAL_PUBLIC_PRIVATE,7e5c042a6c2641d49b6acfb017ddbfa16c3dcfbe567a6dd7386fd1dc0fa3a8a4,106,106,1,public language contains a checkable economic/state cue,False
a3608b7e96dc43bdb07ca6fb38fac3c43ca469716499e3573048c196320dabd7,FACTUAL_PUBLIC_PRIVATE,7e5c042a6c2641d49b6acfb017ddbfa16c3dcfbe567a6dd7386fd1dc0fa3a8a4,106,106,1,public language contains a checkable economic/state cue,False
091115b07cc51892d523def81327325702e4b4a97614f6a080d05e5d00dc1ef0,FACTUAL_PUBLIC_PRIVATE,7e5c042a6c2641d49b6acfb017ddbfa16c3dcfbe567a6dd7386fd1dc0fa3a8a4,108,108,1,public language contains a checkable economic/state cue,False
3c6aede9f19fcdd4841fedd9c44876a405a21f9dfb248cba2e7f5ab9d277aa65,FACTUAL_PUBLIC_PRIVATE,7e5c042a6c2641d49b6acfb017ddbfa16c3dcfbe567a6dd7386fd1dc0fa3a8a4,108,108,1,public language contains a checkable economic/state cue,False
5c1d00ead55c54f13451a628e7e0eecec1a6a2caaca446ce60a786176e161e55,FACTUAL_PUBLIC_PRIVATE,7e5c042a6c2641d49b6acfb017ddbfa16c3dcfbe567a6dd7386fd1dc0fa3a8a4,113,113,1,public language contains a checkable economic/state cue,False
ce32856451cde5e0d3ba30a8e28ba93eb04c285fe516d6aa202cd04675572101,FACTUAL_PUBLIC_PRIVATE,7e5c042a6c2641d49b6acfb017ddbfa16c3dcfbe567a6dd7386fd1dc0fa3a8a4,113,113,1,public language contains a checkable economic/state cue,False
c9f554cfeb1c61cadad1f52f2eadf303871ddba6b4f8b05ea95b6fa8acb9d8e4,FACTUAL_PUBLIC_PRIVATE,7e5c042a6c2641d49b6acfb017ddbfa16c3dcfbe567a6dd7386fd1dc0fa3a8a4,114,114,1,public language contains a checkable economic/state cue,False
a94f233b3ed85267671b55694d0c594ac7a7ea0f6c8281c3919bf554fcec0705,FACTUAL_PUBLIC_PRIVATE,7e5c042a6c2641d49b6acfb017ddbfa16c3dcfbe567a6dd7386fd1dc0fa3a8a4,114,114,1,public language contains a checkable economic/state cue,False
3dae17bb4a254500ab93564a63b3d1b0a6e83771d7715b36b22d479f159fdc7a,FACTUAL_PUBLIC_PRIVATE,7e5c042a6c2641d49b6acfb017ddbfa16c3dcfbe567a6dd7386fd1dc0fa3a8a4,116,116,1,public language contains a checkable economic/state cue,False
a0bb94c4a38db93c7d2db6339de546828c055613fc7104ce7e6f353dd3864ce2,FACTUAL_PUBLIC_PRIVATE,7e5c042a6c2641d49b6acfb017ddbfa16c3dcfbe567a6dd7386fd1dc0fa3a8a4,116,116,1,public language contains a checkable economic/state cue,False
60f30ebd55567d0d85410f82badc9ad47eca0f0ea156b114d26f2e0ee39c0522,FACTUAL_PUBLIC_PRIVATE,7e5c042a6c2641d49b6acfb017ddbfa16c3dcfbe567a6dd7386fd1dc0fa3a8a4,116,116,1,public language contains a checkable economic/state cue,False
1a64b5192c49bc361ee0dbae80b642ea76b63149fc0b3265e2e0b740479110a1,FACTUAL_PUBLIC_PRIVATE,7e5c042a6c2641d49b6acfb017ddbfa16c3dcfbe567a6dd7386fd1dc0fa3a8a4,116,116,1,public language contains a checkable economic/state cue,False
dfa6a4bb9fd4e09f42f6646f11803f972c39bd241ab80cb7c317b02d36ac5b7f,FACTUAL_PUBLIC_PRIVATE,7e5c042a6c2641d49b6acfb017ddbfa16c3dcfbe567a6dd7386fd1dc0fa3a8a4,116,116,1,public language contains a checkable economic/state cue,False
8a62605d24cbaa5e6d3a7982cb549db2b4c8cb5d843fb721ba97632927a670b3,FACTUAL_PUBLIC_PRIVATE,7e5c042a6c2641d49b6acfb017ddbfa16c3dcfbe567a6dd7386fd1dc0fa3a8a4,116,116,1,public language contains a checkable economic/state cue,False
02e158b00556d0743d5842f233dec957b76cad216b0409336106b0ef9a69a3bc,FACTUAL_PUBLIC_PRIVATE,7e5c042a6c2641d49b6acfb017ddbfa16c3dcfbe567a6dd7386fd1dc0fa3a8a4,119,119,1,public language contains a checkable economic/state cue,False
93d1a0b7dff5cd391010ff2f15aee2b3e5bcd23d98b821e4203f7856f6bb87a2,FACTUAL_PUBLIC_PRIVATE,7e5c042a6c2641d49b6acfb017ddbfa16c3dcfbe567a6dd7386fd1dc0fa3a8a4,119,119,1,public language contains a checkable economic/state cue,False
480af63617cebb7aaaebf2f265b8cbac9ad5b7904a8be8a5379d71efeb767cfe,FACTUAL_PUBLIC_PRIVATE,7e5c042a6c2641d49b6acfb017ddbfa16c3dcfbe567a6dd7386fd1dc0fa3a8a4,119,119,1,public language contains a checkable economic/state cue,False
a6d30bfb8afbac70625c0dbe18cfa3b23446a0b4b087e9e6d91415e5b9c07df9,FACTUAL_PUBLIC_PRIVATE,7e5c042a6c2641d49b6acfb017ddbfa16c3dcfbe567a6dd7386fd1dc0fa3a8a4,119,119,1,public language contains a checkable economic/state cue,False
ab7ff7064830dc2a017f4cd0d0a8b8114191989d9468bca206c6ddcaef61c582,FACTUAL_PUBLIC_PRIVATE,7e5c042a6c2641d49b6acfb017ddbfa16c3dcfbe567a6dd7386fd1dc0fa3a8a4,119,119,1,public language contains a checkable economic/state cue,False
34437fd1b0335278b8ef6c0cbb692056d2fbd2c7ee6db71f1fa451ec56630ffc,FACTUAL_PUBLIC_PRIVATE,7e5c042a6c2641d49b6acfb017ddbfa16c3dcfbe567a6dd7386fd1dc0fa3a8a4,119,119,1,public language contains a checkable economic/state cue,False
05f316a0e3906dde6fa77c7839cae886bc90ea8d6b87d224be4515b8879e8d2e,FACTUAL_PUBLIC_PRIVATE,7e5c042a6c2641d49b6acfb017ddbfa16c3dcfbe567a6dd7386fd1dc0fa3a8a4,119,119,1,public language contains a checkable economic/state cue,False
dd666b5b98c9d5b96b166d69788f080ab41dc34f8bf76ce60b0afb43fcabfd06,FACTUAL_PUBLIC_PRIVATE,7e5c042a6c2641d49b6acfb017ddbfa16c3dcfbe567a6dd7386fd1dc0fa3a8a4,122,122,1,public language contains a checkable economic/state cue,False
e6eaba823178602bd92f5f640b012b718d4fbb37a08a1cd8af1733866ef71740,FACTUAL_PUBLIC_PRIVATE,7e5c042a6c2641d49b6acfb017ddbfa16c3dcfbe567a6dd7386fd1dc0fa3a8a4,122,122,1,public language contains a checkable economic/state cue,False
b6902c68ce93669ed915f5693d914921fe654087664ccf186bd517e628be2058,FACTUAL_PUBLIC_PRIVATE,7e5c042a6c2641d49b6acfb017ddbfa16c3dcfbe567a6dd7386fd1dc0fa3a8a4,123,123,1,public language contains a checkable economic/state cue,False
b236dd83afa915c4145a835a37e1c488cfd17da92627b5415e0b805dec4b9959,FACTUAL_PUBLIC_PRIVATE,7e5c042a6c2641d49b6acfb017ddbfa16c3dcfbe567a6dd7386fd1dc0fa3a8a4,123,123,1,public language contains a checkable economic/state cue,False
adae8516312678108f51e86433ddf934f446f609f23a181dac589b70bbff9f81,FACTUAL_PUBLIC_PRIVATE,7e5c042a6c2641d49b6acfb017ddbfa16c3dcfbe567a6dd7386fd1dc0fa3a8a4,123,123,1,public language contains a checkable economic/state cue,False
d5b7661bdd5907a6c21c99435d6737051ef352a350a881a5c92046e972519a4a,FACTUAL_PUBLIC_PRIVATE,7e5c042a6c2641d49b6acfb017ddbfa16c3dcfbe567a6dd7386fd1dc0fa3a8a4,123,123,1,public language contains a checkable economic/state cue,False
a2be5fa2f5723c8c023151fa01bb0ca4ceb17a81a60fe30290912f7a23dfd893,FACTUAL_PUBLIC_PRIVATE,7e5c042a6c2641d49b6acfb017ddbfa16c3dcfbe567a6dd7386fd1dc0fa3a8a4,123,123,1,public language contains a checkable economic/state cue,False
ad49755b6d860cbcf1fdff25373be3c244039a6d89b50486055a6cbed8d5c46b,FACTUAL_PUBLIC_PRIVATE,7e5c042a6c2641d49b6acfb017ddbfa16c3dcfbe567a6dd7386fd1dc0fa3a8a4,123,123,1,public language contains a checkable economic/state cue,False
3ca8fdbc06dbce0aba4be39037ba015b2dd840f5ca745437ddb2d8d1c761da56,FACTUAL_PUBLIC_PRIVATE,7e5c042a6c2641d49b6acfb017ddbfa16c3dcfbe567a6dd7386fd1dc0fa3a8a4,124,124,1,public language contains a checkable economic/state cue,False
a8c541d02ad47c3ab381a782008c8cee99b57878f7b032d19178d662cc03b11c,FACTUAL_PUBLIC_PRIVATE,7e5c042a6c2641d49b6acfb017ddbfa16c3dcfbe567a6dd7386fd1dc0fa3a8a4,124,124,1,public language contains a checkable economic/state cue,False
127d1e6974b149003dadc83949d01663ee787c7551b3b12e1493096de56c9a51,FACTUAL_PUBLIC_PRIVATE,7e5c042a6c2641d49b6acfb017ddbfa16c3dcfbe567a6dd7386fd1dc0fa3a8a4,124,124,1,public language contains a checkable economic/state cue,False
95b4588bffb3f6a5898295bb8909d17eee43b3413432989c86c6de3b45db7e52,FACTUAL_PUBLIC_PRIVATE,7e5c042a6c2641d49b6acfb017ddbfa16c3dcfbe567a6dd7386fd1dc0fa3a8a4,124,124,1,public language contains a checkable economic/state cue,False
d1c423bb219a943e21a7fe164b1aeb69a1b65364ac4fcf17e89732d381455768,FACTUAL_PUBLIC_PRIVATE,7e5c042a6c2641d49b6acfb017ddbfa16c3dcfbe567a6dd7386fd1dc0fa3a8a4,124,124,1,public language contains a checkable economic/state cue,False
690fe2d7acc9d34690d8b04b7771343b2b222eca105d4ea16db6ec8abaa8e7be,FACTUAL_PUBLIC_PRIVATE,7e5c042a6c2641d49b6acfb017ddbfa16c3dcfbe567a6dd7386fd1dc0fa3a8a4,126,126,1,public language contains a checkable economic/state cue,False
12bd9944306b05f72b43ff3837a3a53d9d3ceb02d69b0578c26579ab61f202d2,FACTUAL_PUBLIC_PRIVATE,7e5c042a6c2641d49b6acfb017ddbfa16c3dcfbe567a6dd7386fd1dc0fa3a8a4,130,130,1,public language contains a checkable economic/state cue,False
67602727eac1c4218d938fef23ec668dc532e890b6e8a839397fa88878e732b6,FACTUAL_PUBLIC_PRIVATE,7e5c042a6c2641d49b6acfb017ddbfa16c3dcfbe567a6dd7386fd1dc0fa3a8a4,132,132,1,public language contains a checkable economic/state cue,False
7f1669054f0a64dd05f697570cbfe8f04a82ab606251b9679a6c7bec2669edfc,FACTUAL_PUBLIC_PRIVATE,7e5c042a6c2641d49b6acfb017ddbfa16c3dcfbe567a6dd7386fd1dc0fa3a8a4,132,132,1,public language contains a checkable economic/state cue,False
149c671b786df4c33f9d633ea5a2b6c01e71edb19bc6c28cdf7f2a6911728439,FACTUAL_PUBLIC_PRIVATE,7e5c042a6c2641d49b6acfb017ddbfa16c3dcfbe567a6dd7386fd1dc0fa3a8a4,138,138,1,public language contains a checkable economic/state cue,False
e4926df9751c7e370340f75ac888f8a87b38ed80e5556e305a16b0c64804ff85,FACTUAL_PUBLIC_PRIVATE,7e5c042a6c2641d49b6acfb017ddbfa16c3dcfbe567a6dd7386fd1dc0fa3a8a4,141,141,1,public language contains a checkable economic/state cue,False
7dd8ab7436f2a17fe68cd49e369b404f808b1a7ae294ca03794212ac81d9a530,FACTUAL_PUBLIC_PRIVATE,7e5c042a6c2641d49b6acfb017ddbfa16c3dcfbe567a6dd7386fd1dc0fa3a8a4,142,142,1,public language contains a checkable economic/state cue,False
7c9a26f7ba6325a21fa77231088fc89e84fb4f77853a98f8ccae192c9a407bb2,FACTUAL_PUBLIC_PRIVATE,7e5c042a6c2641d49b6acfb017ddbfa16c3dcfbe567a6dd7386fd1dc0fa3a8a4,142,142,1,public language contains a checkable economic/state cue,False
6f088339a166c9a6c57f3456cd4e29ae1769f0f7e7f06460537a883438014304,FACTUAL_PUBLIC_PRIVATE,7e5c042a6c2641d49b6acfb017ddbfa16c3dcfbe567a6dd7386fd1dc0fa3a8a4,142,142,1,public language contains a checkable economic/state cue,False
2fdc5538d512b0cf06bccedcc11fee15f369b76c879f10af00af6cc8866e48b3,FACTUAL_PUBLIC_PRIVATE,7e5c042a6c2641d49b6acfb017ddbfa16c3dcfbe567a6dd7386fd1dc0fa3a8a4,143,143,1,public language contains a checkable economic/state cue,False
33364c9b42c9df0e7a4577063e8faadd2abde5e05cc2724cd0b3c0f73dfcaa1f,FACTUAL_PUBLIC_PRIVATE,7e5c042a6c2641d49b6acfb017ddbfa16c3dcfbe567a6dd7386fd1dc0fa3a8a4,144,144,1,public language contains a checkable economic/state cue,False
24844b477a73a5a46e0544d0404bb7b1e304e60f6b071e61f3bc7187c469a454,FACTUAL_PUBLIC_PRIVATE,7e5c042a6c2641d49b6acfb017ddbfa16c3dcfbe567a6dd7386fd1dc0fa3a8a4,144,144,1,public language contains a checkable economic/state cue,False
20e35cd6a86694819a0f8fdc5cb6984e8a011ceae23ea5037079b3039838fc10,FACTUAL_PUBLIC_PRIVATE,7e5c042a6c2641d49b6acfb017ddbfa16c3dcfbe567a6dd7386fd1dc0fa3a8a4,152,152,1,public language contains a checkable economic/state cue,False
49425cd347fbbe8e4c69ea0058329dce1578be127a4ca91242139b7f5059c6a8,FACTUAL_PUBLIC_PRIVATE,7e5c042a6c2641d49b6acfb017ddbfa16c3dcfbe567a6dd7386fd1dc0fa3a8a4,152,152,1,public language contains a checkable economic/state cue,False
57950ae21f2860e0d6a283066ded35bbb05343d460c21bb0cc14fcb97c566af5,FACTUAL_PUBLIC_PRIVATE,7e5c042a6c2641d49b6acfb017ddbfa16c3dcfbe567a6dd7386fd1dc0fa3a8a4,154,154,1,public language contains a checkable economic/state cue,False
a3c0b90295ce3a7bf110d3241165ee028bdd97d21ba40724b97d280645633858,FACTUAL_PUBLIC_PRIVATE,7e5c042a6c2641d49b6acfb017ddbfa16c3dcfbe567a6dd7386fd1dc0fa3a8a4,155,155,1,public language contains a checkable economic/state cue,False
013343ef4328c7c69589dae0d675596347a9a6ff14d79733a9b9f0bdf9dec4f3,FACTUAL_PUBLIC_PRIVATE,7e5c042a6c2641d49b6acfb017ddbfa16c3dcfbe567a6dd7386fd1dc0fa3a8a4,156,156,1,public language contains a checkable economic/state cue,False
d31cef72323826e4c6b9478750e984eebf3d46466f0933af26d95a483cb0ae96,FACTUAL_PUBLIC_PRIVATE,7e5c042a6c2641d49b6acfb017ddbfa16c3dcfbe567a6dd7386fd1dc0fa3a8a4,157,157,1,public language contains a checkable economic/state cue,False
6cb4ac7a9c808792c769e237b5a3063f16f6105e398a4c9493bde9f15d9e3500,FACTUAL_PUBLIC_PRIVATE,7e5c042a6c2641d49b6acfb017ddbfa16c3dcfbe567a6dd7386fd1dc0fa3a8a4,157,157,1,public language contains a checkable economic/state cue,False
4d087f3a239d0c872c6d394a4eb88ea2ee2680b41e594a04bd5ac046b7f087ca,FACTUAL_PUBLIC_PRIVATE,7e5c042a6c2641d49b6acfb017ddbfa16c3dcfbe567a6dd7386fd1dc0fa3a8a4,157,157,1,public language contains a checkable economic/state cue,False
79523371fbc614d04b195d0b1e50d3cc05bf60471d7ec72fabb8db8991c89db0,FACTUAL_PUBLIC_PRIVATE,7e5c042a6c2641d49b6acfb017ddbfa16c3dcfbe567a6dd7386fd1dc0fa3a8a4,157,157,1,public language contains a checkable economic/state cue,False
fa5c60e6f10f9ccb4fed275501dfb3db2085f930d3bfcddb1bb0f2fb027ecc13,FACTUAL_PUBLIC_PRIVATE,7e5c042a6c2641d49b6acfb017ddbfa16c3dcfbe567a6dd7386fd1dc0fa3a8a4,158,158,1,public language contains a checkable economic/state cue,False
5813f84e00d19fb806421ac73c7efa237c101ece5702c95a6d52f7fb1b409b78,FACTUAL_PUBLIC_PRIVATE,7e5c042a6c2641d49b6acfb017ddbfa16c3dcfbe567a6dd7386fd1dc0fa3a8a4,160,160,1,public language contains a checkable economic/state cue,False
94bedc0ca6a432a612c242ae3dbd9c51edca82a81e1c15c9b34fa23b059d4e05,FACTUAL_PUBLIC_PRIVATE,7e5c042a6c2641d49b6acfb017ddbfa16c3dcfbe567a6dd7386fd1dc0fa3a8a4,161,161,1,public language contains a checkable economic/state cue,False
8a48385d014e8090565c85129e80e81fd4ba50cec5a1b86ea6a46dc94789f85b,FACTUAL_PUBLIC_PRIVATE,7e5c042a6c2641d49b6acfb017ddbfa16c3dcfbe567a6dd7386fd1dc0fa3a8a4,162,162,1,public language contains a checkable economic/state cue,False
46b6df9cb0f27005b283917c2d5c8378924d65db030733b6fd16e89fa0b7a3e1,FACTUAL_PUBLIC_PRIVATE,7e5c042a6c2641d49b6acfb017ddbfa16c3dcfbe567a6dd7386fd1dc0fa3a8a4,164,164,1,public language contains a checkable economic/state cue,False
c7f7e1d303fc8b8e908606f5e4735d504921f8a77ae27ee09164f193dea2926d,FACTUAL_PUBLIC_PRIVATE,7e5c042a6c2641d49b6acfb017ddbfa16c3dcfbe567a6dd7386fd1dc0fa3a8a4,164,164,1,public language contains a checkable economic/state cue,False
b3d86db1ef5a4dcdb512c5c068779e26eae40d04c1d2d95de67ed790ef982a2f,FACTUAL_PUBLIC_PRIVATE,7e5c042a6c2641d49b6acfb017ddbfa16c3dcfbe567a6dd7386fd1dc0fa3a8a4,165,165,1,public language contains a checkable economic/state cue,False
dd04efe37ffacabc3fce45867c947d2f91a8ee1cb99b9c92826141d9271dce8d,FACTUAL_PUBLIC_PRIVATE,7e5c042a6c2641d49b6acfb017ddbfa16c3dcfbe567a6dd7386fd1dc0fa3a8a4,165,165,1,public language contains a checkable economic/state cue,False
069f1124e918d56b9e05f9841fea2e7fe30adb33b9399d3b58124a81173d4d41,FACTUAL_PUBLIC_PRIVATE,7e5c042a6c2641d49b6acfb017ddbfa16c3dcfbe567a6dd7386fd1dc0fa3a8a4,165,165,1,public language contains a checkable economic/state cue,False
3392858c4ec0db51678e4908dfd33ae82d74ec2f1404b9da2e950db47edba478,FACTUAL_PUBLIC_PRIVATE,7e5c042a6c2641d49b6acfb017ddbfa16c3dcfbe567a6dd7386fd1dc0fa3a8a4,166,166,1,public language contains a checkable economic/state cue,False
62281cbdf0819ecb07ab7c278251bada4cae27be35596cd344b53dbd3ea42b2b,FACTUAL_PUBLIC_PRIVATE,7e5c042a6c2641d49b6acfb017ddbfa16c3dcfbe567a6dd7386fd1dc0fa3a8a4,167,167,1,public language contains a checkable economic/state cue,False
427671e0f1a47799c1cee724e42959cdef90e43e6534d0938cb54faf3d6e489a,FACTUAL_PUBLIC_PRIVATE,7e5c042a6c2641d49b6acfb017ddbfa16c3dcfbe567a6dd7386fd1dc0fa3a8a4,167,167,1,public language contains a checkable economic/state cue,False
e0b54aba48dd652250a7ebb5300a2d81c676f37dc9f60d67967caa3e0f8af290,FACTUAL_PUBLIC_PRIVATE,7e5c042a6c2641d49b6acfb017ddbfa16c3dcfbe567a6dd7386fd1dc0fa3a8a4,167,167,1,public language contains a checkable economic/state cue,False
84b21f974ab27bc1356739a5afd578e4764350afea44ae97fbd78d1243fe4904,FACTUAL_PUBLIC_PRIVATE,7e5c042a6c2641d49b6acfb017ddbfa16c3dcfbe567a6dd7386fd1dc0fa3a8a4,167,167,1,public language contains a checkable economic/state cue,False
75e1ffde65cfbfeaa9fa7532b8d7c535c066af252c6f788b88929ddc77b048aa,FACTUAL_PUBLIC_PRIVATE,7e5c042a6c2641d49b6acfb017ddbfa16c3dcfbe567a6dd7386fd1dc0fa3a8a4,167,167,1,public language contains a checkable economic/state cue,False
e5a0f14122b50e054e653a7bb954f078b83a0e3f0aa7165f4e8520bb655fd436,FACTUAL_PUBLIC_PRIVATE,7e5c042a6c2641d49b6acfb017ddbfa16c3dcfbe567a6dd7386fd1dc0fa3a8a4,169,169,1,public language contains a checkable economic/state cue,False
c376b4af19f62491850e5483cd7e01d83de34c6c31b46211027b885952812a9d,FACTUAL_PUBLIC_PRIVATE,7e5c042a6c2641d49b6acfb017ddbfa16c3dcfbe567a6dd7386fd1dc0fa3a8a4,169,169,1,public language contains a checkable economic/state cue,False
d5ebe270d0154fe59192db7d24b38ccd720b5126de543540903f65ee7dbb003d,FACTUAL_PUBLIC_PRIVATE,7e5c042a6c2641d49b6acfb017ddbfa16c3dcfbe567a6dd7386fd1dc0fa3a8a4,170,170,1,public language contains a checkable economic/state cue,False
9194dff66f2690bef7eccdb566da6660df272047d73dda47efbd5e82708986b3,FACTUAL_PUBLIC_PRIVATE,7e5c042a6c2641d49b6acfb017ddbfa16c3dcfbe567a6dd7386fd1dc0fa3a8a4,171,171,1,public language contains a checkable economic/state cue,False
ab244808fe8647ee501ab562ca59999e79782ae05bf398f40cd681c9ffb713d5,FACTUAL_PUBLIC_PRIVATE,7e5c042a6c2641d49b6acfb017ddbfa16c3dcfbe567a6dd7386fd1dc0fa3a8a4,172,172,1,public language contains a checkable economic/state cue,False
43d6cabfb8f29454d31b7cfbe6b165ad863a5f6d6b60e1eb4028335d3cd1285f,FACTUAL_PUBLIC_PRIVATE,7e5c042a6c2641d49b6acfb017ddbfa16c3dcfbe567a6dd7386fd1dc0fa3a8a4,172,172,1,public language contains a checkable economic/state cue,False
203b6a13119d7dd3a27112b58f75337edfc80f23d9f470329f4c8a2e2336731c,FACTUAL_PUBLIC_PRIVATE,7e5c042a6c2641d49b6acfb017ddbfa16c3dcfbe567a6dd7386fd1dc0fa3a8a4,173,173,1,public language contains a checkable economic/state cue,False
35009b7a7928f40e9419238baf6928ff6ec4235d60f47ed9f86e48d314d68ff4,FACTUAL_PUBLIC_PRIVATE,7e5c042a6c2641d49b6acfb017ddbfa16c3dcfbe567a6dd7386fd1dc0fa3a8a4,178,178,1,public language contains a checkable economic/state cue,False
8fd2ac4c48625aa6f95a01ee87c2c6f076769d5cfa0a13a1830239d73c7f5db7,FACTUAL_PUBLIC_PRIVATE,7e5c042a6c2641d49b6acfb017ddbfa16c3dcfbe567a6dd7386fd1dc0fa3a8a4,178,178,1,public language contains a checkable economic/state cue,False
69017a6d60540a455517cea02eb16bfd66c05fbc799ff62454a2e8a642b9eb31,FACTUAL_PUBLIC_PRIVATE,7e5c042a6c2641d49b6acfb017ddbfa16c3dcfbe567a6dd7386fd1dc0fa3a8a4,178,178,1,public language contains a checkable economic/state cue,False
379cf5e2cb86dce028ab04e578b0a8b179fd1c94eca6583804f78e3ca1101407,FACTUAL_PUBLIC_PRIVATE,7e5c042a6c2641d49b6acfb017ddbfa16c3dcfbe567a6dd7386fd1dc0fa3a8a4,180,180,1,public language contains a checkable economic/state cue,False
9d8e677fe3d006340f2621a7c31f00c470ab728199e98392de147db213823621,FACTUAL_PUBLIC_PRIVATE,7e5c042a6c2641d49b6acfb017ddbfa16c3dcfbe567a6dd7386fd1dc0fa3a8a4,180,180,1,public language contains a checkable economic/state cue,False
6ca30785bcbe1164263802e8c63bd5cd1a8603525dc96f3236b77203d392ed0f,FACTUAL_PUBLIC_PRIVATE,7e5c042a6c2641d49b6acfb017ddbfa16c3dcfbe567a6dd7386fd1dc0fa3a8a4,180,180,1,public language contains a checkable economic/state cue,False
a7b57e62854573b06e1c876b7f98a256a9338937e30adecace4c8e2722046ee9,FACTUAL_PUBLIC_PRIVATE,7e5c042a6c2641d49b6acfb017ddbfa16c3dcfbe567a6dd7386fd1dc0fa3a8a4,182,182,1,public language contains a checkable economic/state cue,False
6df8cfa7f568fb87ced39fdc156be85974e0c458016b9f83487b20416dba25a9,FACTUAL_PUBLIC_PRIVATE,7e5c042a6c2641d49b6acfb017ddbfa16c3dcfbe567a6dd7386fd1dc0fa3a8a4,183,183,1,public language contains a checkable economic/state cue,False
71b7d2937f5db069c25588a552b7fbdd846ce3f50e4988b6c18011a6becca39f,FACTUAL_PUBLIC_PRIVATE,7e5c042a6c2641d49b6acfb017ddbfa16c3dcfbe567a6dd7386fd1dc0fa3a8a4,185,185,1,public language contains a checkable economic/state cue,False
3b38294cb74d0acbe2071e52c4d5b0b39ec5e379fe2ad0bdbdddba72e1a5b434,FACTUAL_PUBLIC_PRIVATE,7e5c042a6c2641d49b6acfb017ddbfa16c3dcfbe567a6dd7386fd1dc0fa3a8a4,187,187,1,public language contains a checkable economic/state cue,False
89491aedc00e4a6489e307aab4ab71df0ec2d1277183ce38ff78e24dde193cdd,FACTUAL_PUBLIC_PRIVATE,7e5c042a6c2641d49b6acfb017ddbfa16c3dcfbe567a6dd7386fd1dc0fa3a8a4,187,187,1,public language contains a checkable economic/state cue,False
80dbc297476b66752c892d633cc8c9aecf819ba1c5d539e4b08f198a809b3633,FACTUAL_PUBLIC_PRIVATE,7e5c042a6c2641d49b6acfb017ddbfa16c3dcfbe567a6dd7386fd1dc0fa3a8a4,190,190,1,public language contains a checkable economic/state cue,False
87dca4e766a3bb49a0cee05411f90106a2440f7ed6b8d0af367ec312bc05a73f,PROMISE_OR_REVERSAL,ae3c5c763dc923291e7b4339ec3952b616f580032a7c485348171e303a3a5188,2,12,1,public language contains an explicit commitment cue,False
e0e472819b39a27984b3de137147ab3825a1291bc83455d60a50a68c90915a3d,PROMISE_OR_REVERSAL,ae3c5c763dc923291e7b4339ec3952b616f580032a7c485348171e303a3a5188,5,15,1,public language contains an explicit commitment cue,False
3f8a970d1e14e6d278e136e362c163d883ab15e97ee2feb3f0faa19c3ad86f0b,PROMISE_OR_REVERSAL,ae3c5c763dc923291e7b4339ec3952b616f580032a7c485348171e303a3a5188,5,15,1,public language contains an explicit commitment cue,False
952a5b964392f4a54d3ba10981c014df1f01e746dcdae284dfda0fb29433add8,PROMISE_OR_REVERSAL,ae3c5c763dc923291e7b4339ec3952b616f580032a7c485348171e303a3a5188,5,15,1,public language contains an explicit commitment cue,False
b9742777280e88125333b5c6960c42c2bc83d48a1c8763027af607659f459173,PROMISE_OR_REVERSAL,ae3c5c763dc923291e7b4339ec3952b616f580032a7c485348171e303a3a5188,6,16,1,public language contains an explicit commitment cue,False
92a53d204e3ded6b61b83e516d44ed25d7eee2b0e59e3bff11ca4e291a24210c,PROMISE_OR_REVERSAL,ae3c5c763dc923291e7b4339ec3952b616f580032a7c485348171e303a3a5188,6,16,1,public language contains an explicit commitment cue,False
3a6ec10b69966669c2f69a5fe35cc0f178f8573e2e8a67599ea2d59dfb520c3a,PROMISE_OR_REVERSAL,ae3c5c763dc923291e7b4339ec3952b616f580032a7c485348171e303a3a5188,6,16,1,public language contains an explicit commitment cue,False
995ff9f7ae0696a40e0d3d1d24018ed41dc48dda53793c77d8c21e80c37b2606,PROMISE_OR_REVERSAL,ae3c5c763dc923291e7b4339ec3952b616f580032a7c485348171e303a3a5188,8,18,1,public language contains an explicit commitment cue,False
afca101eb480d58fa43bb3577acc370e95ba85144132dfff7e0db74589b8c2a1,PROMISE_OR_REVERSAL,ae3c5c763dc923291e7b4339ec3952b616f580032a7c485348171e303a3a5188,10,20,1,public language contains an explicit commitment cue,False
57ba4a266e3fc97e4a3fdeb288a019d19cb6576375fc1c64076c5057e23e1d3c,PROMISE_OR_REVERSAL,ae3c5c763dc923291e7b4339ec3952b616f580032a7c485348171e303a3a5188,10,20,1,public language contains an explicit commitment cue,False
759a13eaf1bf6599571217468dd3d2d5cf3b5cdea7929d57f2f41b84919d630f,PROMISE_OR_REVERSAL,ae3c5c763dc923291e7b4339ec3952b616f580032a7c485348171e303a3a5188,10,20,1,public language contains an explicit commitment cue,False
8606f4edacb0220aa93fc8526518567f391d21a574a9646ed33b31a3ebaf9673,PROMISE_OR_REVERSAL,ae3c5c763dc923291e7b4339ec3952b616f580032a7c485348171e303a3a5188,10,20,1,public language contains an explicit commitment cue,False
8d8dbb07d729d5f3a49dc8cc703712fbab2c75285f4e55322f2e6581dde57a90,PROMISE_OR_REVERSAL,ae3c5c763dc923291e7b4339ec3952b616f580032a7c485348171e303a3a5188,12,22,1,public language contains an explicit commitment cue,False
1fcd3eb32304d1accad32e0a57c7ac1ef8c560e87789fcf07a2251a367d09c11,PROMISE_OR_REVERSAL,ae3c5c763dc923291e7b4339ec3952b616f580032a7c485348171e303a3a5188,13,23,1,public language contains an explicit commitment cue,False
14ffec157dc8ae48bac075cf12b1069aaf4ff5325882a19fcabbc28411080119,PROMISE_OR_REVERSAL,ae3c5c763dc923291e7b4339ec3952b616f580032a7c485348171e303a3a5188,19,29,1,public language contains an explicit commitment cue,False
2b8951a58541c364b7affabc262d1d72e1a4822cc9dbbc37810c41cae8a58ac5,PROMISE_OR_REVERSAL,ae3c5c763dc923291e7b4339ec3952b616f580032a7c485348171e303a3a5188,21,31,1,public language contains an explicit commitment cue,False
191920697cde24a0c18d9a6ebfbe17214f5a1a5f4cf9e15c2ed341a701d918c1,PROMISE_OR_REVERSAL,ae3c5c763dc923291e7b4339ec3952b616f580032a7c485348171e303a3a5188,22,32,1,public language contains an explicit commitment cue,False
cb86d5fe02058e281300df9f6ac0d477785949f24682c54bd8155d4cbfe6d026,PROMISE_OR_REVERSAL,ae3c5c763dc923291e7b4339ec3952b616f580032a7c485348171e303a3a5188,24,34,1,public language contains an explicit commitment cue,False
003be311fca571915d4c445a2eb5812390a454c569bdd18c20f6b59081995d47,PROMISE_OR_REVERSAL,ae3c5c763dc923291e7b4339ec3952b616f580032a7c485348171e303a3a5188,27,37,1,public language contains an explicit commitment cue,False
57566a3cc9dffe9daf09fbfcf38a3de308c324c637e1b8f2d579048d1b8fcac0,PROMISE_OR_REVERSAL,ae3c5c763dc923291e7b4339ec3952b616f580032a7c485348171e303a3a5188,28,38,1,public language contains an explicit commitment cue,False
a45ff64fa343de01d868db45f73fbe5522b598fab220c95bdaa0f76ed8a8dff3,PROMISE_OR_REVERSAL,ae3c5c763dc923291e7b4339ec3952b616f580032a7c485348171e303a3a5188,30,40,1,public language contains an explicit commitment cue,False
3fdc2e1df6097acde5f9212a51a44168d4862cb7467d48348f05d04c44a70cd5,PROMISE_OR_REVERSAL,ae3c5c763dc923291e7b4339ec3952b616f580032a7c485348171e303a3a5188,30,40,1,public language contains an explicit commitment cue,False
051743c07a43841b807d3f5087a5ba2c7443b02c0b54bc8ee68aa4a1851dab17,PROMISE_OR_REVERSAL,ae3c5c763dc923291e7b4339ec3952b616f580032a7c485348171e303a3a5188,34,44,1,public language contains an explicit commitment cue,False
0bb6cca7d20016eb8c796518acf4679b4dc47229cf6d62f02448f9771f139dd5,PROMISE_OR_REVERSAL,ae3c5c763dc923291e7b4339ec3952b616f580032a7c485348171e303a3a5188,36,46,1,public language contains an explicit commitment cue,False
811b32643a12855713c7212fc6ec648ed734d7a606eba146e0bbe31673574f16,PROMISE_OR_REVERSAL,ae3c5c763dc923291e7b4339ec3952b616f580032a7c485348171e303a3a5188,40,50,1,public language contains an explicit commitment cue,False
6617e8b20f45ae5e4f3c642c591540e7589f0ab534c1065f9437dcd61f9bcc1b,PROMISE_OR_REVERSAL,ae3c5c763dc923291e7b4339ec3952b616f580032a7c485348171e303a3a5188,46,56,1,public language contains an explicit commitment cue,False
7bb2bc429006cb6f91f5d32c1747dcafee50cfcbe3612d7b202cba61bb6c6bbe,PROMISE_OR_REVERSAL,ae3c5c763dc923291e7b4339ec3952b616f580032a7c485348171e303a3a5188,54,64,1,public language contains an explicit commitment cue,False
6306cf7abf53c94fe29e84c4a3cb5e54954368722414865796b8fa02fdb3ed08,PROMISE_OR_REVERSAL,ae3c5c763dc923291e7b4339ec3952b616f580032a7c485348171e303a3a5188,57,67,1,public language contains an explicit commitment cue,False
55399d09318322e2693b6159b78478da622b07bded91a3897ed152fb48b2d3ea,PROMISE_OR_REVERSAL,ae3c5c763dc923291e7b4339ec3952b616f580032a7c485348171e303a3a5188,62,72,1,public language contains an explicit commitment cue,False
2444f8811760ccfdfad8aec6333ca4312a322325da001a738d78ff28b3684717,PROMISE_OR_REVERSAL,ae3c5c763dc923291e7b4339ec3952b616f580032a7c485348171e303a3a5188,80,90,1,public language contains an explicit commitment cue,False
8801fa78a725d40f68c73461720b656895e1ad2a22c5d1046d175e8e01dd9962,PROMISE_OR_REVERSAL,ae3c5c763dc923291e7b4339ec3952b616f580032a7c485348171e303a3a5188,80,90,1,public language contains an explicit commitment cue,False
9350e569f628ce9016c2a11feb4e1a817e32113d349433124f23e3bd9b48fa85,PROMISE_OR_REVERSAL,ae3c5c763dc923291e7b4339ec3952b616f580032a7c485348171e303a3a5188,80,90,1,public language contains an explicit commitment cue,False
57bfdc604835caae47969a85bb6a2003b9eed01260209ae76f5410ad8303db78,PROMISE_OR_REVERSAL,ae3c5c763dc923291e7b4339ec3952b616f580032a7c485348171e303a3a5188,81,91,1,public language contains an explicit commitment cue,False
df8812964007fc43e328d34eb1e90ed649b93e6126990a208f10c0fb1a8edaea,PROMISE_OR_REVERSAL,ae3c5c763dc923291e7b4339ec3952b616f580032a7c485348171e303a3a5188,81,91,1,public language contains an explicit commitment cue,False
03d9f3b2d39c733f996b9975d649716f8f8522c504f58d2ab958b1d7c79a972e,PROMISE_OR_REVERSAL,ae3c5c763dc923291e7b4339ec3952b616f580032a7c485348171e303a3a5188,86,96,1,public language contains an explicit commitment cue,False
58195543b818c89484fc8c6d77bb78fc5db5332eec51f64306b79d5bae7bbfd0,PROMISE_OR_REVERSAL,ae3c5c763dc923291e7b4339ec3952b616f580032a7c485348171e303a3a5188,93,103,1,public language contains an explicit commitment cue,False
e5d5912886398ed4612362d3fe153d1284796111c8f2fd32f1c2396394df60d8,PROMISE_OR_REVERSAL,ae3c5c763dc923291e7b4339ec3952b616f580032a7c485348171e303a3a5188,105,115,1,public language contains an explicit commitment cue,False
6d7cab770d9e80e91bc4dce0988204fa6d29764b234d87370eec45f9ca99ea40,PROMISE_OR_REVERSAL,ae3c5c763dc923291e7b4339ec3952b616f580032a7c485348171e303a3a5188,115,125,1,public language contains an explicit commitment cue,False
b408213ea38e4e85e6749ffbccd73d00810a334e02a6b7f66e983e0ad35971b2,PROMISE_OR_REVERSAL,ae3c5c763dc923291e7b4339ec3952b616f580032a7c485348171e303a3a5188,123,133,1,public language contains an explicit commitment cue,False
2b39760cb653ed1639f2f25f167cc68ffdeaab7849db2c4fdc6a892d3dd2d69b,PROMISE_OR_REVERSAL,ae3c5c763dc923291e7b4339ec3952b616f580032a7c485348171e303a3a5188,124,134,1,public language contains an explicit commitment cue,False
ec4c95e3f4a790d5efa03c7de3e33d8303823c0cac81cca59570a17531beddd5,PROMISE_OR_REVERSAL,ae3c5c763dc923291e7b4339ec3952b616f580032a7c485348171e303a3a5188,126,136,1,public language contains an explicit commitment cue,False
e2ae6d8f87c27a30e31d556a50ac7ac267610180f7c099ba1f848ee2aa68ad5b,PROMISE_OR_REVERSAL,ae3c5c763dc923291e7b4339ec3952b616f580032a7c485348171e303a3a5188,129,139,1,public language contains an explicit commitment cue,False
eb051949bab6c074ece2fe6b0d33ae89786a3eac022ad77e048bed548e24e98e,PROMISE_OR_REVERSAL,ae3c5c763dc923291e7b4339ec3952b616f580032a7c485348171e303a3a5188,129,139,1,public language contains an explicit commitment cue,False
5b3d24b03e231471c2a202523eb8da1fe4869c62567abcfe4b3ebeb442432287,PROMISE_OR_REVERSAL,ae3c5c763dc923291e7b4339ec3952b616f580032a7c485348171e303a3a5188,130,140,1,public language contains an explicit commitment cue,False
6e05aa1e008a4b47e22376c6b505bf188a7bca38463f181719a09c41ffda6627,PROMISE_OR_REVERSAL,ae3c5c763dc923291e7b4339ec3952b616f580032a7c485348171e303a3a5188,130,140,1,public language contains an explicit commitment cue,False
de07345f7aacb0d2b04a17801b6cfb8ab1cda57179cb960735eaa8408d0d0875,PROMISE_OR_REVERSAL,ae3c5c763dc923291e7b4339ec3952b616f580032a7c485348171e303a3a5188,130,140,1,public language contains an explicit commitment cue,False
8d98e923bbd8e8ecb4ef72cd520450958a5a3892d641be8ddefd2ee6957151e2,PROMISE_OR_REVERSAL,ae3c5c763dc923291e7b4339ec3952b616f580032a7c485348171e303a3a5188,131,141,1,public language contains an explicit commitment cue,False
90745c12cda233172390200718520506e998dd3ea208f5365022e45c083bc4c5,PROMISE_OR_REVERSAL,ae3c5c763dc923291e7b4339ec3952b616f580032a7c485348171e303a3a5188,132,142,1,public language contains an explicit commitment cue,False
c7cb34c2de0725fdb0f3a31c53b13088c5664d293b911caae2f5cee8388db6bb,PROMISE_OR_REVERSAL,ae3c5c763dc923291e7b4339ec3952b616f580032a7c485348171e303a3a5188,133,143,1,public language contains an explicit commitment cue,False
42285f24135991edb424dca4539733f61114d58b0fa306983e19957d5ae84b7c,PROMISE_OR_REVERSAL,ae3c5c763dc923291e7b4339ec3952b616f580032a7c485348171e303a3a5188,136,146,1,public language contains an explicit commitment cue,False
9c151e2e0518a74343478bd21af66561c745148ff055ea52cd6c33acbb5c6bfd,PROMISE_OR_REVERSAL,ae3c5c763dc923291e7b4339ec3952b616f580032a7c485348171e303a3a5188,142,152,1,public language contains an explicit commitment cue,False
33b96d1eddc8bfaafc79beb2ac9c08ac8e877148033f0e2916a3ea655eaa5ba8,PROMISE_OR_REVERSAL,ae3c5c763dc923291e7b4339ec3952b616f580032a7c485348171e303a3a5188,145,155,1,public language contains an explicit commitment cue,False
0e4d2b8f9eca8cac23e9c90d9bc91499244ea733bde20d535f014a6c6852e739,PROMISE_OR_REVERSAL,ae3c5c763dc923291e7b4339ec3952b616f580032a7c485348171e303a3a5188,145,155,1,public language contains an explicit commitment cue,False
de83783eb0b3ea9aa1390b86f166617d364eafa3437174e41706a54bf884dd1e,PROMISE_OR_REVERSAL,ae3c5c763dc923291e7b4339ec3952b616f580032a7c485348171e303a3a5188,145,155,1,public language contains an explicit commitment cue,False
b26e9e98a0f8618e3c63c74e35d56456739be73536f5e76ce03e9007a4945fb7,PROMISE_OR_REVERSAL,ae3c5c763dc923291e7b4339ec3952b616f580032a7c485348171e303a3a5188,145,155,1,public language contains an explicit commitment cue,False
7f23ba9c0ecc83509cd337bcd41ae79a399568b53a52e326913f7c9c6e895ee2,PROMISE_OR_REVERSAL,ae3c5c763dc923291e7b4339ec3952b616f580032a7c485348171e303a3a5188,145,155,1,public language contains an explicit commitment cue,False
ec2d9159e6bee55868b566bbfef72df3feb0bb25a3be1fe6a6814299aba26d13,PROMISE_OR_REVERSAL,ae3c5c763dc923291e7b4339ec3952b616f580032a7c485348171e303a3a5188,154,163,1,public language contains an explicit commitment cue,False
488533df8ce39f274356afda217d5a3829980db4e3e6147fa955aafdcdce1a1b,PROMISE_OR_REVERSAL,ae3c5c763dc923291e7b4339ec3952b616f580032a7c485348171e303a3a5188,159,163,1,public language contains an explicit commitment cue,False
d6bf35879eac03c62e723c30290e5b1692be24d5df22c5bd95e4460cb4aad16d,PROMISE_OR_REVERSAL,ae3c5c763dc923291e7b4339ec3952b616f580032a7c485348171e303a3a5188,160,163,1,public language contains an explicit commitment cue,False
009df966719ba2a599143737a9453517840234797bd94eed18aa00bf3da837a8,PROMISE_OR_REVERSAL,38d4e1318130ba66ab3185fc18a03f67b7cafcbd234536f2c8d1ae9eb9ed8fbb,0,10,1,public language contains an explicit commitment cue,False
e72334e248b0e5a6e3f294d48f052d60704094e2e2c9693b38566de57f86f93c,PROMISE_OR_REVERSAL,38d4e1318130ba66ab3185fc18a03f67b7cafcbd234536f2c8d1ae9eb9ed8fbb,2,12,1,public language contains an explicit commitment cue,False
d02ae9c04eaeb7ab37069c6303167e3afb437f1373cbd34ae681a95e60b35693,PROMISE_OR_REVERSAL,38d4e1318130ba66ab3185fc18a03f67b7cafcbd234536f2c8d1ae9eb9ed8fbb,3,13,1,public language contains an explicit commitment cue,False
558d5eb241029ba006e59d5f2e180bad707322b2218931e30622c0bf64b98919,PROMISE_OR_REVERSAL,38d4e1318130ba66ab3185fc18a03f67b7cafcbd234536f2c8d1ae9eb9ed8fbb,3,13,1,public language contains an explicit commitment cue,False
3806d2b8a2bf509c5804f7215df353da7ceeaad9b074135deb61d31c0ed987d8,PROMISE_OR_REVERSAL,38d4e1318130ba66ab3185fc18a03f67b7cafcbd234536f2c8d1ae9eb9ed8fbb,3,13,1,public language contains an explicit commitment cue,False
7bbf5a88e3615b74ee93101184f3c8540a8017f49c8fe251e5251894b1870f95,PROMISE_OR_REVERSAL,38d4e1318130ba66ab3185fc18a03f67b7cafcbd234536f2c8d1ae9eb9ed8fbb,3,13,1,public language contains an explicit commitment cue,False
08c1bb221f571db395de9c54e142b75df29bcd5f9ea367e83e24b57f232a1828,PROMISE_OR_REVERSAL,38d4e1318130ba66ab3185fc18a03f67b7cafcbd234536f2c8d1ae9eb9ed8fbb,3,13,1,public language contains an explicit commitment cue,False
2b5bdd72f12e35d0147d7e679a1527de17d5c059ba8f78bd47c284b350b0092f,PROMISE_OR_REVERSAL,38d4e1318130ba66ab3185fc18a03f67b7cafcbd234536f2c8d1ae9eb9ed8fbb,7,17,1,public language contains an explicit commitment cue,False
281de096c081ecd88030a29e348d93cd6f7d078e7d7957f56d27908fdb548f1e,PROMISE_OR_REVERSAL,38d4e1318130ba66ab3185fc18a03f67b7cafcbd234536f2c8d1ae9eb9ed8fbb,7,17,1,public language contains an explicit commitment cue,False
79d31ba5e260d753c23abe3c76f06c34953f6c69a1bf18b78957b534120ba166,PROMISE_OR_REVERSAL,38d4e1318130ba66ab3185fc18a03f67b7cafcbd234536f2c8d1ae9eb9ed8fbb,7,17,1,public language contains an explicit commitment cue,False
af5c6a39b93a6995b3b5ed92d61ffb7af67b71924dd0014cdc580ac6e1f7e84b,PROMISE_OR_REVERSAL,38d4e1318130ba66ab3185fc18a03f67b7cafcbd234536f2c8d1ae9eb9ed8fbb,9,19,1,public language contains an explicit commitment cue,False
4545b172733bc2096041d66ab122e644b841f14860b7d0a891116e48bc85a012,PROMISE_OR_REVERSAL,38d4e1318130ba66ab3185fc18a03f67b7cafcbd234536f2c8d1ae9eb9ed8fbb,11,21,1,public language contains an explicit commitment cue,False
c9dbf94bb8bbcd1b5df21863308f10241ddfc24de00319246f4bead54bcbd752,PROMISE_OR_REVERSAL,38d4e1318130ba66ab3185fc18a03f67b7cafcbd234536f2c8d1ae9eb9ed8fbb,14,24,1,public language contains an explicit commitment cue,False
91689e14a99d3f7693a83b00ad3af6b19807dd174e1291e8fc69ad0fffc15e1d,PROMISE_OR_REVERSAL,38d4e1318130ba66ab3185fc18a03f67b7cafcbd234536f2c8d1ae9eb9ed8fbb,14,24,1,public language contains an explicit commitment cue,False
4687924a85de8eb2185df25f4b5ef972a271917378d984fad2c228db80c939c1,PROMISE_OR_REVERSAL,38d4e1318130ba66ab3185fc18a03f67b7cafcbd234536f2c8d1ae9eb9ed8fbb,17,27,1,public language contains an explicit commitment cue,False
c6928f9b7ae209c4d65e7e022a738d206e2a93d3284dea0d25e075eee8fb3f0a,PROMISE_OR_REVERSAL,38d4e1318130ba66ab3185fc18a03f67b7cafcbd234536f2c8d1ae9eb9ed8fbb,20,30,1,public language contains an explicit commitment cue,False
9b19a54b2390f55bb7621672400088ee66e79a80839a42e1c75129c37b8a60ee,PROMISE_OR_REVERSAL,38d4e1318130ba66ab3185fc18a03f67b7cafcbd234536f2c8d1ae9eb9ed8fbb,20,30,1,public language contains an explicit commitment cue,False
167f13e0f25aefee42c0abbed943d781922d12da520a00f9690064f978750a3f,PROMISE_OR_REVERSAL,38d4e1318130ba66ab3185fc18a03f67b7cafcbd234536f2c8d1ae9eb9ed8fbb,20,30,1,public language contains an explicit commitment cue,False
e9d46e46371f4823d429f7e1820a182191c6ece52319120a239dbbeaedc03dd7,PROMISE_OR_REVERSAL,38d4e1318130ba66ab3185fc18a03f67b7cafcbd234536f2c8d1ae9eb9ed8fbb,20,30,1,public language contains an explicit commitment cue,False
68156c4a7b78918b87f1d26b7e4cc651e66f425df02bd5637377a85750aeb8a6,PROMISE_OR_REVERSAL,38d4e1318130ba66ab3185fc18a03f67b7cafcbd234536f2c8d1ae9eb9ed8fbb,20,30,1,public language contains an explicit commitment cue,False
a74048c4e2a43617d1ed66e5c3bfa6aef6f632a4e149dc72dd938a7c99cdfd53,PROMISE_OR_REVERSAL,38d4e1318130ba66ab3185fc18a03f67b7cafcbd234536f2c8d1ae9eb9ed8fbb,20,30,1,public language contains an explicit commitment cue,False
3fe646afc6a21ae0a70d3e4bcf09805f8a417001de87fac033f1380f842c8c68,PROMISE_OR_REVERSAL,38d4e1318130ba66ab3185fc18a03f67b7cafcbd234536f2c8d1ae9eb9ed8fbb,20,30,1,public language contains an explicit commitment cue,False
64a21974b2f8373c4a3835a775621d17f2b4d7eef1f65af6aef1bf1829d39e5c,PROMISE_OR_REVERSAL,38d4e1318130ba66ab3185fc18a03f67b7cafcbd234536f2c8d1ae9eb9ed8fbb,21,31,1,public language contains an explicit commitment cue,False
edc0f7d9ebb838b5177465968fff9ecdb2f0772a237ba83494dc10729fec8526,PROMISE_OR_REVERSAL,38d4e1318130ba66ab3185fc18a03f67b7cafcbd234536f2c8d1ae9eb9ed8fbb,21,31,1,public language contains an explicit commitment cue,False
3a61e889ddcba56e29f6dfe64305749f5e6b3618bf76e7392735689e36aced62,PROMISE_OR_REVERSAL,38d4e1318130ba66ab3185fc18a03f67b7cafcbd234536f2c8d1ae9eb9ed8fbb,24,34,1,public language contains an explicit commitment cue,False
0bbe449a489924746c6de174c8dea1884c147784e81f4b5e09048d2d04e0510c,PROMISE_OR_REVERSAL,38d4e1318130ba66ab3185fc18a03f67b7cafcbd234536f2c8d1ae9eb9ed8fbb,24,34,1,public language contains an explicit commitment cue,False
7f60420e600f191d88297054a34da7e5f95a457ca99149aaa6c2db9c31afbd16,PROMISE_OR_REVERSAL,38d4e1318130ba66ab3185fc18a03f67b7cafcbd234536f2c8d1ae9eb9ed8fbb,24,34,1,public language contains an explicit commitment cue,False
06e16729cda743527acd973f800d04b542cf97e7f05f8fee1bba5eb03440dba9,PROMISE_OR_REVERSAL,38d4e1318130ba66ab3185fc18a03f67b7cafcbd234536f2c8d1ae9eb9ed8fbb,24,34,1,public language contains an explicit commitment cue,False
88223832370cbfcc5f5efa605540c7b6a692056fbfde00c728821d838f31dc6b,PROMISE_OR_REVERSAL,38d4e1318130ba66ab3185fc18a03f67b7cafcbd234536f2c8d1ae9eb9ed8fbb,25,35,1,public language contains an explicit commitment cue,False
f9942bf16c113cefa960286229ef14e9697f8828bd20febb725321f0cb289e34,PROMISE_OR_REVERSAL,38d4e1318130ba66ab3185fc18a03f67b7cafcbd234536f2c8d1ae9eb9ed8fbb,26,36,1,public language contains an explicit commitment cue,False
8e98a25f513434aaa823325892ece2349cf1442b35c1d26b075bcd97c02ec5a3,PROMISE_OR_REVERSAL,38d4e1318130ba66ab3185fc18a03f67b7cafcbd234536f2c8d1ae9eb9ed8fbb,26,36,1,public language contains an explicit commitment cue,False
18e196a715f93e9b355561e0860a2e3683bd5584f1e1e224a308ef412b6a0724,PROMISE_OR_REVERSAL,38d4e1318130ba66ab3185fc18a03f67b7cafcbd234536f2c8d1ae9eb9ed8fbb,26,36,1,public language contains an explicit commitment cue,False
96ec48fc78c99804ab98ce587bfbba821aeef292957e3ab6911ee114e7c70e21,PROMISE_OR_REVERSAL,38d4e1318130ba66ab3185fc18a03f67b7cafcbd234536f2c8d1ae9eb9ed8fbb,26,36,1,public language contains an explicit commitment cue,False
a8b0da3060ce25bc0ef17c33c455079a33e2feb8fc2d5094ba2534445d06cd60,PROMISE_OR_REVERSAL,38d4e1318130ba66ab3185fc18a03f67b7cafcbd234536f2c8d1ae9eb9ed8fbb,30,40,1,public language contains an explicit commitment cue,False
86cac46df74294ec821bec0a4a2ac773909a1e7e058b49d01818e265ac72da61,PROMISE_OR_REVERSAL,38d4e1318130ba66ab3185fc18a03f67b7cafcbd234536f2c8d1ae9eb9ed8fbb,31,41,1,public language contains an explicit commitment cue,False
a583230a646834e305cf38472ea658cc2f86f1671522b5c0182f54ae5cf5e27c,PROMISE_OR_REVERSAL,38d4e1318130ba66ab3185fc18a03f67b7cafcbd234536f2c8d1ae9eb9ed8fbb,31,41,1,public language contains an explicit commitment cue,False
8c5fea30b93bf299064d1c0449098f0a3f07b201b7f02f94da8165b71a249723,PROMISE_OR_REVERSAL,38d4e1318130ba66ab3185fc18a03f67b7cafcbd234536f2c8d1ae9eb9ed8fbb,32,42,1,public language contains an explicit commitment cue,False
b6060e07864d36bf221dc9f745aedfc886e184cb37b8e39a6c2964accb9a4043,PROMISE_OR_REVERSAL,38d4e1318130ba66ab3185fc18a03f67b7cafcbd234536f2c8d1ae9eb9ed8fbb,35,45,1,public language contains an explicit commitment cue,False
bad1f485b697898014035efac32677ae1220a09ef7a78d4d39d4fdf6850d71cb,PROMISE_OR_REVERSAL,38d4e1318130ba66ab3185fc18a03f67b7cafcbd234536f2c8d1ae9eb9ed8fbb,35,45,1,public language contains an explicit commitment cue,False
c7fa821e6f1815936e5d864559e940f99920a955c804020f4ab3db3335495d2e,PROMISE_OR_REVERSAL,38d4e1318130ba66ab3185fc18a03f67b7cafcbd234536f2c8d1ae9eb9ed8fbb,37,47,1,public language contains an explicit commitment cue,False
511369ad57bfaf0658393c0d0e6fe54538ef3d0ce14deaf8c971db29af04c970,PROMISE_OR_REVERSAL,38d4e1318130ba66ab3185fc18a03f67b7cafcbd234536f2c8d1ae9eb9ed8fbb,37,47,1,public language contains an explicit commitment cue,False
403396ed879d63cfea493aa08c667b51050eb5ff69ab8892fc79fba283de6778,PROMISE_OR_REVERSAL,38d4e1318130ba66ab3185fc18a03f67b7cafcbd234536f2c8d1ae9eb9ed8fbb,38,48,1,public language contains an explicit commitment cue,False
ddac18fc013831cd9d60c3e6f2f9d0829a64f9b7f0dd15856a984b99d5128488,PROMISE_OR_REVERSAL,38d4e1318130ba66ab3185fc18a03f67b7cafcbd234536f2c8d1ae9eb9ed8fbb,38,48,1,public language contains an explicit commitment cue,False
d834ec653b94a4273cc30b0fe8937e98db31491c30ee2ff7c809313f6fb0b85e,PROMISE_OR_REVERSAL,38d4e1318130ba66ab3185fc18a03f67b7cafcbd234536f2c8d1ae9eb9ed8fbb,38,48,1,public language contains an explicit commitment cue,False
985b51e4d2a0fe2fcc3d575407b3dbde459601682e93221cf14ab2b7006e3e4b,PROMISE_OR_REVERSAL,38d4e1318130ba66ab3185fc18a03f67b7cafcbd234536f2c8d1ae9eb9ed8fbb,38,48,1,public language contains an explicit commitment cue,False
961843cba538c4d68459dd3d0b3ddefb295c2ceb4c92f6f24558fa90336cf4a4,PROMISE_OR_REVERSAL,38d4e1318130ba66ab3185fc18a03f67b7cafcbd234536f2c8d1ae9eb9ed8fbb,41,51,1,public language contains an explicit commitment cue,False
822a16451569330f53c46f87c85fb474c9a6d943a56ce39a89fb039b278a1eff,PROMISE_OR_REVERSAL,38d4e1318130ba66ab3185fc18a03f67b7cafcbd234536f2c8d1ae9eb9ed8fbb,41,51,1,public language contains an explicit commitment cue,False
563a7b7e03ca2d40215adb565c75cfcc5c31d0d980c398465ebdc6d02889a20d,PROMISE_OR_REVERSAL,38d4e1318130ba66ab3185fc18a03f67b7cafcbd234536f2c8d1ae9eb9ed8fbb,41,51,1,public language contains an explicit commitment cue,False
156dbcd3123f536583a4632595c1321d9eca47752b8e730682588d72871e6426,PROMISE_OR_REVERSAL,38d4e1318130ba66ab3185fc18a03f67b7cafcbd234536f2c8d1ae9eb9ed8fbb,41,51,1,public language contains an explicit commitment cue,False
20f78b52a49fee06591225ae145787af9f21cd2afbd7469e7db060cafc89f092,PROMISE_OR_REVERSAL,38d4e1318130ba66ab3185fc18a03f67b7cafcbd234536f2c8d1ae9eb9ed8fbb,43,53,1,public language contains an explicit commitment cue,False
6d703cfcca4d84e6323bff0edd140092382f3f88d2f98a7a1989a49c203cbb82,PROMISE_OR_REVERSAL,38d4e1318130ba66ab3185fc18a03f67b7cafcbd234536f2c8d1ae9eb9ed8fbb,46,56,1,public language contains an explicit commitment cue,False
c88dc1573ef7011de853de3c0e0c96934c245395ea75d57d6c6546b4e46ccf92,PROMISE_OR_REVERSAL,38d4e1318130ba66ab3185fc18a03f67b7cafcbd234536f2c8d1ae9eb9ed8fbb,47,57,1,public language contains an explicit commitment cue,False
9eadb90c3c66e4b19bc08e2358f3ac594d789e6487c81f11e604b69899a9a394,PROMISE_OR_REVERSAL,38d4e1318130ba66ab3185fc18a03f67b7cafcbd234536f2c8d1ae9eb9ed8fbb,49,59,1,public language contains an explicit commitment cue,False
6fb89029989d160be47501aea4689cb120d38941099369a7677db146d41d77a3,PROMISE_OR_REVERSAL,38d4e1318130ba66ab3185fc18a03f67b7cafcbd234536f2c8d1ae9eb9ed8fbb,51,61,1,public language contains an explicit commitment cue,False
4fdccb032cb1eea011c37af757bcbcaeca757692b3e9d633b4341b082a289b46,PROMISE_OR_REVERSAL,38d4e1318130ba66ab3185fc18a03f67b7cafcbd234536f2c8d1ae9eb9ed8fbb,55,65,1,public language contains an explicit commitment cue,False
bef79314e3b5fdb2a0f6ad49b09b338c1339890d3b5c99bfb500526105a66297,PROMISE_OR_REVERSAL,38d4e1318130ba66ab3185fc18a03f67b7cafcbd234536f2c8d1ae9eb9ed8fbb,56,66,1,public language contains an explicit commitment cue,False
3119875303701382a529a456f764658f6fd483a77f672639e1a67a520106706e,PROMISE_OR_REVERSAL,38d4e1318130ba66ab3185fc18a03f67b7cafcbd234536f2c8d1ae9eb9ed8fbb,58,68,1,public language contains an explicit commitment cue,False
3f8d95f5e59529488ae599f9bb1abf0b1ddfc4ea02e64dee608cc5f1ef0baf8d,PROMISE_OR_REVERSAL,38d4e1318130ba66ab3185fc18a03f67b7cafcbd234536f2c8d1ae9eb9ed8fbb,61,71,1,public language contains an explicit commitment cue,False
86f5464e24ec46c855cf069be4bfed1657ce5adddf2a5fe4d81b2eb0f70070bd,PROMISE_OR_REVERSAL,38d4e1318130ba66ab3185fc18a03f67b7cafcbd234536f2c8d1ae9eb9ed8fbb,61,71,1,public language contains an explicit commitment cue,False
c1a989caf381151b9b075034433584b7282a510bb708e264fdfe5e31a30f47fd,PROMISE_OR_REVERSAL,38d4e1318130ba66ab3185fc18a03f67b7cafcbd234536f2c8d1ae9eb9ed8fbb,64,74,1,public language contains an explicit commitment cue,False
d766b6df29290a4eb47cce12f6ba935acaa8f36202b3af55263d76f652c89490,PROMISE_OR_REVERSAL,38d4e1318130ba66ab3185fc18a03f67b7cafcbd234536f2c8d1ae9eb9ed8fbb,64,74,1,public language contains an explicit commitment cue,False
2e60bf940426e4771cfa4564c01dc29339185d4bf608ab3cde921f43b8b089b5,PROMISE_OR_REVERSAL,38d4e1318130ba66ab3185fc18a03f67b7cafcbd234536f2c8d1ae9eb9ed8fbb,64,74,1,public language contains an explicit commitment cue,False
3cdd8a142cc2cf8ff02daa942e1fbf79ad3d561023802182dbe7b4392c0569bf,PROMISE_OR_REVERSAL,38d4e1318130ba66ab3185fc18a03f67b7cafcbd234536f2c8d1ae9eb9ed8fbb,65,75,1,public language contains an explicit commitment cue,False
3e9b2594c0c58f0f1fa156815222f4f565ce747b823b837e6c8c7930ffebffa7,PROMISE_OR_REVERSAL,38d4e1318130ba66ab3185fc18a03f67b7cafcbd234536f2c8d1ae9eb9ed8fbb,65,75,1,public language contains an explicit commitment cue,False
f5b59decc3430e4b16fa224698bd75ec4d47bd80a1261bc24524e0309c8c98f1,PROMISE_OR_REVERSAL,38d4e1318130ba66ab3185fc18a03f67b7cafcbd234536f2c8d1ae9eb9ed8fbb,65,75,1,public language contains an explicit commitment cue,False
f95d3e9c1b312d864ffc531f73d40fc3a2a250da0cbbf5ba536cc1d51cabf581,PROMISE_OR_REVERSAL,38d4e1318130ba66ab3185fc18a03f67b7cafcbd234536f2c8d1ae9eb9ed8fbb,71,81,1,public language contains an explicit commitment cue,False
ab6a633d44c9e3906e2c1350dc1ca9e8635809bb947c4ad9b4b920496de7d22e,PROMISE_OR_REVERSAL,38d4e1318130ba66ab3185fc18a03f67b7cafcbd234536f2c8d1ae9eb9ed8fbb,71,81,1,public language contains an explicit commitment cue,False
bd58530113e61b09a42d8f8aa955b8c10604fae9e91d7a21ad2be4dbe2ccff36,PROMISE_OR_REVERSAL,38d4e1318130ba66ab3185fc18a03f67b7cafcbd234536f2c8d1ae9eb9ed8fbb,75,85,1,public language contains an explicit commitment cue,False
5bb981a63bbf59fae19b71a6d46ed71cdf7587a826581686c46a41153c7d5ec8,PROMISE_OR_REVERSAL,38d4e1318130ba66ab3185fc18a03f67b7cafcbd234536f2c8d1ae9eb9ed8fbb,75,85,1,public language contains an explicit commitment cue,False
ca2da1b1eefbffa1a13d21c07cbfa253ab9940dc8c4f8b8a5a214059d26c2c1a,PROMISE_OR_REVERSAL,38d4e1318130ba66ab3185fc18a03f67b7cafcbd234536f2c8d1ae9eb9ed8fbb,75,85,1,public language contains an explicit commitment cue,False
fefc48f472fb0cab34e1e420cec5ab62cc71bfd3240d3c633449c37e1883f17e,PROMISE_OR_REVERSAL,38d4e1318130ba66ab3185fc18a03f67b7cafcbd234536f2c8d1ae9eb9ed8fbb,75,85,1,public language contains an explicit commitment cue,False
26957cf19ca90de7a7eba2763d780db1357ffcef55f17bd98713dd2d128ac333,PROMISE_OR_REVERSAL,38d4e1318130ba66ab3185fc18a03f67b7cafcbd234536f2c8d1ae9eb9ed8fbb,75,85,1,public language contains an explicit commitment cue,False
6aa013b1b94b4387d8fdb82e706c8e67a2481bc27e539840db44531a74e2c238,PROMISE_OR_REVERSAL,38d4e1318130ba66ab3185fc18a03f67b7cafcbd234536f2c8d1ae9eb9ed8fbb,76,86,1,public language contains an explicit commitment cue,False
6771b69636d608c7be1f54c235d889f9459e8ba6a7db83167c69e98d5771b7ea,PROMISE_OR_REVERSAL,38d4e1318130ba66ab3185fc18a03f67b7cafcbd234536f2c8d1ae9eb9ed8fbb,77,87,1,public language contains an explicit commitment cue,False
6c7a5b2423742fadb55c63c65ebc389081987eb5bd3cee97cfaf15d628d45976,PROMISE_OR_REVERSAL,38d4e1318130ba66ab3185fc18a03f67b7cafcbd234536f2c8d1ae9eb9ed8fbb,78,88,1,public language contains an explicit commitment cue,False
f0764af5fc65594f205fe21c098fe6073c3906d76ea266ee4a3b553dde75417e,PROMISE_OR_REVERSAL,38d4e1318130ba66ab3185fc18a03f67b7cafcbd234536f2c8d1ae9eb9ed8fbb,80,90,1,public language contains an explicit commitment cue,False
964f45e67e35d78042c7b11d8b971b5f761c391ca9182e7146c878a42ea981d6,PROMISE_OR_REVERSAL,38d4e1318130ba66ab3185fc18a03f67b7cafcbd234536f2c8d1ae9eb9ed8fbb,81,91,1,public language contains an explicit commitment cue,False
9c00adb3be97b42ea21b6621a410cb7af6adc14a71747093d8c776343748f7b1,PROMISE_OR_REVERSAL,38d4e1318130ba66ab3185fc18a03f67b7cafcbd234536f2c8d1ae9eb9ed8fbb,84,94,1,public language contains an explicit commitment cue,False
6a3139590eaeaa0bc37be02cdb32abb90c51625fe86b3c689a89a4b2c13a29c9,PROMISE_OR_REVERSAL,38d4e1318130ba66ab3185fc18a03f67b7cafcbd234536f2c8d1ae9eb9ed8fbb,84,94,1,public language contains an explicit commitment cue,False
91c42146a107d527ddc11611fda1a32904e158c69de7b0dd2020fbc40604b293,PROMISE_OR_REVERSAL,38d4e1318130ba66ab3185fc18a03f67b7cafcbd234536f2c8d1ae9eb9ed8fbb,84,94,1,public language contains an explicit commitment cue,False
69c3fcd6a5719f6940df4b381e3b105c97e34085f74c992091b107f42f2474c5,PROMISE_OR_REVERSAL,38d4e1318130ba66ab3185fc18a03f67b7cafcbd234536f2c8d1ae9eb9ed8fbb,84,94,1,public language contains an explicit commitment cue,False
ad26f0aa89325cc2c1bbbf8aaca8b4e9ede4058f894f60cbc5f6e11b30ccb26e,PROMISE_OR_REVERSAL,38d4e1318130ba66ab3185fc18a03f67b7cafcbd234536f2c8d1ae9eb9ed8fbb,89,99,1,public language contains an explicit commitment cue,False
58f8da5214c9b9a475c8ca035806402b5dd10ce341b443c413aafb40435875ba,PROMISE_OR_REVERSAL,38d4e1318130ba66ab3185fc18a03f67b7cafcbd234536f2c8d1ae9eb9ed8fbb,89,99,1,public language contains an explicit commitment cue,False
0e9016ca64acb77e612db608cf16f1df671be78a3cb9e69d5a0df32489adf2f9,PROMISE_OR_REVERSAL,38d4e1318130ba66ab3185fc18a03f67b7cafcbd234536f2c8d1ae9eb9ed8fbb,89,99,1,public language contains an explicit commitment cue,False
7f4d4749ae7682411f65f41b9ac06ec6afb1596f8e8b96f23e4bc5c0238b9db3,PROMISE_OR_REVERSAL,38d4e1318130ba66ab3185fc18a03f67b7cafcbd234536f2c8d1ae9eb9ed8fbb,89,99,1,public language contains an explicit commitment cue,False
cfa8af1060b3cbc084cdf6941a414dc56114daa8b03c4f95cf6d2267c6258edb,PROMISE_OR_REVERSAL,38d4e1318130ba66ab3185fc18a03f67b7cafcbd234536f2c8d1ae9eb9ed8fbb,89,99,1,public language contains an explicit commitment cue,False
24d8aa5e455784eade461905cd9e0fc11decebf815b7237438d6ba768c7f9a6c,PROMISE_OR_REVERSAL,38d4e1318130ba66ab3185fc18a03f67b7cafcbd234536f2c8d1ae9eb9ed8fbb,89,99,1,public language contains an explicit commitment cue,False
f8b9665b9df19f2388d3881873d837f8700e39b26f94e509fcce8fe0e3a3996b,PROMISE_OR_REVERSAL,38d4e1318130ba66ab3185fc18a03f67b7cafcbd234536f2c8d1ae9eb9ed8fbb,111,121,1,public language contains an explicit commitment cue,False
182302010d57b470be5619664813bf17be0e6e97587da267e1bd3dbc43e02c77,PROMISE_OR_REVERSAL,38d4e1318130ba66ab3185fc18a03f67b7cafcbd234536f2c8d1ae9eb9ed8fbb,112,122,1,public language contains an explicit commitment cue,False
97f62abadc7c6f599b8b209731f90b850a84b9a3e46fe6a727ac41a23961a553,PROMISE_OR_REVERSAL,38d4e1318130ba66ab3185fc18a03f67b7cafcbd234536f2c8d1ae9eb9ed8fbb,117,127,1,public language contains an explicit commitment cue,False
ad4ad81cfc875b8c2eccc84870abd412e88c99975058a2a1689ba9540fa68be8,PROMISE_OR_REVERSAL,38d4e1318130ba66ab3185fc18a03f67b7cafcbd234536f2c8d1ae9eb9ed8fbb,126,136,1,public language contains an explicit commitment cue,False
c6d898d75012e65f3132c4c4cb95da936764ea6f55a1da7476d72e3e59de32ed,PROMISE_OR_REVERSAL,38d4e1318130ba66ab3185fc18a03f67b7cafcbd234536f2c8d1ae9eb9ed8fbb,126,136,1,public language contains an explicit commitment cue,False
74ef4817cb04b1fdb807d102ea0c396d148a03a366f4838765c6dd2a54a39de8,PROMISE_OR_REVERSAL,38d4e1318130ba66ab3185fc18a03f67b7cafcbd234536f2c8d1ae9eb9ed8fbb,132,142,1,public language contains an explicit commitment cue,False
6db7e8575b35841c6609311f7eb5d3c2a335785fbd148d8f681af7cc9ce394a0,PROMISE_OR_REVERSAL,38d4e1318130ba66ab3185fc18a03f67b7cafcbd234536f2c8d1ae9eb9ed8fbb,132,142,1,public language contains an explicit commitment cue,False
c3127b571457714f51717d23410ab6066ed13fb121fa5c88f597beba64668ecf,PROMISE_OR_REVERSAL,38d4e1318130ba66ab3185fc18a03f67b7cafcbd234536f2c8d1ae9eb9ed8fbb,132,142,1,public language contains an explicit commitment cue,False
c9c177cdbfc798d2b448d485561657b9d0f42cfeec0a14aff5b75f749392c7c9,PROMISE_OR_REVERSAL,38d4e1318130ba66ab3185fc18a03f67b7cafcbd234536f2c8d1ae9eb9ed8fbb,132,142,1,public language contains an explicit commitment cue,False
7f31154523e921bba6369bba6d7f2ad42bed50be6c0dc11441a29133e5df25b3,PROMISE_OR_REVERSAL,38d4e1318130ba66ab3185fc18a03f67b7cafcbd234536f2c8d1ae9eb9ed8fbb,132,142,1,public language contains an explicit commitment cue,False
1e1d22e689c118bf8bf5710ca4874267eeb95677897807df3b15379b8a9e085b,PROMISE_OR_REVERSAL,38d4e1318130ba66ab3185fc18a03f67b7cafcbd234536f2c8d1ae9eb9ed8fbb,132,142,1,public language contains an explicit commitment cue,False
efb0ab38a2c62d139aacaa2216eb5a5411d110815e66bf2814f53032e6dfc932,PROMISE_OR_REVERSAL,38d4e1318130ba66ab3185fc18a03f67b7cafcbd234536f2c8d1ae9eb9ed8fbb,132,142,1,public language contains an explicit commitment cue,False
7d28c30c16cf9c75c5569ba4f76da2255c7b7d2513f1c3393c82356fa491b7f2,PROMISE_OR_REVERSAL,38d4e1318130ba66ab3185fc18a03f67b7cafcbd234536f2c8d1ae9eb9ed8fbb,133,143,1,public language contains an explicit commitment cue,False
e1540609abf0c9a8992852024e0b16550d9025257e55e886441d4515e86a28bf,PROMISE_OR_REVERSAL,38d4e1318130ba66ab3185fc18a03f67b7cafcbd234536f2c8d1ae9eb9ed8fbb,134,144,1,public language contains an explicit commitment cue,False
073e5723bb03093c1313ed4e96a7b541c9716dda9cc9b5f99b56e9f406d3a6b6,PROMISE_OR_REVERSAL,38d4e1318130ba66ab3185fc18a03f67b7cafcbd234536f2c8d1ae9eb9ed8fbb,137,147,1,public language contains an explicit commitment cue,False
5ad68da6fe7fb71a186917c76e4e9bb33833f9824f07b212183ccf59c01ad89c,PROMISE_OR_REVERSAL,38d4e1318130ba66ab3185fc18a03f67b7cafcbd234536f2c8d1ae9eb9ed8fbb,137,147,1,public language contains an explicit commitment cue,False
e04b1ac581b85913574be06c5ffee95e6ad4f52a202a49d529f085440bcadbcf,PROMISE_OR_REVERSAL,38d4e1318130ba66ab3185fc18a03f67b7cafcbd234536f2c8d1ae9eb9ed8fbb,137,147,1,public language contains an explicit commitment cue,False
e62a77f79f599f7aae986bb464ecb66fad0cc99b9c952b2b4356573b72fa4a04,PROMISE_OR_REVERSAL,38d4e1318130ba66ab3185fc18a03f67b7cafcbd234536f2c8d1ae9eb9ed8fbb,137,147,1,public language contains an explicit commitment cue,False
1406e3352ddab90b05d1238cef3373d0a44aa184281ee125a85b95d91dc23d1a,PROMISE_OR_REVERSAL,38d4e1318130ba66ab3185fc18a03f67b7cafcbd234536f2c8d1ae9eb9ed8fbb,137,147,1,public language contains an explicit commitment cue,False
039a25483a08a286c3ced4a64e4782b431c16047a24bbc84f3dfb8948e6a24fe,PROMISE_OR_REVERSAL,38d4e1318130ba66ab3185fc18a03f67b7cafcbd234536f2c8d1ae9eb9ed8fbb,137,147,1,public language contains an explicit commitment cue,False
65e8c0f10cd5a9d386bd6515327fdb91a397da6fca161de7e4ea29411b2e8da7,PROMISE_OR_REVERSAL,38d4e1318130ba66ab3185fc18a03f67b7cafcbd234536f2c8d1ae9eb9ed8fbb,137,147,1,public language contains an explicit commitment cue,False
a7049019b1cd96fac923f36d0bc32a3fd2c382b98e306cf50f4de32dce4e01e2,PROMISE_OR_REVERSAL,38d4e1318130ba66ab3185fc18a03f67b7cafcbd234536f2c8d1ae9eb9ed8fbb,137,147,1,public language contains an explicit commitment cue,False
9917a72af2660f6c28a8aefe498f683bbea0680c7f9af861e6391bf60398c863,PROMISE_OR_REVERSAL,38d4e1318130ba66ab3185fc18a03f67b7cafcbd234536f2c8d1ae9eb9ed8fbb,142,152,1,public language contains an explicit commitment cue,False
830f334e4f90d0d74e1f1f39f5ca309fd98d8bfe5129f064078608de63a30629,PROMISE_OR_REVERSAL,38d4e1318130ba66ab3185fc18a03f67b7cafcbd234536f2c8d1ae9eb9ed8fbb,147,157,1,public language contains an explicit commitment cue,False
0e90b698a082466961235f4cfac95aa9506b3a9d1c73669a9ee10c5c7b0ebc36,PROMISE_OR_REVERSAL,38d4e1318130ba66ab3185fc18a03f67b7cafcbd234536f2c8d1ae9eb9ed8fbb,147,157,1,public language contains an explicit commitment cue,False
57b7ec6b3226cbcf58fffd77a6a61ffd9a2a419b3b4c34aded505878174d2a70,PROMISE_OR_REVERSAL,38d4e1318130ba66ab3185fc18a03f67b7cafcbd234536f2c8d1ae9eb9ed8fbb,147,157,1,public language contains an explicit commitment cue,False
1fe9b77a00cbd73c7b7d63b2e46c65bff62b31acc10c6b2737adb9d072f3b424,PROMISE_OR_REVERSAL,38d4e1318130ba66ab3185fc18a03f67b7cafcbd234536f2c8d1ae9eb9ed8fbb,147,157,1,public language contains an explicit commitment cue,False
0e52e1e5bf21842834b8dd85742d867c5eb187c757b7f0b5c5a6e150d4c5b41a,PROMISE_OR_REVERSAL,38d4e1318130ba66ab3185fc18a03f67b7cafcbd234536f2c8d1ae9eb9ed8fbb,147,157,1,public language contains an explicit commitment cue,False
5f7e0136235c49d6de66f03bbb169263dbb6e62a02c3f0e580d036f2ff591b43,PROMISE_OR_REVERSAL,38d4e1318130ba66ab3185fc18a03f67b7cafcbd234536f2c8d1ae9eb9ed8fbb,151,161,1,public language contains an explicit commitment cue,False
320d011616610da91e7d0a11eaccac3ba34fe49cc653f16ca21c075a6ecccea1,PROMISE_OR_REVERSAL,38d4e1318130ba66ab3185fc18a03f67b7cafcbd234536f2c8d1ae9eb9ed8fbb,151,161,1,public language contains an explicit commitment cue,False
e6a52b7651ee52f09bfc38d032817a043c403819cc92a254d704eb6fb0f6e4ac,PROMISE_OR_REVERSAL,38d4e1318130ba66ab3185fc18a03f67b7cafcbd234536f2c8d1ae9eb9ed8fbb,151,161,1,public language contains an explicit commitment cue,False
0446f7b00c92ba49c004c752f3b44adc6035a723d09cfde9639bd82032891862,PROMISE_OR_REVERSAL,38d4e1318130ba66ab3185fc18a03f67b7cafcbd234536f2c8d1ae9eb9ed8fbb,151,161,1,public language contains an explicit commitment cue,False
63a16c342c711409fc23c8989324d3a47979921d694237392952c7a382fffd0c,PROMISE_OR_REVERSAL,38d4e1318130ba66ab3185fc18a03f67b7cafcbd234536f2c8d1ae9eb9ed8fbb,151,161,1,public language contains an explicit commitment cue,False
0215bb0344823cdb974ab314dd82a0599a345a331f02fcae6bf30814d1e5e5e0,PROMISE_OR_REVERSAL,38d4e1318130ba66ab3185fc18a03f67b7cafcbd234536f2c8d1ae9eb9ed8fbb,151,161,1,public language contains an explicit commitment cue,False
03f62c1b82f02b39066d614037cfd6eba409b00d0c90fdeb3551f5aecc3df176,PROMISE_OR_REVERSAL,38d4e1318130ba66ab3185fc18a03f67b7cafcbd234536f2c8d1ae9eb9ed8fbb,151,161,1,public language contains an explicit commitment cue,False
0a325d12c5a61aa1a9940bb49871e83411222a55dfaef6475a96b7e368e1983c,PROMISE_OR_REVERSAL,38d4e1318130ba66ab3185fc18a03f67b7cafcbd234536f2c8d1ae9eb9ed8fbb,151,161,1,public language contains an explicit commitment cue,False
f94ba79d228e989c4746ce1e182f9c51cc8ca55dcd323da16b4e4a25c804ea13,PROMISE_OR_REVERSAL,38d4e1318130ba66ab3185fc18a03f67b7cafcbd234536f2c8d1ae9eb9ed8fbb,151,161,1,public language contains an explicit commitment cue,False
893d209c5f8940e9e1c33c6bc1a424b7f2a56100034b378c73293cf865451c6b,PROMISE_OR_REVERSAL,38d4e1318130ba66ab3185fc18a03f67b7cafcbd234536f2c8d1ae9eb9ed8fbb,151,161,1,public language contains an explicit commitment cue,False
633f90adf7396f03976b50cbfd7aa747c799e6a575a38b94ecae3cc1b01429e0,PROMISE_OR_REVERSAL,38d4e1318130ba66ab3185fc18a03f67b7cafcbd234536f2c8d1ae9eb9ed8fbb,151,161,1,public language contains an explicit commitment cue,False
e5aca5bcf13316b35ea749d613d060ec87b77e572c94c33b52e6a41b78f78ab0,PROMISE_OR_REVERSAL,38d4e1318130ba66ab3185fc18a03f67b7cafcbd234536f2c8d1ae9eb9ed8fbb,151,161,1,public language contains an explicit commitment cue,False
202e5838e8f3e0ab865c3a952aa505d74a55e5d9418e90816b3b168ac1f9f96b,PROMISE_OR_REVERSAL,38d4e1318130ba66ab3185fc18a03f67b7cafcbd234536f2c8d1ae9eb9ed8fbb,151,161,1,public language contains an explicit commitment cue,False
2de54186f5e3efd08b0eaedbe3059abafc115260b58b622817b9da8928d7e405,PROMISE_OR_REVERSAL,38d4e1318130ba66ab3185fc18a03f67b7cafcbd234536f2c8d1ae9eb9ed8fbb,151,161,1,public language contains an explicit commitment cue,False
15dde3ba6c029125d8b43f70c40859404d36be52797cbd3a97528d9c64bd02ef,PROMISE_OR_REVERSAL,38d4e1318130ba66ab3185fc18a03f67b7cafcbd234536f2c8d1ae9eb9ed8fbb,151,161,1,public language contains an explicit commitment cue,False
05d9b8fcfdc171f375877cb82db60e6626f8b8b006b12e28fd9c8349ac924c02,PROMISE_OR_REVERSAL,38d4e1318130ba66ab3185fc18a03f67b7cafcbd234536f2c8d1ae9eb9ed8fbb,151,161,1,public language contains an explicit commitment cue,False
b397fec39675f00ffb47f433da353d8f6bfe57dcb09736414a4c6cf369e85d02,PROMISE_OR_REVERSAL,38d4e1318130ba66ab3185fc18a03f67b7cafcbd234536f2c8d1ae9eb9ed8fbb,155,165,1,public language contains an explicit commitment cue,False
229c04e2548d7913ae9238a08c3c5af8a8db76dfcde08637cc433124c689d935,PROMISE_OR_REVERSAL,38d4e1318130ba66ab3185fc18a03f67b7cafcbd234536f2c8d1ae9eb9ed8fbb,155,165,1,public language contains an explicit commitment cue,False
5d9351dd4375c720e9be9deedf55cbac793507638b836c98a18b8201e9a9df4b,PROMISE_OR_REVERSAL,38d4e1318130ba66ab3185fc18a03f67b7cafcbd234536f2c8d1ae9eb9ed8fbb,155,165,1,public language contains an explicit commitment cue,False
c01d29a5c1df017c710da4e77113de21cf32844cf79e9658f5c0278732552f4c,PROMISE_OR_REVERSAL,38d4e1318130ba66ab3185fc18a03f67b7cafcbd234536f2c8d1ae9eb9ed8fbb,155,165,1,public language contains an explicit commitment cue,False
3054b53faf066e2237a2a39e36380eb898401217dfaf42a87451993db686dcfa,PROMISE_OR_REVERSAL,38d4e1318130ba66ab3185fc18a03f67b7cafcbd234536f2c8d1ae9eb9ed8fbb,155,165,1,public language contains an explicit commitment cue,False
1e70601e679c1204056d80fcecc8d15ef4e338210729a4ef7fc6d093bff7ee2a,PROMISE_OR_REVERSAL,38d4e1318130ba66ab3185fc18a03f67b7cafcbd234536f2c8d1ae9eb9ed8fbb,155,165,1,public language contains an explicit commitment cue,False
b5148145083b2e7249422663b9b1718aa0598acdae78213028db9fe63a0b16ba,PROMISE_OR_REVERSAL,38d4e1318130ba66ab3185fc18a03f67b7cafcbd234536f2c8d1ae9eb9ed8fbb,155,165,1,public language contains an explicit commitment cue,False
0a4be96921c1da3be836b89e28a35c1702691365ce2b9f4176d5730351a14a73,PROMISE_OR_REVERSAL,38d4e1318130ba66ab3185fc18a03f67b7cafcbd234536f2c8d1ae9eb9ed8fbb,155,165,1,public language contains an explicit commitment cue,False
c3ba82b4bd70f3027f993c9dffe4eba6e0dea1145cab2233f339c9cb61e92634,PROMISE_OR_REVERSAL,38d4e1318130ba66ab3185fc18a03f67b7cafcbd234536f2c8d1ae9eb9ed8fbb,159,169,1,public language contains an explicit commitment cue,True
1bdf415a2759861b5a8606fa86f775a66bc9bacd47448b9a3781c57260562c31,PROMISE_OR_REVERSAL,38d4e1318130ba66ab3185fc18a03f67b7cafcbd234536f2c8d1ae9eb9ed8fbb,159,169,1,public language contains an explicit commitment cue,False
7959dab8bc71e1a52ec731dd0384ddfca04f46e2082b09af61a575812ea4a41e,PROMISE_OR_REVERSAL,38d4e1318130ba66ab3185fc18a03f67b7cafcbd234536f2c8d1ae9eb9ed8fbb,159,169,1,public language contains an explicit commitment cue,False
b2608b2c22965706ba46eb01a8301b0fcb70770277e6ed65aad28922bbfd5c13,PROMISE_OR_REVERSAL,38d4e1318130ba66ab3185fc18a03f67b7cafcbd234536f2c8d1ae9eb9ed8fbb,159,169,1,public language contains an explicit commitment cue,False
44f5ef3b554f69b773e3fc0e74f7cc6055c25837a3bf42287040fba1c7fbd61b,PROMISE_OR_REVERSAL,38d4e1318130ba66ab3185fc18a03f67b7cafcbd234536f2c8d1ae9eb9ed8fbb,162,172,1,public language contains an explicit commitment cue,False
d8e2bb9cfd339a7ed90d80b7f375ef6162a676fd89a44544fb0c2a89431fd253,PROMISE_OR_REVERSAL,1b2a66f6ca3d62978bb77829003650ad1085d3f45ef821d976860e5f78d36b73,7,17,1,public language contains an explicit commitment cue,False
1f7d601337ae21760bc1ed4521ced6b7121ad507f658041be5643a7fb054d52d,PROMISE_OR_REVERSAL,1b2a66f6ca3d62978bb77829003650ad1085d3f45ef821d976860e5f78d36b73,7,17,1,public language contains an explicit commitment cue,False
9be4e56fdc8c7308aef7a5c8f7ee7b53c06db686bd3fd56eb363a039e8de687a,PROMISE_OR_REVERSAL,1b2a66f6ca3d62978bb77829003650ad1085d3f45ef821d976860e5f78d36b73,10,20,1,public language contains an explicit commitment cue,False
770605edda64cdcb31721c6da816a585f1773be4cf3623b2144f9d10b3c282a4,PROMISE_OR_REVERSAL,1b2a66f6ca3d62978bb77829003650ad1085d3f45ef821d976860e5f78d36b73,13,23,1,public language contains an explicit commitment cue,False
6d83b413278a5e417f27cd45dd1c774457a943deedbbfa164968a5e8f3a3e1fd,PROMISE_OR_REVERSAL,1b2a66f6ca3d62978bb77829003650ad1085d3f45ef821d976860e5f78d36b73,13,23,1,public language contains an explicit commitment cue,False
6692b1ebf5b7de2cad18649973bb854befa6f82f8d563d81d603f3b13658763d,PROMISE_OR_REVERSAL,1b2a66f6ca3d62978bb77829003650ad1085d3f45ef821d976860e5f78d36b73,16,26,1,public language contains an explicit commitment cue,False
efa64245d3df612ebb7b9e34af42af881a1d92e7ebfb5d6e630a43a9c3a6699a,PROMISE_OR_REVERSAL,1b2a66f6ca3d62978bb77829003650ad1085d3f45ef821d976860e5f78d36b73,19,29,1,public language contains an explicit commitment cue,False
e79f0fb2a8776172ba52cff0872af50e897af6867631bda4f0abe491a6e8c2a3,PROMISE_OR_REVERSAL,1b2a66f6ca3d62978bb77829003650ad1085d3f45ef821d976860e5f78d36b73,21,31,1,public language contains an explicit commitment cue,False
d6322f85a886886e1409db208a8b6e4fcd86d5eed5bbbef8ad7bf8ce0ed1780a,PROMISE_OR_REVERSAL,1b2a66f6ca3d62978bb77829003650ad1085d3f45ef821d976860e5f78d36b73,23,33,1,public language contains an explicit commitment cue,False
4293da99fb3fe540067ed574560797b366648cef9521f534a17931ddc531eecb,PROMISE_OR_REVERSAL,1b2a66f6ca3d62978bb77829003650ad1085d3f45ef821d976860e5f78d36b73,30,40,1,public language contains an explicit commitment cue,True
113f17bc5785267f1eaec5c1397eba5d499699c4ff6b74c00cd42bf879912e26,PROMISE_OR_REVERSAL,1b2a66f6ca3d62978bb77829003650ad1085d3f45ef821d976860e5f78d36b73,33,43,1,public language contains an explicit commitment cue,False
949f6b30280ad11e7ff5f370501e250b6afdbce54ace36b10a0c7905029037d9,PROMISE_OR_REVERSAL,1b2a66f6ca3d62978bb77829003650ad1085d3f45ef821d976860e5f78d36b73,36,46,1,public language contains an explicit commitment cue,False
e829f3a37dd538edce492d3e9ed86a1832391de25c4f09039fd9e2a354289604,PROMISE_OR_REVERSAL,1b2a66f6ca3d62978bb77829003650ad1085d3f45ef821d976860e5f78d36b73,36,46,1,public language contains an explicit commitment cue,False
e0f367be16ff29aaceffbe6b764d2023b4d70c95336217e0edba952f55a63180,PROMISE_OR_REVERSAL,1b2a66f6ca3d62978bb77829003650ad1085d3f45ef821d976860e5f78d36b73,40,50,1,public language contains an explicit commitment cue,False
3969e0dec08522eb4150f7416f97d50b504bb89a19e03b81b334df5797b6bb74,PROMISE_OR_REVERSAL,1b2a66f6ca3d62978bb77829003650ad1085d3f45ef821d976860e5f78d36b73,40,50,1,public language contains an explicit commitment cue,False
3a4f4a4898725b85fc71abec3bd108954cfd54e99bb60d758fcd18830aa86dd7,PROMISE_OR_REVERSAL,1b2a66f6ca3d62978bb77829003650ad1085d3f45ef821d976860e5f78d36b73,40,50,1,public language contains an explicit commitment cue,False
7e6f917f7c2c0921039699fe62e9429f8108105a5cfd9f0dc7e2c979271f73dd,PROMISE_OR_REVERSAL,1b2a66f6ca3d62978bb77829003650ad1085d3f45ef821d976860e5f78d36b73,42,52,1,public language contains an explicit commitment cue,False
f6535f30e76e37bf34c272ada251f959ef9d4ad164227347c5d61efdde0346d7,PROMISE_OR_REVERSAL,1b2a66f6ca3d62978bb77829003650ad1085d3f45ef821d976860e5f78d36b73,44,54,1,public language contains an explicit commitment cue,False
f2bf0c46731d13724bcafda97dfab12597a5a3e9ebc63a52f4e5617d2e1db8d8,PROMISE_OR_REVERSAL,1b2a66f6ca3d62978bb77829003650ad1085d3f45ef821d976860e5f78d36b73,48,58,1,public language contains an explicit commitment cue,False
d7a641ff2048d30cab1a2769ac2f7d3c94aca89ea32837aed679f78e43c30645,PROMISE_OR_REVERSAL,1b2a66f6ca3d62978bb77829003650ad1085d3f45ef821d976860e5f78d36b73,52,62,1,public language contains an explicit commitment cue,False
25363b3fc6e4adecb88b6ba3c809af78ad6beeb2c76f9d90277da71c0395527e,PROMISE_OR_REVERSAL,1b2a66f6ca3d62978bb77829003650ad1085d3f45ef821d976860e5f78d36b73,57,67,1,public language contains an explicit commitment cue,False
79d2b58affc5e97dd4aa2621a6dc20c908b569d7b4a65b0a2c85e6dbd4d0ff9c,PROMISE_OR_REVERSAL,1b2a66f6ca3d62978bb77829003650ad1085d3f45ef821d976860e5f78d36b73,57,67,1,public language contains an explicit commitment cue,False
9aa6afc394e1ce303f2a9306651a62a6c8c2f063b5496b4a870240d0e697d4aa,PROMISE_OR_REVERSAL,1b2a66f6ca3d62978bb77829003650ad1085d3f45ef821d976860e5f78d36b73,58,68,1,public language contains an explicit commitment cue,False
03b02b5cccf8067a89156fc5a3df901c2955008f92f090c38ca28d9ba66d4000,PROMISE_OR_REVERSAL,1b2a66f6ca3d62978bb77829003650ad1085d3f45ef821d976860e5f78d36b73,61,71,1,public language contains an explicit commitment cue,False
fe1d32fafc2f22271bbeefab1039d33662e975e17eb68fe3125fa82a90db4162,PROMISE_OR_REVERSAL,1b2a66f6ca3d62978bb77829003650ad1085d3f45ef821d976860e5f78d36b73,61,71,1,public language contains an explicit commitment cue,False
8fa31697079b8bbdd1d4a005af7db60f105dafb904e24c9869c140d01484bbb0,PROMISE_OR_REVERSAL,1b2a66f6ca3d62978bb77829003650ad1085d3f45ef821d976860e5f78d36b73,61,71,1,public language contains an explicit commitment cue,False
752fda31da583c2c7c41737f28d5ad2245f1ed607a9a1821193c6b4e627e6871,PROMISE_OR_REVERSAL,1b2a66f6ca3d62978bb77829003650ad1085d3f45ef821d976860e5f78d36b73,62,72,1,public language contains an explicit commitment cue,False
8549d8d1be45ec15b37a597ac317e16a3dea8c64382c2c7f845327e147da4fa2,PROMISE_OR_REVERSAL,1b2a66f6ca3d62978bb77829003650ad1085d3f45ef821d976860e5f78d36b73,62,72,1,public language contains an explicit commitment cue,False
0a39b2b306a128cd8871043e3c7242c84c88cbb811d79772902d0af0f488ee71,PROMISE_OR_REVERSAL,1b2a66f6ca3d62978bb77829003650ad1085d3f45ef821d976860e5f78d36b73,62,72,1,public language contains an explicit commitment cue,False
42e917c751d05b930dc8d1f0096901d6035127e898fc2ca6e2467083d2bb3119,PROMISE_OR_REVERSAL,1b2a66f6ca3d62978bb77829003650ad1085d3f45ef821d976860e5f78d36b73,62,72,1,public language contains an explicit commitment cue,False
0dad1d9c609aceee4deaba3f2642f693347d843a8a21f1f429aae4affa8f79bf,PROMISE_OR_REVERSAL,1b2a66f6ca3d62978bb77829003650ad1085d3f45ef821d976860e5f78d36b73,65,75,1,public language contains an explicit commitment cue,False
1abf5b7565c7f24abac4656efe371454c68c9dd04a5873ae95ba8e3532324a59,PROMISE_OR_REVERSAL,1b2a66f6ca3d62978bb77829003650ad1085d3f45ef821d976860e5f78d36b73,66,76,1,public language contains an explicit commitment cue,False
076c4769adf91c20597e9aeb03f2dd232744c956fe41be1a7f9714ce3f99bb21,PROMISE_OR_REVERSAL,1b2a66f6ca3d62978bb77829003650ad1085d3f45ef821d976860e5f78d36b73,67,77,1,public language contains an explicit commitment cue,False
343cbb78dba7d371954601ee89b160d93f60dae86ee5eba559decbfc98e78b7b,PROMISE_OR_REVERSAL,1b2a66f6ca3d62978bb77829003650ad1085d3f45ef821d976860e5f78d36b73,69,79,1,public language contains an explicit commitment cue,False
514c47343974a2bf6b4d32e56b9b158be02e1effdbab5d6ccf853ff0d2b2e3e7,PROMISE_OR_REVERSAL,1b2a66f6ca3d62978bb77829003650ad1085d3f45ef821d976860e5f78d36b73,93,103,1,public language contains an explicit commitment cue,False
65b0c590e10d773bf258c28f97c98cc80f4f1dce49e2b0c2afb465e30b9b2a49,PROMISE_OR_REVERSAL,1b2a66f6ca3d62978bb77829003650ad1085d3f45ef821d976860e5f78d36b73,96,106,1,public language contains an explicit commitment cue,False
a6a4c009ac805eaa147758da3d98ab4c71401f29543bbf02e70506d0bd7fde95,PROMISE_OR_REVERSAL,1b2a66f6ca3d62978bb77829003650ad1085d3f45ef821d976860e5f78d36b73,99,109,1,public language contains an explicit commitment cue,False
828150dd273cbbb04268ecbe99d2a38b8ed6fde99c2b39d87e1ce5a3d14c1a41,PROMISE_OR_REVERSAL,1b2a66f6ca3d62978bb77829003650ad1085d3f45ef821d976860e5f78d36b73,99,109,1,public language contains an explicit commitment cue,False
13d9ee0160b89e91363f543328790b424060d1c30abda20080890e66e8c61bf4,PROMISE_OR_REVERSAL,1b2a66f6ca3d62978bb77829003650ad1085d3f45ef821d976860e5f78d36b73,99,109,1,public language contains an explicit commitment cue,False
d5a9039a8b501c93081f1b3e13ea04c123fc46959daa4afd19ce7d14dd25830d,PROMISE_OR_REVERSAL,1b2a66f6ca3d62978bb77829003650ad1085d3f45ef821d976860e5f78d36b73,102,112,1,public language contains an explicit commitment cue,False
e1438671c8b255bcb4d32023e8c6a5804f817798a68c88f6b68c58f83b2728d2,PROMISE_OR_REVERSAL,1b2a66f6ca3d62978bb77829003650ad1085d3f45ef821d976860e5f78d36b73,109,119,1,public language contains an explicit commitment cue,False
50670aa3f7536ffd7a3461d63a108074a478fe83a58b3d19756db906f0beccea,PROMISE_OR_REVERSAL,1b2a66f6ca3d62978bb77829003650ad1085d3f45ef821d976860e5f78d36b73,111,121,1,public language contains an explicit commitment cue,False
7d5e21db410f2a8b2e7b3604d03e602fddd304abbdbfd176b8617f733c1a8dc8,PROMISE_OR_REVERSAL,1b2a66f6ca3d62978bb77829003650ad1085d3f45ef821d976860e5f78d36b73,120,130,1,public language contains an explicit commitment cue,False
6a79d75760597034db76cb63bc92132396abfe7907d1ccf070eef32b82ffb6bf,PROMISE_OR_REVERSAL,1b2a66f6ca3d62978bb77829003650ad1085d3f45ef821d976860e5f78d36b73,123,133,1,public language contains an explicit commitment cue,False
9d8abd2f37b401cbe4b3e87448452a9a24e1f0dd81e5037f322c0859732aad3f,PROMISE_OR_REVERSAL,1b2a66f6ca3d62978bb77829003650ad1085d3f45ef821d976860e5f78d36b73,123,133,1,public language contains an explicit commitment cue,False
2b379e8c9d5ab0a9c44d0f8a611e91873f661fe75e4b8c84b0138a098db637d4,PROMISE_OR_REVERSAL,1b2a66f6ca3d62978bb77829003650ad1085d3f45ef821d976860e5f78d36b73,126,136,1,public language contains an explicit commitment cue,False
a0055bb187e503ee485e51d8c238013c21ef2c3673a736ee028532ffc3e492cb,PROMISE_OR_REVERSAL,1b2a66f6ca3d62978bb77829003650ad1085d3f45ef821d976860e5f78d36b73,126,136,1,public language contains an explicit commitment cue,False
b088f79e043b69cbd8be52202b10ee94c8964c3e54207583e15b32bd68fa1cf6,PROMISE_OR_REVERSAL,1b2a66f6ca3d62978bb77829003650ad1085d3f45ef821d976860e5f78d36b73,126,136,1,public language contains an explicit commitment cue,False
dbec9162250640675c5a785a34d11ad7207aebaa5bbc14513ef0b324292acaf0,PROMISE_OR_REVERSAL,1b2a66f6ca3d62978bb77829003650ad1085d3f45ef821d976860e5f78d36b73,126,136,1,public language contains an explicit commitment cue,False
cf37074de29023386516e95b208864cfc25f52e2c51fc80aaf942271b11adba5,PROMISE_OR_REVERSAL,1b2a66f6ca3d62978bb77829003650ad1085d3f45ef821d976860e5f78d36b73,130,140,1,public language contains an explicit commitment cue,False
1bfc03568700f66c6a6bc801c8272809e17003be9b10a3a03f32c930631a4b53,PROMISE_OR_REVERSAL,1b2a66f6ca3d62978bb77829003650ad1085d3f45ef821d976860e5f78d36b73,136,146,1,public language contains an explicit commitment cue,False
427eb504f61ef637ec15927b30cd727bb34808d6dd8892e67336cbe49a5faa23,PROMISE_OR_REVERSAL,1b2a66f6ca3d62978bb77829003650ad1085d3f45ef821d976860e5f78d36b73,138,148,1,public language contains an explicit commitment cue,False
a7e90d458b230648c247983e061cb45de0178b6457d475d3e359e83a448670a7,PROMISE_OR_REVERSAL,1b2a66f6ca3d62978bb77829003650ad1085d3f45ef821d976860e5f78d36b73,139,149,1,public language contains an explicit commitment cue,False
fae1aada42995dc99e9e6cf472487ed9f20ab51ff992a09f1db0a35ca038613f,PROMISE_OR_REVERSAL,1b2a66f6ca3d62978bb77829003650ad1085d3f45ef821d976860e5f78d36b73,139,149,1,public language contains an explicit commitment cue,False
0da3f992e47e24e97c9b53973ce4b328270e86690acc7fb3d32ebc7c0332ed42,PROMISE_OR_REVERSAL,1b2a66f6ca3d62978bb77829003650ad1085d3f45ef821d976860e5f78d36b73,139,149,1,public language contains an explicit commitment cue,False
60678709a28ccac0b45f50faa16dad962aca550494cf862886976256932dd8e8,PROMISE_OR_REVERSAL,1b2a66f6ca3d62978bb77829003650ad1085d3f45ef821d976860e5f78d36b73,139,149,1,public language contains an explicit commitment cue,False
f1e3bb866ccd4271eb8300ea58120591e42c4de28bbae75ba17783c9a0bb0492,PROMISE_OR_REVERSAL,1b2a66f6ca3d62978bb77829003650ad1085d3f45ef821d976860e5f78d36b73,139,149,1,public language contains an explicit commitment cue,False
8986480ec6e2250f0e1c1266a5d00435e8228b02b8383b66a85b1c065265e665,PROMISE_OR_REVERSAL,1b2a66f6ca3d62978bb77829003650ad1085d3f45ef821d976860e5f78d36b73,139,149,1,public language contains an explicit commitment cue,False
b854d879db495588c0b553006f5a213912d18bc4926e27bf1133e15f9bfd61ef,PROMISE_OR_REVERSAL,1b2a66f6ca3d62978bb77829003650ad1085d3f45ef821d976860e5f78d36b73,139,149,1,public language contains an explicit commitment cue,False
c6c7043d9344989d6434424183cdf52fdc3ecd2f0ff406e2b90c2239743f2bba,PROMISE_OR_REVERSAL,1b2a66f6ca3d62978bb77829003650ad1085d3f45ef821d976860e5f78d36b73,139,149,1,public language contains an explicit commitment cue,False
549b1276bfcbfcd1b42d2f73a91cad98acc5f16eb75e1a81cea26c72972dfe53,PROMISE_OR_REVERSAL,1b2a66f6ca3d62978bb77829003650ad1085d3f45ef821d976860e5f78d36b73,141,151,1,public language contains an explicit commitment cue,False
4b865604ad11445873f25f4ae220ce0bbc2d03db46194cd9637fa150a9970dbe,PROMISE_OR_REVERSAL,1b2a66f6ca3d62978bb77829003650ad1085d3f45ef821d976860e5f78d36b73,142,152,1,public language contains an explicit commitment cue,False
b404c11f7d0efb0a84e57f39575f4fd2335297998024321b9a19a8f62b59e7e0,PROMISE_OR_REVERSAL,1b2a66f6ca3d62978bb77829003650ad1085d3f45ef821d976860e5f78d36b73,148,154,1,public language contains an explicit commitment cue,False
cad5274b6e26aa2454e64daf7f1500871d814d78b81b446621101ac332de2071,PROMISE_OR_REVERSAL,1b2a66f6ca3d62978bb77829003650ad1085d3f45ef821d976860e5f78d36b73,150,154,1,public language contains an explicit commitment cue,False
c3a60b76f0509845c57484b63d74d79bb88675a11dab478de60f5bb50c3cb7ea,PROMISE_OR_REVERSAL,1b2a66f6ca3d62978bb77829003650ad1085d3f45ef821d976860e5f78d36b73,152,154,1,public language contains an explicit commitment cue,False
c49e077b93b6e5fe6b0c6b782f51e3cd4447ff7592bd0e519087d6fc7f76b71c,PROMISE_OR_REVERSAL,1b2a66f6ca3d62978bb77829003650ad1085d3f45ef821d976860e5f78d36b73,152,154,1,public language contains an explicit commitment cue,False
29c2a046bfeda4d6ec25ab88432ac6a861b8ab6ac6c5d2b2a2646b88511e3583,PROMISE_OR_REVERSAL,1b2a66f6ca3d62978bb77829003650ad1085d3f45ef821d976860e5f78d36b73,152,154,1,public language contains an explicit commitment cue,False
17f7b3716951ec0f11eca3682fac157a1f5203865806f1291b546fa247e5d527,PROMISE_OR_REVERSAL,1b2a66f6ca3d62978bb77829003650ad1085d3f45ef821d976860e5f78d36b73,153,154,1,public language contains an explicit commitment cue,False
dcb9437bacc9b7226b407b5729b6e157902936f2be940b22322325fb60c27fe3,PROMISE_OR_REVERSAL,1b2a66f6ca3d62978bb77829003650ad1085d3f45ef821d976860e5f78d36b73,153,154,1,public language contains an explicit commitment cue,False
aea2e0aa3ff4363781d49c89224b14e473b7d1fd7582b8869761f135f8f605d2,PROMISE_OR_REVERSAL,3cbbc09499c1275328c9c27a3ce1ca60b93581b17e87857d07d0a1ff41ab2b01,0,10,1,public language contains an explicit commitment cue,False
2226e655446522cbd6efec44ae9233c5700b3072f61743b0706d2a287b9d97fc,PROMISE_OR_REVERSAL,3cbbc09499c1275328c9c27a3ce1ca60b93581b17e87857d07d0a1ff41ab2b01,1,11,1,public language contains an explicit commitment cue,False
868a898141c8a73ed6b3b93d2eefea1645f9e795d7b18a711621ac36f6fdc2b6,PROMISE_OR_REVERSAL,3cbbc09499c1275328c9c27a3ce1ca60b93581b17e87857d07d0a1ff41ab2b01,4,14,1,public language contains an explicit commitment cue,False
32fa66ec2acb99b8707966061037531314333bec635842e83d1bcd6c3f992fa4,PROMISE_OR_REVERSAL,3cbbc09499c1275328c9c27a3ce1ca60b93581b17e87857d07d0a1ff41ab2b01,4,14,1,public language contains an explicit commitment cue,False
7eaba78d7cd5f34312a6e628686c862c51988a41b9d547f0f467c55778d3360c,PROMISE_OR_REVERSAL,3cbbc09499c1275328c9c27a3ce1ca60b93581b17e87857d07d0a1ff41ab2b01,4,14,1,public language contains an explicit commitment cue,False
430e2ee628c8e07798d0b14fd1b5cd3dea6fe1a9b7eec2a7c7022144f7dc9df0,PROMISE_OR_REVERSAL,3cbbc09499c1275328c9c27a3ce1ca60b93581b17e87857d07d0a1ff41ab2b01,4,14,1,public language contains an explicit commitment cue,False
65034ea5c83145a3f2ab301517f826c79a69c48ba391a2914d048fa108e1fb54,PROMISE_OR_REVERSAL,3cbbc09499c1275328c9c27a3ce1ca60b93581b17e87857d07d0a1ff41ab2b01,4,14,1,public language contains an explicit commitment cue,False
9620eec90b3cad8384d4c3a05601343d4a85d05047ee35ea1cfa9a6c3eaaa0ee,PROMISE_OR_REVERSAL,3cbbc09499c1275328c9c27a3ce1ca60b93581b17e87857d07d0a1ff41ab2b01,4,14,1,public language contains an explicit commitment cue,False
e0b668b17fcdd678b4aea1f707d5780a2fff2a4296aec3edf29cf71833841bdf,PROMISE_OR_REVERSAL,3cbbc09499c1275328c9c27a3ce1ca60b93581b17e87857d07d0a1ff41ab2b01,6,16,1,public language contains an explicit commitment cue,False
e252a63ca0ca4b243999963c41ffd46aeb7d8143570abacc6b01f5c4e91eb764,PROMISE_OR_REVERSAL,3cbbc09499c1275328c9c27a3ce1ca60b93581b17e87857d07d0a1ff41ab2b01,8,18,1,public language contains an explicit commitment cue,False
cf3531f6ef55a66bd2ec17ecde86e72b7332406d358bb71acad5a1c6fe4f6164,PROMISE_OR_REVERSAL,3cbbc09499c1275328c9c27a3ce1ca60b93581b17e87857d07d0a1ff41ab2b01,8,18,1,public language contains an explicit commitment cue,False
eb86d09c34367ac00b0d6f1964b86b848b352f8b90d9e4feffe202b8d542b0bc,PROMISE_OR_REVERSAL,3cbbc09499c1275328c9c27a3ce1ca60b93581b17e87857d07d0a1ff41ab2b01,8,18,1,public language contains an explicit commitment cue,False
4e7c8243c48004c5823b866a279a99bb52ea1d55f58ec0a41c0e8f6d30773d44,PROMISE_OR_REVERSAL,3cbbc09499c1275328c9c27a3ce1ca60b93581b17e87857d07d0a1ff41ab2b01,12,22,1,public language contains an explicit commitment cue,False
d7f0d671a75aae534f37b11f50d679d98e1ec9fe1655be0701211983a834ac5d,PROMISE_OR_REVERSAL,3cbbc09499c1275328c9c27a3ce1ca60b93581b17e87857d07d0a1ff41ab2b01,12,22,1,public language contains an explicit commitment cue,False
4e6177efd0bea9429b1ab7a449dc9869200405d856397f81e9d2c2b674cabcc7,PROMISE_OR_REVERSAL,3cbbc09499c1275328c9c27a3ce1ca60b93581b17e87857d07d0a1ff41ab2b01,12,22,1,public language contains an explicit commitment cue,False
322b24738a51f31bf38aa190cbdc20d83e9569cea11d1690e96e1e2f3461e58b,PROMISE_OR_REVERSAL,3cbbc09499c1275328c9c27a3ce1ca60b93581b17e87857d07d0a1ff41ab2b01,12,22,1,public language contains an explicit commitment cue,False
28d07116781c47e2b5d25fe3de8b47f4ad5c62c191429ee30734444ba76a9f62,PROMISE_OR_REVERSAL,3cbbc09499c1275328c9c27a3ce1ca60b93581b17e87857d07d0a1ff41ab2b01,12,22,1,public language contains an explicit commitment cue,False
2bc8c65bca8889eff9b8c7a016cfe481f95749b6c63e0ad3ef427a7bd7f97933,PROMISE_OR_REVERSAL,3cbbc09499c1275328c9c27a3ce1ca60b93581b17e87857d07d0a1ff41ab2b01,12,22,1,public language contains an explicit commitment cue,False
6985607eae754881f3cdd879126c37b3bcfa4ad3d57deeb9e5501c3d5b8a23aa,PROMISE_OR_REVERSAL,3cbbc09499c1275328c9c27a3ce1ca60b93581b17e87857d07d0a1ff41ab2b01,16,26,1,public language contains an explicit commitment cue,True
e6dcd470c924deaa24b7afef519d91447edc31d34f29f29b7df20df7cae28f9c,PROMISE_OR_REVERSAL,3cbbc09499c1275328c9c27a3ce1ca60b93581b17e87857d07d0a1ff41ab2b01,16,26,1,public language contains an explicit commitment cue,False
6d0df944b770371fc7ffe8e3d6d28b045ecd228adae3b33e1befc72cfaec6fe6,PROMISE_OR_REVERSAL,3cbbc09499c1275328c9c27a3ce1ca60b93581b17e87857d07d0a1ff41ab2b01,16,26,1,public language contains an explicit commitment cue,False
f0fb3e56172f14500a3971299bc587f7fe7d753da706c7de7c6a3d8442b044c3,PROMISE_OR_REVERSAL,3cbbc09499c1275328c9c27a3ce1ca60b93581b17e87857d07d0a1ff41ab2b01,16,26,1,public language contains an explicit commitment cue,False
a230fbfd6096290c2f0b14334086782181484f9171922a5187a055b16c8033c8,PROMISE_OR_REVERSAL,3cbbc09499c1275328c9c27a3ce1ca60b93581b17e87857d07d0a1ff41ab2b01,18,28,1,public language contains an explicit commitment cue,True
b81ca4c190191f4e3966ec027d49d6da08ff3a03f59a0e81a6c6314947058835,PROMISE_OR_REVERSAL,3cbbc09499c1275328c9c27a3ce1ca60b93581b17e87857d07d0a1ff41ab2b01,20,30,1,public language contains an explicit commitment cue,False
b3a98f49eccc08283448f6770094fcba94f3b1ec2764c08cd39bf7a30b972578,PROMISE_OR_REVERSAL,3cbbc09499c1275328c9c27a3ce1ca60b93581b17e87857d07d0a1ff41ab2b01,20,30,1,public language contains an explicit commitment cue,False
5dd2eff2f9aac98cd9b1c135d7d61daa182155a34cf6ee685e473ef6c7ecdbfc,PROMISE_OR_REVERSAL,3cbbc09499c1275328c9c27a3ce1ca60b93581b17e87857d07d0a1ff41ab2b01,20,30,1,public language contains an explicit commitment cue,False
082d79235aef6369bb46899cd3301402aa3b6c8ea3f6c2b51bf5faf86eb9f9ef,PROMISE_OR_REVERSAL,3cbbc09499c1275328c9c27a3ce1ca60b93581b17e87857d07d0a1ff41ab2b01,21,31,1,public language contains an explicit commitment cue,False
e40035b98cdf14bbbf3362ba175f950c9431639f6d9054bae6440aef9fdfd06e,PROMISE_OR_REVERSAL,3cbbc09499c1275328c9c27a3ce1ca60b93581b17e87857d07d0a1ff41ab2b01,21,31,1,public language contains an explicit commitment cue,False
45e015160ece7a29e59e3898e05a868e6811dc5ca2eeb64c992c7169aec53622,PROMISE_OR_REVERSAL,3cbbc09499c1275328c9c27a3ce1ca60b93581b17e87857d07d0a1ff41ab2b01,21,31,1,public language contains an explicit commitment cue,False
1170076c0a7004e8c735622f58fb4c9157900a99790b351f3580e4f02d185bdd,PROMISE_OR_REVERSAL,3cbbc09499c1275328c9c27a3ce1ca60b93581b17e87857d07d0a1ff41ab2b01,23,33,1,public language contains an explicit commitment cue,False
f6054ccf92e709ae3538ed86eb94e8abf15ba437b5ed733685d918f893472d82,PROMISE_OR_REVERSAL,3cbbc09499c1275328c9c27a3ce1ca60b93581b17e87857d07d0a1ff41ab2b01,26,36,1,public language contains an explicit commitment cue,False
e2a79a773b3e195e9511e1ffadd7049c0cd26bd3c2355883ad840bc9c02a285b,PROMISE_OR_REVERSAL,3cbbc09499c1275328c9c27a3ce1ca60b93581b17e87857d07d0a1ff41ab2b01,30,40,1,public language contains an explicit commitment cue,False
c822ad3e58fc835030c185368fdcea0783954b39935135b6318e635093f2b117,PROMISE_OR_REVERSAL,3cbbc09499c1275328c9c27a3ce1ca60b93581b17e87857d07d0a1ff41ab2b01,30,40,1,public language contains an explicit commitment cue,False
244e4c9810e8ff4740f6c9f975b03a1118845cef801e997cb50a312c4689e077,PROMISE_OR_REVERSAL,3cbbc09499c1275328c9c27a3ce1ca60b93581b17e87857d07d0a1ff41ab2b01,31,41,1,public language contains an explicit commitment cue,False
b1e52691c4686488f90b4484fe80f2f701ad7a5e31497f432fa93164e7a0bb01,PROMISE_OR_REVERSAL,3cbbc09499c1275328c9c27a3ce1ca60b93581b17e87857d07d0a1ff41ab2b01,31,41,1,public language contains an explicit commitment cue,False
194f8ea81284842f8cc1c4dea110057e54a9d18745da1c94fa2868c8cc504df2,PROMISE_OR_REVERSAL,3cbbc09499c1275328c9c27a3ce1ca60b93581b17e87857d07d0a1ff41ab2b01,35,45,1,public language contains an explicit commitment cue,False
c2039457716706f87217114ae6631f8ceb00b293381fb80fb1f982c6ee239e63,PROMISE_OR_REVERSAL,3cbbc09499c1275328c9c27a3ce1ca60b93581b17e87857d07d0a1ff41ab2b01,35,45,1,public language contains an explicit commitment cue,False
cadeb1834d13d70380876c57eb3faaf6d38c807ed7fc8efe86d53d13d8b46b30,PROMISE_OR_REVERSAL,3cbbc09499c1275328c9c27a3ce1ca60b93581b17e87857d07d0a1ff41ab2b01,43,53,1,public language contains an explicit commitment cue,False
ce059f1bde3437e0bd41a539bee161e652a2c7652716a2f808640abd75d0f3bf,PROMISE_OR_REVERSAL,3cbbc09499c1275328c9c27a3ce1ca60b93581b17e87857d07d0a1ff41ab2b01,43,53,1,public language contains an explicit commitment cue,False
f8fe08d513997008fdfef76b0052baa3124ed157bd1b6040fbf866f7923371c1,PROMISE_OR_REVERSAL,3cbbc09499c1275328c9c27a3ce1ca60b93581b17e87857d07d0a1ff41ab2b01,44,54,1,public language contains an explicit commitment cue,False
e316543725b92b158d96fa438c835374820d00abee09e802dffde60201219929,PROMISE_OR_REVERSAL,3cbbc09499c1275328c9c27a3ce1ca60b93581b17e87857d07d0a1ff41ab2b01,47,57,1,public language contains an explicit commitment cue,False
4c487176ed1cc9f2f114bba9d4fd369eaee749e71b00a9820cf732df49211adc,PROMISE_OR_REVERSAL,3cbbc09499c1275328c9c27a3ce1ca60b93581b17e87857d07d0a1ff41ab2b01,47,57,1,public language contains an explicit commitment cue,False
ba7db62c0e3feaf1cf2a529ed71c15ad3da5a768c87adf0d6d1cad7dc15cad89,PROMISE_OR_REVERSAL,3cbbc09499c1275328c9c27a3ce1ca60b93581b17e87857d07d0a1ff41ab2b01,47,57,1,public language contains an explicit commitment cue,False
d505c89d5fd88e4b8900e863d762f0f7e50a53800dd857d2e5489a7aeb7f2760,PROMISE_OR_REVERSAL,3cbbc09499c1275328c9c27a3ce1ca60b93581b17e87857d07d0a1ff41ab2b01,47,57,1,public language contains an explicit commitment cue,False
ab1b9cf5d9cddaf5028ed9256cc8521484442c8291f63b109ca0f0d3c0c8964e,PROMISE_OR_REVERSAL,3cbbc09499c1275328c9c27a3ce1ca60b93581b17e87857d07d0a1ff41ab2b01,47,57,1,public language contains an explicit commitment cue,False
5eb042f492f88973cc80e336f9b149083149d29661c83542c012345e72d72865,PROMISE_OR_REVERSAL,3cbbc09499c1275328c9c27a3ce1ca60b93581b17e87857d07d0a1ff41ab2b01,52,62,1,public language contains an explicit commitment cue,False
24c6ec76cfd32db839892efd2226e10aceba84e3cefb5887d944cb0dc613dcc7,PROMISE_OR_REVERSAL,3cbbc09499c1275328c9c27a3ce1ca60b93581b17e87857d07d0a1ff41ab2b01,57,67,1,public language contains an explicit commitment cue,False
27a5bc0cc4b8ea9fa78e9f32812ab5e0ac41d1a921437f980ff5286f06b81287,PROMISE_OR_REVERSAL,3cbbc09499c1275328c9c27a3ce1ca60b93581b17e87857d07d0a1ff41ab2b01,57,67,1,public language contains an explicit commitment cue,False
d407abe0ceac6d3b05d2e9adb48692bc321b28475f7841b75c09506d0cc9c2b8,PROMISE_OR_REVERSAL,3cbbc09499c1275328c9c27a3ce1ca60b93581b17e87857d07d0a1ff41ab2b01,62,72,1,public language contains an explicit commitment cue,False
1f9f1386f8fe0ce1f9c6c0795dfd46e06ed512fea4e0a203992de33cf9d2dba2,PROMISE_OR_REVERSAL,3cbbc09499c1275328c9c27a3ce1ca60b93581b17e87857d07d0a1ff41ab2b01,62,72,1,public language contains an explicit commitment cue,False
a9ffe60bba79b3d31b29fe054724ee4eeab2e179dec4bac96e95fb9659b70376,PROMISE_OR_REVERSAL,3cbbc09499c1275328c9c27a3ce1ca60b93581b17e87857d07d0a1ff41ab2b01,62,72,1,public language contains an explicit commitment cue,False
297b4408efcb9a8065e4add57ad5d07587b787152ea42a6add836105679ae74a,PROMISE_OR_REVERSAL,3cbbc09499c1275328c9c27a3ce1ca60b93581b17e87857d07d0a1ff41ab2b01,67,77,1,public language contains an explicit commitment cue,False
42a0e6ea0832f287a712c633efb7fd99fd8175ae7cadfa559f500fa610bef98a,PROMISE_OR_REVERSAL,3cbbc09499c1275328c9c27a3ce1ca60b93581b17e87857d07d0a1ff41ab2b01,73,83,1,public language contains an explicit commitment cue,False
49fefacaf0db54cee3ad24a671aa784232575a1b113629dbdcda0f55eeee9907,PROMISE_OR_REVERSAL,3cbbc09499c1275328c9c27a3ce1ca60b93581b17e87857d07d0a1ff41ab2b01,73,83,1,public language contains an explicit commitment cue,False
4d5dc844c8933c31e59767adc4f01dab5bf2feea3600d438c01cf828e649e33c,PROMISE_OR_REVERSAL,3cbbc09499c1275328c9c27a3ce1ca60b93581b17e87857d07d0a1ff41ab2b01,73,83,1,public language contains an explicit commitment cue,False
e0d3b852a0cca8e696562113526356c5102c7bf759301d61771ec6c3c394a797,PROMISE_OR_REVERSAL,3cbbc09499c1275328c9c27a3ce1ca60b93581b17e87857d07d0a1ff41ab2b01,73,83,1,public language contains an explicit commitment cue,False
ce626d38fd7439dafc2bca2b6acda8353534a425744b7c977fd80d539633bc0a,PROMISE_OR_REVERSAL,3cbbc09499c1275328c9c27a3ce1ca60b93581b17e87857d07d0a1ff41ab2b01,73,83,1,public language contains an explicit commitment cue,False
839a15cb348211201c66e99784e401509afcead86dfcbac5c47fef553730eaca,PROMISE_OR_REVERSAL,3cbbc09499c1275328c9c27a3ce1ca60b93581b17e87857d07d0a1ff41ab2b01,73,83,1,public language contains an explicit commitment cue,False
f97d8142266444a7cfdc217383a05168f80c0530325549a614e827fe93dd1d61,PROMISE_OR_REVERSAL,3cbbc09499c1275328c9c27a3ce1ca60b93581b17e87857d07d0a1ff41ab2b01,73,83,1,public language contains an explicit commitment cue,False
2504a13e48a3b6588cb76c041adee1b01efe29cea72f1c8765d5cad668b96cb5,PROMISE_OR_REVERSAL,3cbbc09499c1275328c9c27a3ce1ca60b93581b17e87857d07d0a1ff41ab2b01,73,83,1,public language contains an explicit commitment cue,False
fcd0ab265154e37c558e42e1dd09d2fb871eb7b5eab0b1e337087b5135b4ba20,PROMISE_OR_REVERSAL,3cbbc09499c1275328c9c27a3ce1ca60b93581b17e87857d07d0a1ff41ab2b01,73,83,1,public language contains an explicit commitment cue,False
938e3b79837af52c7e31ad5814e217edb4804b46fdda8f1f60a32639b70749c4,PROMISE_OR_REVERSAL,3cbbc09499c1275328c9c27a3ce1ca60b93581b17e87857d07d0a1ff41ab2b01,73,83,1,public language contains an explicit commitment cue,False
53b647bc70bf9fb0ff4c46de4e701c2d75d597d2489d5bd0eee9cc5787f7b541,PROMISE_OR_REVERSAL,3cbbc09499c1275328c9c27a3ce1ca60b93581b17e87857d07d0a1ff41ab2b01,73,83,1,public language contains an explicit commitment cue,False
12456fba6a857a5e8bf8d6d7fc8231be1913c778a8b9e7939209dc590105d263,PROMISE_OR_REVERSAL,3cbbc09499c1275328c9c27a3ce1ca60b93581b17e87857d07d0a1ff41ab2b01,74,84,1,public language contains an explicit commitment cue,False
88c5a1924c4dcf39a1abd1f8b2dda34fc9abcc234f378c7d0a42058d3099a0dc,PROMISE_OR_REVERSAL,3cbbc09499c1275328c9c27a3ce1ca60b93581b17e87857d07d0a1ff41ab2b01,77,87,1,public language contains an explicit commitment cue,False
c5a438ede015379bab97dbf2312e68bbe119a800bd7f52f79021c53256c635eb,PROMISE_OR_REVERSAL,3cbbc09499c1275328c9c27a3ce1ca60b93581b17e87857d07d0a1ff41ab2b01,77,87,1,public language contains an explicit commitment cue,False
362c91d6c864dcbddc20b6493b93d5887c137b42462b69c06aae7060e1bf5002,PROMISE_OR_REVERSAL,3cbbc09499c1275328c9c27a3ce1ca60b93581b17e87857d07d0a1ff41ab2b01,77,87,1,public language contains an explicit commitment cue,False
974c01e7efeaba25a67e8091c66cf5d19fa473403fddf3635fcac782a80aa8bd,PROMISE_OR_REVERSAL,3cbbc09499c1275328c9c27a3ce1ca60b93581b17e87857d07d0a1ff41ab2b01,77,87,1,public language contains an explicit commitment cue,False
2a536c26c1f05d1e4b85ef20b0367ecb50172cd6157ee5dfebecb728a257a07e,PROMISE_OR_REVERSAL,3cbbc09499c1275328c9c27a3ce1ca60b93581b17e87857d07d0a1ff41ab2b01,77,87,1,public language contains an explicit commitment cue,False
3fe40a062df33a1e673c993d154e4f0f4306f9b9fbce48c307b1db587e74135c,PROMISE_OR_REVERSAL,3cbbc09499c1275328c9c27a3ce1ca60b93581b17e87857d07d0a1ff41ab2b01,77,87,1,public language contains an explicit commitment cue,False
cd8cbf9d606652a298f3e7d6d6410b2997d948a8b35b7a53c1bdfd8f58f6daf1,PROMISE_OR_REVERSAL,3cbbc09499c1275328c9c27a3ce1ca60b93581b17e87857d07d0a1ff41ab2b01,77,87,1,public language contains an explicit commitment cue,False
1e270f0ce681cd7020cf103708e4c990b165ddd1daf51bb02bbda5f5d8b27cda,PROMISE_OR_REVERSAL,3cbbc09499c1275328c9c27a3ce1ca60b93581b17e87857d07d0a1ff41ab2b01,82,92,1,public language contains an explicit commitment cue,False
99bd6c88abd00fd429e0e45ca2aab9292963605db89390d991ddf6b732e6c329,PROMISE_OR_REVERSAL,3cbbc09499c1275328c9c27a3ce1ca60b93581b17e87857d07d0a1ff41ab2b01,94,104,1,public language contains an explicit commitment cue,False
3130542ee2f8d563ca7bca52dd91b9c0cd996c46a3b3940225df83cfe2b11da6,PROMISE_OR_REVERSAL,3cbbc09499c1275328c9c27a3ce1ca60b93581b17e87857d07d0a1ff41ab2b01,103,113,1,public language contains an explicit commitment cue,False
11b5ab0ad44938175933a191df5573375a4f26b978af6d8a67bd7ed940a2fd10,PROMISE_OR_REVERSAL,840335b51c3164c1d4c0f8f76b1960024e1a5f4396206890a248d6841c84f8b0,0,10,1,public language contains an explicit commitment cue,False
e1976264eefd4ffd3e11563a0a80385ec05bfef08293fe200b116948df15b1d2,PROMISE_OR_REVERSAL,840335b51c3164c1d4c0f8f76b1960024e1a5f4396206890a248d6841c84f8b0,5,15,1,public language contains an explicit commitment cue,False
e93dba03d8504ecb0b9c63f90ab08ab9c35e54cad01065a663241990bbfd8bc6,PROMISE_OR_REVERSAL,840335b51c3164c1d4c0f8f76b1960024e1a5f4396206890a248d6841c84f8b0,5,15,1,public language contains an explicit commitment cue,False
33ac4b9890d78486ff16dde73fb47bfa2c950dd7a61385ae241522316a1e4367,PROMISE_OR_REVERSAL,840335b51c3164c1d4c0f8f76b1960024e1a5f4396206890a248d6841c84f8b0,7,17,1,public language contains an explicit commitment cue,False
6125d5acffde737452d03667aad2e899e7216e0b0802f44c01c3e81299a8c2e6,PROMISE_OR_REVERSAL,840335b51c3164c1d4c0f8f76b1960024e1a5f4396206890a248d6841c84f8b0,10,20,1,public language contains an explicit commitment cue,False
4dccee08fa68ae2a68017462f035bc3032bba897e21a066d882a50b37c8ff3ed,PROMISE_OR_REVERSAL,840335b51c3164c1d4c0f8f76b1960024e1a5f4396206890a248d6841c84f8b0,10,20,1,public language contains an explicit commitment cue,False
680c00941f85d215fdaa924e36f60ded42238221023641941bea9d362e3b853a,PROMISE_OR_REVERSAL,840335b51c3164c1d4c0f8f76b1960024e1a5f4396206890a248d6841c84f8b0,10,20,1,public language contains an explicit commitment cue,False
9a4c7eae43047b83b0b0c920e2e81475f1b70e02fcab873415e039c427dfa067,PROMISE_OR_REVERSAL,840335b51c3164c1d4c0f8f76b1960024e1a5f4396206890a248d6841c84f8b0,10,20,1,public language contains an explicit commitment cue,False
51bdc737aa5e5158872fefdbeca92b11da37df2ecdc95b7caa7bb06f12ec8d22,PROMISE_OR_REVERSAL,840335b51c3164c1d4c0f8f76b1960024e1a5f4396206890a248d6841c84f8b0,11,21,1,public language contains an explicit commitment cue,False
0b62fc9527f74a865ff28aad42f1119d6784318e125718727cd9d8047330c44c,PROMISE_OR_REVERSAL,840335b51c3164c1d4c0f8f76b1960024e1a5f4396206890a248d6841c84f8b0,13,23,1,public language contains an explicit commitment cue,False
f8a0f4c2cf4fe3273324a07b443998cf5cc4bcf3c5c8ad4185934404893d4757,PROMISE_OR_REVERSAL,840335b51c3164c1d4c0f8f76b1960024e1a5f4396206890a248d6841c84f8b0,15,25,1,public language contains an explicit commitment cue,False
de928cfb81487a655d1d99217e802712ce8bf2d13db460d76f3ace24656a0b5b,PROMISE_OR_REVERSAL,840335b51c3164c1d4c0f8f76b1960024e1a5f4396206890a248d6841c84f8b0,16,26,1,public language contains an explicit commitment cue,False
5dcde25fef1087a7dd664193a3b3b4bccba36e6f8b9a5dc21d9ab545c09b2989,PROMISE_OR_REVERSAL,840335b51c3164c1d4c0f8f76b1960024e1a5f4396206890a248d6841c84f8b0,20,30,1,public language contains an explicit commitment cue,False
0a0bb14eb4cf40da064d212e4534f22aa203c884184c80ac90e689ded7d1c5c0,PROMISE_OR_REVERSAL,840335b51c3164c1d4c0f8f76b1960024e1a5f4396206890a248d6841c84f8b0,20,30,1,public language contains an explicit commitment cue,False
8b7ae73ee9b607602dae645922df7a2cd599dbde6eefff7c87dce1eca7399d69,PROMISE_OR_REVERSAL,840335b51c3164c1d4c0f8f76b1960024e1a5f4396206890a248d6841c84f8b0,22,32,1,public language contains an explicit commitment cue,False
6dbfdbf3c9fb398335f3b221c5099d84fee01152e7d312e0135bc997d8ce52a0,PROMISE_OR_REVERSAL,840335b51c3164c1d4c0f8f76b1960024e1a5f4396206890a248d6841c84f8b0,25,35,1,public language contains an explicit commitment cue,False
cedc4e5a80326c1f78580b8e4fc21492676b2273c14bfd436536876c30d427f1,PROMISE_OR_REVERSAL,840335b51c3164c1d4c0f8f76b1960024e1a5f4396206890a248d6841c84f8b0,26,36,1,public language contains an explicit commitment cue,False
0befea5643e04b62a730c4202f99f062c961816caea1d7c1d42ac78f51a0bbdd,PROMISE_OR_REVERSAL,840335b51c3164c1d4c0f8f76b1960024e1a5f4396206890a248d6841c84f8b0,26,36,1,public language contains an explicit commitment cue,False
a54539fb83d1c9bb78b1138e3f50c661632899ca487f83a096596e0ea16278ba,PROMISE_OR_REVERSAL,840335b51c3164c1d4c0f8f76b1960024e1a5f4396206890a248d6841c84f8b0,28,38,1,public language contains an explicit commitment cue,False
07fbed45a1b17dfc602d92b075c8804ec62fdb39b0149b19b6b267937c6b2b21,PROMISE_OR_REVERSAL,840335b51c3164c1d4c0f8f76b1960024e1a5f4396206890a248d6841c84f8b0,28,38,1,public language contains an explicit commitment cue,False
10437b207ea76c657160a9a2d68e42166c577a4bbfef29bc9b4d8b9b175cfbbd,PROMISE_OR_REVERSAL,840335b51c3164c1d4c0f8f76b1960024e1a5f4396206890a248d6841c84f8b0,28,38,1,public language contains an explicit commitment cue,False
401451136a305b0143ab537917ea249ef37044fb3885d6199fe8e36d5f61c0cd,PROMISE_OR_REVERSAL,840335b51c3164c1d4c0f8f76b1960024e1a5f4396206890a248d6841c84f8b0,28,38,1,public language contains an explicit commitment cue,False
66e942ac8adc3f2d2a7804371eb5c8c93d39bd0e335094f52baca482a9222a68,PROMISE_OR_REVERSAL,840335b51c3164c1d4c0f8f76b1960024e1a5f4396206890a248d6841c84f8b0,28,38,1,public language contains an explicit commitment cue,False
4337ef889a98d5e4e84191eade582096a0056eedcbc45a0cbc39aefcaab7f855,PROMISE_OR_REVERSAL,840335b51c3164c1d4c0f8f76b1960024e1a5f4396206890a248d6841c84f8b0,32,42,1,public language contains an explicit commitment cue,False
e9121ddf2c7f905d489f815e89950542f90b62f6cf942a94f374330d6f251603,PROMISE_OR_REVERSAL,840335b51c3164c1d4c0f8f76b1960024e1a5f4396206890a248d6841c84f8b0,35,45,1,public language contains an explicit commitment cue,False
c5a3d50c71b9561e972b8d2b9cb4aba7687db1a79b08caef4ae3838db6fa5ee6,PROMISE_OR_REVERSAL,840335b51c3164c1d4c0f8f76b1960024e1a5f4396206890a248d6841c84f8b0,36,46,1,public language contains an explicit commitment cue,False
a976ed95f7f2eed8bfb8ca0dc293135ebb36829ca44e99108b1ca5ddc1adbbb7,PROMISE_OR_REVERSAL,840335b51c3164c1d4c0f8f76b1960024e1a5f4396206890a248d6841c84f8b0,36,46,1,public language contains an explicit commitment cue,False
3b58052b0b02ad3dc7b12df0e28365c0753dcb602e780dd326a8736c3eee6437,PROMISE_OR_REVERSAL,840335b51c3164c1d4c0f8f76b1960024e1a5f4396206890a248d6841c84f8b0,40,50,1,public language contains an explicit commitment cue,False
886723f855b3ce61369eaf8142ff05da09d52a56f95149b0d425d9949084c873,PROMISE_OR_REVERSAL,840335b51c3164c1d4c0f8f76b1960024e1a5f4396206890a248d6841c84f8b0,40,50,1,public language contains an explicit commitment cue,False
e4586504ff3b3be90dbea54fc4b1c05c4c080a53e55f22b7dcdaab2ae17e5147,PROMISE_OR_REVERSAL,840335b51c3164c1d4c0f8f76b1960024e1a5f4396206890a248d6841c84f8b0,40,50,1,public language contains an explicit commitment cue,False
2fbb12c223b4ed15c293b56d3a5a824e14f997da626347a2330a8b45c784634d,PROMISE_OR_REVERSAL,840335b51c3164c1d4c0f8f76b1960024e1a5f4396206890a248d6841c84f8b0,42,52,1,public language contains an explicit commitment cue,False
289dd34f106d1cd218b238f72c1836b43a51eb6047729baa6a3228c7b230c8b9,PROMISE_OR_REVERSAL,840335b51c3164c1d4c0f8f76b1960024e1a5f4396206890a248d6841c84f8b0,45,55,1,public language contains an explicit commitment cue,False
c9d3f3965cb256c660104e964f4d5818998cc8470202ccb0d4af67ced29e4f42,PROMISE_OR_REVERSAL,840335b51c3164c1d4c0f8f76b1960024e1a5f4396206890a248d6841c84f8b0,53,63,1,public language contains an explicit commitment cue,False
2e43127c8606059995dc1ce0a978c3cad9c4c0ae45f907aef107f1c16cdd0cdd,PROMISE_OR_REVERSAL,840335b51c3164c1d4c0f8f76b1960024e1a5f4396206890a248d6841c84f8b0,53,63,1,public language contains an explicit commitment cue,False
c1e201ccd4e7ce615107e75414f3806d7af081d3cd64f2ef13064541138d8fa8,PROMISE_OR_REVERSAL,840335b51c3164c1d4c0f8f76b1960024e1a5f4396206890a248d6841c84f8b0,53,63,1,public language contains an explicit commitment cue,False
6379fc1ab198036869a343578bca6301dc8c75040201f0b33da9f5744b81cdd6,PROMISE_OR_REVERSAL,840335b51c3164c1d4c0f8f76b1960024e1a5f4396206890a248d6841c84f8b0,53,63,1,public language contains an explicit commitment cue,False
537a996febd31bafedfafc2070effcb1f5989de5d841557cfec9992467da3587,PROMISE_OR_REVERSAL,840335b51c3164c1d4c0f8f76b1960024e1a5f4396206890a248d6841c84f8b0,53,63,1,public language contains an explicit commitment cue,False
ec13ad5c8334a897801da834d50e96840234981625c37ce2c29dec0c1bbf7240,PROMISE_OR_REVERSAL,840335b51c3164c1d4c0f8f76b1960024e1a5f4396206890a248d6841c84f8b0,53,63,1,public language contains an explicit commitment cue,False
8514b2faeb4151d3ba0dcec4665566bb4b1826963c389272ce08130f96c93788,PROMISE_OR_REVERSAL,840335b51c3164c1d4c0f8f76b1960024e1a5f4396206890a248d6841c84f8b0,53,63,1,public language contains an explicit commitment cue,False
06ee50311c264d042587e76dfd6a31a4b732e1863649f82cde36b5f4df63bc36,PROMISE_OR_REVERSAL,840335b51c3164c1d4c0f8f76b1960024e1a5f4396206890a248d6841c84f8b0,53,63,1,public language contains an explicit commitment cue,False
e50c5c0bb85e63776b38da4a77008942b7a4575505c2e6daf4f1979fcf64c73b,PROMISE_OR_REVERSAL,840335b51c3164c1d4c0f8f76b1960024e1a5f4396206890a248d6841c84f8b0,53,63,1,public language contains an explicit commitment cue,False
dd454fbf91f525d32d58eb99e4351f5e8b08808b65dcfb02365ed4acf31b31c9,PROMISE_OR_REVERSAL,840335b51c3164c1d4c0f8f76b1960024e1a5f4396206890a248d6841c84f8b0,57,67,1,public language contains an explicit commitment cue,False
5399e5a26daa9049732186d5ccd9ed97d4193766771f5e02a4839df1ee11248d,PROMISE_OR_REVERSAL,840335b51c3164c1d4c0f8f76b1960024e1a5f4396206890a248d6841c84f8b0,57,67,1,public language contains an explicit commitment cue,False
deec37692442440dd46d7493cf7a18fcb4664292489e048f67bab2fb1a180bae,PROMISE_OR_REVERSAL,840335b51c3164c1d4c0f8f76b1960024e1a5f4396206890a248d6841c84f8b0,58,68,1,public language contains an explicit commitment cue,False
f6bc1c73447b194673fea17ce9c964fe7af19f5a58cac9182a9c4e1643133d1f,PROMISE_OR_REVERSAL,840335b51c3164c1d4c0f8f76b1960024e1a5f4396206890a248d6841c84f8b0,61,71,1,public language contains an explicit commitment cue,False
5ee9813087699723340ff9c232b01c37d0ca2ac270ecabcb1a657710f968b908,PROMISE_OR_REVERSAL,840335b51c3164c1d4c0f8f76b1960024e1a5f4396206890a248d6841c84f8b0,64,74,1,public language contains an explicit commitment cue,False
0b48bd6bae0f9a465eac15f54a1054761fce6f987958a989b1d816294e23be68,PROMISE_OR_REVERSAL,840335b51c3164c1d4c0f8f76b1960024e1a5f4396206890a248d6841c84f8b0,66,76,1,public language contains an explicit commitment cue,False
0af748056cf1ae36d03e158e94aa6825f22f8f11083f3664a83f65608b2d1bb8,PROMISE_OR_REVERSAL,840335b51c3164c1d4c0f8f76b1960024e1a5f4396206890a248d6841c84f8b0,66,76,1,public language contains an explicit commitment cue,False
bcc070a5f188f4038f94dc88be535f1213dcf258273571d93a87647feac5861d,PROMISE_OR_REVERSAL,840335b51c3164c1d4c0f8f76b1960024e1a5f4396206890a248d6841c84f8b0,66,76,1,public language contains an explicit commitment cue,False
5b5e1d4b949f2e8b10279ded33cf07868d90bfc0176e37f9bb12613247e7f99c,PROMISE_OR_REVERSAL,840335b51c3164c1d4c0f8f76b1960024e1a5f4396206890a248d6841c84f8b0,66,76,1,public language contains an explicit commitment cue,False
c48d9a62a5593e430f176d57827f5ae1d39187a7b2c06e2d30e41d6aeef9a98e,PROMISE_OR_REVERSAL,840335b51c3164c1d4c0f8f76b1960024e1a5f4396206890a248d6841c84f8b0,70,80,1,public language contains an explicit commitment cue,False
6f1eb3be15d61cc3a7d3959c4e757e32c64adcca76f4d2c36839a958457f4663,PROMISE_OR_REVERSAL,840335b51c3164c1d4c0f8f76b1960024e1a5f4396206890a248d6841c84f8b0,70,80,1,public language contains an explicit commitment cue,False
4f59d18651f30228b444722af0fe8405e74471e124ef6a5dae3d9937b7ecec02,PROMISE_OR_REVERSAL,840335b51c3164c1d4c0f8f76b1960024e1a5f4396206890a248d6841c84f8b0,77,87,1,public language contains an explicit commitment cue,False
bde1de1cac299c929209b9df2d5c9f65390325cab9036ed769cf37ce71b4ccae,PROMISE_OR_REVERSAL,840335b51c3164c1d4c0f8f76b1960024e1a5f4396206890a248d6841c84f8b0,77,87,1,public language contains an explicit commitment cue,False
f2cef0bfb818b256e626ffb58e5085606be3c5494a1f57609cece795f293226a,PROMISE_OR_REVERSAL,840335b51c3164c1d4c0f8f76b1960024e1a5f4396206890a248d6841c84f8b0,77,87,1,public language contains an explicit commitment cue,False
b27a67cde3103e866594565c71a10923508acdcd5cfaa50fc5dde73b9f21f984,PROMISE_OR_REVERSAL,840335b51c3164c1d4c0f8f76b1960024e1a5f4396206890a248d6841c84f8b0,81,91,1,public language contains an explicit commitment cue,False
2324a3579e2f8f047aea7999077cf334b5a8f71217a528c54365dc5bc7c1e552,PROMISE_OR_REVERSAL,840335b51c3164c1d4c0f8f76b1960024e1a5f4396206890a248d6841c84f8b0,81,91,1,public language contains an explicit commitment cue,False
3795d33b97ee9517f37a91748a18c5c6a48d16b05bdc390a37865152f5000131,PROMISE_OR_REVERSAL,840335b51c3164c1d4c0f8f76b1960024e1a5f4396206890a248d6841c84f8b0,81,91,1,public language contains an explicit commitment cue,False
a5f0d8e3896a4376ec8892814c80a5d492c6a8980cab58a34614776b238c8c43,PROMISE_OR_REVERSAL,840335b51c3164c1d4c0f8f76b1960024e1a5f4396206890a248d6841c84f8b0,81,91,1,public language contains an explicit commitment cue,False
8a6c120ff54c2a3e8e6f999b3baadbe11fa2063a49add9dee628fa78731197c9,PROMISE_OR_REVERSAL,840335b51c3164c1d4c0f8f76b1960024e1a5f4396206890a248d6841c84f8b0,81,91,1,public language contains an explicit commitment cue,False
b40ac5060962009a748dfcbc8ac551e7e96994e0a1c83c660121144c016771ad,PROMISE_OR_REVERSAL,840335b51c3164c1d4c0f8f76b1960024e1a5f4396206890a248d6841c84f8b0,85,95,1,public language contains an explicit commitment cue,False
319bd5f488a0c21f1d718a65be331d472fde15cf7e8b10fe6253c2a4c01dae5c,PROMISE_OR_REVERSAL,840335b51c3164c1d4c0f8f76b1960024e1a5f4396206890a248d6841c84f8b0,86,96,1,public language contains an explicit commitment cue,False
d438186a6442a7c07275de2fb7ed7d4d21eaeddb7b40a8f8a19a5e3ab5b42fd1,PROMISE_OR_REVERSAL,840335b51c3164c1d4c0f8f76b1960024e1a5f4396206890a248d6841c84f8b0,86,96,1,public language contains an explicit commitment cue,False
c9e1632bbb93b1a86120b0812e6bf8759ccfe1432f21f80bda5348319563414a,PROMISE_OR_REVERSAL,840335b51c3164c1d4c0f8f76b1960024e1a5f4396206890a248d6841c84f8b0,92,102,1,public language contains an explicit commitment cue,False
34c77d95c9faabcc731fce4e02afc5dee3f8295eb9177137a40f690d09bd90c5,PROMISE_OR_REVERSAL,840335b51c3164c1d4c0f8f76b1960024e1a5f4396206890a248d6841c84f8b0,96,106,1,public language contains an explicit commitment cue,False
e1baeab82c0d39b83cbf9b8884bee0ff9e3c1c71963414fc245a1629c715784e,PROMISE_OR_REVERSAL,840335b51c3164c1d4c0f8f76b1960024e1a5f4396206890a248d6841c84f8b0,98,108,1,public language contains an explicit commitment cue,False
fbb5b893f296c460a2892b78ced34c5a26eddb0076001de781f3bfaaacb08d60,PROMISE_OR_REVERSAL,840335b51c3164c1d4c0f8f76b1960024e1a5f4396206890a248d6841c84f8b0,111,121,1,public language contains an explicit commitment cue,False
cfa76efa02c9f93c224e492c1634562a9f27a901a3b782a719972fccff0988c6,PROMISE_OR_REVERSAL,840335b51c3164c1d4c0f8f76b1960024e1a5f4396206890a248d6841c84f8b0,118,128,1,public language contains an explicit commitment cue,False
c39a429cce2761cc3c825692699c306a3581840fc985a3db860ce7bceb5e890e,PROMISE_OR_REVERSAL,840335b51c3164c1d4c0f8f76b1960024e1a5f4396206890a248d6841c84f8b0,118,128,1,public language contains an explicit commitment cue,False
b01e5f2ae5f88bef5e42b65275c017087933de09c09511e1c9ef62be4d9eba78,PROMISE_OR_REVERSAL,840335b51c3164c1d4c0f8f76b1960024e1a5f4396206890a248d6841c84f8b0,118,128,1,public language contains an explicit commitment cue,False
f6a760397b0f3039b9ac8f066e3f3473f1e700686249f7c2878e2479aa0a1129,PROMISE_OR_REVERSAL,840335b51c3164c1d4c0f8f76b1960024e1a5f4396206890a248d6841c84f8b0,118,128,1,public language contains an explicit commitment cue,False
42196c3175e3d51965997ef9f00674c1726aa949db550629d42346cda9887872,PROMISE_OR_REVERSAL,840335b51c3164c1d4c0f8f76b1960024e1a5f4396206890a248d6841c84f8b0,130,140,1,public language contains an explicit commitment cue,False
445f8208099f647ae41e932cb246d63e327e64debbb11322568152f00a89ffea,PROMISE_OR_REVERSAL,840335b51c3164c1d4c0f8f76b1960024e1a5f4396206890a248d6841c84f8b0,138,148,1,public language contains an explicit commitment cue,False
5cb95de12cb28e16f3631c44cbbad2dc00a7cb509261b706937520988ce4e6a7,PROMISE_OR_REVERSAL,840335b51c3164c1d4c0f8f76b1960024e1a5f4396206890a248d6841c84f8b0,139,149,1,public language contains an explicit commitment cue,False
ce5a1fc1dc612882a86d5109004521b1ed19a4d8c57c388917fdea0fd3e7f0a3,PROMISE_OR_REVERSAL,840335b51c3164c1d4c0f8f76b1960024e1a5f4396206890a248d6841c84f8b0,144,154,1,public language contains an explicit commitment cue,False
49fbedfd7d839c02c852eab0aeea2fdf4dc6f0587b1e282934783d0d8263f38c,PROMISE_OR_REVERSAL,840335b51c3164c1d4c0f8f76b1960024e1a5f4396206890a248d6841c84f8b0,144,154,1,public language contains an explicit commitment cue,False
4b9a84d6bef25f4a1ec05cb52f3dd172bbd0c0f018d9e1b9cb5ece9b11b8beb6,PROMISE_OR_REVERSAL,840335b51c3164c1d4c0f8f76b1960024e1a5f4396206890a248d6841c84f8b0,144,154,1,public language contains an explicit commitment cue,False
df4116b4dfc5ce7c1721b75dffbba8346c8d81f67cba7c5958e828a681209bd9,PROMISE_OR_REVERSAL,840335b51c3164c1d4c0f8f76b1960024e1a5f4396206890a248d6841c84f8b0,144,154,1,public language contains an explicit commitment cue,False
ad0d5f14b842b7d5a40c7643345dc630abd24b616a5b5f904157aa149ee57b1f,PROMISE_OR_REVERSAL,840335b51c3164c1d4c0f8f76b1960024e1a5f4396206890a248d6841c84f8b0,144,154,1,public language contains an explicit commitment cue,False
a94cbe663533b6a684304da8836367cfc3f4aa697875629212905d8bfa263d6b,PROMISE_OR_REVERSAL,840335b51c3164c1d4c0f8f76b1960024e1a5f4396206890a248d6841c84f8b0,144,154,1,public language contains an explicit commitment cue,False
3ceabba545ce446982c94e297b7d11a518b4cc5627dd4596d695fddb955cf396,PROMISE_OR_REVERSAL,840335b51c3164c1d4c0f8f76b1960024e1a5f4396206890a248d6841c84f8b0,147,157,1,public language contains an explicit commitment cue,False
a0b4d390456c8558873687e0b53b5c40db90635c5cd021cd12383a57f3dd2d65,PROMISE_OR_REVERSAL,840335b51c3164c1d4c0f8f76b1960024e1a5f4396206890a248d6841c84f8b0,148,158,1,public language contains an explicit commitment cue,False
b5c0b5fd0cf1fb382a495e9fe8332909ca0a59f497ac739330e266d33095e626,PROMISE_OR_REVERSAL,840335b51c3164c1d4c0f8f76b1960024e1a5f4396206890a248d6841c84f8b0,155,165,1,public language contains an explicit commitment cue,False
de5218c6f1c22eeddddf5eb729db112d83c0bfb124c6a079377a7425770e51b7,PROMISE_OR_REVERSAL,3b81679fe9d1a8001adc0c8fcd83b4648a68131ca3a3ab8157f73118ad7df4dc,7,17,1,public language contains an explicit commitment cue,False
e5505773323d8adf58e617e7c343333273f954894ded67cad6cc17cf2137d216,PROMISE_OR_REVERSAL,3b81679fe9d1a8001adc0c8fcd83b4648a68131ca3a3ab8157f73118ad7df4dc,11,21,1,public language contains an explicit commitment cue,False
e4fa46105058561e6b711b2ad35efd2aaf567c24989c2369b7e07105452da515,PROMISE_OR_REVERSAL,3b81679fe9d1a8001adc0c8fcd83b4648a68131ca3a3ab8157f73118ad7df4dc,15,25,1,public language contains an explicit commitment cue,False
3056ab489be01df1a94277e787d06d6f2df1c7652927806830dbdafbb80879b5,PROMISE_OR_REVERSAL,3b81679fe9d1a8001adc0c8fcd83b4648a68131ca3a3ab8157f73118ad7df4dc,15,25,1,public language contains an explicit commitment cue,False
795d64c1cff43e455e141f78c94b4a39568ca160199b7b4ba7dac502e52c42b0,PROMISE_OR_REVERSAL,3b81679fe9d1a8001adc0c8fcd83b4648a68131ca3a3ab8157f73118ad7df4dc,15,25,1,public language contains an explicit commitment cue,False
c59f715f3e225c15195d1fde3addd02795077f20d759d16b449818178c6c0f08,PROMISE_OR_REVERSAL,3b81679fe9d1a8001adc0c8fcd83b4648a68131ca3a3ab8157f73118ad7df4dc,15,25,1,public language contains an explicit commitment cue,False
f6e22fa0447f8c8fba7142ff70f6786881edd5ecce5b9074bc299ad6f1aedb80,PROMISE_OR_REVERSAL,3b81679fe9d1a8001adc0c8fcd83b4648a68131ca3a3ab8157f73118ad7df4dc,22,32,1,public language contains an explicit commitment cue,False
67d374a713cd0d5a5443365166f8380371779b19a549f5a8789fd721c3a2f4bc,PROMISE_OR_REVERSAL,3b81679fe9d1a8001adc0c8fcd83b4648a68131ca3a3ab8157f73118ad7df4dc,22,32,1,public language contains an explicit commitment cue,False
de7864831eddf15e28e70babdba8d6ab9c16f6bb0e5db515738ed2b7e4deb248,PROMISE_OR_REVERSAL,3b81679fe9d1a8001adc0c8fcd83b4648a68131ca3a3ab8157f73118ad7df4dc,22,32,1,public language contains an explicit commitment cue,False
40129917f19e2cded88ac0f54d0a386dec999208c3f9e4d7dc4549b7e51b1d99,PROMISE_OR_REVERSAL,3b81679fe9d1a8001adc0c8fcd83b4648a68131ca3a3ab8157f73118ad7df4dc,24,34,1,public language contains an explicit commitment cue,False
9671c9b45d78aeaa332ce2db6ce5fd36935f41a89fbd5337b33ffecb3a387fb6,PROMISE_OR_REVERSAL,3b81679fe9d1a8001adc0c8fcd83b4648a68131ca3a3ab8157f73118ad7df4dc,29,39,1,public language contains an explicit commitment cue,False
6b6acaeb0d327a08a19e8439d1d3e8a8abb5120017b43a5f88276022850cbf40,PROMISE_OR_REVERSAL,3b81679fe9d1a8001adc0c8fcd83b4648a68131ca3a3ab8157f73118ad7df4dc,33,43,1,public language contains an explicit commitment cue,False
8ce3784c6934c835a1794b822932692715acb02878beeaa7f93ed102da5fb4f1,PROMISE_OR_REVERSAL,3b81679fe9d1a8001adc0c8fcd83b4648a68131ca3a3ab8157f73118ad7df4dc,47,57,1,public language contains an explicit commitment cue,False
eab73e47c13e040cc0372ca4d877c9b0a51981690d9324abc5996debb3048613,PROMISE_OR_REVERSAL,3b81679fe9d1a8001adc0c8fcd83b4648a68131ca3a3ab8157f73118ad7df4dc,47,57,1,public language contains an explicit commitment cue,False
515a04355fd547547e4050b8256962a11f910555f9e3359338f37166e2b88f58,PROMISE_OR_REVERSAL,3b81679fe9d1a8001adc0c8fcd83b4648a68131ca3a3ab8157f73118ad7df4dc,48,58,1,public language contains an explicit commitment cue,False
b4b9c405eadcb908a7a14f8575723626838cdb466b98003add538c743a6dbb9b,PROMISE_OR_REVERSAL,3b81679fe9d1a8001adc0c8fcd83b4648a68131ca3a3ab8157f73118ad7df4dc,50,60,1,public language contains an explicit commitment cue,False
e7cc83a2ba53ff85a4c3c5be133d2a60220394da421baed68dcc75886f0e5934,PROMISE_OR_REVERSAL,3b81679fe9d1a8001adc0c8fcd83b4648a68131ca3a3ab8157f73118ad7df4dc,54,64,1,public language contains an explicit commitment cue,False
fb7e7177c99c433a0bc51814be9d5c33f98749613d8789e2285efb373c5f8200,PROMISE_OR_REVERSAL,3b81679fe9d1a8001adc0c8fcd83b4648a68131ca3a3ab8157f73118ad7df4dc,54,64,1,public language contains an explicit commitment cue,False
17f370dde708ab0a4471af92c0926d6bb243a832e54e1d9056c950075bc2cefa,PROMISE_OR_REVERSAL,3b81679fe9d1a8001adc0c8fcd83b4648a68131ca3a3ab8157f73118ad7df4dc,55,65,1,public language contains an explicit commitment cue,False
5dcffaa2946268caa73c537f79feb210948af730096501c5f7658fc005d41a05,PROMISE_OR_REVERSAL,3b81679fe9d1a8001adc0c8fcd83b4648a68131ca3a3ab8157f73118ad7df4dc,55,65,1,public language contains an explicit commitment cue,False
9e6b67bbc93210dd9e0fa8df124b3c7243bb2be0e28ebb080ad7b845f51e5a01,PROMISE_OR_REVERSAL,3b81679fe9d1a8001adc0c8fcd83b4648a68131ca3a3ab8157f73118ad7df4dc,60,70,1,public language contains an explicit commitment cue,False
4928a1c3206b21042e5f94520c0478a099caa4406e5d80eb066aee82cc9089e8,PROMISE_OR_REVERSAL,3b81679fe9d1a8001adc0c8fcd83b4648a68131ca3a3ab8157f73118ad7df4dc,62,72,1,public language contains an explicit commitment cue,False
7259f3c5d11585272bc60c85b665486cfc59bc72f6702d113cd64be6bdcd811b,PROMISE_OR_REVERSAL,3b81679fe9d1a8001adc0c8fcd83b4648a68131ca3a3ab8157f73118ad7df4dc,66,76,1,public language contains an explicit commitment cue,False
5ff29453904e4ff0305d3c4de9fe8f3cb64ddcf3778dccf790e11981138622cb,PROMISE_OR_REVERSAL,3b81679fe9d1a8001adc0c8fcd83b4648a68131ca3a3ab8157f73118ad7df4dc,66,76,1,public language contains an explicit commitment cue,False
9ed5c369e9b85a83ab4e31fdae2e544c5da875f7cd3f96016a3255eadf091b79,PROMISE_OR_REVERSAL,3b81679fe9d1a8001adc0c8fcd83b4648a68131ca3a3ab8157f73118ad7df4dc,76,86,1,public language contains an explicit commitment cue,False
db763fe98dd12e81a68ecfa4d5329d7a8b1e277daffa411d369f9cbe08cf57c9,PROMISE_OR_REVERSAL,3b81679fe9d1a8001adc0c8fcd83b4648a68131ca3a3ab8157f73118ad7df4dc,76,86,1,public language contains an explicit commitment cue,False
283cb067da13e547ef9601734e2c53476b6ee032159fe323eda16a24b52f2eb3,PROMISE_OR_REVERSAL,3b81679fe9d1a8001adc0c8fcd83b4648a68131ca3a3ab8157f73118ad7df4dc,78,88,1,public language contains an explicit commitment cue,False
5c285f841faa5cd11bcee98ffb15c9c24154c00afdbcce0faede0388a36e97f0,PROMISE_OR_REVERSAL,3b81679fe9d1a8001adc0c8fcd83b4648a68131ca3a3ab8157f73118ad7df4dc,78,88,1,public language contains an explicit commitment cue,False
314b53ca11c2736e4e7a898e76f6cd58922b3fdfdc9fef94f0f333a0773b0ed8,PROMISE_OR_REVERSAL,3b81679fe9d1a8001adc0c8fcd83b4648a68131ca3a3ab8157f73118ad7df4dc,78,88,1,public language contains an explicit commitment cue,False
deb6d46156a098120d82e00acbd24b89250288e0638713e34d4b3ea609e51955,PROMISE_OR_REVERSAL,3b81679fe9d1a8001adc0c8fcd83b4648a68131ca3a3ab8157f73118ad7df4dc,83,93,1,public language contains an explicit commitment cue,False
32ef07a6d1def1492a4983ee918c2f067fdbda8bd5346206f8084e0d4e72cd41,PROMISE_OR_REVERSAL,3b81679fe9d1a8001adc0c8fcd83b4648a68131ca3a3ab8157f73118ad7df4dc,87,97,1,public language contains an explicit commitment cue,False
524a00e6a91b1b00dc1580b944b0d930236d3e99ac1958a59ffdbb3c3dc04a3c,PROMISE_OR_REVERSAL,3b81679fe9d1a8001adc0c8fcd83b4648a68131ca3a3ab8157f73118ad7df4dc,87,97,1,public language contains an explicit commitment cue,False
f94e9346080087dcf1182f954dab94d4a37b7448eca97ee38594a1011b63c973,PROMISE_OR_REVERSAL,3b81679fe9d1a8001adc0c8fcd83b4648a68131ca3a3ab8157f73118ad7df4dc,92,102,1,public language contains an explicit commitment cue,False
2deb13bb733f2aa6dcd914dc76bf85c54086726105ffd7757b0be144824abdd9,PROMISE_OR_REVERSAL,3b81679fe9d1a8001adc0c8fcd83b4648a68131ca3a3ab8157f73118ad7df4dc,97,107,1,public language contains an explicit commitment cue,False
dbebc11c32379dac9536fa6f16b48f2b355b23efcfe25949a01877188e359f44,PROMISE_OR_REVERSAL,3b81679fe9d1a8001adc0c8fcd83b4648a68131ca3a3ab8157f73118ad7df4dc,102,112,1,public language contains an explicit commitment cue,False
acf5eadf9bae31a1831dbdb9f57c4a8f17fcc4dda6cc6c6788a02d505b12655a,PROMISE_OR_REVERSAL,3b81679fe9d1a8001adc0c8fcd83b4648a68131ca3a3ab8157f73118ad7df4dc,109,119,1,public language contains an explicit commitment cue,False
ffcb96b929d3735df8d3a610957707292f313ef191482b93ca668308ce9eddb0,PROMISE_OR_REVERSAL,3b81679fe9d1a8001adc0c8fcd83b4648a68131ca3a3ab8157f73118ad7df4dc,111,121,1,public language contains an explicit commitment cue,False
5ad40f50098b94aa3ca217a7c8de2664b22cec07281825b8318753026c9f4c20,PROMISE_OR_REVERSAL,3b81679fe9d1a8001adc0c8fcd83b4648a68131ca3a3ab8157f73118ad7df4dc,115,125,1,public language contains an explicit commitment cue,False
43ea7067db7c39f2215a825651888b62a71452200e71056409fd190c8dd8715e,PROMISE_OR_REVERSAL,3b81679fe9d1a8001adc0c8fcd83b4648a68131ca3a3ab8157f73118ad7df4dc,119,129,1,public language contains an explicit commitment cue,False
a017e6d0a087c30a6326f13899a7fef3c99a0af465863548d87eae87d7e95a86,PROMISE_OR_REVERSAL,3b81679fe9d1a8001adc0c8fcd83b4648a68131ca3a3ab8157f73118ad7df4dc,119,129,1,public language contains an explicit commitment cue,False
d26aba7b6a17921f0c85e0d69c00508ab51d1a5f13a6f60b8d07ad7f8f9b8210,PROMISE_OR_REVERSAL,3b81679fe9d1a8001adc0c8fcd83b4648a68131ca3a3ab8157f73118ad7df4dc,119,129,1,public language contains an explicit commitment cue,False
518837b5ece7e0f95607f56a24c6d17338e840282a60affcbdc2662b1492e660,PROMISE_OR_REVERSAL,3b81679fe9d1a8001adc0c8fcd83b4648a68131ca3a3ab8157f73118ad7df4dc,121,131,1,public language contains an explicit commitment cue,False
622bf7f547b0ff896102f7d6bc805ba66b8c3af0cc82460f8c80490766cac769,PROMISE_OR_REVERSAL,3b81679fe9d1a8001adc0c8fcd83b4648a68131ca3a3ab8157f73118ad7df4dc,121,131,1,public language contains an explicit commitment cue,False
f7a5fa1844eb87b6f723933aa74dcac750a198a36eaf8fb34608507a9b93b108,PROMISE_OR_REVERSAL,3b81679fe9d1a8001adc0c8fcd83b4648a68131ca3a3ab8157f73118ad7df4dc,121,131,1,public language contains an explicit commitment cue,False
bf549d25a782db51079446e8e32d85cd97f2492a861a95b43af04137ddbd574b,PROMISE_OR_REVERSAL,3b81679fe9d1a8001adc0c8fcd83b4648a68131ca3a3ab8157f73118ad7df4dc,124,134,1,public language contains an explicit commitment cue,False
6033a62c75bc15d8b50d2a7b42850687a825512dd869196dd905ef0857b5125a,PROMISE_OR_REVERSAL,3b81679fe9d1a8001adc0c8fcd83b4648a68131ca3a3ab8157f73118ad7df4dc,124,134,1,public language contains an explicit commitment cue,False
b49b20a0b7e7c9635eceb61e97299667e0215b42111653e599cff8008053cc3b,PROMISE_OR_REVERSAL,3b81679fe9d1a8001adc0c8fcd83b4648a68131ca3a3ab8157f73118ad7df4dc,124,134,1,public language contains an explicit commitment cue,False
4446e554031d1ba2f0c684cd7c96a3e45ee4d2960dc578587314f54a5a5010bb,PROMISE_OR_REVERSAL,3b81679fe9d1a8001adc0c8fcd83b4648a68131ca3a3ab8157f73118ad7df4dc,124,134,1,public language contains an explicit commitment cue,False
919c338630e59becb741d5e655e87a0141bd737a7459296a491fffa76167d5f8,PROMISE_OR_REVERSAL,3b81679fe9d1a8001adc0c8fcd83b4648a68131ca3a3ab8157f73118ad7df4dc,124,134,1,public language contains an explicit commitment cue,False
b89dfc849deff94c89518582c6f447d442970cf8c857bc463639e9775975cc05,PROMISE_OR_REVERSAL,3b81679fe9d1a8001adc0c8fcd83b4648a68131ca3a3ab8157f73118ad7df4dc,137,147,1,public language contains an explicit commitment cue,False
b199eaeb24fdde71dec5d9f63b6cdfcb99be12d5d592516f7838bc331d5b3371,PROMISE_OR_REVERSAL,3b81679fe9d1a8001adc0c8fcd83b4648a68131ca3a3ab8157f73118ad7df4dc,140,150,1,public language contains an explicit commitment cue,False
a36a53a5f733ce705b3efd500c801da217ca144990754e02baa64362088a1774,PROMISE_OR_REVERSAL,3b81679fe9d1a8001adc0c8fcd83b4648a68131ca3a3ab8157f73118ad7df4dc,143,153,1,public language contains an explicit commitment cue,False
11cb09d34071901db43ee0f45998fb906ed343687a9fb5980b6946d76d36c13d,PROMISE_OR_REVERSAL,3b81679fe9d1a8001adc0c8fcd83b4648a68131ca3a3ab8157f73118ad7df4dc,149,159,1,public language contains an explicit commitment cue,False
fcc5ea70af436bb13ea5ef6fa9c2c138acca1422232b4624c455bb9bdba8bf70,PROMISE_OR_REVERSAL,3b81679fe9d1a8001adc0c8fcd83b4648a68131ca3a3ab8157f73118ad7df4dc,150,160,1,public language contains an explicit commitment cue,False
c61f41d1d246523cfa9b467824a9edf8bd78fbc30bac9690cafbdd86d02bfc0a,PROMISE_OR_REVERSAL,3b81679fe9d1a8001adc0c8fcd83b4648a68131ca3a3ab8157f73118ad7df4dc,153,163,1,public language contains an explicit commitment cue,False
3521247412f98368de41e8f4e3bf56ab9738c454011b44de1939518543ef8b97,PROMISE_OR_REVERSAL,3b81679fe9d1a8001adc0c8fcd83b4648a68131ca3a3ab8157f73118ad7df4dc,164,174,1,public language contains an explicit commitment cue,False
c6e3726ef7878bcdf6357bf89dd545a2d5bda541b2de897203518f31e42b1fd4,PROMISE_OR_REVERSAL,3b81679fe9d1a8001adc0c8fcd83b4648a68131ca3a3ab8157f73118ad7df4dc,164,174,1,public language contains an explicit commitment cue,False
348e4bd19255b90b511bb1a8e020b6547ff82b2d8fa758d079c9cf08810861b4,PROMISE_OR_REVERSAL,3b81679fe9d1a8001adc0c8fcd83b4648a68131ca3a3ab8157f73118ad7df4dc,164,174,1,public language contains an explicit commitment cue,False
1065a82d1e8be2d0516d1a6d13e4082a883e280fce5ca66153fd4930cdb78c8d,PROMISE_OR_REVERSAL,3b81679fe9d1a8001adc0c8fcd83b4648a68131ca3a3ab8157f73118ad7df4dc,164,174,1,public language contains an explicit commitment cue,False
72f15738a53ca84feed57f895d119d8ff3cb1d99ccc0efffd284a91a33f97f38,PROMISE_OR_REVERSAL,3b81679fe9d1a8001adc0c8fcd83b4648a68131ca3a3ab8157f73118ad7df4dc,167,177,1,public language contains an explicit commitment cue,False
f891130b7ee1d84e43c68ebf013cc21ca9141f43a5e1b57c7a4aa23130de5c9f,PROMISE_OR_REVERSAL,3b81679fe9d1a8001adc0c8fcd83b4648a68131ca3a3ab8157f73118ad7df4dc,167,177,1,public language contains an explicit commitment cue,False
a31ff6a5cd9e5da6f8bd1c01bfdcfee154599a6b6b06d04accb8aa54ee2891c2,PROMISE_OR_REVERSAL,3b81679fe9d1a8001adc0c8fcd83b4648a68131ca3a3ab8157f73118ad7df4dc,169,179,1,public language contains an explicit commitment cue,False
b09cd5b5160aa101f6c940d0caef05d646f7dc249e595cced74050445a095996,PROMISE_OR_REVERSAL,3b81679fe9d1a8001adc0c8fcd83b4648a68131ca3a3ab8157f73118ad7df4dc,173,183,1,public language contains an explicit commitment cue,False
31c545bd972b36a105da6cdb285002daef05220dbfb8de2e2efe430733a40504,PROMISE_OR_REVERSAL,3b81679fe9d1a8001adc0c8fcd83b4648a68131ca3a3ab8157f73118ad7df4dc,197,207,1,public language contains an explicit commitment cue,False
6ef95ae3ee0602c53cd222b8a884f3b1ef7255c0859f70e042fe14dde33634c6,PROMISE_OR_REVERSAL,3b81679fe9d1a8001adc0c8fcd83b4648a68131ca3a3ab8157f73118ad7df4dc,200,210,1,public language contains an explicit commitment cue,False
5485f6ecbdcd1733b71eac57d18cee087258cde4d979b6db8ab0026e39f9fcfa,PROMISE_OR_REVERSAL,3b81679fe9d1a8001adc0c8fcd83b4648a68131ca3a3ab8157f73118ad7df4dc,214,224,1,public language contains an explicit commitment cue,False
b2b9b09001890427ee9b0010f3e42bcbe664e6d5d3bd075494c7f72c0637c94c,PROMISE_OR_REVERSAL,3b81679fe9d1a8001adc0c8fcd83b4648a68131ca3a3ab8157f73118ad7df4dc,217,227,1,public language contains an explicit commitment cue,False
a19ea123babd94b3d75172d3b137abf4da670ba9dbdabb29db61db726a7850ff,PROMISE_OR_REVERSAL,3b81679fe9d1a8001adc0c8fcd83b4648a68131ca3a3ab8157f73118ad7df4dc,220,230,1,public language contains an explicit commitment cue,False
6109456027cf90983b8242f6261a8f938f89d31ba8c3e6b5fd29eb849c4cdab9,PROMISE_OR_REVERSAL,3b81679fe9d1a8001adc0c8fcd83b4648a68131ca3a3ab8157f73118ad7df4dc,224,234,1,public language contains an explicit commitment cue,False
998041050d8f60438a44b998db0b167b4480d773ed8cb2258719a90c21af7e79,PROMISE_OR_REVERSAL,3b81679fe9d1a8001adc0c8fcd83b4648a68131ca3a3ab8157f73118ad7df4dc,234,244,1,public language contains an explicit commitment cue,False
45fe2528bf8e86b99e6f340897e7f90c6056526d7843248a7da79a1e9c54ffcf,PROMISE_OR_REVERSAL,3b81679fe9d1a8001adc0c8fcd83b4648a68131ca3a3ab8157f73118ad7df4dc,239,249,1,public language contains an explicit commitment cue,False
1a2eddc45a1dc1efe42770f4e65962cf2685f3abbecdc36fe15584f0d4615d75,PROMISE_OR_REVERSAL,3b81679fe9d1a8001adc0c8fcd83b4648a68131ca3a3ab8157f73118ad7df4dc,244,254,1,public language contains an explicit commitment cue,False
0a73dbb3cb34abf3dedc171fcc147eafe1a3ae10afb53e81a9cdbd9aa6899e47,PROMISE_OR_REVERSAL,3b81679fe9d1a8001adc0c8fcd83b4648a68131ca3a3ab8157f73118ad7df4dc,246,256,1,public language contains an explicit commitment cue,False
134e2d2fdf9f0dad829d3532f5f395c1e30f138463727986880d85447c0cd98c,PROMISE_OR_REVERSAL,3b81679fe9d1a8001adc0c8fcd83b4648a68131ca3a3ab8157f73118ad7df4dc,248,258,1,public language contains an explicit commitment cue,False
201a9c5d065ce04a67a79ffc1ab8e2a317c54d861443d4154e107bc76aeaa731,PROMISE_OR_REVERSAL,3b81679fe9d1a8001adc0c8fcd83b4648a68131ca3a3ab8157f73118ad7df4dc,251,261,1,public language contains an explicit commitment cue,False
1a211f14a5bf1389dc4a5e72dff77ccb9f632c1e959fa5f3933ad25a29e0be84,PROMISE_OR_REVERSAL,3b81679fe9d1a8001adc0c8fcd83b4648a68131ca3a3ab8157f73118ad7df4dc,261,271,1,public language contains an explicit commitment cue,False
263fd6d81ace8212db21b432ce2c34a76a0f94342e2f7f9373ea8a9b9086e6a6,PROMISE_OR_REVERSAL,3b81679fe9d1a8001adc0c8fcd83b4648a68131ca3a3ab8157f73118ad7df4dc,265,273,1,public language contains an explicit commitment cue,False
2526e1effa185a9e1ebe7adf1a1f7c3c5dd5360a5630aab8de6d16a92da39419,PROMISE_OR_REVERSAL,9b64b50b21246a813a276af7a32e56a5ec4b88a3bd464355ae9cc3e77f313efb,0,10,1,public language contains an explicit commitment cue,False
3a1e5c88ef2fcbcf680064828d401d11c828c42f59f383095fc3f9cace2f9577,PROMISE_OR_REVERSAL,9b64b50b21246a813a276af7a32e56a5ec4b88a3bd464355ae9cc3e77f313efb,3,13,1,public language contains an explicit commitment cue,False
06aa753bf2a18ad5c23c3b9abd837ec91f8e646a6dfd61247c20254f46662a02,PROMISE_OR_REVERSAL,9b64b50b21246a813a276af7a32e56a5ec4b88a3bd464355ae9cc3e77f313efb,12,22,1,public language contains an explicit commitment cue,False
ae6bb05febc68eca991f4abac82620f321d31b9158641f32ccf40d3048643bf4,PROMISE_OR_REVERSAL,9b64b50b21246a813a276af7a32e56a5ec4b88a3bd464355ae9cc3e77f313efb,20,30,1,public language contains an explicit commitment cue,False
a73f4a60f124f690098f84ded1f5875cac7df59935ba7b7b4a81c4ee3397edc3,PROMISE_OR_REVERSAL,9b64b50b21246a813a276af7a32e56a5ec4b88a3bd464355ae9cc3e77f313efb,21,31,1,public language contains an explicit commitment cue,False
be02e4cac56f8e1bd950141d63c2dd875d58692900e66c7f13d43ec43575b0f7,PROMISE_OR_REVERSAL,9b64b50b21246a813a276af7a32e56a5ec4b88a3bd464355ae9cc3e77f313efb,24,34,1,public language contains an explicit commitment cue,False
1396fd04e22231fed1eaeb81be4c5a71d8c8af09eadc5a6b5ab01d4999081723,PROMISE_OR_REVERSAL,9b64b50b21246a813a276af7a32e56a5ec4b88a3bd464355ae9cc3e77f313efb,25,35,1,public language contains an explicit commitment cue,False
359a1e64cf9f95666ddcdc3956c5d777f4aaec1b50b923141083a6e800040963,PROMISE_OR_REVERSAL,9b64b50b21246a813a276af7a32e56a5ec4b88a3bd464355ae9cc3e77f313efb,30,40,1,public language contains an explicit commitment cue,False
d58a266218ad1486c137ec9b00e38de95aa73ff51c422a3f9a72ab7e38d1aae3,PROMISE_OR_REVERSAL,9b64b50b21246a813a276af7a32e56a5ec4b88a3bd464355ae9cc3e77f313efb,31,41,1,public language contains an explicit commitment cue,False
b7bbc6ec764fb48db09dacf8e24dfee2f96396ca1b3394bc3d60515b8f33aa2d,PROMISE_OR_REVERSAL,9b64b50b21246a813a276af7a32e56a5ec4b88a3bd464355ae9cc3e77f313efb,31,41,1,public language contains an explicit commitment cue,False
4880160cc1e7924d89d55a7a6579fb9a0f90e3cffbd2d60e2f5b60cfa01b53f9,PROMISE_OR_REVERSAL,9b64b50b21246a813a276af7a32e56a5ec4b88a3bd464355ae9cc3e77f313efb,31,41,1,public language contains an explicit commitment cue,False
14347ca803cffcfa97ae26f074ec51e9f286bdaa1efe02e63e493adb502058f0,PROMISE_OR_REVERSAL,9b64b50b21246a813a276af7a32e56a5ec4b88a3bd464355ae9cc3e77f313efb,31,41,1,public language contains an explicit commitment cue,False
c28bfe67750d61c5f76c59d24d63d1f958d8161c919215a1d10e81111e13802d,PROMISE_OR_REVERSAL,9b64b50b21246a813a276af7a32e56a5ec4b88a3bd464355ae9cc3e77f313efb,31,41,1,public language contains an explicit commitment cue,False
3ca790b13446716bb0b789becb556a75641a1dcd78f1a55ac7f8f22c0bde10b5,PROMISE_OR_REVERSAL,9b64b50b21246a813a276af7a32e56a5ec4b88a3bd464355ae9cc3e77f313efb,31,41,1,public language contains an explicit commitment cue,False
d4bc7e26abc45a4cb615842d5cea1f8f6d8ba8f9291564e2fc47451f0358a0c0,PROMISE_OR_REVERSAL,9b64b50b21246a813a276af7a32e56a5ec4b88a3bd464355ae9cc3e77f313efb,31,41,1,public language contains an explicit commitment cue,False
3474acdb3a354a7966894a7c285fe3459e9007f189047866dcf58c67cde3843a,PROMISE_OR_REVERSAL,9b64b50b21246a813a276af7a32e56a5ec4b88a3bd464355ae9cc3e77f313efb,31,41,1,public language contains an explicit commitment cue,False
47c52fc57269b159e9e1aa59915c93686cae3675badf7577486165cffec6f0e6,PROMISE_OR_REVERSAL,9b64b50b21246a813a276af7a32e56a5ec4b88a3bd464355ae9cc3e77f313efb,31,41,1,public language contains an explicit commitment cue,False
25a672d943d9edb30122c7c73ff350d23787b97c4b5ad445079ff1317fb49985,PROMISE_OR_REVERSAL,9b64b50b21246a813a276af7a32e56a5ec4b88a3bd464355ae9cc3e77f313efb,31,41,1,public language contains an explicit commitment cue,False
790977d86aec97f4f26e6686358b90e32f97b88f90f23edc4a0c64f412536f45,PROMISE_OR_REVERSAL,9b64b50b21246a813a276af7a32e56a5ec4b88a3bd464355ae9cc3e77f313efb,31,41,1,public language contains an explicit commitment cue,False
45989a32274a65e9eb0ece2570e332b424b85bceb4192f66bf1a1d7f3e84998b,PROMISE_OR_REVERSAL,9b64b50b21246a813a276af7a32e56a5ec4b88a3bd464355ae9cc3e77f313efb,31,41,1,public language contains an explicit commitment cue,False
12a80bf9cd411be6279dd63955fa2ad0282eaf2a6953192cfc1a5a689795df97,PROMISE_OR_REVERSAL,9b64b50b21246a813a276af7a32e56a5ec4b88a3bd464355ae9cc3e77f313efb,31,41,1,public language contains an explicit commitment cue,False
89ccafa28ca3b8edeb6c6170137c469555a14b6b48b52566502681704183420a,PROMISE_OR_REVERSAL,9b64b50b21246a813a276af7a32e56a5ec4b88a3bd464355ae9cc3e77f313efb,32,42,1,public language contains an explicit commitment cue,False
ad4e70cf374c1dc9c94d6083e351ef7e1612ae4050a17d5a5b2fb75804cf39c8,PROMISE_OR_REVERSAL,9b64b50b21246a813a276af7a32e56a5ec4b88a3bd464355ae9cc3e77f313efb,32,42,1,public language contains an explicit commitment cue,False
65185aa22ebec3a6e024d6f7769e66e87d5b7d796b49cb3a4af01229b9a2c2df,PROMISE_OR_REVERSAL,9b64b50b21246a813a276af7a32e56a5ec4b88a3bd464355ae9cc3e77f313efb,32,42,1,public language contains an explicit commitment cue,False
3bdb44291aee3520890163c5ebd7909343d409eed54f98b49a1c7118af608a85,PROMISE_OR_REVERSAL,9b64b50b21246a813a276af7a32e56a5ec4b88a3bd464355ae9cc3e77f313efb,32,42,1,public language contains an explicit commitment cue,False
57e8717b26845e8e67f0f33c7c39f976b2ab9669de6475754c3ab52189b6ca9c,PROMISE_OR_REVERSAL,9b64b50b21246a813a276af7a32e56a5ec4b88a3bd464355ae9cc3e77f313efb,32,42,1,public language contains an explicit commitment cue,False
208336ad89d993863b724d1b45dfb9645b8cb2c60aafa804aedf86e0adaf474c,PROMISE_OR_REVERSAL,9b64b50b21246a813a276af7a32e56a5ec4b88a3bd464355ae9cc3e77f313efb,34,44,1,public language contains an explicit commitment cue,False
76be5597318cb351e0f39f8d0bd398225fc03ce23c5aacca49515fdbc472745a,PROMISE_OR_REVERSAL,9b64b50b21246a813a276af7a32e56a5ec4b88a3bd464355ae9cc3e77f313efb,35,45,1,public language contains an explicit commitment cue,False
f5373fd0ddab64417e6be8eb0864c9c1e1b5c14314a338e30886891146820f1c,PROMISE_OR_REVERSAL,9b64b50b21246a813a276af7a32e56a5ec4b88a3bd464355ae9cc3e77f313efb,36,46,1,public language contains an explicit commitment cue,False
20a2d32351a0a448b8c32a3bb1b244d7bf607f441b9524110cd1e991f1a0680d,PROMISE_OR_REVERSAL,9b64b50b21246a813a276af7a32e56a5ec4b88a3bd464355ae9cc3e77f313efb,36,46,1,public language contains an explicit commitment cue,False
504f54de282166dd513a811e3a17f48d4ae7220facccf4e068b9c3b4c661370f,PROMISE_OR_REVERSAL,9b64b50b21246a813a276af7a32e56a5ec4b88a3bd464355ae9cc3e77f313efb,36,46,1,public language contains an explicit commitment cue,False
f11cfb8acd9832b6c740fcf1e0f06dc0b71c1f8ae7fab72914d68a0dd7082b87,PROMISE_OR_REVERSAL,9b64b50b21246a813a276af7a32e56a5ec4b88a3bd464355ae9cc3e77f313efb,36,46,1,public language contains an explicit commitment cue,False
8b9af72fa9352b842f905f7f58a2e1485c5758cc915488a832aeecb77e7c090b,PROMISE_OR_REVERSAL,9b64b50b21246a813a276af7a32e56a5ec4b88a3bd464355ae9cc3e77f313efb,37,47,1,public language contains an explicit commitment cue,False
bf879439393ffe40971da0d00cf2227fb188b1e7436a13cf01171d5a37967d9b,PROMISE_OR_REVERSAL,9b64b50b21246a813a276af7a32e56a5ec4b88a3bd464355ae9cc3e77f313efb,37,47,1,public language contains an explicit commitment cue,False
0459991e7c8826b65a32777977fbf4e9387270024d122fc2fd3abfd16ea5568f,PROMISE_OR_REVERSAL,9b64b50b21246a813a276af7a32e56a5ec4b88a3bd464355ae9cc3e77f313efb,37,47,1,public language contains an explicit commitment cue,False
84d4dc621f91fd04ded99f371f74bb1086819627688c6bf37a593ef3f3e229fb,PROMISE_OR_REVERSAL,9b64b50b21246a813a276af7a32e56a5ec4b88a3bd464355ae9cc3e77f313efb,39,49,1,public language contains an explicit commitment cue,False
e1d4c7a2cf11715727541fcd8504e3a53583f2086ab913e692fedcb362810af7,PROMISE_OR_REVERSAL,9b64b50b21246a813a276af7a32e56a5ec4b88a3bd464355ae9cc3e77f313efb,41,51,1,public language contains an explicit commitment cue,False
33d1c12e652067c707bb7ae62cf8dc3a5cf950fb9454505df42e869d05ee355d,PROMISE_OR_REVERSAL,9b64b50b21246a813a276af7a32e56a5ec4b88a3bd464355ae9cc3e77f313efb,42,52,1,public language contains an explicit commitment cue,False
8bf7a34a54b84adb4e67228cf10f76328571709e4655a8fdea3afcb212d6bbcf,PROMISE_OR_REVERSAL,9b64b50b21246a813a276af7a32e56a5ec4b88a3bd464355ae9cc3e77f313efb,42,52,1,public language contains an explicit commitment cue,False
0a1e8199356e029d9c26ef9e167c033420bf85ba5fcf068f94c0fe91014f8db0,PROMISE_OR_REVERSAL,9b64b50b21246a813a276af7a32e56a5ec4b88a3bd464355ae9cc3e77f313efb,45,55,1,public language contains an explicit commitment cue,False
3ddbce1e3819fbdfa3cca46dd39d72a11b435c9f10dd8dd62cfda6ef07e55969,PROMISE_OR_REVERSAL,9b64b50b21246a813a276af7a32e56a5ec4b88a3bd464355ae9cc3e77f313efb,47,57,1,public language contains an explicit commitment cue,False
b91f2ea956a465b253ac62efbc74bf3e38969d9872759eae28ac2a4797588029,PROMISE_OR_REVERSAL,9b64b50b21246a813a276af7a32e56a5ec4b88a3bd464355ae9cc3e77f313efb,47,57,1,public language contains an explicit commitment cue,False
a4ff4ab1391ab586bed96864f6de1ba4b39f5da19c9195c0ad1aaab4c1730f54,PROMISE_OR_REVERSAL,9b64b50b21246a813a276af7a32e56a5ec4b88a3bd464355ae9cc3e77f313efb,49,59,1,public language contains an explicit commitment cue,False
2f3c04c883e935a24cbbeaeb0b969fa540bded5d2713b7b8a6984efb986b524d,PROMISE_OR_REVERSAL,9b64b50b21246a813a276af7a32e56a5ec4b88a3bd464355ae9cc3e77f313efb,49,59,1,public language contains an explicit commitment cue,False
952f736a033e176fbfb5c1ad5185acc7859a6eac1e9acf36bae009bfec10f187,PROMISE_OR_REVERSAL,9b64b50b21246a813a276af7a32e56a5ec4b88a3bd464355ae9cc3e77f313efb,51,61,1,public language contains an explicit commitment cue,False
01be6a44e5df0dfafe18a4d305a451e43b11ad25ba373a567d1bfb8be55d8308,PROMISE_OR_REVERSAL,9b64b50b21246a813a276af7a32e56a5ec4b88a3bd464355ae9cc3e77f313efb,51,61,1,public language contains an explicit commitment cue,False
e1ae2e8a4ea17df742a0a9059c6ccf63b3701b84166c7ffeec162912c2331573,PROMISE_OR_REVERSAL,9b64b50b21246a813a276af7a32e56a5ec4b88a3bd464355ae9cc3e77f313efb,52,62,1,public language contains an explicit commitment cue,False
ac7963a07bf5fd88d550a1e978b0f85d2b066edb3ef43e667a40f89055f43964,PROMISE_OR_REVERSAL,9b64b50b21246a813a276af7a32e56a5ec4b88a3bd464355ae9cc3e77f313efb,55,65,1,public language contains an explicit commitment cue,False
5e06e034cfd85dd5e597325991d4adf16bb672284996d6827c7cd6ff0296c175,PROMISE_OR_REVERSAL,9b64b50b21246a813a276af7a32e56a5ec4b88a3bd464355ae9cc3e77f313efb,59,69,1,public language contains an explicit commitment cue,False
32caac04ca8d101353049ce3b0ced6cc2ede1446ddfd4169a752b4681efd5ae8,PROMISE_OR_REVERSAL,9b64b50b21246a813a276af7a32e56a5ec4b88a3bd464355ae9cc3e77f313efb,59,69,1,public language contains an explicit commitment cue,False
46382aae047e926242b3e2d8e173e652f351cbde771ec635ee711d5b336195d0,PROMISE_OR_REVERSAL,9b64b50b21246a813a276af7a32e56a5ec4b88a3bd464355ae9cc3e77f313efb,59,69,1,public language contains an explicit commitment cue,False
503be3903044f50d5e5ab480217d447ca8af9ca357172cf3f0d05bafbcfd69f1,PROMISE_OR_REVERSAL,9b64b50b21246a813a276af7a32e56a5ec4b88a3bd464355ae9cc3e77f313efb,60,70,1,public language contains an explicit commitment cue,False
0b907aa2ae05ac703c9dfb5c05aff5a9af124074c16764904b475517d573465e,PROMISE_OR_REVERSAL,9b64b50b21246a813a276af7a32e56a5ec4b88a3bd464355ae9cc3e77f313efb,62,72,1,public language contains an explicit commitment cue,False
0d6e439ae10d335b79641ca8f5e79e92530af007409f21283907d24ace10ad8a,PROMISE_OR_REVERSAL,9b64b50b21246a813a276af7a32e56a5ec4b88a3bd464355ae9cc3e77f313efb,62,72,1,public language contains an explicit commitment cue,False
33ca74f1726fb25b03fd67dea9cc1f78443d2394f984e95566bc11d479c07fd7,PROMISE_OR_REVERSAL,9b64b50b21246a813a276af7a32e56a5ec4b88a3bd464355ae9cc3e77f313efb,62,72,1,public language contains an explicit commitment cue,False
d40a6da5e95c51e04d0e4b8691dd37bde6dfdcfdd98b9e07db5bb88ef9bb7edc,PROMISE_OR_REVERSAL,9b64b50b21246a813a276af7a32e56a5ec4b88a3bd464355ae9cc3e77f313efb,63,73,1,public language contains an explicit commitment cue,False
91e918c4db95e9d445c4b37aa47c363ab9887b76da1031b1e723c01208f362ba,PROMISE_OR_REVERSAL,9b64b50b21246a813a276af7a32e56a5ec4b88a3bd464355ae9cc3e77f313efb,63,73,1,public language contains an explicit commitment cue,False
0fedd2d713065578169b056a2c86a9f8231813f7ce4ed8cac0512d83184fa785,PROMISE_OR_REVERSAL,9b64b50b21246a813a276af7a32e56a5ec4b88a3bd464355ae9cc3e77f313efb,66,76,1,public language contains an explicit commitment cue,False
b9623b79ee1f956e760acd4581513bc9a225f46ec05c12078d987c81822c5722,PROMISE_OR_REVERSAL,9b64b50b21246a813a276af7a32e56a5ec4b88a3bd464355ae9cc3e77f313efb,67,77,1,public language contains an explicit commitment cue,False
106b4f6197224422e9ddc0a2eb7587f5b05637feda69e9f592c487af14a80548,PROMISE_OR_REVERSAL,9b64b50b21246a813a276af7a32e56a5ec4b88a3bd464355ae9cc3e77f313efb,69,79,1,public language contains an explicit commitment cue,False
b262fd7e3cda6258675d4d3b42cc59982ea709e120b245bc7014eb5d95b3dc60,PROMISE_OR_REVERSAL,9b64b50b21246a813a276af7a32e56a5ec4b88a3bd464355ae9cc3e77f313efb,69,79,1,public language contains an explicit commitment cue,False
a092f266228923e3ed20d53b83b7fac1321d78d35771fa9a1ecaf5bbea87a097,PROMISE_OR_REVERSAL,9b64b50b21246a813a276af7a32e56a5ec4b88a3bd464355ae9cc3e77f313efb,75,85,1,public language contains an explicit commitment cue,False
4369e765a6abbacb077c492282d374d3f9e65439063b3d7b59272c462e467505,PROMISE_OR_REVERSAL,9b64b50b21246a813a276af7a32e56a5ec4b88a3bd464355ae9cc3e77f313efb,82,92,1,public language contains an explicit commitment cue,False
cc1cfe1bd4bb642ef96f37bdfa9f1a0d46822456e936868787770cd9f385afe8,PROMISE_OR_REVERSAL,9b64b50b21246a813a276af7a32e56a5ec4b88a3bd464355ae9cc3e77f313efb,92,102,1,public language contains an explicit commitment cue,False
621472df229d46c462a15c1e274c71d795d4349ef18e3797b8a475fd3555f086,PROMISE_OR_REVERSAL,9b64b50b21246a813a276af7a32e56a5ec4b88a3bd464355ae9cc3e77f313efb,105,115,1,public language contains an explicit commitment cue,False
fcc4b840e0fc317417fc0b3077ff511d40c8641cb0e2bc635a75d537b732ef57,PROMISE_OR_REVERSAL,9b64b50b21246a813a276af7a32e56a5ec4b88a3bd464355ae9cc3e77f313efb,112,122,1,public language contains an explicit commitment cue,False
db09f36556cd1067acf88667a445a60e3fcd679a0f87c492d2177099119792e0,PROMISE_OR_REVERSAL,9b64b50b21246a813a276af7a32e56a5ec4b88a3bd464355ae9cc3e77f313efb,112,122,1,public language contains an explicit commitment cue,False
f76bcd538820f09ef42786d1f247cb8da432ad5eb1671274bf91cb38efa7f563,PROMISE_OR_REVERSAL,9b64b50b21246a813a276af7a32e56a5ec4b88a3bd464355ae9cc3e77f313efb,114,124,1,public language contains an explicit commitment cue,False
7ca48484ba12ad59be335048c07d5874c2d6d9761f11ce9975650c3f696e2854,PROMISE_OR_REVERSAL,9b64b50b21246a813a276af7a32e56a5ec4b88a3bd464355ae9cc3e77f313efb,114,124,1,public language contains an explicit commitment cue,False
fe01954a4eb0c75f9d0004aa9417475e89017126589f2ba42ae2f7ddb83d23cd,PROMISE_OR_REVERSAL,9b64b50b21246a813a276af7a32e56a5ec4b88a3bd464355ae9cc3e77f313efb,117,127,1,public language contains an explicit commitment cue,False
81184f285bdb301e1742a51a6b8e8a029b99afa2919f97fc1f0bee0b34a27f47,PROMISE_OR_REVERSAL,9b64b50b21246a813a276af7a32e56a5ec4b88a3bd464355ae9cc3e77f313efb,119,129,1,public language contains an explicit commitment cue,False
f69937b963f4754801d8e44c9ab9cfc1128138b89f7d058055ada34229adcbe1,PROMISE_OR_REVERSAL,9b64b50b21246a813a276af7a32e56a5ec4b88a3bd464355ae9cc3e77f313efb,119,129,1,public language contains an explicit commitment cue,False
056a45bc7f0564c757e9714c36f970173ee8608a3249f470708f867f63b30ece,PROMISE_OR_REVERSAL,9b64b50b21246a813a276af7a32e56a5ec4b88a3bd464355ae9cc3e77f313efb,131,141,1,public language contains an explicit commitment cue,False
034cedddacffcdcd5ccfb7558e2942f0036a024bc91039440c82a84f3c309202,PROMISE_OR_REVERSAL,9b64b50b21246a813a276af7a32e56a5ec4b88a3bd464355ae9cc3e77f313efb,131,141,1,public language contains an explicit commitment cue,False
590c2e359fa70c126e6c285b4885b3ba06bb64d197c8ab4522d4e8dda74db610,PROMISE_OR_REVERSAL,9b64b50b21246a813a276af7a32e56a5ec4b88a3bd464355ae9cc3e77f313efb,131,141,1,public language contains an explicit commitment cue,False
7d177ce0615fca79d39f7a1bd28eacfb968e2d92be3fa305998a8ecabe3921e2,PROMISE_OR_REVERSAL,9b64b50b21246a813a276af7a32e56a5ec4b88a3bd464355ae9cc3e77f313efb,131,141,1,public language contains an explicit commitment cue,False
35314904aa648d37bd32f17cb6353a803f6847d6c005d421f456f3c926cf7cac,PROMISE_OR_REVERSAL,9b64b50b21246a813a276af7a32e56a5ec4b88a3bd464355ae9cc3e77f313efb,132,142,1,public language contains an explicit commitment cue,False
8ea7e87cdd93fb33343e65812839628c2b63eea8fed5751940b9f8ee5c5b8991,PROMISE_OR_REVERSAL,9b64b50b21246a813a276af7a32e56a5ec4b88a3bd464355ae9cc3e77f313efb,141,151,1,public language contains an explicit commitment cue,False
b120c32d1cdf8f507404246da2dfac708c994e70d91f3c06a955b574207c9ab6,PROMISE_OR_REVERSAL,9b64b50b21246a813a276af7a32e56a5ec4b88a3bd464355ae9cc3e77f313efb,148,157,1,public language contains an explicit commitment cue,False
333a2f1d34df220d0b7d7c1035debd7fda81316af3861f0457e3663c6a3833d7,PROMISE_OR_REVERSAL,9b64b50b21246a813a276af7a32e56a5ec4b88a3bd464355ae9cc3e77f313efb,151,157,1,public language contains an explicit commitment cue,False
33909a32a47ea9d7ec9ad559d9063d2c6fce2d58aedbf60ef6a9bffe84dbe236,PROMISE_OR_REVERSAL,9b64b50b21246a813a276af7a32e56a5ec4b88a3bd464355ae9cc3e77f313efb,154,157,1,public language contains an explicit commitment cue,False
4923bb9b2309685862ed228f252810dc1f05e0284ff724f5fa890775eaac2f13,PROMISE_OR_REVERSAL,9b64b50b21246a813a276af7a32e56a5ec4b88a3bd464355ae9cc3e77f313efb,154,157,1,public language contains an explicit commitment cue,False
3f7e5148b146b48b2d6ca3eb9f6c4f0049d0edc27b3553b98d5ebd9814f9fe60,PROMISE_OR_REVERSAL,9b64b50b21246a813a276af7a32e56a5ec4b88a3bd464355ae9cc3e77f313efb,154,157,1,public language contains an explicit commitment cue,False
e982f85e72ff51aedb8f265d7d5c3a186f4965d5c1460d9898518b1105164c27,PROMISE_OR_REVERSAL,9b64b50b21246a813a276af7a32e56a5ec4b88a3bd464355ae9cc3e77f313efb,154,157,1,public language contains an explicit commitment cue,False
7c30cb6d9e9fa17a87f4cf2c5304b7307536517bbc791d7b662b91982f82b1a7,PROMISE_OR_REVERSAL,9b64b50b21246a813a276af7a32e56a5ec4b88a3bd464355ae9cc3e77f313efb,154,157,1,public language contains an explicit commitment cue,False
6c6d2b9a3b4b18e20eab5b85f75ee5e29bbe7d1606359ad461966a3a39331403,PROMISE_OR_REVERSAL,7e5c042a6c2641d49b6acfb017ddbfa16c3dcfbe567a6dd7386fd1dc0fa3a8a4,0,10,1,public language contains an explicit commitment cue,False
28e929e943463a22a7966e9720bbcdd477ef0286054a530e2f7e7952c6caa596,PROMISE_OR_REVERSAL,7e5c042a6c2641d49b6acfb017ddbfa16c3dcfbe567a6dd7386fd1dc0fa3a8a4,1,11,1,public language contains an explicit commitment cue,False
852478d79d6829500d52bd52905d94f4afc25ca1c690f5f9d97b903c580f67fe,PROMISE_OR_REVERSAL,7e5c042a6c2641d49b6acfb017ddbfa16c3dcfbe567a6dd7386fd1dc0fa3a8a4,5,15,1,public language contains an explicit commitment cue,False
5e2610f04a005a92fb404ab40ee81191c2c241f425c0f34994442d6f7eeb5efe,PROMISE_OR_REVERSAL,7e5c042a6c2641d49b6acfb017ddbfa16c3dcfbe567a6dd7386fd1dc0fa3a8a4,6,16,1,public language contains an explicit commitment cue,False
ba2f4d47e0586cee1e91f1fab33a5d972eae8b73e8c43ce7fff378dbbbdb9a8b,PROMISE_OR_REVERSAL,7e5c042a6c2641d49b6acfb017ddbfa16c3dcfbe567a6dd7386fd1dc0fa3a8a4,7,17,1,public language contains an explicit commitment cue,False
8e6ac1f0c2e17c592f97d7537641b1059ff0650f744a120379e784f1a7d1d44c,PROMISE_OR_REVERSAL,7e5c042a6c2641d49b6acfb017ddbfa16c3dcfbe567a6dd7386fd1dc0fa3a8a4,10,20,1,public language contains an explicit commitment cue,False
87fa99a9d2185c168ee78eee92484871844d0ce18b5a50ba64d8f6e6ff0c98f6,PROMISE_OR_REVERSAL,7e5c042a6c2641d49b6acfb017ddbfa16c3dcfbe567a6dd7386fd1dc0fa3a8a4,11,21,1,public language contains an explicit commitment cue,False
9a9174d3030531325387a510d7e54a1a26f2d1c9736f6c6ff1fd934306bbc120,PROMISE_OR_REVERSAL,7e5c042a6c2641d49b6acfb017ddbfa16c3dcfbe567a6dd7386fd1dc0fa3a8a4,12,22,1,public language contains an explicit commitment cue,False
20515d3d94604419f5fa28cf1103eeb1b2c96a989ff90c7ce148198f4a4c588e,PROMISE_OR_REVERSAL,7e5c042a6c2641d49b6acfb017ddbfa16c3dcfbe567a6dd7386fd1dc0fa3a8a4,13,23,1,public language contains an explicit commitment cue,False
3f65981cb5199c05f5d87047b7aced52fff8eb4810a4184b60c29b4391e30cd3,PROMISE_OR_REVERSAL,7e5c042a6c2641d49b6acfb017ddbfa16c3dcfbe567a6dd7386fd1dc0fa3a8a4,16,26,1,public language contains an explicit commitment cue,False
1d5ad6700530596dd6f2513d9394c99b4cd4e0029714dc27c073e84b0f07ed3a,PROMISE_OR_REVERSAL,7e5c042a6c2641d49b6acfb017ddbfa16c3dcfbe567a6dd7386fd1dc0fa3a8a4,20,30,1,public language contains an explicit commitment cue,False
33e9966cb5fff77a133506f44ac95fd04bc5174619f0af911185758b82ac584f,PROMISE_OR_REVERSAL,7e5c042a6c2641d49b6acfb017ddbfa16c3dcfbe567a6dd7386fd1dc0fa3a8a4,25,35,1,public language contains an explicit commitment cue,False
49359878cfc9ba6d8d0c1129e058d94deb02dc9be5fcdd3b5b331b25aeb40057,PROMISE_OR_REVERSAL,7e5c042a6c2641d49b6acfb017ddbfa16c3dcfbe567a6dd7386fd1dc0fa3a8a4,25,35,1,public language contains an explicit commitment cue,False
13004fdccb3c6a5f14a28fb68744ea0565bee809465d604d304b01cf80764e66,PROMISE_OR_REVERSAL,7e5c042a6c2641d49b6acfb017ddbfa16c3dcfbe567a6dd7386fd1dc0fa3a8a4,25,35,1,public language contains an explicit commitment cue,False
f636461027413fa8e90f81582c6a3d779c06c3972beb4649c73b580dae9e3a71,PROMISE_OR_REVERSAL,7e5c042a6c2641d49b6acfb017ddbfa16c3dcfbe567a6dd7386fd1dc0fa3a8a4,25,35,1,public language contains an explicit commitment cue,False
52a6bb449eee2abf12ce487d453f415abbe20562ac8297a9bfae0628c6491127,PROMISE_OR_REVERSAL,7e5c042a6c2641d49b6acfb017ddbfa16c3dcfbe567a6dd7386fd1dc0fa3a8a4,25,35,1,public language contains an explicit commitment cue,False
7ede95857d4357a5f861e5dd64412d4bd0639775f3c3bdaf38d532c00bd28929,PROMISE_OR_REVERSAL,7e5c042a6c2641d49b6acfb017ddbfa16c3dcfbe567a6dd7386fd1dc0fa3a8a4,25,35,1,public language contains an explicit commitment cue,False
c0f4453b5203b61717ca82d84b432f92a4cb8f35a9e79a5df693d50659d80bba,PROMISE_OR_REVERSAL,7e5c042a6c2641d49b6acfb017ddbfa16c3dcfbe567a6dd7386fd1dc0fa3a8a4,25,35,1,public language contains an explicit commitment cue,False
a7cea36ccbd847427d02cc35c43d5121f37321e63dcc4a43845064a9c9ef0bbd,PROMISE_OR_REVERSAL,7e5c042a6c2641d49b6acfb017ddbfa16c3dcfbe567a6dd7386fd1dc0fa3a8a4,25,35,1,public language contains an explicit commitment cue,False
0fc0b53865fa3dfe71e487b3ce6ea6edff71b283c3a622175a10c30b5789b596,PROMISE_OR_REVERSAL,7e5c042a6c2641d49b6acfb017ddbfa16c3dcfbe567a6dd7386fd1dc0fa3a8a4,25,35,1,public language contains an explicit commitment cue,False
0fff18d4d71a415e4f00e31c5dd90bbe6c14db56250533088e6fcdd014bcf98f,PROMISE_OR_REVERSAL,7e5c042a6c2641d49b6acfb017ddbfa16c3dcfbe567a6dd7386fd1dc0fa3a8a4,31,41,1,public language contains an explicit commitment cue,False
21d22547bf9197dd597e01db1949b06cc82e6e25abef133bd03b906457a2a54b,PROMISE_OR_REVERSAL,7e5c042a6c2641d49b6acfb017ddbfa16c3dcfbe567a6dd7386fd1dc0fa3a8a4,31,41,1,public language contains an explicit commitment cue,False
af28e93ae41c210a1a2c82467588c1d993c9486d4896bb4faabec4ededcc7af4,PROMISE_OR_REVERSAL,7e5c042a6c2641d49b6acfb017ddbfa16c3dcfbe567a6dd7386fd1dc0fa3a8a4,31,41,1,public language contains an explicit commitment cue,False
dbeb3bc113b9726ae52f593853d3dd56374eb86dd684b42d7dfc43869ee52e3c,PROMISE_OR_REVERSAL,7e5c042a6c2641d49b6acfb017ddbfa16c3dcfbe567a6dd7386fd1dc0fa3a8a4,33,43,1,public language contains an explicit commitment cue,False
9fc085fa588e6c7542462287822a7ca97842a5328c2feb16b0918bb67521df09,PROMISE_OR_REVERSAL,7e5c042a6c2641d49b6acfb017ddbfa16c3dcfbe567a6dd7386fd1dc0fa3a8a4,34,44,1,public language contains an explicit commitment cue,False
480c5b1308735bcfb061240f9f8afd681529c716ff552ec2f15922111811acb1,PROMISE_OR_REVERSAL,7e5c042a6c2641d49b6acfb017ddbfa16c3dcfbe567a6dd7386fd1dc0fa3a8a4,35,45,1,public language contains an explicit commitment cue,False
b65ed02216e93d833f7321bd08f2e0fc1c3f747d4fd5dd9b081571a81f484de1,PROMISE_OR_REVERSAL,7e5c042a6c2641d49b6acfb017ddbfa16c3dcfbe567a6dd7386fd1dc0fa3a8a4,35,45,1,public language contains an explicit commitment cue,False
135fdb59fe5441e6fe77b5bdc8d8f88d6a48617bda82c9f3f20067a918d6b662,PROMISE_OR_REVERSAL,7e5c042a6c2641d49b6acfb017ddbfa16c3dcfbe567a6dd7386fd1dc0fa3a8a4,37,47,1,public language contains an explicit commitment cue,False
a0ff171f52bef468c3a68ba55225aef5d5bc7b64e2a9eea9b6e1c6583965df2b,PROMISE_OR_REVERSAL,7e5c042a6c2641d49b6acfb017ddbfa16c3dcfbe567a6dd7386fd1dc0fa3a8a4,37,47,1,public language contains an explicit commitment cue,False
b33c41fc9adaa6116c4d8baccebdbe7a36e6c15d36706f37c7e7f99e7d73858c,PROMISE_OR_REVERSAL,7e5c042a6c2641d49b6acfb017ddbfa16c3dcfbe567a6dd7386fd1dc0fa3a8a4,37,47,1,public language contains an explicit commitment cue,False
58da4a3961ae026604c2471e3a9d4c5da31c56dcae1cbd41d5d83fca2c877a8c,PROMISE_OR_REVERSAL,7e5c042a6c2641d49b6acfb017ddbfa16c3dcfbe567a6dd7386fd1dc0fa3a8a4,37,47,1,public language contains an explicit commitment cue,False
050699c11cf513bbba1c56e92d6a9a1f7177dcc0c92ebcdafe1b2a411e8baec0,PROMISE_OR_REVERSAL,7e5c042a6c2641d49b6acfb017ddbfa16c3dcfbe567a6dd7386fd1dc0fa3a8a4,40,50,1,public language contains an explicit commitment cue,False
9bffeb82c5e7918847ec9011bb8125e5e4a8c25ac28fa92527175534a735fa04,PROMISE_OR_REVERSAL,7e5c042a6c2641d49b6acfb017ddbfa16c3dcfbe567a6dd7386fd1dc0fa3a8a4,41,51,1,public language contains an explicit commitment cue,False
4b9639d74bf298a160b4a07897421d3ebfc477d76c0333f011192b5d7890a76a,PROMISE_OR_REVERSAL,7e5c042a6c2641d49b6acfb017ddbfa16c3dcfbe567a6dd7386fd1dc0fa3a8a4,41,51,1,public language contains an explicit commitment cue,False
f6dfd5ce302abccfa3004fd779a600b708118380c499ec18830b7af45f8aec22,PROMISE_OR_REVERSAL,7e5c042a6c2641d49b6acfb017ddbfa16c3dcfbe567a6dd7386fd1dc0fa3a8a4,41,51,1,public language contains an explicit commitment cue,False
27578d7392b06e7122b62b608d88457d9c0b3f364c642618539896e07d818eaf,PROMISE_OR_REVERSAL,7e5c042a6c2641d49b6acfb017ddbfa16c3dcfbe567a6dd7386fd1dc0fa3a8a4,41,51,1,public language contains an explicit commitment cue,False
e57cace621f33c3576644a69f1d7732d6832395da5241537b256bba26ac82e0c,PROMISE_OR_REVERSAL,7e5c042a6c2641d49b6acfb017ddbfa16c3dcfbe567a6dd7386fd1dc0fa3a8a4,45,55,1,public language contains an explicit commitment cue,False
4c7bbc82ce10a5d7e32854665cf54119990df7b3a30ad9dca62290884197b855,PROMISE_OR_REVERSAL,7e5c042a6c2641d49b6acfb017ddbfa16c3dcfbe567a6dd7386fd1dc0fa3a8a4,45,55,1,public language contains an explicit commitment cue,False
08f4c550f14927e178f647bcfd07e3dbf62bc42611b4ec4e26a027ca41817f3f,PROMISE_OR_REVERSAL,7e5c042a6c2641d49b6acfb017ddbfa16c3dcfbe567a6dd7386fd1dc0fa3a8a4,45,55,1,public language contains an explicit commitment cue,False
36d2fddb9f24911d33f8df95e2f02526d42ca9a4c7b24abe22de025719b8fcd3,PROMISE_OR_REVERSAL,7e5c042a6c2641d49b6acfb017ddbfa16c3dcfbe567a6dd7386fd1dc0fa3a8a4,45,55,1,public language contains an explicit commitment cue,False
d0919f5bdb8ef568e011997a5971df75c18259fd23c4dd071b92b09e5f203f6f,PROMISE_OR_REVERSAL,7e5c042a6c2641d49b6acfb017ddbfa16c3dcfbe567a6dd7386fd1dc0fa3a8a4,46,56,1,public language contains an explicit commitment cue,False
fd49240b49b5f6727de7234c9281aa0a226d22a60e38959a45d393b3b8e88000,PROMISE_OR_REVERSAL,7e5c042a6c2641d49b6acfb017ddbfa16c3dcfbe567a6dd7386fd1dc0fa3a8a4,47,57,1,public language contains an explicit commitment cue,False
641f29d8b54b3ae1646e7c5eb486b3e3087b64d3a9a5524dc48f5067b0e50884,PROMISE_OR_REVERSAL,7e5c042a6c2641d49b6acfb017ddbfa16c3dcfbe567a6dd7386fd1dc0fa3a8a4,50,60,1,public language contains an explicit commitment cue,False
68cf24056ffcbf438df03d3cba22c104efa09250a36271b5b2683e04267014ea,PROMISE_OR_REVERSAL,7e5c042a6c2641d49b6acfb017ddbfa16c3dcfbe567a6dd7386fd1dc0fa3a8a4,53,63,1,public language contains an explicit commitment cue,False
a5a1fc41f4cf945b4a1c7791dd7e4b07e1709ccde8f477d4a9d33f6b0d7ffc8e,PROMISE_OR_REVERSAL,7e5c042a6c2641d49b6acfb017ddbfa16c3dcfbe567a6dd7386fd1dc0fa3a8a4,55,65,1,public language contains an explicit commitment cue,False
aa7abdfcb72a60db230247138d29b70adc8dba8745829b0a0bfebfa8d092755b,PROMISE_OR_REVERSAL,7e5c042a6c2641d49b6acfb017ddbfa16c3dcfbe567a6dd7386fd1dc0fa3a8a4,55,65,1,public language contains an explicit commitment cue,False
1fa11834d5e044a9252458280328aaffb5d3aa58c973806a8d35e437bf0ecaed,PROMISE_OR_REVERSAL,7e5c042a6c2641d49b6acfb017ddbfa16c3dcfbe567a6dd7386fd1dc0fa3a8a4,59,69,1,public language contains an explicit commitment cue,False
e602051051f7ed5dcd493887d0e2af6a1eaba0e119b345d34d0470d225bf3505,PROMISE_OR_REVERSAL,7e5c042a6c2641d49b6acfb017ddbfa16c3dcfbe567a6dd7386fd1dc0fa3a8a4,59,69,1,public language contains an explicit commitment cue,False
b991f4dc40b344d5e312d3c42bf26ce6050ed05bfcc943cb7aea340fc4dc9146,PROMISE_OR_REVERSAL,7e5c042a6c2641d49b6acfb017ddbfa16c3dcfbe567a6dd7386fd1dc0fa3a8a4,59,69,1,public language contains an explicit commitment cue,False
c3530cf8001ba82d43d16b1a54b50025b9d603282c8d40777daec290aee22d4a,PROMISE_OR_REVERSAL,7e5c042a6c2641d49b6acfb017ddbfa16c3dcfbe567a6dd7386fd1dc0fa3a8a4,59,69,1,public language contains an explicit commitment cue,False
27e795a90e3f1fa1d0ebb2bb8f70c5af7ee5e0d8ed15f3aec0afd62e4764c11c,PROMISE_OR_REVERSAL,7e5c042a6c2641d49b6acfb017ddbfa16c3dcfbe567a6dd7386fd1dc0fa3a8a4,64,74,1,public language contains an explicit commitment cue,False
1ffe68a887976398c8068a8632d5a5ffa305529287f737676ad3d279b8dd4446,PROMISE_OR_REVERSAL,7e5c042a6c2641d49b6acfb017ddbfa16c3dcfbe567a6dd7386fd1dc0fa3a8a4,71,81,1,public language contains an explicit commitment cue,False
6c65848cf16376d206f707d072e2291d4d33b0a28cefaf61df5807cd7fceee88,PROMISE_OR_REVERSAL,7e5c042a6c2641d49b6acfb017ddbfa16c3dcfbe567a6dd7386fd1dc0fa3a8a4,76,86,1,public language contains an explicit commitment cue,False
e0fd75b2faf72908bfab765b10ecde771279ce10e4682692fcd2143855682ef1,PROMISE_OR_REVERSAL,7e5c042a6c2641d49b6acfb017ddbfa16c3dcfbe567a6dd7386fd1dc0fa3a8a4,79,89,1,public language contains an explicit commitment cue,False
d08167a3ffb256e85d7bbf607a883d90a4f52bceed9768f1f513edea8b2f98d0,PROMISE_OR_REVERSAL,7e5c042a6c2641d49b6acfb017ddbfa16c3dcfbe567a6dd7386fd1dc0fa3a8a4,79,89,1,public language contains an explicit commitment cue,False
958b137af81cd24465eaa01ce8d616701af76251632416851739a9eb2f92bac0,PROMISE_OR_REVERSAL,7e5c042a6c2641d49b6acfb017ddbfa16c3dcfbe567a6dd7386fd1dc0fa3a8a4,79,89,1,public language contains an explicit commitment cue,False
c9cb294e8bffec0ed024940010e4a1a0c5402032fb08c32ead54d1634d1d092d,PROMISE_OR_REVERSAL,7e5c042a6c2641d49b6acfb017ddbfa16c3dcfbe567a6dd7386fd1dc0fa3a8a4,79,89,1,public language contains an explicit commitment cue,False
da79b6cb2c5752b69496e39f8ac9034ba6c849ebecc195f41d35700b6b35fcd8,PROMISE_OR_REVERSAL,7e5c042a6c2641d49b6acfb017ddbfa16c3dcfbe567a6dd7386fd1dc0fa3a8a4,79,89,1,public language contains an explicit commitment cue,False
8aced1a514ad368e2758bfa1fc661fac98d51864dedf5f74d7d6c5b85565845c,PROMISE_OR_REVERSAL,7e5c042a6c2641d49b6acfb017ddbfa16c3dcfbe567a6dd7386fd1dc0fa3a8a4,79,89,1,public language contains an explicit commitment cue,False
7fee07e48ae800fd249969517d79cf25d106b9c9e0f4139185c23597786b6a94,PROMISE_OR_REVERSAL,7e5c042a6c2641d49b6acfb017ddbfa16c3dcfbe567a6dd7386fd1dc0fa3a8a4,79,89,1,public language contains an explicit commitment cue,False
0ee3e4129d5e1ab5a0e1eb0c094c1aad2cd85ea37c4e18b9ee759273b8e27292,PROMISE_OR_REVERSAL,7e5c042a6c2641d49b6acfb017ddbfa16c3dcfbe567a6dd7386fd1dc0fa3a8a4,79,89,1,public language contains an explicit commitment cue,False
20deda0d34b11b7ce4321d0b604f3a342838efa149f9f2045b036355f563a527,PROMISE_OR_REVERSAL,7e5c042a6c2641d49b6acfb017ddbfa16c3dcfbe567a6dd7386fd1dc0fa3a8a4,79,89,1,public language contains an explicit commitment cue,False
6b1cac71eefd8511f700db8d22565374fdcafc035db31863a76cfeefc1f75367,PROMISE_OR_REVERSAL,7e5c042a6c2641d49b6acfb017ddbfa16c3dcfbe567a6dd7386fd1dc0fa3a8a4,79,89,1,public language contains an explicit commitment cue,False
d6cfcce139e7554486eb0713b4d14dcdc63e19b92f10f08220d39c8711bae971,PROMISE_OR_REVERSAL,7e5c042a6c2641d49b6acfb017ddbfa16c3dcfbe567a6dd7386fd1dc0fa3a8a4,79,89,1,public language contains an explicit commitment cue,True
a3e610343ae136c6087505bf29ceb7b5851bd1cf980406a37d3c630bbe2945e0,PROMISE_OR_REVERSAL,7e5c042a6c2641d49b6acfb017ddbfa16c3dcfbe567a6dd7386fd1dc0fa3a8a4,79,89,1,public language contains an explicit commitment cue,False
9d522fa84d2c1f2178d9b743c1974a7bb7058c983c0cd25ea28cd07029033761,PROMISE_OR_REVERSAL,7e5c042a6c2641d49b6acfb017ddbfa16c3dcfbe567a6dd7386fd1dc0fa3a8a4,79,89,1,public language contains an explicit commitment cue,False
f865d64398954a1e2f399f3e2cfdac25db633eec413b396b8fe7736a91559652,PROMISE_OR_REVERSAL,7e5c042a6c2641d49b6acfb017ddbfa16c3dcfbe567a6dd7386fd1dc0fa3a8a4,80,90,1,public language contains an explicit commitment cue,False
22161eac618ec4dfe48e564030997aa99ee07a1539fa7f79cc52c8ffbda86d16,PROMISE_OR_REVERSAL,7e5c042a6c2641d49b6acfb017ddbfa16c3dcfbe567a6dd7386fd1dc0fa3a8a4,81,91,1,public language contains an explicit commitment cue,False
d35e8feb35444bb458638907a180a588291170bad49b18aa860fff1f7d390848,PROMISE_OR_REVERSAL,7e5c042a6c2641d49b6acfb017ddbfa16c3dcfbe567a6dd7386fd1dc0fa3a8a4,84,94,1,public language contains an explicit commitment cue,False
dc8c4af6b76b7a8340c1956a02455ce95799dcd45100a6245f9b71f1790f6bd7,PROMISE_OR_REVERSAL,7e5c042a6c2641d49b6acfb017ddbfa16c3dcfbe567a6dd7386fd1dc0fa3a8a4,85,95,1,public language contains an explicit commitment cue,False
fc5f5c1f7e5760ed34da20f2418362ef07351b4a15d826b19a9a6e2fdd597b33,PROMISE_OR_REVERSAL,7e5c042a6c2641d49b6acfb017ddbfa16c3dcfbe567a6dd7386fd1dc0fa3a8a4,88,98,1,public language contains an explicit commitment cue,False
8d155fa6ff31473a8a62a877b8937d901dd7e48688ecffe0dc722d12c1c6fec5,PROMISE_OR_REVERSAL,7e5c042a6c2641d49b6acfb017ddbfa16c3dcfbe567a6dd7386fd1dc0fa3a8a4,88,98,1,public language contains an explicit commitment cue,False
d0b273703e73e1602281dd8de8a3626a7988e406f0450e6f9fa17db8d88d8683,PROMISE_OR_REVERSAL,7e5c042a6c2641d49b6acfb017ddbfa16c3dcfbe567a6dd7386fd1dc0fa3a8a4,88,98,1,public language contains an explicit commitment cue,False
d4d008a9b1c689618a5ed9b9b80dfdf4fd36db84c534349e0c80b1723bf6388c,PROMISE_OR_REVERSAL,7e5c042a6c2641d49b6acfb017ddbfa16c3dcfbe567a6dd7386fd1dc0fa3a8a4,99,109,1,public language contains an explicit commitment cue,False
42451465d3ac18bb7bf27c026b77829d99f781b8aed1c0f418a08d3d1ec19ee6,PROMISE_OR_REVERSAL,7e5c042a6c2641d49b6acfb017ddbfa16c3dcfbe567a6dd7386fd1dc0fa3a8a4,99,109,1,public language contains an explicit commitment cue,False
dd8f15cf21752f20a759e1facdef583fd3f75e3967ea87008d2e0489dbe0f4aa,PROMISE_OR_REVERSAL,7e5c042a6c2641d49b6acfb017ddbfa16c3dcfbe567a6dd7386fd1dc0fa3a8a4,105,115,1,public language contains an explicit commitment cue,False
49f939586a8c91ce47e020971cb9d642c491ce6441ded75abcabde67b44ee69d,PROMISE_OR_REVERSAL,7e5c042a6c2641d49b6acfb017ddbfa16c3dcfbe567a6dd7386fd1dc0fa3a8a4,106,116,1,public language contains an explicit commitment cue,False
635d3839047d07ce5eddaf6f98c457ea59feff836e006348193f08275ade1194,PROMISE_OR_REVERSAL,7e5c042a6c2641d49b6acfb017ddbfa16c3dcfbe567a6dd7386fd1dc0fa3a8a4,108,118,1,public language contains an explicit commitment cue,False
92e555fd7ea8166641e8aa23855de7f6ac0bc9aaa7f3940a0a69d66697af715b,PROMISE_OR_REVERSAL,7e5c042a6c2641d49b6acfb017ddbfa16c3dcfbe567a6dd7386fd1dc0fa3a8a4,108,118,1,public language contains an explicit commitment cue,False
7bbbc7cac0aea756a9f043335f384d9f39baf41d5eaed4afbd686c6a3d0cd2ef,PROMISE_OR_REVERSAL,7e5c042a6c2641d49b6acfb017ddbfa16c3dcfbe567a6dd7386fd1dc0fa3a8a4,108,118,1,public language contains an explicit commitment cue,False
2392bba46f0b8020053ffe3d951c2c595fbfc708f0ec32af3262a46573262f6c,PROMISE_OR_REVERSAL,7e5c042a6c2641d49b6acfb017ddbfa16c3dcfbe567a6dd7386fd1dc0fa3a8a4,112,122,1,public language contains an explicit commitment cue,False
ca1896a7c042ecb72299b6bbbc3eb90f23e20fd5faf3b326acdd4f630e21d360,PROMISE_OR_REVERSAL,7e5c042a6c2641d49b6acfb017ddbfa16c3dcfbe567a6dd7386fd1dc0fa3a8a4,116,126,1,public language contains an explicit commitment cue,False
dc7ef8a27853682cc2d090e36de90ba1756d7639ed8fb1edc328317bb079d867,PROMISE_OR_REVERSAL,7e5c042a6c2641d49b6acfb017ddbfa16c3dcfbe567a6dd7386fd1dc0fa3a8a4,116,126,1,public language contains an explicit commitment cue,True
9f0d4b573de5ff097f230b201c16d18cbaf79961746dd87333c5d990b0acfa9c,PROMISE_OR_REVERSAL,7e5c042a6c2641d49b6acfb017ddbfa16c3dcfbe567a6dd7386fd1dc0fa3a8a4,117,127,1,public language contains an explicit commitment cue,False
7f9a9730eec75770968b4c07e984065b2091941a67a55bec016f991469815152,PROMISE_OR_REVERSAL,7e5c042a6c2641d49b6acfb017ddbfa16c3dcfbe567a6dd7386fd1dc0fa3a8a4,118,128,1,public language contains an explicit commitment cue,False
7b867aa421899d1afbc650b4f37afacc8964f4f3f4687652bc9a3555279347f4,PROMISE_OR_REVERSAL,7e5c042a6c2641d49b6acfb017ddbfa16c3dcfbe567a6dd7386fd1dc0fa3a8a4,119,129,1,public language contains an explicit commitment cue,False
43375addec8c2e6bf68d69d18455a7478bbd99814b419b7fec59dca27650f0ee,PROMISE_OR_REVERSAL,7e5c042a6c2641d49b6acfb017ddbfa16c3dcfbe567a6dd7386fd1dc0fa3a8a4,119,129,1,public language contains an explicit commitment cue,False
0eed2a8f7691a9939fbdb88741de762e67671ca66a796d7f14af2b198398b052,PROMISE_OR_REVERSAL,7e5c042a6c2641d49b6acfb017ddbfa16c3dcfbe567a6dd7386fd1dc0fa3a8a4,122,132,1,public language contains an explicit commitment cue,False
9582b49c6b968fed13ff72cf68d416efbed418fae51d29e6171f81c73e767374,PROMISE_OR_REVERSAL,7e5c042a6c2641d49b6acfb017ddbfa16c3dcfbe567a6dd7386fd1dc0fa3a8a4,122,132,1,public language contains an explicit commitment cue,False
8af17834881baf2d8857927a5c84085e49b264d1aa414a931551c3f63764b91b,PROMISE_OR_REVERSAL,7e5c042a6c2641d49b6acfb017ddbfa16c3dcfbe567a6dd7386fd1dc0fa3a8a4,123,133,1,public language contains an explicit commitment cue,False
9507481b4b4f6f82a7a26d68a9c2c4fca4b55d5ba781814789dc9b1ec0bd2c83,PROMISE_OR_REVERSAL,7e5c042a6c2641d49b6acfb017ddbfa16c3dcfbe567a6dd7386fd1dc0fa3a8a4,132,142,1,public language contains an explicit commitment cue,False
4e92c65f500dd3e98311a188189338b35f0c3139fc6d15648e94b0d0245e9994,PROMISE_OR_REVERSAL,7e5c042a6c2641d49b6acfb017ddbfa16c3dcfbe567a6dd7386fd1dc0fa3a8a4,135,145,1,public language contains an explicit commitment cue,False
e42dc725c200a01fa38756b50f2c8d8f44d00f6494afef66303f62afddbbddc5,PROMISE_OR_REVERSAL,7e5c042a6c2641d49b6acfb017ddbfa16c3dcfbe567a6dd7386fd1dc0fa3a8a4,138,148,1,public language contains an explicit commitment cue,False
9f0f4b208161eedbc50abea73e0348a9dbedd2d159ed37cfa31fe249c236108f,PROMISE_OR_REVERSAL,7e5c042a6c2641d49b6acfb017ddbfa16c3dcfbe567a6dd7386fd1dc0fa3a8a4,141,151,1,public language contains an explicit commitment cue,False
a85c647a1d5dcbe044c76e70d2735eff8d1c134d10f7adbb0bb02125edaff6d5,PROMISE_OR_REVERSAL,7e5c042a6c2641d49b6acfb017ddbfa16c3dcfbe567a6dd7386fd1dc0fa3a8a4,142,152,1,public language contains an explicit commitment cue,False
7f18a44edde986c29c70088a0b34cd521fafacea673af74210490ff02a5fd53a,PROMISE_OR_REVERSAL,7e5c042a6c2641d49b6acfb017ddbfa16c3dcfbe567a6dd7386fd1dc0fa3a8a4,142,152,1,public language contains an explicit commitment cue,False
4725db10ea79cb7add828422518e2e3b83cb1a9ea88c9fceaf3a97f2da1111db,PROMISE_OR_REVERSAL,7e5c042a6c2641d49b6acfb017ddbfa16c3dcfbe567a6dd7386fd1dc0fa3a8a4,143,153,1,public language contains an explicit commitment cue,False
4543f4d06baa11c22ecb5416ae44fdb4137d940864b10c7467bdfd3b3eecd272,PROMISE_OR_REVERSAL,7e5c042a6c2641d49b6acfb017ddbfa16c3dcfbe567a6dd7386fd1dc0fa3a8a4,144,154,1,public language contains an explicit commitment cue,False
ac22b5d09691bc7fbd6a0d22aae4a20e9d908551226b91c682307e55211a4d95,PROMISE_OR_REVERSAL,7e5c042a6c2641d49b6acfb017ddbfa16c3dcfbe567a6dd7386fd1dc0fa3a8a4,147,157,1,public language contains an explicit commitment cue,False
3a24e82506eb28adc68253d3a0e2be8e72bd181c2c6cdf656a07aa4036facdad,PROMISE_OR_REVERSAL,7e5c042a6c2641d49b6acfb017ddbfa16c3dcfbe567a6dd7386fd1dc0fa3a8a4,148,158,1,public language contains an explicit commitment cue,False
431d5dd30b7d183703f7654fcbeb3ccf3b44c647884a144acf25cb3c8ec2daf5,PROMISE_OR_REVERSAL,7e5c042a6c2641d49b6acfb017ddbfa16c3dcfbe567a6dd7386fd1dc0fa3a8a4,149,159,1,public language contains an explicit commitment cue,False
421d1a653c59829dad52fbc6503c4c93c086a1c8bac1b8810bdeeba285ce8674,PROMISE_OR_REVERSAL,7e5c042a6c2641d49b6acfb017ddbfa16c3dcfbe567a6dd7386fd1dc0fa3a8a4,150,160,1,public language contains an explicit commitment cue,False
a5318fbf4a15205d8bf77b9151f264c07810875afb92af39a37113c76d44bff4,PROMISE_OR_REVERSAL,7e5c042a6c2641d49b6acfb017ddbfa16c3dcfbe567a6dd7386fd1dc0fa3a8a4,151,161,1,public language contains an explicit commitment cue,False
703e13a8287bcc328b3f5ff938dfa660ca8e472e778240cf4ab60c1840f7af95,PROMISE_OR_REVERSAL,7e5c042a6c2641d49b6acfb017ddbfa16c3dcfbe567a6dd7386fd1dc0fa3a8a4,152,162,1,public language contains an explicit commitment cue,False
d3d22630fa14a3428a509f8ae1af776859f3b2c500df9046c33aa1ca22517ed4,PROMISE_OR_REVERSAL,7e5c042a6c2641d49b6acfb017ddbfa16c3dcfbe567a6dd7386fd1dc0fa3a8a4,154,164,1,public language contains an explicit commitment cue,False
d2c1dfc19c56049165689373221991efc1371c068094ff1ae246adc39c5dc27c,PROMISE_OR_REVERSAL,7e5c042a6c2641d49b6acfb017ddbfa16c3dcfbe567a6dd7386fd1dc0fa3a8a4,156,166,1,public language contains an explicit commitment cue,False
c00c2c472f6ebc65fdeab7ed074595d5c8cdf3e5b76dfde3cd5ab527957d8a1e,PROMISE_OR_REVERSAL,7e5c042a6c2641d49b6acfb017ddbfa16c3dcfbe567a6dd7386fd1dc0fa3a8a4,157,167,1,public language contains an explicit commitment cue,False
af17a18a0ae8611f3f3a9c96d81e54bed54a4b0ea35ec5b5e0f5f23845c93247,PROMISE_OR_REVERSAL,7e5c042a6c2641d49b6acfb017ddbfa16c3dcfbe567a6dd7386fd1dc0fa3a8a4,157,167,1,public language contains an explicit commitment cue,False
0575ccad8e768f12f8dd4d0c76182eefec31a516efe09d580e431eb70210397b,PROMISE_OR_REVERSAL,7e5c042a6c2641d49b6acfb017ddbfa16c3dcfbe567a6dd7386fd1dc0fa3a8a4,158,168,1,public language contains an explicit commitment cue,False
34abfc7ec7d534273dadc71790ada466153059f8810060a7c666dc496f388a2e,PROMISE_OR_REVERSAL,7e5c042a6c2641d49b6acfb017ddbfa16c3dcfbe567a6dd7386fd1dc0fa3a8a4,160,170,1,public language contains an explicit commitment cue,False
9d4e525bc683849dba5a570c72a08a7678395c02840458c6fe336de477edeff9,PROMISE_OR_REVERSAL,7e5c042a6c2641d49b6acfb017ddbfa16c3dcfbe567a6dd7386fd1dc0fa3a8a4,161,171,1,public language contains an explicit commitment cue,False
1648d8bbc19d5e3151006e5870acb4190232ab52f293e7e57cdf65959242428e,PROMISE_OR_REVERSAL,7e5c042a6c2641d49b6acfb017ddbfa16c3dcfbe567a6dd7386fd1dc0fa3a8a4,169,179,1,public language contains an explicit commitment cue,False
868236098887f2cb78c84132d896d3974a28e2f35655a4f3229d9c7cdcac2654,PROMISE_OR_REVERSAL,7e5c042a6c2641d49b6acfb017ddbfa16c3dcfbe567a6dd7386fd1dc0fa3a8a4,174,184,1,public language contains an explicit commitment cue,False
102d407ec763a82cf1a33161de8cacb7704728bd3b88be288ff827652491ec3d,PROMISE_OR_REVERSAL,7e5c042a6c2641d49b6acfb017ddbfa16c3dcfbe567a6dd7386fd1dc0fa3a8a4,180,190,1,public language contains an explicit commitment cue,False
7020117ab4ed57ec345cd27bebfcadd373eae598489873ada07ea68f117c54f6,TRADE_OR_COALITION,ae3c5c763dc923291e7b4339ec3952b616f580032a7c485348171e303a3a5188,67,72,1,public language contains a coalition or targeting cue,False
dd70d93a2dc1a6c825467e5db8ee31a87695058be92ead443dee02740ce9cdc7,TRADE_OR_COALITION,ae3c5c763dc923291e7b4339ec3952b616f580032a7c485348171e303a3a5188,86,91,1,public language contains a coalition or targeting cue,False
386ae380493f1d16d8fd961a2a81c55de08c6383faf0454de7b79067ee0fd49a,TRADE_OR_COALITION,ae3c5c763dc923291e7b4339ec3952b616f580032a7c485348171e303a3a5188,113,118,1,public language contains a coalition or targeting cue,False
1654f4c9f897cd8fc04ffc3537f7e1467bd22c1994802dd6c608f85e063d49c1,TRADE_OR_COALITION,ae3c5c763dc923291e7b4339ec3952b616f580032a7c485348171e303a3a5188,113,118,1,public language contains a coalition or targeting cue,False
6b6b4324eee3ad0c1836ad99a672121e8ff69c79fc5c0e71dfbc2f1adfe574ae,TRADE_OR_COALITION,ae3c5c763dc923291e7b4339ec3952b616f580032a7c485348171e303a3a5188,115,120,1,public language contains a coalition or targeting cue,False
78937fe7db913a55cf9537e9d24ce8b2093d67b346265a3161a7622ff1536561,TRADE_OR_COALITION,ae3c5c763dc923291e7b4339ec3952b616f580032a7c485348171e303a3a5188,115,120,1,public language contains a coalition or targeting cue,False
e39cf6fc872992658fce41e2401bc87427f1b9bf66bb76d2074d008b30240b83,TRADE_OR_COALITION,ae3c5c763dc923291e7b4339ec3952b616f580032a7c485348171e303a3a5188,141,146,1,public language contains a coalition or targeting cue,False
a75e81c8d8860739d9b3fb122705165ba030560bdcbcc6956987a8b03ad0b5f2,TRADE_OR_COALITION,ae3c5c763dc923291e7b4339ec3952b616f580032a7c485348171e303a3a5188,145,150,1,public language contains a coalition or targeting cue,False
a36975d78c72e1fb964f0c26e70d5211647228fbe175a39978bb4ebe79915fc6,TRADE_OR_COALITION,ae3c5c763dc923291e7b4339ec3952b616f580032a7c485348171e303a3a5188,145,150,1,public language contains a coalition or targeting cue,False
980739a999f70a018e1b0141e8cb831fcc3b39d60181596fd2e7306767e54534,TRADE_OR_COALITION,ae3c5c763dc923291e7b4339ec3952b616f580032a7c485348171e303a3a5188,5,5,2,structured propose_trade action through first terminal trade event,False
7c247ecf22377ccd99134ed4426e5c19a69eb099026b3d845ffc2e28bb361e6b,TRADE_OR_COALITION,ae3c5c763dc923291e7b4339ec3952b616f580032a7c485348171e303a3a5188,5,5,2,structured propose_trade action through first terminal trade event,False
5e2e07e3222263e31cba495a1b2f0a0ababd476fa3a2aceb90e024cfadeb7dcb,TRADE_OR_COALITION,ae3c5c763dc923291e7b4339ec3952b616f580032a7c485348171e303a3a5188,5,5,2,structured propose_trade action through first terminal trade event,False
1a0789fc672d5782e645353a34b267f022106e1c08b76ac3c403a1a2284e5390,TRADE_OR_COALITION,ae3c5c763dc923291e7b4339ec3952b616f580032a7c485348171e303a3a5188,6,6,2,structured propose_trade action through first terminal trade event,False
1e2c6528e4ec57d985c6e3e919cf6e67c20f619e8a1e514bb2dd7ea92970ad1b,TRADE_OR_COALITION,ae3c5c763dc923291e7b4339ec3952b616f580032a7c485348171e303a3a5188,10,10,2,structured propose_trade action through first terminal trade event,False
a7875d5e7c0e6c7f058acf368b6b3b548d37a023420feb9c2c1317884c34510f,TRADE_OR_COALITION,ae3c5c763dc923291e7b4339ec3952b616f580032a7c485348171e303a3a5188,10,10,2,structured propose_trade action through first terminal trade event,False
bd45c3877f661b9e92ffd92e72200ca9068398d96b11a0a24c828c4a444a5dfb,TRADE_OR_COALITION,ae3c5c763dc923291e7b4339ec3952b616f580032a7c485348171e303a3a5188,10,10,2,structured propose_trade action through first terminal trade event,False
449a04abe43741fd24b66d4b464a260adbd830cac2baf44c3b9b7ee576247d97,TRADE_OR_COALITION,ae3c5c763dc923291e7b4339ec3952b616f580032a7c485348171e303a3a5188,10,10,2,structured propose_trade action through first terminal trade event,False
79a48aa281d13c1f7e60fdcc26a82555989e9d78ec1c945b9f915e9b6b05b7d0,TRADE_OR_COALITION,ae3c5c763dc923291e7b4339ec3952b616f580032a7c485348171e303a3a5188,21,21,2,structured propose_trade action through first terminal trade event,True
68bf13d8842ed8d69cec47d9c5e394c3086506cdd3693b1ab0dc78c687a9282c,TRADE_OR_COALITION,ae3c5c763dc923291e7b4339ec3952b616f580032a7c485348171e303a3a5188,21,21,2,structured propose_trade action through first terminal trade event,False
1e8d12946e9922ae90ba198c26dac5911ba3a0a16e0e48ca630f2fbd10ca9bda,TRADE_OR_COALITION,ae3c5c763dc923291e7b4339ec3952b616f580032a7c485348171e303a3a5188,21,21,2,structured propose_trade action through first terminal trade event,False
fbf07e9da198d349221cc53f95eab0b10622300ba2707c6687568ca0c741341a,TRADE_OR_COALITION,ae3c5c763dc923291e7b4339ec3952b616f580032a7c485348171e303a3a5188,25,25,2,structured propose_trade action through first terminal trade event,False
8e25e82f56a2b0ed19ff4bc6aefd5cc37e3c3019b379d5192bb806823695a255,TRADE_OR_COALITION,ae3c5c763dc923291e7b4339ec3952b616f580032a7c485348171e303a3a5188,29,29,2,structured propose_trade action through first terminal trade event,False
b83e58a3cf21fd24f33f5e7db5dc939f663fee2f08d24802bfd71fec9feb057b,TRADE_OR_COALITION,ae3c5c763dc923291e7b4339ec3952b616f580032a7c485348171e303a3a5188,30,30,2,structured propose_trade action through first terminal trade event,False
48768fb7982b4293437d8a06676e7276c2f03c3e586b4e75054b6f65bb2b73c0,TRADE_OR_COALITION,ae3c5c763dc923291e7b4339ec3952b616f580032a7c485348171e303a3a5188,30,30,2,structured propose_trade action through first terminal trade event,False
e11027afbf6d5dbf5f202626fdf8cc45f046caac0b845b3446d873b350316754,TRADE_OR_COALITION,ae3c5c763dc923291e7b4339ec3952b616f580032a7c485348171e303a3a5188,44,44,2,structured propose_trade action through first terminal trade event,False
fddcf11526d731b53f314fb65d19c7a1f68b70fd9f9b05ae733bb4774e4cea29,TRADE_OR_COALITION,ae3c5c763dc923291e7b4339ec3952b616f580032a7c485348171e303a3a5188,44,44,2,structured propose_trade action through first terminal trade event,False
6a89bbe50984f46a152e3e23a973815e2249b83cd9dc5bb71e2d6a613977f018,TRADE_OR_COALITION,ae3c5c763dc923291e7b4339ec3952b616f580032a7c485348171e303a3a5188,44,44,2,structured propose_trade action through first terminal trade event,False
ec290bb71a5be5a22aac95fe1222176278f0466faa6d3df3108ed309b2eb478f,TRADE_OR_COALITION,ae3c5c763dc923291e7b4339ec3952b616f580032a7c485348171e303a3a5188,44,44,2,structured propose_trade action through first terminal trade event,False
c5593a78ba82ca01d71dbc8868d360b4fbaf4204beb8b7357f8f37e73bb7e2f0,TRADE_OR_COALITION,ae3c5c763dc923291e7b4339ec3952b616f580032a7c485348171e303a3a5188,45,45,2,structured propose_trade action through first terminal trade event,False
3b2b94e0f43334ef2c0e95edf7bd2ecbf344d22e3051501c6416f45ffeb7452f,TRADE_OR_COALITION,ae3c5c763dc923291e7b4339ec3952b616f580032a7c485348171e303a3a5188,45,45,2,structured propose_trade action through first terminal trade event,False
70ccc1c01c2dd5742d68f971756de27166aff86df87202dc68cb9805c03ac2c2,TRADE_OR_COALITION,ae3c5c763dc923291e7b4339ec3952b616f580032a7c485348171e303a3a5188,46,46,2,structured propose_trade action through first terminal trade event,False
cedeee0cbc91668cd5c5e5590f518feb20444128b1fa59187edfeecd37530b88,TRADE_OR_COALITION,ae3c5c763dc923291e7b4339ec3952b616f580032a7c485348171e303a3a5188,46,46,2,structured propose_trade action through first terminal trade event,False
7d334e188402581e149b6291d5c28dca8be42ff7ce9743525399bf85c06cb19e,TRADE_OR_COALITION,ae3c5c763dc923291e7b4339ec3952b616f580032a7c485348171e303a3a5188,46,46,2,structured propose_trade action through first terminal trade event,False
38d9f41bc2f8bef2a90799d01575b85a4cb62214fe111177ebfefd454fa9115d,TRADE_OR_COALITION,ae3c5c763dc923291e7b4339ec3952b616f580032a7c485348171e303a3a5188,51,51,2,structured propose_trade action through first terminal trade event,False
8f936ade59636abb6d5ed058ac72851f02264d142bbf53e33b63ee099f27ff7e,TRADE_OR_COALITION,ae3c5c763dc923291e7b4339ec3952b616f580032a7c485348171e303a3a5188,54,54,2,structured propose_trade action through first terminal trade event,False
bd406e9f32d8ac0c493050f1f3f00d9fbcdce65590c4bca6a6bc0740ca1e929c,TRADE_OR_COALITION,ae3c5c763dc923291e7b4339ec3952b616f580032a7c485348171e303a3a5188,75,75,2,structured propose_trade action through first terminal trade event,False
98c172896efd5601362e940bcbf5515f1f77e94a56defe0049a9cfa6229de490,TRADE_OR_COALITION,ae3c5c763dc923291e7b4339ec3952b616f580032a7c485348171e303a3a5188,81,81,5,structured propose_trade action through first terminal trade event,False
6cfd31decd4c5dc6914656f47856c6ef3ed425c477dd7695e42c41177d725c80,TRADE_OR_COALITION,ae3c5c763dc923291e7b4339ec3952b616f580032a7c485348171e303a3a5188,81,81,2,structured propose_trade action through first terminal trade event,False
7eb1fa291143284463bd1de3c0d5dc6c4915f3a3d14ee4e1676adedab2324294,TRADE_OR_COALITION,ae3c5c763dc923291e7b4339ec3952b616f580032a7c485348171e303a3a5188,81,81,2,structured propose_trade action through first terminal trade event,False
944664dcdbf7671f6ec8ee6af820584e1987bde6e307506b428695e1b2d0cedb,TRADE_OR_COALITION,ae3c5c763dc923291e7b4339ec3952b616f580032a7c485348171e303a3a5188,81,81,4,structured propose_trade action through first terminal trade event,False
021bb2f4191db30ade525a64efac80f0ff68fe0d9a42bdf4e9baeb40f92c079c,TRADE_OR_COALITION,ae3c5c763dc923291e7b4339ec3952b616f580032a7c485348171e303a3a5188,119,119,3,structured propose_trade action through first terminal trade event,False
932be89fc1fa3739ac16562ac5f8a53da87b247a02b22af51dfddd94a2a7b670,TRADE_OR_COALITION,ae3c5c763dc923291e7b4339ec3952b616f580032a7c485348171e303a3a5188,141,141,2,structured propose_trade action through first terminal trade event,False
edf63eabfb583f8204450f01bfeab1c687a44df7b7a0a21627c10106e05181de,TRADE_OR_COALITION,ae3c5c763dc923291e7b4339ec3952b616f580032a7c485348171e303a3a5188,141,141,2,structured propose_trade action through first terminal trade event,False
d9a0b7b42f788ebaf2dcc15cd4b1b2c61f1532398e61bf68ae1846d17f3acb17,TRADE_OR_COALITION,ae3c5c763dc923291e7b4339ec3952b616f580032a7c485348171e303a3a5188,145,145,9,structured propose_trade action through first terminal trade event,False
de2b702b7d0832ec245a9e99334a76ad6bdca4a5a9e3797313da96cb1a5851ee,TRADE_OR_COALITION,ae3c5c763dc923291e7b4339ec3952b616f580032a7c485348171e303a3a5188,145,145,2,structured propose_trade action through first terminal trade event,False
8f382cad7cb0925905b87d6925bf465a09089b96bcf720364e0662f6accd4a1b,TRADE_OR_COALITION,ae3c5c763dc923291e7b4339ec3952b616f580032a7c485348171e303a3a5188,145,145,2,structured propose_trade action through first terminal trade event,False
322ce10c8a2528ab5b420a7c136895b13f22fb4a2093710dbb7834f4571e5a00,TRADE_OR_COALITION,ae3c5c763dc923291e7b4339ec3952b616f580032a7c485348171e303a3a5188,145,145,2,structured propose_trade action through first terminal trade event,False
f633f1465d55908f85f37cc74d9863cdcb9cd9df9997ee82a02de4dfda07842c,TRADE_OR_COALITION,ae3c5c763dc923291e7b4339ec3952b616f580032a7c485348171e303a3a5188,145,145,2,structured propose_trade action through first terminal trade event,False
fb325f003f3cdb4c86b8f6ecf578c28c9845e464162c3137483492d3c1ba9079,TRADE_OR_COALITION,ae3c5c763dc923291e7b4339ec3952b616f580032a7c485348171e303a3a5188,145,145,2,structured propose_trade action through first terminal trade event,False
8133a8fe4e6b2173501f84d0cb6dedc7ad246838834590611120073f4f5b9e38,TRADE_OR_COALITION,ae3c5c763dc923291e7b4339ec3952b616f580032a7c485348171e303a3a5188,148,148,2,structured propose_trade action through first terminal trade event,False
b241b225581a7fbbdc84c72284dfea049901a104f720ab0f99d3e5d2a67e18ce,TRADE_OR_COALITION,ae3c5c763dc923291e7b4339ec3952b616f580032a7c485348171e303a3a5188,148,148,2,structured propose_trade action through first terminal trade event,False
3e37f592b06dcd86be012499657ec20c296673ed374bdddfb533f08914c1cf75,TRADE_OR_COALITION,ae3c5c763dc923291e7b4339ec3952b616f580032a7c485348171e303a3a5188,148,148,2,structured propose_trade action through first terminal trade event,False
c6f52a2eaa58c774081437b7693bdc899a09678de6b65f65dc2ed662e3114025,TRADE_OR_COALITION,ae3c5c763dc923291e7b4339ec3952b616f580032a7c485348171e303a3a5188,159,159,2,structured propose_trade action through first terminal trade event,False
c5df1678e6a1b4651cc32101ae84c655dbe7aeef889138216208cb951f12bcdc,TRADE_OR_COALITION,38d4e1318130ba66ab3185fc18a03f67b7cafcbd234536f2c8d1ae9eb9ed8fbb,41,46,1,public language contains a coalition or targeting cue,False
b8affbf763a8de3527a75f15f709dcfc5cc396bddbd17152a027877dc96503fd,TRADE_OR_COALITION,38d4e1318130ba66ab3185fc18a03f67b7cafcbd234536f2c8d1ae9eb9ed8fbb,55,60,1,public language contains a coalition or targeting cue,False
ff232307943b0c5900d355a8835643e2374903456723bb156d84a6ad7a415c27,TRADE_OR_COALITION,38d4e1318130ba66ab3185fc18a03f67b7cafcbd234536f2c8d1ae9eb9ed8fbb,56,61,1,public language contains a coalition or targeting cue,False
6abc0603f2ed4ee9de75fb6c0ce6bf38e4182176475752df7a76dbac69488fe7,TRADE_OR_COALITION,38d4e1318130ba66ab3185fc18a03f67b7cafcbd234536f2c8d1ae9eb9ed8fbb,58,63,1,public language contains a coalition or targeting cue,False
60399316747cde88184a14b2e3d1ed768170291bdd38c0ee7c38c7e20224e458,TRADE_OR_COALITION,38d4e1318130ba66ab3185fc18a03f67b7cafcbd234536f2c8d1ae9eb9ed8fbb,64,69,1,public language contains a coalition or targeting cue,False
f3b28cbfc2ea0d3b8af6bf0fc8231438b652c95968ef0e5bda17d961c0e3eb1a,TRADE_OR_COALITION,38d4e1318130ba66ab3185fc18a03f67b7cafcbd234536f2c8d1ae9eb9ed8fbb,65,70,1,public language contains a coalition or targeting cue,False
114cbb4f1c1f95f71134b7d85f2e422417f6e488707eb42179ae268d35acbab6,TRADE_OR_COALITION,38d4e1318130ba66ab3185fc18a03f67b7cafcbd234536f2c8d1ae9eb9ed8fbb,71,76,1,public language contains a coalition or targeting cue,False
5b4d8c7c4ea77de70dd72af1853211f787742188b26da59037962ec400044913,TRADE_OR_COALITION,38d4e1318130ba66ab3185fc18a03f67b7cafcbd234536f2c8d1ae9eb9ed8fbb,71,76,1,public language contains a coalition or targeting cue,False
0aa281ec7065c78ea73f369036b1b17a51961fb98f29136464eb8181f08ee97a,TRADE_OR_COALITION,38d4e1318130ba66ab3185fc18a03f67b7cafcbd234536f2c8d1ae9eb9ed8fbb,71,76,1,public language contains a coalition or targeting cue,False
378351578389d36ee3d0bbd23729af445727a6fa56f8a776b70e4cc12d8fa478,TRADE_OR_COALITION,38d4e1318130ba66ab3185fc18a03f67b7cafcbd234536f2c8d1ae9eb9ed8fbb,75,80,1,public language contains a coalition or targeting cue,False
35eaf133ac061975c10a0e311f9b885e31f55108b656c707416cdaff4b0d54af,TRADE_OR_COALITION,38d4e1318130ba66ab3185fc18a03f67b7cafcbd234536f2c8d1ae9eb9ed8fbb,81,86,1,public language contains a coalition or targeting cue,False
c4066b885a1607fc146780bc2d6f969c6fa724e73d80d164de04030d9df1bd9f,TRADE_OR_COALITION,38d4e1318130ba66ab3185fc18a03f67b7cafcbd234536f2c8d1ae9eb9ed8fbb,104,109,1,public language contains a coalition or targeting cue,False
5fb6130140a8f3332984d5bf06ae73040c53f6164627ba1d3ababeeead258842,TRADE_OR_COALITION,38d4e1318130ba66ab3185fc18a03f67b7cafcbd234536f2c8d1ae9eb9ed8fbb,132,137,1,public language contains a coalition or targeting cue,False
49192dd9a85452a09fc08d8ec8ac4d252c5d3f4703cd34d9f92455ba9832c5ce,TRADE_OR_COALITION,38d4e1318130ba66ab3185fc18a03f67b7cafcbd234536f2c8d1ae9eb9ed8fbb,132,137,1,public language contains a coalition or targeting cue,False
0eae3c64c5dcd506409d2f79680feb61ea192f68a98a798aba8ec99b526ff9ef,TRADE_OR_COALITION,38d4e1318130ba66ab3185fc18a03f67b7cafcbd234536f2c8d1ae9eb9ed8fbb,132,137,1,public language contains a coalition or targeting cue,False
8402d9caaa85e56929f1e4d45e71294a5c266071f9efc03ec5bfa159055de655,TRADE_OR_COALITION,38d4e1318130ba66ab3185fc18a03f67b7cafcbd234536f2c8d1ae9eb9ed8fbb,137,142,1,public language contains a coalition or targeting cue,False
6ea7fed4d6ad8ee43b93ca97b0b60221f6fa4fd6c023068da90a587120e75fb5,TRADE_OR_COALITION,38d4e1318130ba66ab3185fc18a03f67b7cafcbd234536f2c8d1ae9eb9ed8fbb,137,142,1,public language contains a coalition or targeting cue,False
6447f3da884ad348f30e767e4b332aa4570d48491c7b6ec6154b413f60329d38,TRADE_OR_COALITION,38d4e1318130ba66ab3185fc18a03f67b7cafcbd234536f2c8d1ae9eb9ed8fbb,137,142,1,public language contains a coalition or targeting cue,False
5f6d780d6c37a1242ddcefa4b026e9e487eb1a51d5fdccbd1145e700d65fd152,TRADE_OR_COALITION,38d4e1318130ba66ab3185fc18a03f67b7cafcbd234536f2c8d1ae9eb9ed8fbb,137,142,1,public language contains a coalition or targeting cue,False
eaeaccdd4cd3621fc09eaef37ec75e2b01a2bec228a0568c9740976471c688d4,TRADE_OR_COALITION,38d4e1318130ba66ab3185fc18a03f67b7cafcbd234536f2c8d1ae9eb9ed8fbb,137,142,1,public language contains a coalition or targeting cue,False
fe99ef02a9a2cef36bca74ba00e4ee45038694d9503dbc92a8333dcee07757c6,TRADE_OR_COALITION,38d4e1318130ba66ab3185fc18a03f67b7cafcbd234536f2c8d1ae9eb9ed8fbb,137,142,1,public language contains a coalition or targeting cue,False
588d3cb957cc0a242eeeb0304b6e5379a7250a1a5bd152ffa3176f3886f5544a,TRADE_OR_COALITION,38d4e1318130ba66ab3185fc18a03f67b7cafcbd234536f2c8d1ae9eb9ed8fbb,137,142,1,public language contains a coalition or targeting cue,False
d82526045073e17b09b133e365cfeb721b6d0615bce1b230247f960276294967,TRADE_OR_COALITION,38d4e1318130ba66ab3185fc18a03f67b7cafcbd234536f2c8d1ae9eb9ed8fbb,137,142,1,public language contains a coalition or targeting cue,False
39679c376ea8fa8487fe934cb5238077463a70f3b770dfff34a6f27bc76de471,TRADE_OR_COALITION,38d4e1318130ba66ab3185fc18a03f67b7cafcbd234536f2c8d1ae9eb9ed8fbb,137,142,1,public language contains a coalition or targeting cue,False
b278631b01bff1302cd354d3b87fa0efb95c9629ca6327b51f2ec4cb01155928,TRADE_OR_COALITION,38d4e1318130ba66ab3185fc18a03f67b7cafcbd234536f2c8d1ae9eb9ed8fbb,142,147,1,public language contains a coalition or targeting cue,False
5678ce69a63dc6615836322f128f43301172abcf66137ee9cd80f3c11ff4d282,TRADE_OR_COALITION,38d4e1318130ba66ab3185fc18a03f67b7cafcbd234536f2c8d1ae9eb9ed8fbb,147,152,1,public language contains a coalition or targeting cue,False
6eca5656e5d63d3fcaed8d555cfb131c2d5cdc476963fd1eacb3c179f7fb2108,TRADE_OR_COALITION,38d4e1318130ba66ab3185fc18a03f67b7cafcbd234536f2c8d1ae9eb9ed8fbb,147,152,1,public language contains a coalition or targeting cue,False
7868556287481f19983e614391ee7db0559c8523c573cd503ca19bcbe10fc78c,TRADE_OR_COALITION,38d4e1318130ba66ab3185fc18a03f67b7cafcbd234536f2c8d1ae9eb9ed8fbb,147,152,1,public language contains a coalition or targeting cue,False
6b09a27ef144a2cad9c6d855d22e064a97cc290eb3cb1fa0171fa282ca07de0f,TRADE_OR_COALITION,38d4e1318130ba66ab3185fc18a03f67b7cafcbd234536f2c8d1ae9eb9ed8fbb,151,156,1,public language contains a coalition or targeting cue,False
5a87a20316dc6cd65beecf7c8ed4f44b81949a51c2bf137c5b73639f035caebd,TRADE_OR_COALITION,38d4e1318130ba66ab3185fc18a03f67b7cafcbd234536f2c8d1ae9eb9ed8fbb,151,156,1,public language contains a coalition or targeting cue,False
5531343ff7ce19abb298b1bfb3339c34c6cb6c44d8ec99b50f34d9414107433d,TRADE_OR_COALITION,38d4e1318130ba66ab3185fc18a03f67b7cafcbd234536f2c8d1ae9eb9ed8fbb,155,160,1,public language contains a coalition or targeting cue,False
93321c870b518787c302465ed3d212d146dcc8dadbb344aeee9ff78f8776c2bd,TRADE_OR_COALITION,38d4e1318130ba66ab3185fc18a03f67b7cafcbd234536f2c8d1ae9eb9ed8fbb,3,3,2,structured propose_trade action through first terminal trade event,False
c0fbbc295b10b4d5a4907adce7340f54c49773f46a39e4f5f9c8aed9be4838fd,TRADE_OR_COALITION,38d4e1318130ba66ab3185fc18a03f67b7cafcbd234536f2c8d1ae9eb9ed8fbb,3,3,2,structured propose_trade action through first terminal trade event,False
337c78a538f05d9edc959efabcae1ea07b2124672cc7ab6f538769dbebb4e1cb,TRADE_OR_COALITION,38d4e1318130ba66ab3185fc18a03f67b7cafcbd234536f2c8d1ae9eb9ed8fbb,3,3,2,structured propose_trade action through first terminal trade event,False
e088f693b889860799790a0c577b96ea42b41bf2cf2160b9469f18e14d001eec,TRADE_OR_COALITION,38d4e1318130ba66ab3185fc18a03f67b7cafcbd234536f2c8d1ae9eb9ed8fbb,7,7,2,structured propose_trade action through first terminal trade event,False
f9a117d6181af0db7451d6e1e7201ba966919f1b1cb83bd447d638836ca22fe4,TRADE_OR_COALITION,38d4e1318130ba66ab3185fc18a03f67b7cafcbd234536f2c8d1ae9eb9ed8fbb,7,7,2,structured propose_trade action through first terminal trade event,False
832a898da09e006ec3b5f488a89b91914d144ba7ba9054f8fc48da06bdbecade,TRADE_OR_COALITION,38d4e1318130ba66ab3185fc18a03f67b7cafcbd234536f2c8d1ae9eb9ed8fbb,7,7,2,structured propose_trade action through first terminal trade event,False
efd814e06ee0a02bc5f488b29bfa533a607b3d962520c2f71f2ae287a7928b0f,TRADE_OR_COALITION,38d4e1318130ba66ab3185fc18a03f67b7cafcbd234536f2c8d1ae9eb9ed8fbb,11,11,2,structured propose_trade action through first terminal trade event,False
ef3e8f02a2602e0b31a34ec0a803ef95c3fd7bfa136bbf17f5682d7c5d8bd664,TRADE_OR_COALITION,38d4e1318130ba66ab3185fc18a03f67b7cafcbd234536f2c8d1ae9eb9ed8fbb,11,11,2,structured propose_trade action through first terminal trade event,False
211341f71b348012398e176a47bb9af48359099cdbbb5d87a0ab5113b02394d6,TRADE_OR_COALITION,38d4e1318130ba66ab3185fc18a03f67b7cafcbd234536f2c8d1ae9eb9ed8fbb,11,11,2,structured propose_trade action through first terminal trade event,False
0eb880a7f258dc322cb888831015bb5c92f8a589dd12ca1f38205425e2c5ce57,TRADE_OR_COALITION,38d4e1318130ba66ab3185fc18a03f67b7cafcbd234536f2c8d1ae9eb9ed8fbb,20,20,2,structured propose_trade action through first terminal trade event,False
dd75e3cb317884052c843a7ffa81fa0eaf13d0ebec6c3f6bf505b4f7752066de,TRADE_OR_COALITION,38d4e1318130ba66ab3185fc18a03f67b7cafcbd234536f2c8d1ae9eb9ed8fbb,20,20,2,structured propose_trade action through first terminal trade event,False
caf9063c06d1a0f680abf4d71a0720f8a31e6be192c6d3fcfeaec4b43aa3275e,TRADE_OR_COALITION,38d4e1318130ba66ab3185fc18a03f67b7cafcbd234536f2c8d1ae9eb9ed8fbb,20,20,2,structured propose_trade action through first terminal trade event,False
9e835367c8b3377f3aba8a28b9f6c811df932f9062c03166602d88ed7e0b0734,TRADE_OR_COALITION,38d4e1318130ba66ab3185fc18a03f67b7cafcbd234536f2c8d1ae9eb9ed8fbb,20,20,2,structured propose_trade action through first terminal trade event,False
0db14a3e66d6804f627e363d36b389647569684f3e9ce641de430ddb59d73bc8,TRADE_OR_COALITION,38d4e1318130ba66ab3185fc18a03f67b7cafcbd234536f2c8d1ae9eb9ed8fbb,20,20,4,structured propose_trade action through first terminal trade event,False
92547b42082b9a1a23800306aab622fffe09bc0df62a95e0f93bc38eae620db1,TRADE_OR_COALITION,38d4e1318130ba66ab3185fc18a03f67b7cafcbd234536f2c8d1ae9eb9ed8fbb,20,20,2,structured propose_trade action through first terminal trade event,False
0a77ab113e73bf38d36f851613d315785715a7cb73d7e2d9dba84a5330a77c3c,TRADE_OR_COALITION,38d4e1318130ba66ab3185fc18a03f67b7cafcbd234536f2c8d1ae9eb9ed8fbb,20,20,2,structured propose_trade action through first terminal trade event,False
00a0e882705dffff5382269606b1f90ec69f03f68b9b53878b4d04b858fe06c5,TRADE_OR_COALITION,38d4e1318130ba66ab3185fc18a03f67b7cafcbd234536f2c8d1ae9eb9ed8fbb,26,26,2,structured propose_trade action through first terminal trade event,False
5407f1c5befd7bd1eedf82fe9ee6ed46ff5711e5d5d9400dbf9bc11b0df85169,TRADE_OR_COALITION,38d4e1318130ba66ab3185fc18a03f67b7cafcbd234536f2c8d1ae9eb9ed8fbb,26,26,2,structured propose_trade action through first terminal trade event,False
a172aa94e9d885028232869de904388f2e3c5224057783982913ce5f4701c636,TRADE_OR_COALITION,38d4e1318130ba66ab3185fc18a03f67b7cafcbd234536f2c8d1ae9eb9ed8fbb,26,26,2,structured propose_trade action through first terminal trade event,False
e81f7e1955fe9d1c9371b147c5b1795be7bf912a8b4d8bc6106171045a5b52ca,TRADE_OR_COALITION,38d4e1318130ba66ab3185fc18a03f67b7cafcbd234536f2c8d1ae9eb9ed8fbb,26,26,2,structured propose_trade action through first terminal trade event,False
e0d1b5e4d41cfd162b26af12922751ade2f5a4dc7f6b737758f863230eba2c1e,TRADE_OR_COALITION,38d4e1318130ba66ab3185fc18a03f67b7cafcbd234536f2c8d1ae9eb9ed8fbb,31,31,2,structured propose_trade action through first terminal trade event,False
cb3b740ee019c70117ff9fbe87fb4f2b6491f76236afe2d72b605e63d7ca8f47,TRADE_OR_COALITION,38d4e1318130ba66ab3185fc18a03f67b7cafcbd234536f2c8d1ae9eb9ed8fbb,31,31,2,structured propose_trade action through first terminal trade event,False
b4ae9e7a5ea5e61d1c1a635078c1f981174bf2c287f9c828ef99e582ee9697e2,TRADE_OR_COALITION,38d4e1318130ba66ab3185fc18a03f67b7cafcbd234536f2c8d1ae9eb9ed8fbb,31,31,2,structured propose_trade action through first terminal trade event,False
af47578e298ace0923afc8e79c338541bea036da1f70bc0bb8859b4b250737be,TRADE_OR_COALITION,38d4e1318130ba66ab3185fc18a03f67b7cafcbd234536f2c8d1ae9eb9ed8fbb,37,37,2,structured propose_trade action through first terminal trade event,False
ed90bd6bf8f0a660a4c54d43f07cd6f1cf56fca3665c29f419c3f52c45828937,TRADE_OR_COALITION,38d4e1318130ba66ab3185fc18a03f67b7cafcbd234536f2c8d1ae9eb9ed8fbb,37,37,2,structured propose_trade action through first terminal trade event,False
b8d7679bcdb1fc4f1033202f238dee6d765f409f5db8ae9af3ebcfb97538af8e,TRADE_OR_COALITION,38d4e1318130ba66ab3185fc18a03f67b7cafcbd234536f2c8d1ae9eb9ed8fbb,37,37,3,structured propose_trade action through first terminal trade event,False
d5cf7c38cf136dbf81215bef426ae4c545b000dc229fc2290c746607caef90a9,TRADE_OR_COALITION,38d4e1318130ba66ab3185fc18a03f67b7cafcbd234536f2c8d1ae9eb9ed8fbb,37,37,2,structured propose_trade action through first terminal trade event,False
7fde0ba82a1f3c9896418721d3d0b018116ad0d4b4c14c41a43ba4b630b89490,TRADE_OR_COALITION,38d4e1318130ba66ab3185fc18a03f67b7cafcbd234536f2c8d1ae9eb9ed8fbb,37,37,2,structured propose_trade action through first terminal trade event,False
7d2947e909dd18ebbde3a3ff67a7afdda2d414684a1a6d3b6758c2a98140204e,TRADE_OR_COALITION,38d4e1318130ba66ab3185fc18a03f67b7cafcbd234536f2c8d1ae9eb9ed8fbb,41,41,2,structured propose_trade action through first terminal trade event,False
00a72b201aa9a1b73a150e28b52e8bf5ecf6dd5d69315f6b94986dcd17c6a07e,TRADE_OR_COALITION,38d4e1318130ba66ab3185fc18a03f67b7cafcbd234536f2c8d1ae9eb9ed8fbb,41,41,2,structured propose_trade action through first terminal trade event,False
4613d9392735971cc7752a41743e5f46cc91ccdf8caacb7f5a467af1af4d7650,TRADE_OR_COALITION,38d4e1318130ba66ab3185fc18a03f67b7cafcbd234536f2c8d1ae9eb9ed8fbb,41,41,2,structured propose_trade action through first terminal trade event,False
bfd0b1152b461c0610ce1db77a308f88f89f7ebb54733749e334c0a4423564aa,TRADE_OR_COALITION,38d4e1318130ba66ab3185fc18a03f67b7cafcbd234536f2c8d1ae9eb9ed8fbb,41,41,2,structured propose_trade action through first terminal trade event,False
d4f9b44e3c8c1cbd40d10b8ffa883622c01a69b53df730ef1c9eaa92bbd0f6a9,TRADE_OR_COALITION,38d4e1318130ba66ab3185fc18a03f67b7cafcbd234536f2c8d1ae9eb9ed8fbb,64,64,2,structured propose_trade action through first terminal trade event,False
dd43eb9d82722ba3e752ead1306df19c05abc56dea54399ebd34f2c36d000f23,TRADE_OR_COALITION,38d4e1318130ba66ab3185fc18a03f67b7cafcbd234536f2c8d1ae9eb9ed8fbb,64,64,2,structured propose_trade action through first terminal trade event,False
877cf0eeccd128f0f1193b90da2350ab4a08257183e4f170abe89c5689ba83d3,TRADE_OR_COALITION,38d4e1318130ba66ab3185fc18a03f67b7cafcbd234536f2c8d1ae9eb9ed8fbb,65,65,2,structured propose_trade action through first terminal trade event,False
0f72cf5bd1718f72e323b8b1c2ce3ce21173e73b6c23ce03217c97bab17d650a,TRADE_OR_COALITION,38d4e1318130ba66ab3185fc18a03f67b7cafcbd234536f2c8d1ae9eb9ed8fbb,65,65,2,structured propose_trade action through first terminal trade event,False
8fc406299094117054996fd61cf22ccefa74b3c5acd9b6649d11f26ca2e6a0c0,TRADE_OR_COALITION,38d4e1318130ba66ab3185fc18a03f67b7cafcbd234536f2c8d1ae9eb9ed8fbb,65,65,2,structured propose_trade action through first terminal trade event,False
66a18a5f2b0eb465bbd001f3a62a95428e5ad716aa6f83403a8bee20cde59d09,TRADE_OR_COALITION,38d4e1318130ba66ab3185fc18a03f67b7cafcbd234536f2c8d1ae9eb9ed8fbb,65,65,2,structured propose_trade action through first terminal trade event,False
1effeeab04a427b8d465e3bf8c88f7f25f2894332c76a2d844f0078ddf9d53af,TRADE_OR_COALITION,38d4e1318130ba66ab3185fc18a03f67b7cafcbd234536f2c8d1ae9eb9ed8fbb,65,65,2,structured propose_trade action through first terminal trade event,False
51aba89e127a20366fa5beef75baa6a07b6f79ac89067f6154421ee28842f14d,TRADE_OR_COALITION,38d4e1318130ba66ab3185fc18a03f67b7cafcbd234536f2c8d1ae9eb9ed8fbb,65,65,2,structured propose_trade action through first terminal trade event,False
225af40a9e75b52d7660c60f76392ad11f8bfcba4eb6f3e22f202271cb606e5f,TRADE_OR_COALITION,38d4e1318130ba66ab3185fc18a03f67b7cafcbd234536f2c8d1ae9eb9ed8fbb,71,71,2,structured propose_trade action through first terminal trade event,False
d7b3d4bb326ea5e4b61c680142079d95cb4d2cdff4274184728eff35294b2aaa,TRADE_OR_COALITION,38d4e1318130ba66ab3185fc18a03f67b7cafcbd234536f2c8d1ae9eb9ed8fbb,71,71,2,structured propose_trade action through first terminal trade event,False
07578c57029963a369b72084447904d5166e21d296c61a49ee8a7b291e925572,TRADE_OR_COALITION,38d4e1318130ba66ab3185fc18a03f67b7cafcbd234536f2c8d1ae9eb9ed8fbb,71,71,2,structured propose_trade action through first terminal trade event,False
776cbb260726a0ef27c3bf89dd32252699ee2705ce6fd1ad5d2e5d940eb30ab7,TRADE_OR_COALITION,38d4e1318130ba66ab3185fc18a03f67b7cafcbd234536f2c8d1ae9eb9ed8fbb,71,71,2,structured propose_trade action through first terminal trade event,False
2956b578501969ef4b6dd5c91730fc8a08dfded5da51b3b62f439a7d19f06947,TRADE_OR_COALITION,38d4e1318130ba66ab3185fc18a03f67b7cafcbd234536f2c8d1ae9eb9ed8fbb,71,71,2,structured propose_trade action through first terminal trade event,False
6cb0ceb11986a8abedf54f4d64873bc28aa7677af9b9e934eeb3db3d73cfd25a,TRADE_OR_COALITION,38d4e1318130ba66ab3185fc18a03f67b7cafcbd234536f2c8d1ae9eb9ed8fbb,75,75,2,structured propose_trade action through first terminal trade event,False
905e49bb0a2e6e70128b3df731e4c1208de62b0743389df062aa78f40570f4c7,TRADE_OR_COALITION,38d4e1318130ba66ab3185fc18a03f67b7cafcbd234536f2c8d1ae9eb9ed8fbb,75,75,2,structured propose_trade action through first terminal trade event,False
7abb5b9e0172b3f70c701c7a2c6b7705e51ae309587f1c62c5c601f8cce466cd,TRADE_OR_COALITION,38d4e1318130ba66ab3185fc18a03f67b7cafcbd234536f2c8d1ae9eb9ed8fbb,75,75,2,structured propose_trade action through first terminal trade event,False
41d0a39c953c304caff4a873e7d4d9ca5ff60508fb01b21b19ef8a922061ded5,TRADE_OR_COALITION,38d4e1318130ba66ab3185fc18a03f67b7cafcbd234536f2c8d1ae9eb9ed8fbb,75,75,5,structured propose_trade action through first terminal trade event,False
1f697dd713c3c66f01d09acdaf6139d691c0eb9184ea7c24f2cb2b46420a4b93,TRADE_OR_COALITION,38d4e1318130ba66ab3185fc18a03f67b7cafcbd234536f2c8d1ae9eb9ed8fbb,75,75,2,structured propose_trade action through first terminal trade event,False
5e9dc68a2479f27743d37f3a65c287f24ed97763f77717c9cdf86b3b807b9b74,TRADE_OR_COALITION,38d4e1318130ba66ab3185fc18a03f67b7cafcbd234536f2c8d1ae9eb9ed8fbb,75,75,2,structured propose_trade action through first terminal trade event,False
0f8fdc7668d08d20b130dc40f41565469ef0442c68f9aa616fe95a97430eee45,TRADE_OR_COALITION,38d4e1318130ba66ab3185fc18a03f67b7cafcbd234536f2c8d1ae9eb9ed8fbb,75,75,2,structured propose_trade action through first terminal trade event,False
239ea37514a6ad4dab24fe0c9135a778d2035d03a678a2e89639edcd611a9f62,TRADE_OR_COALITION,38d4e1318130ba66ab3185fc18a03f67b7cafcbd234536f2c8d1ae9eb9ed8fbb,80,80,2,structured propose_trade action through first terminal trade event,False
55741b6a268d79a78012a05959ce25b8a03a0c4c75282ea185d4486c57892635,TRADE_OR_COALITION,38d4e1318130ba66ab3185fc18a03f67b7cafcbd234536f2c8d1ae9eb9ed8fbb,81,81,2,structured propose_trade action through first terminal trade event,False
bdeb512b1b675271b96479c7283cc53623b95967bb83dad2519b0da35d926a1c,TRADE_OR_COALITION,38d4e1318130ba66ab3185fc18a03f67b7cafcbd234536f2c8d1ae9eb9ed8fbb,81,81,2,structured propose_trade action through first terminal trade event,False
2421288ab47050ac859940c4c9f7fe558767d1d9a11d295148ef8d3ef7d525ee,TRADE_OR_COALITION,38d4e1318130ba66ab3185fc18a03f67b7cafcbd234536f2c8d1ae9eb9ed8fbb,81,81,2,structured propose_trade action through first terminal trade event,False
da40ea1c1ec5639f53014a5e3653aff298265b556fe828dda6aeb369cc702504,TRADE_OR_COALITION,38d4e1318130ba66ab3185fc18a03f67b7cafcbd234536f2c8d1ae9eb9ed8fbb,81,81,2,structured propose_trade action through first terminal trade event,False
b941c08a28ec4fac78769cf6a206684f0179a9e358e3968f99774b65507c6d6b,TRADE_OR_COALITION,38d4e1318130ba66ab3185fc18a03f67b7cafcbd234536f2c8d1ae9eb9ed8fbb,89,89,2,structured propose_trade action through first terminal trade event,False
6d416aacf50351c5bc41ccd74849d69b0e604164f2e8ef692007121b861ec7e1,TRADE_OR_COALITION,38d4e1318130ba66ab3185fc18a03f67b7cafcbd234536f2c8d1ae9eb9ed8fbb,89,89,4,structured propose_trade action through first terminal trade event,False
79e2df0dcab552c47943c4636caf25e8f793f2a11dfdf0a09e62d216ae571c28,TRADE_OR_COALITION,38d4e1318130ba66ab3185fc18a03f67b7cafcbd234536f2c8d1ae9eb9ed8fbb,89,89,2,structured propose_trade action through first terminal trade event,False
a891cdf727bd70c0490f41a72e3d1671c4f745db87e765f67e15727a2de6043a,TRADE_OR_COALITION,38d4e1318130ba66ab3185fc18a03f67b7cafcbd234536f2c8d1ae9eb9ed8fbb,89,89,6,structured propose_trade action through first terminal trade event,False
fdb4cd8683ce730d9b34a43afa174325bcf6e8ec08c2358de01bdff2f86e7f67,TRADE_OR_COALITION,38d4e1318130ba66ab3185fc18a03f67b7cafcbd234536f2c8d1ae9eb9ed8fbb,126,126,2,structured propose_trade action through first terminal trade event,False
5f663872643b6ce9a9cfe6d0d1f92adf3983aed1375457085971ac062039ad07,TRADE_OR_COALITION,38d4e1318130ba66ab3185fc18a03f67b7cafcbd234536f2c8d1ae9eb9ed8fbb,126,126,4,structured propose_trade action through first terminal trade event,False
47108b8182c120fcf1030af341c82d8b6ff36f2b8361c8e4826f72ed7d4f1ce4,TRADE_OR_COALITION,38d4e1318130ba66ab3185fc18a03f67b7cafcbd234536f2c8d1ae9eb9ed8fbb,126,126,2,structured propose_trade action through first terminal trade event,False
d8aca96d9a303ab481f2b24b7840863e26c991de92a0246fe7d90cc762844395,TRADE_OR_COALITION,38d4e1318130ba66ab3185fc18a03f67b7cafcbd234536f2c8d1ae9eb9ed8fbb,126,126,2,structured propose_trade action through first terminal trade event,False
5b547658b696a7258e85c6c177295c5cccd4d12ded0e496e2081a8a903a1f8c8,TRADE_OR_COALITION,38d4e1318130ba66ab3185fc18a03f67b7cafcbd234536f2c8d1ae9eb9ed8fbb,132,132,2,structured propose_trade action through first terminal trade event,False
0db22cf08d77ba1c925a4da3a2d02e0d64f31d1c01f40eb70cccf3eb8cbb28e2,TRADE_OR_COALITION,38d4e1318130ba66ab3185fc18a03f67b7cafcbd234536f2c8d1ae9eb9ed8fbb,132,132,2,structured propose_trade action through first terminal trade event,False
6ce31b048ae2afb78441e87e88a24a55f0ddccb586bfcbba0749045dbdc038c9,TRADE_OR_COALITION,38d4e1318130ba66ab3185fc18a03f67b7cafcbd234536f2c8d1ae9eb9ed8fbb,132,132,2,structured propose_trade action through first terminal trade event,False
6a9fcb92a748f392fdf909fd5ac64813fcf876c333499554b485d0b7c79bccf0,TRADE_OR_COALITION,38d4e1318130ba66ab3185fc18a03f67b7cafcbd234536f2c8d1ae9eb9ed8fbb,132,132,2,structured propose_trade action through first terminal trade event,False
a49685b26a675d248cdb6ca309cca6312abd673180b8d16d2e5646e50057c589,TRADE_OR_COALITION,38d4e1318130ba66ab3185fc18a03f67b7cafcbd234536f2c8d1ae9eb9ed8fbb,132,132,2,structured propose_trade action through first terminal trade event,False
2c9e3aa9c5861679bbdf72227858be8fbbc14987bebb9c90696e89a7b611a97e,TRADE_OR_COALITION,38d4e1318130ba66ab3185fc18a03f67b7cafcbd234536f2c8d1ae9eb9ed8fbb,132,132,2,structured propose_trade action through first terminal trade event,False
3fdb2772e51ce1406f4aea14f02ebaad4fdf518c2ceea2870d3efdb431c41334,TRADE_OR_COALITION,38d4e1318130ba66ab3185fc18a03f67b7cafcbd234536f2c8d1ae9eb9ed8fbb,132,132,2,structured propose_trade action through first terminal trade event,False
d8d25b0b8a700836d5b9bdd60dca14d9fa6294e2980e646bb780c10da2839513,TRADE_OR_COALITION,38d4e1318130ba66ab3185fc18a03f67b7cafcbd234536f2c8d1ae9eb9ed8fbb,132,132,5,structured propose_trade action through first terminal trade event,False
5181fe06f844c391a7cc63fa1176329bfea41d206646401e7969d4c3c2b3cefb,TRADE_OR_COALITION,38d4e1318130ba66ab3185fc18a03f67b7cafcbd234536f2c8d1ae9eb9ed8fbb,137,137,2,structured propose_trade action through first terminal trade event,False
40735eff9dac4a2b55fa35ae8e0c0a1b613068cc0fe99148ddabd01b2aadf496,TRADE_OR_COALITION,38d4e1318130ba66ab3185fc18a03f67b7cafcbd234536f2c8d1ae9eb9ed8fbb,137,137,2,structured propose_trade action through first terminal trade event,False
8f64757d219a8fb3fddd569f4a1821cbd15589dea95d09a7dd93e26bf9727128,TRADE_OR_COALITION,38d4e1318130ba66ab3185fc18a03f67b7cafcbd234536f2c8d1ae9eb9ed8fbb,137,137,6,structured propose_trade action through first terminal trade event,False
bfc6ab26c33a2e6dd16950c993ab8f806de5b01797fab08f80ccc71a4eea77df,TRADE_OR_COALITION,38d4e1318130ba66ab3185fc18a03f67b7cafcbd234536f2c8d1ae9eb9ed8fbb,137,137,2,structured propose_trade action through first terminal trade event,False
92edc90e1e5d5e1763a8816dd2771f0ab3fbc64bbef7f85db53dd4f0c7b0f140,TRADE_OR_COALITION,38d4e1318130ba66ab3185fc18a03f67b7cafcbd234536f2c8d1ae9eb9ed8fbb,137,137,2,structured propose_trade action through first terminal trade event,False
6a692e83fe2679156027527d8f36766f3e57091d46296d4d87dced828965c08e,TRADE_OR_COALITION,38d4e1318130ba66ab3185fc18a03f67b7cafcbd234536f2c8d1ae9eb9ed8fbb,137,137,2,structured propose_trade action through first terminal trade event,False
01e0ec6b049dab04966600c53815193b83149749d6f962c2e98223c191ab47a1,TRADE_OR_COALITION,38d4e1318130ba66ab3185fc18a03f67b7cafcbd234536f2c8d1ae9eb9ed8fbb,137,137,2,structured propose_trade action through first terminal trade event,False
5de46e19efd86fa2e088a81dee7b9f99e60a7035b2a77872b28071208cf69d27,TRADE_OR_COALITION,38d4e1318130ba66ab3185fc18a03f67b7cafcbd234536f2c8d1ae9eb9ed8fbb,137,137,2,structured propose_trade action through first terminal trade event,False
9d59301bd872fec67bc969e6a06da815a96338f5f11a929288ecbd57afd1e479,TRADE_OR_COALITION,38d4e1318130ba66ab3185fc18a03f67b7cafcbd234536f2c8d1ae9eb9ed8fbb,137,137,2,structured propose_trade action through first terminal trade event,False
0df10fd763e37caffedb96ca8893fcbf38dba7d5009e3464efb4331828de82b2,TRADE_OR_COALITION,38d4e1318130ba66ab3185fc18a03f67b7cafcbd234536f2c8d1ae9eb9ed8fbb,137,137,2,structured propose_trade action through first terminal trade event,False
19bac815316b58422bdc9e51d605dd134a730c642f5e0865305aa9cafd1e43eb,TRADE_OR_COALITION,38d4e1318130ba66ab3185fc18a03f67b7cafcbd234536f2c8d1ae9eb9ed8fbb,137,137,2,structured propose_trade action through first terminal trade event,False
e271aeb9b569f7200c0df197219a26360e28d328443942e0abb3cb205fdc0f7b,TRADE_OR_COALITION,38d4e1318130ba66ab3185fc18a03f67b7cafcbd234536f2c8d1ae9eb9ed8fbb,137,137,2,structured propose_trade action through first terminal trade event,False
ce3655a122c7aaa54a531f1ffa63a5ff362004797276d66152e1d61a03309766,TRADE_OR_COALITION,38d4e1318130ba66ab3185fc18a03f67b7cafcbd234536f2c8d1ae9eb9ed8fbb,137,137,2,structured propose_trade action through first terminal trade event,False
def59f2e99c3f2bce847b710703e0e37deb547e332769ef97fed106e8a354b57,TRADE_OR_COALITION,38d4e1318130ba66ab3185fc18a03f67b7cafcbd234536f2c8d1ae9eb9ed8fbb,137,137,2,structured propose_trade action through first terminal trade event,False
3daff347733deb6fe87078b4b0226340c1e42061dde23cb373f76839d7de3c0e,TRADE_OR_COALITION,38d4e1318130ba66ab3185fc18a03f67b7cafcbd234536f2c8d1ae9eb9ed8fbb,137,137,2,structured propose_trade action through first terminal trade event,False
b4614335b3bd8ae3054b24388e2f6ef6d77bf1813e5a0b5cd200d71de40bfbb8,TRADE_OR_COALITION,38d4e1318130ba66ab3185fc18a03f67b7cafcbd234536f2c8d1ae9eb9ed8fbb,137,137,2,structured propose_trade action through first terminal trade event,False
1c782dec6ac96b2637b33b38b2abca295b354918352339c11a4bb1076f6c46d5,TRADE_OR_COALITION,38d4e1318130ba66ab3185fc18a03f67b7cafcbd234536f2c8d1ae9eb9ed8fbb,137,137,2,structured propose_trade action through first terminal trade event,False
64d30bb0641f30952b8ec8379d1412a12e7f370ac6af804bea60a98aadb653e3,TRADE_OR_COALITION,38d4e1318130ba66ab3185fc18a03f67b7cafcbd234536f2c8d1ae9eb9ed8fbb,137,137,2,structured propose_trade action through first terminal trade event,False
4b806eee46cff70f2f7305319396804486f8616f2c56b2b5d12900231626e092,TRADE_OR_COALITION,38d4e1318130ba66ab3185fc18a03f67b7cafcbd234536f2c8d1ae9eb9ed8fbb,137,137,2,structured propose_trade action through first terminal trade event,False
21c438c808f1c2c33a6dbbb52a6570f9c7abf0fd96570d23b2fa5c56ce1b76d9,TRADE_OR_COALITION,38d4e1318130ba66ab3185fc18a03f67b7cafcbd234536f2c8d1ae9eb9ed8fbb,137,137,2,structured propose_trade action through first terminal trade event,False
d461b287535efda40eeb5c88fd44a9ea1d9815674cb604b4758822aacce22492,TRADE_OR_COALITION,38d4e1318130ba66ab3185fc18a03f67b7cafcbd234536f2c8d1ae9eb9ed8fbb,137,137,2,structured propose_trade action through first terminal trade event,True
4fbb4815bb5e2f14e0cdf2ea980151c7a641907d4ac256d1c4f27211a506deb5,TRADE_OR_COALITION,38d4e1318130ba66ab3185fc18a03f67b7cafcbd234536f2c8d1ae9eb9ed8fbb,137,137,2,structured propose_trade action through first terminal trade event,False
4885c2894e5e22852c7c8e081f5e77cc46d5ad57c8b0204b499a1ef0fbe2c2b4,TRADE_OR_COALITION,38d4e1318130ba66ab3185fc18a03f67b7cafcbd234536f2c8d1ae9eb9ed8fbb,137,137,2,structured propose_trade action through first terminal trade event,False
4374c35176c5f1d0496ed8585146cb5fca22ebd77a08a6cbfd9e44c74a180349,TRADE_OR_COALITION,38d4e1318130ba66ab3185fc18a03f67b7cafcbd234536f2c8d1ae9eb9ed8fbb,142,142,2,structured propose_trade action through first terminal trade event,False
a86df9d9ac37703e551e6faa7badf83f3a30a746ddddb2536a065bfa7f01e93a,TRADE_OR_COALITION,38d4e1318130ba66ab3185fc18a03f67b7cafcbd234536f2c8d1ae9eb9ed8fbb,142,142,2,structured propose_trade action through first terminal trade event,False
440e48cd5f4c35ecaa67cf0b3d22bc486f4d4597af3b603c230cc6987dad8483,TRADE_OR_COALITION,38d4e1318130ba66ab3185fc18a03f67b7cafcbd234536f2c8d1ae9eb9ed8fbb,142,142,2,structured propose_trade action through first terminal trade event,False
45ec375a1d4e7565ec8c579fe6df323d7f8d4ab921687b15ced31c949bf529e1,TRADE_OR_COALITION,38d4e1318130ba66ab3185fc18a03f67b7cafcbd234536f2c8d1ae9eb9ed8fbb,142,142,2,structured propose_trade action through first terminal trade event,False
2a2151df6b07b866ba48881cdfbe97e440a0d7d70e5cc80f9128cd954d7418ba,TRADE_OR_COALITION,38d4e1318130ba66ab3185fc18a03f67b7cafcbd234536f2c8d1ae9eb9ed8fbb,142,142,2,structured propose_trade action through first terminal trade event,False
568f701fb92822f730c886b117c581b9fad907d0d6ba430b0df111d5ecb38de7,TRADE_OR_COALITION,38d4e1318130ba66ab3185fc18a03f67b7cafcbd234536f2c8d1ae9eb9ed8fbb,142,142,2,structured propose_trade action through first terminal trade event,False
339ada1f994c36a5830af285b86532d7bb1f2dcd0f86387c1ce6752265ee4170,TRADE_OR_COALITION,38d4e1318130ba66ab3185fc18a03f67b7cafcbd234536f2c8d1ae9eb9ed8fbb,147,147,2,structured propose_trade action through first terminal trade event,False
620701589dc73b79a55131bfc87e39fc39e4bc5ab3349738ea8225258b45a2a3,TRADE_OR_COALITION,38d4e1318130ba66ab3185fc18a03f67b7cafcbd234536f2c8d1ae9eb9ed8fbb,147,147,2,structured propose_trade action through first terminal trade event,False
255c152e1009d180984091e7e453ce3f3f76fb56a6f95e319ae928a4ab715f03,TRADE_OR_COALITION,38d4e1318130ba66ab3185fc18a03f67b7cafcbd234536f2c8d1ae9eb9ed8fbb,147,147,2,structured propose_trade action through first terminal trade event,False
18eabf2afbdb23e9e05dc6f9d0aa43b66ae3bb0dc4b5e3cd0194bb12c4f777f1,TRADE_OR_COALITION,38d4e1318130ba66ab3185fc18a03f67b7cafcbd234536f2c8d1ae9eb9ed8fbb,147,147,3,structured propose_trade action through first terminal trade event,False
da8121db8611ec90586ae03a9d0afbdac1f94d01b83627390bcbc322a61f196a,TRADE_OR_COALITION,38d4e1318130ba66ab3185fc18a03f67b7cafcbd234536f2c8d1ae9eb9ed8fbb,147,147,2,structured propose_trade action through first terminal trade event,False
e103097a76aa186a67e3eb0115c8f3ee63a5131b61dd6b385990369f3e3c9d48,TRADE_OR_COALITION,38d4e1318130ba66ab3185fc18a03f67b7cafcbd234536f2c8d1ae9eb9ed8fbb,147,147,2,structured propose_trade action through first terminal trade event,False
db0c54c7cecf63eb6e1fa16118663337916ae66b5d422192da815cf27e8deca4,TRADE_OR_COALITION,38d4e1318130ba66ab3185fc18a03f67b7cafcbd234536f2c8d1ae9eb9ed8fbb,147,147,2,structured propose_trade action through first terminal trade event,False
3a5db0cfb03c8b48aa7e07c68693fb671489d4fd8d6f7f3aefe0070d40adaa73,TRADE_OR_COALITION,38d4e1318130ba66ab3185fc18a03f67b7cafcbd234536f2c8d1ae9eb9ed8fbb,151,151,2,structured propose_trade action through first terminal trade event,False
81f3824480070bcc393c087fc29c338e7748beb7f8546d7b0563f39e221b98cf,TRADE_OR_COALITION,38d4e1318130ba66ab3185fc18a03f67b7cafcbd234536f2c8d1ae9eb9ed8fbb,151,151,4,structured propose_trade action through first terminal trade event,False
7fc4eb81d068c61bb1244e90be9a89c14746cebc880046ca28f93fbf5e74dc7f,TRADE_OR_COALITION,38d4e1318130ba66ab3185fc18a03f67b7cafcbd234536f2c8d1ae9eb9ed8fbb,151,151,2,structured propose_trade action through first terminal trade event,False
3d83c83b8b3e7e3ce723a37a7d3eb57a85b72dff8eb9d6947cdfe51e8d9f4f3e,TRADE_OR_COALITION,38d4e1318130ba66ab3185fc18a03f67b7cafcbd234536f2c8d1ae9eb9ed8fbb,151,151,6,structured propose_trade action through first terminal trade event,False
458b38a06c52bb1e4d7ac23659206f5aaedb70a9301766b63934ba2024bd9644,TRADE_OR_COALITION,38d4e1318130ba66ab3185fc18a03f67b7cafcbd234536f2c8d1ae9eb9ed8fbb,151,151,2,structured propose_trade action through first terminal trade event,False
d44ddb4b8dcf257cea8cc54eb9ec8e42979e18769e8367afe517cf9358006f2b,TRADE_OR_COALITION,38d4e1318130ba66ab3185fc18a03f67b7cafcbd234536f2c8d1ae9eb9ed8fbb,151,151,2,structured propose_trade action through first terminal trade event,False
c45bb3ec5d7800bb18fb6ae79fee1b080f0d866da36901a5ece37fa0fce58839,TRADE_OR_COALITION,38d4e1318130ba66ab3185fc18a03f67b7cafcbd234536f2c8d1ae9eb9ed8fbb,151,151,4,structured propose_trade action through first terminal trade event,False
2d010ad94d82aca42424d34b18ef0bea82f66bd3ab93b9b6a6c615d510a62691,TRADE_OR_COALITION,38d4e1318130ba66ab3185fc18a03f67b7cafcbd234536f2c8d1ae9eb9ed8fbb,151,151,2,structured propose_trade action through first terminal trade event,False
83f02e30634a2cbba82d705f189f593987769d8d1d3d39c0796882d466259e25,TRADE_OR_COALITION,38d4e1318130ba66ab3185fc18a03f67b7cafcbd234536f2c8d1ae9eb9ed8fbb,151,151,6,structured propose_trade action through first terminal trade event,False
9ff27ac4dce99bd37abab0e09d926b39ec496d609be778947f7eda64a920daaa,TRADE_OR_COALITION,38d4e1318130ba66ab3185fc18a03f67b7cafcbd234536f2c8d1ae9eb9ed8fbb,155,155,3,structured propose_trade action through first terminal trade event,False
8a08f760719ae38fd7e57832d1af595018a1ff18e0f77a21e7fb0c871bf8556b,TRADE_OR_COALITION,38d4e1318130ba66ab3185fc18a03f67b7cafcbd234536f2c8d1ae9eb9ed8fbb,155,155,2,structured propose_trade action through first terminal trade event,False
24ebbee81116552fa556b42d756ea9b7ce6b23664569d0caac19454b1380a146,TRADE_OR_COALITION,38d4e1318130ba66ab3185fc18a03f67b7cafcbd234536f2c8d1ae9eb9ed8fbb,155,155,2,structured propose_trade action through first terminal trade event,False
9af064bfc6f883f81f8816de4084600c19da7d47e3f793d0169c887cad3a675a,TRADE_OR_COALITION,38d4e1318130ba66ab3185fc18a03f67b7cafcbd234536f2c8d1ae9eb9ed8fbb,155,155,2,structured propose_trade action through first terminal trade event,False
9421a6f471f557b3783efcc113e60726e02391982538c428f2406ddcab3f89e0,TRADE_OR_COALITION,38d4e1318130ba66ab3185fc18a03f67b7cafcbd234536f2c8d1ae9eb9ed8fbb,155,155,2,structured propose_trade action through first terminal trade event,False
725de045d4dc3a1172a2580a77bcf8b713ab16af67c55c5ef902c26237e4d2e8,TRADE_OR_COALITION,38d4e1318130ba66ab3185fc18a03f67b7cafcbd234536f2c8d1ae9eb9ed8fbb,155,155,2,structured propose_trade action through first terminal trade event,False
d9fa60fc68a0a974a638f367371d557f620375c600c0162443df6e3ceed28159,TRADE_OR_COALITION,38d4e1318130ba66ab3185fc18a03f67b7cafcbd234536f2c8d1ae9eb9ed8fbb,155,155,2,structured propose_trade action through first terminal trade event,False
511da3bb81f666e1ad117b6d52e27236cbe4d91f7f05f832a069ca7a038fd2a5,TRADE_OR_COALITION,38d4e1318130ba66ab3185fc18a03f67b7cafcbd234536f2c8d1ae9eb9ed8fbb,155,155,2,structured propose_trade action through first terminal trade event,False
cc66ddd9d5f4a39ed52f3196d9442c7bde02b789c43f89373fce0fd75b6f64dd,TRADE_OR_COALITION,38d4e1318130ba66ab3185fc18a03f67b7cafcbd234536f2c8d1ae9eb9ed8fbb,155,155,2,structured propose_trade action through first terminal trade event,False
70b46609697420c724909a95ef56ab5229670e53e55a3ef10f971453ad2f46ed,TRADE_OR_COALITION,38d4e1318130ba66ab3185fc18a03f67b7cafcbd234536f2c8d1ae9eb9ed8fbb,159,159,2,structured propose_trade action through first terminal trade event,False
06926c555178674619a37968777ac8f90ce4a26fc296f9609647a27e5ae7a9e0,TRADE_OR_COALITION,38d4e1318130ba66ab3185fc18a03f67b7cafcbd234536f2c8d1ae9eb9ed8fbb,159,159,2,structured propose_trade action through first terminal trade event,False
50acdeff6a5b1ff961c458a4366c14516f64ea41eea7f22fc62b36dc05fb0614,TRADE_OR_COALITION,38d4e1318130ba66ab3185fc18a03f67b7cafcbd234536f2c8d1ae9eb9ed8fbb,159,159,2,structured propose_trade action through first terminal trade event,False
a51a6f6a909e39c0618023e7ad9ac6e3bb1549e0db7f0933708bb35fb607c8c6,TRADE_OR_COALITION,38d4e1318130ba66ab3185fc18a03f67b7cafcbd234536f2c8d1ae9eb9ed8fbb,159,159,2,structured propose_trade action through first terminal trade event,False
6d513b39cd26d8ab6add6853fd73b372bbc4339d57de56c5327e2c93187a2fb8,TRADE_OR_COALITION,38d4e1318130ba66ab3185fc18a03f67b7cafcbd234536f2c8d1ae9eb9ed8fbb,159,159,2,structured propose_trade action through first terminal trade event,False
6ceac75dc865becc9cc6fb901332801103638445c1c5bcea264a07cc0e8875fa,TRADE_OR_COALITION,38d4e1318130ba66ab3185fc18a03f67b7cafcbd234536f2c8d1ae9eb9ed8fbb,162,162,2,structured propose_trade action through first terminal trade event,False
c5a6472e422a6eda57f0ae986213ae5ab8713d3b5f8603417f9e82958c865822,TRADE_OR_COALITION,1b2a66f6ca3d62978bb77829003650ad1085d3f45ef821d976860e5f78d36b73,17,22,1,public language contains a coalition or targeting cue,False
ad9ab18884373cac2228e56e439b5e877d884bcf8ce9a27573c9f15107a0869c,TRADE_OR_COALITION,1b2a66f6ca3d62978bb77829003650ad1085d3f45ef821d976860e5f78d36b73,42,47,1,public language contains a coalition or targeting cue,False
b755d3048b44f723d664db85f2c3194fd7f20b2826229a16309adf63d13664f1,TRADE_OR_COALITION,1b2a66f6ca3d62978bb77829003650ad1085d3f45ef821d976860e5f78d36b73,16,16,2,structured propose_trade action through first terminal trade event,False
2bfbff3e26d0c2c55eceab1b92c4d56005b8dae082c89bfb8a8afd6257de40e3,TRADE_OR_COALITION,1b2a66f6ca3d62978bb77829003650ad1085d3f45ef821d976860e5f78d36b73,16,16,2,structured propose_trade action through first terminal trade event,False
bd87d22452bda54eb9bd3b69f810c9b2627047dc523a42a056db015936039a27,TRADE_OR_COALITION,1b2a66f6ca3d62978bb77829003650ad1085d3f45ef821d976860e5f78d36b73,19,19,2,structured propose_trade action through first terminal trade event,False
576c483c524e03ffcf89e9fdf450fc6f1fd1fd7dd093aa17413233537d11cd69,TRADE_OR_COALITION,1b2a66f6ca3d62978bb77829003650ad1085d3f45ef821d976860e5f78d36b73,21,21,2,structured propose_trade action through first terminal trade event,False
2c6ae4ef85082201e513bcaa2a748b00199e124ab672a34410bd59aee8740894,TRADE_OR_COALITION,1b2a66f6ca3d62978bb77829003650ad1085d3f45ef821d976860e5f78d36b73,30,30,2,structured propose_trade action through first terminal trade event,False
61698902767b29b487c4a9dc5b87a01684750f4042f2731e2a0585ffe6f4057c,TRADE_OR_COALITION,1b2a66f6ca3d62978bb77829003650ad1085d3f45ef821d976860e5f78d36b73,35,35,3,structured propose_trade action through first terminal trade event,False
fa88fe8a6f718532d6486d9e82bf2106f77ce8edbd22edac79e69c1ca0b902a1,TRADE_OR_COALITION,1b2a66f6ca3d62978bb77829003650ad1085d3f45ef821d976860e5f78d36b73,36,36,2,structured propose_trade action through first terminal trade event,False
f082d1087ffc539dc88937925102772660caf79cecaa2734a5cde7559b22cf3b,TRADE_OR_COALITION,1b2a66f6ca3d62978bb77829003650ad1085d3f45ef821d976860e5f78d36b73,40,40,2,structured propose_trade action through first terminal trade event,False
42652d726719e6742c5e97ead6ef5ba36e18910e176e948f2d2098b1ef125bbc,TRADE_OR_COALITION,1b2a66f6ca3d62978bb77829003650ad1085d3f45ef821d976860e5f78d36b73,40,40,2,structured propose_trade action through first terminal trade event,False
33727b68e4b3a46736a52d25ae563deb1729b20ccc63d04825e84415ef64f5fc,TRADE_OR_COALITION,1b2a66f6ca3d62978bb77829003650ad1085d3f45ef821d976860e5f78d36b73,40,40,2,structured propose_trade action through first terminal trade event,False
f145ee1b9424babdbaa428c4e2dcf7fb0b4c542fa393b2eee1b411760833a540,TRADE_OR_COALITION,1b2a66f6ca3d62978bb77829003650ad1085d3f45ef821d976860e5f78d36b73,40,40,2,structured propose_trade action through first terminal trade event,False
ecd2346cc8d2e3be1e9f360e39a219781d094f0a991431b4539acce86721d622,TRADE_OR_COALITION,1b2a66f6ca3d62978bb77829003650ad1085d3f45ef821d976860e5f78d36b73,42,42,4,structured propose_trade action through first terminal trade event,False
1add879079acb5eb8a8784438e78ab0449761a04644047cc5b29314b6092c51f,TRADE_OR_COALITION,1b2a66f6ca3d62978bb77829003650ad1085d3f45ef821d976860e5f78d36b73,44,44,6,structured propose_trade action through first terminal trade event,False
7554d71e8a8124076ca91b617f6601fd3f79a550eacc994ab8bc812406d0d66a,TRADE_OR_COALITION,1b2a66f6ca3d62978bb77829003650ad1085d3f45ef821d976860e5f78d36b73,44,44,2,structured propose_trade action through first terminal trade event,False
5c170a8ba524156569fefb07baa0e6515bc9edfa9c3081f1096af5197b8d4d8d,TRADE_OR_COALITION,1b2a66f6ca3d62978bb77829003650ad1085d3f45ef821d976860e5f78d36b73,44,44,2,structured propose_trade action through first terminal trade event,False
a4a44c4616fb2144b4c55b2281e8e9a15b0df7fde126cc98bb0453cef7020135,TRADE_OR_COALITION,1b2a66f6ca3d62978bb77829003650ad1085d3f45ef821d976860e5f78d36b73,44,44,2,structured propose_trade action through first terminal trade event,False
a54fc835f538e465f55b539fd4660a5b82a9014af8f7bc40fe6febe9a3bbeb22,TRADE_OR_COALITION,1b2a66f6ca3d62978bb77829003650ad1085d3f45ef821d976860e5f78d36b73,44,44,2,structured propose_trade action through first terminal trade event,False
ccfac9c374a8067d072c1fdf756537d34f168b6d239a9a3e0d71bf4fa197114d,TRADE_OR_COALITION,1b2a66f6ca3d62978bb77829003650ad1085d3f45ef821d976860e5f78d36b73,44,44,2,structured propose_trade action through first terminal trade event,False
a1e9f4e515c8a586aedfb22c3e4963e9568a67ddc04e9838364f173c412cfe4c,TRADE_OR_COALITION,1b2a66f6ca3d62978bb77829003650ad1085d3f45ef821d976860e5f78d36b73,52,52,2,structured propose_trade action through first terminal trade event,False
fcd937ecacdeaab9f51420fc7ff6d2d57b08a36add0b573a710027ad0e85f4aa,TRADE_OR_COALITION,1b2a66f6ca3d62978bb77829003650ad1085d3f45ef821d976860e5f78d36b73,52,52,2,structured propose_trade action through first terminal trade event,False
eed0fea7bc7844a72d228f7d0eba79101b2faeba7582375f9413c144b07ed702,TRADE_OR_COALITION,1b2a66f6ca3d62978bb77829003650ad1085d3f45ef821d976860e5f78d36b73,52,52,2,structured propose_trade action through first terminal trade event,False
79a052058be2818c80275dd22e289c2536d5bf30ea0d652d7aa52fff1812dae3,TRADE_OR_COALITION,1b2a66f6ca3d62978bb77829003650ad1085d3f45ef821d976860e5f78d36b73,57,57,2,structured propose_trade action through first terminal trade event,False
91688497fa9ae066e1ca7054ccf4d5d138e305292fd8952093ca76964fd02afe,TRADE_OR_COALITION,1b2a66f6ca3d62978bb77829003650ad1085d3f45ef821d976860e5f78d36b73,57,57,2,structured propose_trade action through first terminal trade event,False
eb918f2459be0078eb2c0da5ccd40e3b292c1bb23d316be4dcac0efaa013b66f,TRADE_OR_COALITION,1b2a66f6ca3d62978bb77829003650ad1085d3f45ef821d976860e5f78d36b73,57,57,2,structured propose_trade action through first terminal trade event,False
666c67eab04892926e680302bcfb46caffcb0b20d2ca91257660750f0ad76974,TRADE_OR_COALITION,1b2a66f6ca3d62978bb77829003650ad1085d3f45ef821d976860e5f78d36b73,57,57,2,structured propose_trade action through first terminal trade event,False
5d24d04d899808c0208ab4cb5cbd1719f47088300c61591956a2aa0ee3a3715e,TRADE_OR_COALITION,1b2a66f6ca3d62978bb77829003650ad1085d3f45ef821d976860e5f78d36b73,57,57,2,structured propose_trade action through first terminal trade event,False
372b3e853e5df435218f12f2776390937fca7e2c05ec929502fef849ca86d24b,TRADE_OR_COALITION,1b2a66f6ca3d62978bb77829003650ad1085d3f45ef821d976860e5f78d36b73,57,57,2,structured propose_trade action through first terminal trade event,False
40ea4d65485416f9826ce98e5c816f4f6a19d7320ee1f212a3ed718eb9287ae9,TRADE_OR_COALITION,1b2a66f6ca3d62978bb77829003650ad1085d3f45ef821d976860e5f78d36b73,57,57,2,structured propose_trade action through first terminal trade event,False
7939df5ab8586a518f7574a8f2e8c4eaa6afb96a6dca6505ec0fc1b92a903723,TRADE_OR_COALITION,1b2a66f6ca3d62978bb77829003650ad1085d3f45ef821d976860e5f78d36b73,62,62,2,structured propose_trade action through first terminal trade event,False
d3f92b8494cc390811218e4a3a95cceb8ab45949cf77624982eb2a301219d531,TRADE_OR_COALITION,1b2a66f6ca3d62978bb77829003650ad1085d3f45ef821d976860e5f78d36b73,62,62,2,structured propose_trade action through first terminal trade event,False
82558a07582d9f50c5783ab61d27eda835eebfbeb6feb378576fb89a610c4bb9,TRADE_OR_COALITION,1b2a66f6ca3d62978bb77829003650ad1085d3f45ef821d976860e5f78d36b73,99,99,2,structured propose_trade action through first terminal trade event,False
bd269fb54fc96981e3c8eb08e8c770871e64c71bb36b90eacd41d24d37cc8273,TRADE_OR_COALITION,1b2a66f6ca3d62978bb77829003650ad1085d3f45ef821d976860e5f78d36b73,102,102,2,structured propose_trade action through first terminal trade event,False
399909be18ba44f54b1e2cf93665c1bd5188168d71d55d0415720700d8cd7d57,TRADE_OR_COALITION,1b2a66f6ca3d62978bb77829003650ad1085d3f45ef821d976860e5f78d36b73,106,106,2,structured propose_trade action through first terminal trade event,False
804fe88b6438ca1966e42c4df05a2056b62f77752e3edb8794413a13af57086e,TRADE_OR_COALITION,1b2a66f6ca3d62978bb77829003650ad1085d3f45ef821d976860e5f78d36b73,109,109,2,structured propose_trade action through first terminal trade event,False
2a316171d9bbccdc46aee0f99795b88e4f4a2270cd71d78f25167624f844337b,TRADE_OR_COALITION,1b2a66f6ca3d62978bb77829003650ad1085d3f45ef821d976860e5f78d36b73,109,109,3,structured propose_trade action through first terminal trade event,False
e4be231003fc5d77bf79ae8e6a3e7b8ee19f8639e5250f493d002ceb8f78963d,TRADE_OR_COALITION,1b2a66f6ca3d62978bb77829003650ad1085d3f45ef821d976860e5f78d36b73,123,123,2,structured propose_trade action through first terminal trade event,False
ccb0f5ffa799c9395561743c0be3dd22404c1ad39e46b2876adc276f80673585,TRADE_OR_COALITION,1b2a66f6ca3d62978bb77829003650ad1085d3f45ef821d976860e5f78d36b73,126,126,2,structured propose_trade action through first terminal trade event,False
aca9c4d466c4f581bb12f740370000922cd8d9cd4c1bad65be285052021f88ec,TRADE_OR_COALITION,1b2a66f6ca3d62978bb77829003650ad1085d3f45ef821d976860e5f78d36b73,126,126,2,structured propose_trade action through first terminal trade event,False
7512b91e77983265f651bb441397bfe28faed40466bdb73747162375cfe0f539,TRADE_OR_COALITION,1b2a66f6ca3d62978bb77829003650ad1085d3f45ef821d976860e5f78d36b73,126,126,2,structured propose_trade action through first terminal trade event,False
6dc7f92c336cf7ac4481f631e795a6eaee906621319e3c2b9c64461d7f0a5c0e,TRADE_OR_COALITION,1b2a66f6ca3d62978bb77829003650ad1085d3f45ef821d976860e5f78d36b73,129,129,2,structured propose_trade action through first terminal trade event,False
198e4eaaa0c3ecc79ce158d73c5defa4eed3793c947f7f22b6d1564c1a9e77ef,TRADE_OR_COALITION,1b2a66f6ca3d62978bb77829003650ad1085d3f45ef821d976860e5f78d36b73,129,129,4,structured propose_trade action through first terminal trade event,False
8af5e04a31c3b61f9592df054b1f2afad8b84e0df513bfc7ff50e6a120d218a5,TRADE_OR_COALITION,1b2a66f6ca3d62978bb77829003650ad1085d3f45ef821d976860e5f78d36b73,131,131,2,structured propose_trade action through first terminal trade event,False
b54f42edd5829e92285ce83cdacb4c616b44d1c80bd5e734d74a08de2e8983e4,TRADE_OR_COALITION,1b2a66f6ca3d62978bb77829003650ad1085d3f45ef821d976860e5f78d36b73,139,139,2,structured propose_trade action through first terminal trade event,False
38dd176217e3cf7b719d1cdc953dd1414750044a3d45523a480800e6c0bd121a,TRADE_OR_COALITION,1b2a66f6ca3d62978bb77829003650ad1085d3f45ef821d976860e5f78d36b73,139,139,2,structured propose_trade action through first terminal trade event,False
6616c998ddf5dc0146efabfb47e135669c6a20f3a0e99070dfc6b53f947321f7,TRADE_OR_COALITION,1b2a66f6ca3d62978bb77829003650ad1085d3f45ef821d976860e5f78d36b73,139,139,2,structured propose_trade action through first terminal trade event,True
d3cf4c1d91adcc52e5980875f44a5338c9bc60bd55eff140b23caabb64e10a1f,TRADE_OR_COALITION,3cbbc09499c1275328c9c27a3ce1ca60b93581b17e87857d07d0a1ff41ab2b01,47,52,1,public language contains a coalition or targeting cue,False
c9b47ff1c04af2bdf72c6a4925c55a3de04d6d01313e7f0e3fb45342bacc66d5,TRADE_OR_COALITION,3cbbc09499c1275328c9c27a3ce1ca60b93581b17e87857d07d0a1ff41ab2b01,52,57,1,public language contains a coalition or targeting cue,False
da4543f6c6dd8273e31583d41fe20bb1bed4c4d26d19d73bdcca84ed8d4c63a8,TRADE_OR_COALITION,3cbbc09499c1275328c9c27a3ce1ca60b93581b17e87857d07d0a1ff41ab2b01,61,66,1,public language contains a coalition or targeting cue,False
88c85301238a7b88cfafe4d51706823e560b4bd3d1c9b07e86ccf77e9b4a9d4c,TRADE_OR_COALITION,3cbbc09499c1275328c9c27a3ce1ca60b93581b17e87857d07d0a1ff41ab2b01,62,67,1,public language contains a coalition or targeting cue,False
64707fa50b26a012694482ac084f3a6b6eab52f39d7795f7c6c687c232afc74d,TRADE_OR_COALITION,3cbbc09499c1275328c9c27a3ce1ca60b93581b17e87857d07d0a1ff41ab2b01,62,67,1,public language contains a coalition or targeting cue,False
7e24035fc1559bf451dd2f37b2e21a31340afb77296f0f87c4f114dd000e1129,TRADE_OR_COALITION,3cbbc09499c1275328c9c27a3ce1ca60b93581b17e87857d07d0a1ff41ab2b01,73,78,1,public language contains a coalition or targeting cue,False
1163e9b37acee0fbd9851eb7e13c66481eee68516265850cbd1a0eb1eb1d3a9d,TRADE_OR_COALITION,3cbbc09499c1275328c9c27a3ce1ca60b93581b17e87857d07d0a1ff41ab2b01,73,78,1,public language contains a coalition or targeting cue,False
d2c8c61b29d909475f8faec4885b6ec44d415f7a3a269a9e3c1a1d1ea3b8d412,TRADE_OR_COALITION,3cbbc09499c1275328c9c27a3ce1ca60b93581b17e87857d07d0a1ff41ab2b01,73,78,1,public language contains a coalition or targeting cue,False
f9313ad3e6c4b416cc618a824ebf4c42d5568fbaa5082b29c1851c56d9497570,TRADE_OR_COALITION,3cbbc09499c1275328c9c27a3ce1ca60b93581b17e87857d07d0a1ff41ab2b01,73,78,1,public language contains a coalition or targeting cue,False
8099627d6e4317e2c5ed236f174b4e67d900d7c6f8ef6da969582da91c9201b9,TRADE_OR_COALITION,3cbbc09499c1275328c9c27a3ce1ca60b93581b17e87857d07d0a1ff41ab2b01,73,78,1,public language contains a coalition or targeting cue,False
d1c6e7d220a85cc31f39172f546e67a800cd684329f8f385ee479cc730deef2a,TRADE_OR_COALITION,3cbbc09499c1275328c9c27a3ce1ca60b93581b17e87857d07d0a1ff41ab2b01,73,78,1,public language contains a coalition or targeting cue,False
1c480589afe2f9d51582b67f31514e9ad1c2271e4c9b121c06547ec392fc51fb,TRADE_OR_COALITION,3cbbc09499c1275328c9c27a3ce1ca60b93581b17e87857d07d0a1ff41ab2b01,77,82,1,public language contains a coalition or targeting cue,False
c8bd37cef9866557f08c4dfd51fff20e5d16ae195b74f954bfddcb1ff0a3a008,TRADE_OR_COALITION,3cbbc09499c1275328c9c27a3ce1ca60b93581b17e87857d07d0a1ff41ab2b01,77,82,1,public language contains a coalition or targeting cue,False
a26e8bf12eddb30e98f184e3fa39ff01c2cee45dc72096bb7c75acded09eff3b,TRADE_OR_COALITION,3cbbc09499c1275328c9c27a3ce1ca60b93581b17e87857d07d0a1ff41ab2b01,82,87,1,public language contains a coalition or targeting cue,False
b56478c5733114a2d493772fa040f7ce3fd566cb270943a16d853276d92f41d2,TRADE_OR_COALITION,3cbbc09499c1275328c9c27a3ce1ca60b93581b17e87857d07d0a1ff41ab2b01,95,100,1,public language contains a coalition or targeting cue,False
4acce1f0729044f4f5a57382cd6e3d00dff0ed657ec5eecb53aa9af04c344ee1,TRADE_OR_COALITION,3cbbc09499c1275328c9c27a3ce1ca60b93581b17e87857d07d0a1ff41ab2b01,98,103,1,public language contains a coalition or targeting cue,False
990cafde2351f7b54ea25e8e12846060092b7545f4a33e5c0167b58359f30473,TRADE_OR_COALITION,3cbbc09499c1275328c9c27a3ce1ca60b93581b17e87857d07d0a1ff41ab2b01,98,103,1,public language contains a coalition or targeting cue,False
7249e263fe36858d00943f69a183019072b4c0d400ddf139662b0339618617e0,TRADE_OR_COALITION,3cbbc09499c1275328c9c27a3ce1ca60b93581b17e87857d07d0a1ff41ab2b01,100,105,1,public language contains a coalition or targeting cue,False
65e8b2f3c2e13725ab81936a732d06ca6508abdfb88496c6323aa6e1db48b741,TRADE_OR_COALITION,3cbbc09499c1275328c9c27a3ce1ca60b93581b17e87857d07d0a1ff41ab2b01,101,106,1,public language contains a coalition or targeting cue,False
e1e615d884ecb259a1eadc7f22014c0ce07c3a8629bc94b3520fcab615ecb453,TRADE_OR_COALITION,3cbbc09499c1275328c9c27a3ce1ca60b93581b17e87857d07d0a1ff41ab2b01,103,108,1,public language contains a coalition or targeting cue,False
ac451fc78cd5910b514054b5471783c8521cd61405a9e5b8893641f8e187d66f,TRADE_OR_COALITION,3cbbc09499c1275328c9c27a3ce1ca60b93581b17e87857d07d0a1ff41ab2b01,103,108,1,public language contains a coalition or targeting cue,False
abf5a4ebcbbb0c9871706097b708a4df81d7a4a4e3fd3f4d8bb578518d3a4e97,TRADE_OR_COALITION,3cbbc09499c1275328c9c27a3ce1ca60b93581b17e87857d07d0a1ff41ab2b01,112,115,1,public language contains a coalition or targeting cue,False
4cb1ce7610e38f59698932385d3979a0622b82ae8f097c95d24fc2ce9714ffab,TRADE_OR_COALITION,3cbbc09499c1275328c9c27a3ce1ca60b93581b17e87857d07d0a1ff41ab2b01,4,4,5,structured propose_trade action through first terminal trade event,False
4e448ff93b50b81af18615a825500ad91b5177517e62d4098bb6eda25b0ab12c,TRADE_OR_COALITION,3cbbc09499c1275328c9c27a3ce1ca60b93581b17e87857d07d0a1ff41ab2b01,4,4,2,structured propose_trade action through first terminal trade event,False
8f142411b49fecb52a896b769f9606b5055549034b024aac535442bc71cb9707,TRADE_OR_COALITION,3cbbc09499c1275328c9c27a3ce1ca60b93581b17e87857d07d0a1ff41ab2b01,4,4,2,structured propose_trade action through first terminal trade event,False
5d247573158ec90961d33c74f6d7b05ac12a6dc269432175cf2c03013d03bf70,TRADE_OR_COALITION,3cbbc09499c1275328c9c27a3ce1ca60b93581b17e87857d07d0a1ff41ab2b01,4,4,2,structured propose_trade action through first terminal trade event,False
45c7c6e098761469b6a4e50ea5ebfcd08d7c4642e704c172c37469e1b3e7cc4a,TRADE_OR_COALITION,3cbbc09499c1275328c9c27a3ce1ca60b93581b17e87857d07d0a1ff41ab2b01,4,4,2,structured propose_trade action through first terminal trade event,False
ee761320ca4fddba39591509da731eb3dcdb136c0c7f84b0cbed3404d2991e64,TRADE_OR_COALITION,3cbbc09499c1275328c9c27a3ce1ca60b93581b17e87857d07d0a1ff41ab2b01,8,8,2,structured propose_trade action through first terminal trade event,False
1abd2af73fb85397de69207ca98074922538367b875f01213f677a4468d29967,TRADE_OR_COALITION,3cbbc09499c1275328c9c27a3ce1ca60b93581b17e87857d07d0a1ff41ab2b01,8,8,3,structured propose_trade action through first terminal trade event,False
1b41ea7df741b33bb5cf5555083257b6388ab80deb0b84ecdeb33c42f40b15bd,TRADE_OR_COALITION,3cbbc09499c1275328c9c27a3ce1ca60b93581b17e87857d07d0a1ff41ab2b01,12,12,2,structured propose_trade action through first terminal trade event,False
d670afe43a1407b0116e4cdefda7298acdaa4baf78c45e945a789e0ead46c097,TRADE_OR_COALITION,3cbbc09499c1275328c9c27a3ce1ca60b93581b17e87857d07d0a1ff41ab2b01,12,12,3,structured propose_trade action through first terminal trade event,False
49e4a242d74444dae8159f6bf6d6cea3e49ed84f79a7b2116d4d1a8349286e91,TRADE_OR_COALITION,3cbbc09499c1275328c9c27a3ce1ca60b93581b17e87857d07d0a1ff41ab2b01,12,12,2,structured propose_trade action through first terminal trade event,False
4e0c90827cb20d6840400604e8f0ab626b0e50912400f0421440b345ea71914b,TRADE_OR_COALITION,3cbbc09499c1275328c9c27a3ce1ca60b93581b17e87857d07d0a1ff41ab2b01,12,12,2,structured propose_trade action through first terminal trade event,False
305d84adb52ea47fa023011542e90fbb50d643814601d925df3f9262c9706e6c,TRADE_OR_COALITION,3cbbc09499c1275328c9c27a3ce1ca60b93581b17e87857d07d0a1ff41ab2b01,12,12,2,structured propose_trade action through first terminal trade event,False
8b026f177ee612253a470fa96aa06f2160317064d8c40783764f6ec3999173a3,TRADE_OR_COALITION,3cbbc09499c1275328c9c27a3ce1ca60b93581b17e87857d07d0a1ff41ab2b01,16,16,2,structured propose_trade action through first terminal trade event,False
094b93a04000cc984f7680ec7d558685476d0a9103b4a9c9d9ca6519915a965e,TRADE_OR_COALITION,3cbbc09499c1275328c9c27a3ce1ca60b93581b17e87857d07d0a1ff41ab2b01,16,16,2,structured propose_trade action through first terminal trade event,False
2ccf5f6675d840467b197062856cc57aa6b6e46df9317e14482823e9d1de44ab,TRADE_OR_COALITION,3cbbc09499c1275328c9c27a3ce1ca60b93581b17e87857d07d0a1ff41ab2b01,16,16,2,structured propose_trade action through first terminal trade event,False
1fdbfb4cebb5cb95ce079573fc0c5a8fa5fc99fbc019c55c6be98cd5283b208c,TRADE_OR_COALITION,3cbbc09499c1275328c9c27a3ce1ca60b93581b17e87857d07d0a1ff41ab2b01,16,16,3,structured propose_trade action through first terminal trade event,False
dd928f26ed371790b2058ebbde5239d5d994c6c42b1cd9af3d0398a01ce6faa9,TRADE_OR_COALITION,3cbbc09499c1275328c9c27a3ce1ca60b93581b17e87857d07d0a1ff41ab2b01,20,20,2,structured propose_trade action through first terminal trade event,False
1eb7e74bc361daa0d474d484abd5f31784de70a9c1f72b48997b7d61763c3083,TRADE_OR_COALITION,3cbbc09499c1275328c9c27a3ce1ca60b93581b17e87857d07d0a1ff41ab2b01,20,20,2,structured propose_trade action through first terminal trade event,False
c5a3b4397ceab3cdb91a3ccb2c1af3668790b35c643f8b7fe54c0ef05d46d010,TRADE_OR_COALITION,3cbbc09499c1275328c9c27a3ce1ca60b93581b17e87857d07d0a1ff41ab2b01,20,20,2,structured propose_trade action through first terminal trade event,False
d285a149dc314ba2187737aed55a4804ebf5e11c00f99059016020b333acfe93,TRADE_OR_COALITION,3cbbc09499c1275328c9c27a3ce1ca60b93581b17e87857d07d0a1ff41ab2b01,20,20,2,structured propose_trade action through first terminal trade event,False
0fd45b502959e810d25cb562d4413969b4fd5064d52da9f05c02894741aa4474,TRADE_OR_COALITION,3cbbc09499c1275328c9c27a3ce1ca60b93581b17e87857d07d0a1ff41ab2b01,20,20,2,structured propose_trade action through first terminal trade event,True
fc0762675caa309eea87fe35beaea503b018269c764aaf1a17b44c48446af7af,TRADE_OR_COALITION,3cbbc09499c1275328c9c27a3ce1ca60b93581b17e87857d07d0a1ff41ab2b01,21,21,2,structured propose_trade action through first terminal trade event,False
60bfadd0691cd06b812651c1ba82f0366ae8f7a1f993f270b78095db84a8b678,TRADE_OR_COALITION,3cbbc09499c1275328c9c27a3ce1ca60b93581b17e87857d07d0a1ff41ab2b01,21,21,2,structured propose_trade action through first terminal trade event,False
14341445c82f82580cac85eeab30d9c4102a0d3607969b0f8adb00d2b59ddbe2,TRADE_OR_COALITION,3cbbc09499c1275328c9c27a3ce1ca60b93581b17e87857d07d0a1ff41ab2b01,21,21,2,structured propose_trade action through first terminal trade event,False
db0fff1876db0b32063205edad09adfa55c469807b2ba3a41780306e29c4c611,TRADE_OR_COALITION,3cbbc09499c1275328c9c27a3ce1ca60b93581b17e87857d07d0a1ff41ab2b01,21,21,2,structured propose_trade action through first terminal trade event,False
864f00c24fc109ad021c73986a870ad34a6f7831c5039628bec8efc49b5059be,TRADE_OR_COALITION,3cbbc09499c1275328c9c27a3ce1ca60b93581b17e87857d07d0a1ff41ab2b01,26,26,2,structured propose_trade action through first terminal trade event,False
544e3b136b39854ff6f4b2c15fc1fb7b0c5891529377f5581b6bcd3b69910df4,TRADE_OR_COALITION,3cbbc09499c1275328c9c27a3ce1ca60b93581b17e87857d07d0a1ff41ab2b01,30,30,2,structured propose_trade action through first terminal trade event,False
4f73717f1b7ecef1ce21117471494cbd25ca0d9bde9746c71d5bf57cf6b0fae7,TRADE_OR_COALITION,3cbbc09499c1275328c9c27a3ce1ca60b93581b17e87857d07d0a1ff41ab2b01,30,30,2,structured propose_trade action through first terminal trade event,False
424b36340cd8f666faec1ddeb809eaed69e9ed0078fecf808f9141a7a1bc94d1,TRADE_OR_COALITION,3cbbc09499c1275328c9c27a3ce1ca60b93581b17e87857d07d0a1ff41ab2b01,30,30,2,structured propose_trade action through first terminal trade event,False
1b7edc271d06a91716196f67cf6e44d90556519124145134ed7373a68265f797,TRADE_OR_COALITION,3cbbc09499c1275328c9c27a3ce1ca60b93581b17e87857d07d0a1ff41ab2b01,30,30,2,structured propose_trade action through first terminal trade event,False
d911aca454e7a06e2ba5cacf8620ccb3ba6e86a6fa76aa027aada80edb034a78,TRADE_OR_COALITION,3cbbc09499c1275328c9c27a3ce1ca60b93581b17e87857d07d0a1ff41ab2b01,31,31,2,structured propose_trade action through first terminal trade event,False
ce140351036cfc7ccd4b52aff1a528c358455f787e83e14309cc18932515011a,TRADE_OR_COALITION,3cbbc09499c1275328c9c27a3ce1ca60b93581b17e87857d07d0a1ff41ab2b01,31,31,2,structured propose_trade action through first terminal trade event,False
ed7873a196432d6dd84a66565a9a1d5b3cc619646bfc134db0f883c0dd031122,TRADE_OR_COALITION,3cbbc09499c1275328c9c27a3ce1ca60b93581b17e87857d07d0a1ff41ab2b01,31,31,2,structured propose_trade action through first terminal trade event,False
2cc7076fbb00592eeae45bd0ec9191bfdb3242e8e9d77250b4aea08ec660aa12,TRADE_OR_COALITION,3cbbc09499c1275328c9c27a3ce1ca60b93581b17e87857d07d0a1ff41ab2b01,43,43,2,structured propose_trade action through first terminal trade event,False
205810ff74e44f98bd7039702799cf82773bcba3e718bd1d220ae1e3bd22e484,TRADE_OR_COALITION,3cbbc09499c1275328c9c27a3ce1ca60b93581b17e87857d07d0a1ff41ab2b01,43,43,2,structured propose_trade action through first terminal trade event,False
0297970789d2febdb8220428a013ddb5c27b06fcb245e72ab374f6b91ad6e5ee,TRADE_OR_COALITION,3cbbc09499c1275328c9c27a3ce1ca60b93581b17e87857d07d0a1ff41ab2b01,43,43,2,structured propose_trade action through first terminal trade event,False
9c906c7790d27be7dff22894dbf27fe541d3ad83c6b5efe6621def5e965fcb53,TRADE_OR_COALITION,3cbbc09499c1275328c9c27a3ce1ca60b93581b17e87857d07d0a1ff41ab2b01,43,43,2,structured propose_trade action through first terminal trade event,False
7d9c0b0d376f99776bcbe2d3c45a0aae0296cd777b87141cbf20f609177bd807,TRADE_OR_COALITION,3cbbc09499c1275328c9c27a3ce1ca60b93581b17e87857d07d0a1ff41ab2b01,43,43,2,structured propose_trade action through first terminal trade event,False
06a9ff2e727beeb1369a93fd82ee99f422c7ae00d08421c399fe5976029c5357,TRADE_OR_COALITION,3cbbc09499c1275328c9c27a3ce1ca60b93581b17e87857d07d0a1ff41ab2b01,47,47,2,structured propose_trade action through first terminal trade event,False
8a9927c07b91cb49e03234f42443d3d5c22a9aefcd49a36c8c2a4e37d3c98361,TRADE_OR_COALITION,3cbbc09499c1275328c9c27a3ce1ca60b93581b17e87857d07d0a1ff41ab2b01,47,47,2,structured propose_trade action through first terminal trade event,False
7e3a612a6bb67b81c6188c959385a88dd09c51c5883bc4137f9416eb3f41b307,TRADE_OR_COALITION,3cbbc09499c1275328c9c27a3ce1ca60b93581b17e87857d07d0a1ff41ab2b01,47,47,2,structured propose_trade action through first terminal trade event,False
41c00783f699f341a973b48c2622a1c6d8f8c26050395aa65e773cf411721390,TRADE_OR_COALITION,3cbbc09499c1275328c9c27a3ce1ca60b93581b17e87857d07d0a1ff41ab2b01,52,52,2,structured propose_trade action through first terminal trade event,False
80e7a9353734bae640904efbf4989131e0f2d9cdf53eecd122fa25df0402b72c,TRADE_OR_COALITION,3cbbc09499c1275328c9c27a3ce1ca60b93581b17e87857d07d0a1ff41ab2b01,52,52,2,structured propose_trade action through first terminal trade event,False
cd84a9c88ce48e24cc66a862b1446824a5d3d7718fc667d8a45ad350e82e160f,TRADE_OR_COALITION,3cbbc09499c1275328c9c27a3ce1ca60b93581b17e87857d07d0a1ff41ab2b01,52,52,2,structured propose_trade action through first terminal trade event,False
8f6add83374119cb9da58b1614790afbcb221f36b8c9dccb36466e39218e2f1e,TRADE_OR_COALITION,3cbbc09499c1275328c9c27a3ce1ca60b93581b17e87857d07d0a1ff41ab2b01,57,57,2,structured propose_trade action through first terminal trade event,False
7119c87d7b2104b33768abd661c71904f8fd794037ee917d3336bb248aac58b8,TRADE_OR_COALITION,3cbbc09499c1275328c9c27a3ce1ca60b93581b17e87857d07d0a1ff41ab2b01,57,57,2,structured propose_trade action through first terminal trade event,False
014bacd623249003009c747664f2acdbc0dc7106489e44e93cbebb9e63593004,TRADE_OR_COALITION,3cbbc09499c1275328c9c27a3ce1ca60b93581b17e87857d07d0a1ff41ab2b01,62,62,6,structured propose_trade action through first terminal trade event,False
d39a735875fdec58052d3f41f50a07e532a41727c79b0c9e28d7f4acaf38d4f3,TRADE_OR_COALITION,3cbbc09499c1275328c9c27a3ce1ca60b93581b17e87857d07d0a1ff41ab2b01,62,62,2,structured propose_trade action through first terminal trade event,False
ca83671d390303bb0bcf978e4554152e40afe126419a082fd44a3ca73f04bbd0,TRADE_OR_COALITION,3cbbc09499c1275328c9c27a3ce1ca60b93581b17e87857d07d0a1ff41ab2b01,62,62,2,structured propose_trade action through first terminal trade event,False
06762fcfd7210d80a9cb931c1a08b7f88587902f64a5894875956d618b70899f,TRADE_OR_COALITION,3cbbc09499c1275328c9c27a3ce1ca60b93581b17e87857d07d0a1ff41ab2b01,66,66,2,structured propose_trade action through first terminal trade event,False
cd9a874b4432512948347ecdb3e7e087beb29fc3973629b0b0ce217d7ee00621,TRADE_OR_COALITION,3cbbc09499c1275328c9c27a3ce1ca60b93581b17e87857d07d0a1ff41ab2b01,66,66,2,structured propose_trade action through first terminal trade event,False
154e344d18e320bfea27a707da6b98d865537ef4bbd2e85aca323b6147907617,TRADE_OR_COALITION,3cbbc09499c1275328c9c27a3ce1ca60b93581b17e87857d07d0a1ff41ab2b01,67,67,2,structured propose_trade action through first terminal trade event,False
08177e19ae6704641614c6dfe70759a111d6462110b2b4a0494ddc0e6b2ea40e,TRADE_OR_COALITION,3cbbc09499c1275328c9c27a3ce1ca60b93581b17e87857d07d0a1ff41ab2b01,67,67,2,structured propose_trade action through first terminal trade event,False
69cf1df187551ba229d0a36fe2c5c156d7dc7d6e6a7f18406a3cdff026d4de00,TRADE_OR_COALITION,3cbbc09499c1275328c9c27a3ce1ca60b93581b17e87857d07d0a1ff41ab2b01,73,73,2,structured propose_trade action through first terminal trade event,False
c1baa7653344f29fa2b08e5a1c78612391d88841c1dbf50e7673cf8cf3069e81,TRADE_OR_COALITION,3cbbc09499c1275328c9c27a3ce1ca60b93581b17e87857d07d0a1ff41ab2b01,73,73,2,structured propose_trade action through first terminal trade event,False
bc130d8c7fa5687eb3bd479ae65e4004674cbc1a1fcdee5841d01f35f84571e7,TRADE_OR_COALITION,3cbbc09499c1275328c9c27a3ce1ca60b93581b17e87857d07d0a1ff41ab2b01,73,73,12,structured propose_trade action through first terminal trade event,False
97414c2a1af86a1ad60f0f3e10e4960faeef56e1a205e2d370346e3db31ddff0,TRADE_OR_COALITION,3cbbc09499c1275328c9c27a3ce1ca60b93581b17e87857d07d0a1ff41ab2b01,73,73,2,structured propose_trade action through first terminal trade event,False
c5f970cd5109069f6e04ae2c68539c8b9f50b9352a2e426f6482fcef44e89130,TRADE_OR_COALITION,3cbbc09499c1275328c9c27a3ce1ca60b93581b17e87857d07d0a1ff41ab2b01,73,73,2,structured propose_trade action through first terminal trade event,False
0749786c1fb81e87572d73eb5a30728894c0a2f802f0f565664b745cabe4a704,TRADE_OR_COALITION,3cbbc09499c1275328c9c27a3ce1ca60b93581b17e87857d07d0a1ff41ab2b01,77,77,2,structured propose_trade action through first terminal trade event,False
ec9ee7eea964c5b7f76d5868c21233c62d895e2d972ae8ad8629b86899c5fa26,TRADE_OR_COALITION,3cbbc09499c1275328c9c27a3ce1ca60b93581b17e87857d07d0a1ff41ab2b01,77,77,2,structured propose_trade action through first terminal trade event,False
564fd55bc7462dd5a6c61ca50aa2bcb072c92c9e8ef4d5699d972744508ff65f,TRADE_OR_COALITION,3cbbc09499c1275328c9c27a3ce1ca60b93581b17e87857d07d0a1ff41ab2b01,77,77,2,structured propose_trade action through first terminal trade event,False
f57140f21dc5fc8b82f21b7021d25fd45dd6ab2f00fba7797e4200eb31900321,TRADE_OR_COALITION,3cbbc09499c1275328c9c27a3ce1ca60b93581b17e87857d07d0a1ff41ab2b01,77,77,2,structured propose_trade action through first terminal trade event,False
7b34232f02ebb940c622c6861dffec2f69c988a8145c2387ad2fa17281b1db91,TRADE_OR_COALITION,3cbbc09499c1275328c9c27a3ce1ca60b93581b17e87857d07d0a1ff41ab2b01,77,77,2,structured propose_trade action through first terminal trade event,False
5c0203fedb88677425cf5002fe259a42e5e6cf4a48f616a9202d75c99aee3bbe,TRADE_OR_COALITION,3cbbc09499c1275328c9c27a3ce1ca60b93581b17e87857d07d0a1ff41ab2b01,77,77,2,structured propose_trade action through first terminal trade event,False
20c6294c27ac83b6be983dc097226ba73c16f3cd03b6bd7d4f899d0e89a79d3f,TRADE_OR_COALITION,3cbbc09499c1275328c9c27a3ce1ca60b93581b17e87857d07d0a1ff41ab2b01,77,77,2,structured propose_trade action through first terminal trade event,False
d3af4408281357ec90cbc5a80c6d86130d8b3c1ba93c76292b8147fc7a8ea186,TRADE_OR_COALITION,3cbbc09499c1275328c9c27a3ce1ca60b93581b17e87857d07d0a1ff41ab2b01,82,82,2,structured propose_trade action through first terminal trade event,False
405d83138bad4db6de9846f9106356c7058196403ca0d34ccb33b66fe1e8cf20,TRADE_OR_COALITION,3cbbc09499c1275328c9c27a3ce1ca60b93581b17e87857d07d0a1ff41ab2b01,82,82,2,structured propose_trade action through first terminal trade event,False
b913c85c0a8096f57ecc2674ac287f3384e5c8dfa73bc2ea39d841323738eb38,TRADE_OR_COALITION,3cbbc09499c1275328c9c27a3ce1ca60b93581b17e87857d07d0a1ff41ab2b01,82,82,2,structured propose_trade action through first terminal trade event,False
2a52668a91fe65835335068c439d51a0cde9f5f455eb8c8c441b6dc86c39236f,TRADE_OR_COALITION,3cbbc09499c1275328c9c27a3ce1ca60b93581b17e87857d07d0a1ff41ab2b01,82,82,2,structured propose_trade action through first terminal trade event,False
6ce8d7c965048956f09f2c96eaf883156aa7ae46c120713d2d29da04424bfd65,TRADE_OR_COALITION,3cbbc09499c1275328c9c27a3ce1ca60b93581b17e87857d07d0a1ff41ab2b01,86,86,2,structured propose_trade action through first terminal trade event,False
995956f4e40c5d6458007b56b0d107099b7e59947bd456881d3119ea0ed5497d,TRADE_OR_COALITION,3cbbc09499c1275328c9c27a3ce1ca60b93581b17e87857d07d0a1ff41ab2b01,86,86,2,structured propose_trade action through first terminal trade event,False
9174f591751b189283e30f508e0b0723017928dd31d790bb70b9fcb7fc7dd1e4,TRADE_OR_COALITION,3cbbc09499c1275328c9c27a3ce1ca60b93581b17e87857d07d0a1ff41ab2b01,86,86,2,structured propose_trade action through first terminal trade event,False
54d5a8a1bc97d8b588c1a62df4791767223e901f70c40c48ee684fdf8ff5c67a,TRADE_OR_COALITION,3cbbc09499c1275328c9c27a3ce1ca60b93581b17e87857d07d0a1ff41ab2b01,86,86,2,structured propose_trade action through first terminal trade event,False
35eec9926165b3a702037f574d89050635e4dd74c62c0a8eb8ecde740646316d,TRADE_OR_COALITION,3cbbc09499c1275328c9c27a3ce1ca60b93581b17e87857d07d0a1ff41ab2b01,86,86,2,structured propose_trade action through first terminal trade event,False
c988ed38d14c616e50c23c3990e4439a5f5ee767e14802d0d470313018f350fe,TRADE_OR_COALITION,3cbbc09499c1275328c9c27a3ce1ca60b93581b17e87857d07d0a1ff41ab2b01,86,86,2,structured propose_trade action through first terminal trade event,False
e2393c9dcf251bbd602091767b5d656417ac1a068c0867c442efc1c47ba9cf68,TRADE_OR_COALITION,3cbbc09499c1275328c9c27a3ce1ca60b93581b17e87857d07d0a1ff41ab2b01,86,86,2,structured propose_trade action through first terminal trade event,False
6c454e9323c26c24605d63c699a1d934ab1b6276946833ddb92676159d42a93f,TRADE_OR_COALITION,3cbbc09499c1275328c9c27a3ce1ca60b93581b17e87857d07d0a1ff41ab2b01,86,86,2,structured propose_trade action through first terminal trade event,False
47524d077f80cb38efa5dc5422b2291f433e96f4f58979363dc7a6cc3dea4ea0,TRADE_OR_COALITION,3cbbc09499c1275328c9c27a3ce1ca60b93581b17e87857d07d0a1ff41ab2b01,90,90,2,structured propose_trade action through first terminal trade event,False
a792e1ea940805b4c86e0a1dd7bac89c9918acbcae331f9da34a258f311c76d1,TRADE_OR_COALITION,3cbbc09499c1275328c9c27a3ce1ca60b93581b17e87857d07d0a1ff41ab2b01,94,94,2,structured propose_trade action through first terminal trade event,False
a1d1fe36cdc149710af4878662bbeb3df64eae67685056d1138495e8f0ce4734,TRADE_OR_COALITION,3cbbc09499c1275328c9c27a3ce1ca60b93581b17e87857d07d0a1ff41ab2b01,98,98,2,structured propose_trade action through first terminal trade event,False
35107b93d06ead87d41336a961bdd2a6fbbba51176771b8e9bde7689386ad5b9,TRADE_OR_COALITION,3cbbc09499c1275328c9c27a3ce1ca60b93581b17e87857d07d0a1ff41ab2b01,98,98,2,structured propose_trade action through first terminal trade event,False
26f1611d826e8bb70588ad1ffd99aeda207a153f3ac961e998cceb1e2d7aaf36,TRADE_OR_COALITION,3cbbc09499c1275328c9c27a3ce1ca60b93581b17e87857d07d0a1ff41ab2b01,103,103,2,structured propose_trade action through first terminal trade event,False
a4a7b2ab74e5ecfd56334bc1c27910cf376268e9fa5e21522c87a118d2332208,TRADE_OR_COALITION,3cbbc09499c1275328c9c27a3ce1ca60b93581b17e87857d07d0a1ff41ab2b01,103,103,2,structured propose_trade action through first terminal trade event,False
be186243f0e73f2d1c6ef1b7ccad2f8c52c01e786a9f2db8531d4c41e8a5894f,TRADE_OR_COALITION,3cbbc09499c1275328c9c27a3ce1ca60b93581b17e87857d07d0a1ff41ab2b01,103,103,2,structured propose_trade action through first terminal trade event,False
77c683c833f10ae11643be787fa9d7b7664d4d2fb7da336278f2f9c5a6d96ac6,TRADE_OR_COALITION,3cbbc09499c1275328c9c27a3ce1ca60b93581b17e87857d07d0a1ff41ab2b01,103,103,2,structured propose_trade action through first terminal trade event,False
a796ac755ae39d9d4e2056a7d9b6139e287dd0b55d7454ed589d5dad0bef8624,TRADE_OR_COALITION,840335b51c3164c1d4c0f8f76b1960024e1a5f4396206890a248d6841c84f8b0,16,21,1,public language contains a coalition or targeting cue,False
009aaa05f7110b58d4650c602cfc6c07332a8bd7531072aad4d1f860471db2f3,TRADE_OR_COALITION,840335b51c3164c1d4c0f8f76b1960024e1a5f4396206890a248d6841c84f8b0,28,33,1,public language contains a coalition or targeting cue,False
7392b322cd09621193ffb2009fd82a05db5f98423d43c26bf27f4cf286c55eb7,TRADE_OR_COALITION,840335b51c3164c1d4c0f8f76b1960024e1a5f4396206890a248d6841c84f8b0,40,45,1,public language contains a coalition or targeting cue,False
59b32054daddb785ccc7c3a4c3a04125e3afd6f1aac4b2c2f2a2ffed0bea62fb,TRADE_OR_COALITION,840335b51c3164c1d4c0f8f76b1960024e1a5f4396206890a248d6841c84f8b0,57,62,1,public language contains a coalition or targeting cue,False
fbfe2d733972ca460bfc7b02f13250cbdcf45e930bb32d70ee9ccb09f286faa8,TRADE_OR_COALITION,840335b51c3164c1d4c0f8f76b1960024e1a5f4396206890a248d6841c84f8b0,66,71,1,public language contains a coalition or targeting cue,False
17658df9bf291357251a9e085ed858c4a522a64b2da85fafa10e3dcdd6d66c30,TRADE_OR_COALITION,840335b51c3164c1d4c0f8f76b1960024e1a5f4396206890a248d6841c84f8b0,81,86,1,public language contains a coalition or targeting cue,False
5fe92a9f71b155bbcf05a3e886405e6891657741bdc8e2fc919d920339044c37,TRADE_OR_COALITION,840335b51c3164c1d4c0f8f76b1960024e1a5f4396206890a248d6841c84f8b0,118,123,1,public language contains a coalition or targeting cue,False
a7cf2b445aced959542da67bbb85a85a31c13d9a60311ce77dc87c76422a6b41,TRADE_OR_COALITION,840335b51c3164c1d4c0f8f76b1960024e1a5f4396206890a248d6841c84f8b0,122,127,1,public language contains a coalition or targeting cue,False
d139dd9c408c700a6172147cb27260da4708d13dd24b8b15158a87d4176fe480,TRADE_OR_COALITION,840335b51c3164c1d4c0f8f76b1960024e1a5f4396206890a248d6841c84f8b0,126,131,1,public language contains a coalition or targeting cue,False
fdd5eb5a35a6423f6fd0376bb8d4f696d662265b20b4b90804ac371ba0d78f08,TRADE_OR_COALITION,840335b51c3164c1d4c0f8f76b1960024e1a5f4396206890a248d6841c84f8b0,5,5,2,structured propose_trade action through first terminal trade event,False
12a15abc42a9ccfd56909031fcbbd9da680668dfb325a9fa53746227f04fce07,TRADE_OR_COALITION,840335b51c3164c1d4c0f8f76b1960024e1a5f4396206890a248d6841c84f8b0,5,5,2,structured propose_trade action through first terminal trade event,False
c5527ca7b24c763b3b01fac027d1311dc1baf88a644aad0a740fdfc8c39d1059,TRADE_OR_COALITION,840335b51c3164c1d4c0f8f76b1960024e1a5f4396206890a248d6841c84f8b0,5,5,2,structured propose_trade action through first terminal trade event,False
176af5225d76fb1eceddefb90f084c7646da32e45ff3199522bdb275e758d969,TRADE_OR_COALITION,840335b51c3164c1d4c0f8f76b1960024e1a5f4396206890a248d6841c84f8b0,10,10,2,structured propose_trade action through first terminal trade event,False
e9dadec757a59fe134e9600b24c31af7b1d80c67e9b91446d5dbcd29395f71a0,TRADE_OR_COALITION,840335b51c3164c1d4c0f8f76b1960024e1a5f4396206890a248d6841c84f8b0,10,10,4,structured propose_trade action through first terminal trade event,False
e8c93ca79215e41054b68f57dce13f82ac8993d37662de62f9e41f8e56e48d5f,TRADE_OR_COALITION,840335b51c3164c1d4c0f8f76b1960024e1a5f4396206890a248d6841c84f8b0,10,10,2,structured propose_trade action through first terminal trade event,True
5f13f4ed3127dd209129cfa9802e97e349cd374bf591644fe0b2754be868fb2c,TRADE_OR_COALITION,840335b51c3164c1d4c0f8f76b1960024e1a5f4396206890a248d6841c84f8b0,10,10,2,structured propose_trade action through first terminal trade event,False
caab860b2f33e45b842fbb4cc699043728a088b71bb86f4b3c5bce644f86785f,TRADE_OR_COALITION,840335b51c3164c1d4c0f8f76b1960024e1a5f4396206890a248d6841c84f8b0,10,10,2,structured propose_trade action through first terminal trade event,False
f206c17e54b3ef94e5b17baea513aabbbe8c3a87d5330d10956fc70d5a0f911f,TRADE_OR_COALITION,840335b51c3164c1d4c0f8f76b1960024e1a5f4396206890a248d6841c84f8b0,16,16,2,structured propose_trade action through first terminal trade event,False
3b1f16b84613b15ae0e5e3fa877a2a80b6d17c4ffd07dee0733c2e68b097af01,TRADE_OR_COALITION,840335b51c3164c1d4c0f8f76b1960024e1a5f4396206890a248d6841c84f8b0,16,16,2,structured propose_trade action through first terminal trade event,False
a7e37c07353a71ba3ac54f7ce3a3c85b6ef423a94565016bc1a47d6ef1a8eb7c,TRADE_OR_COALITION,840335b51c3164c1d4c0f8f76b1960024e1a5f4396206890a248d6841c84f8b0,16,16,2,structured propose_trade action through first terminal trade event,False
c0fd40b0f9f430274382750fc547e111d753a20a041b9aa697569dd56d536d2c,TRADE_OR_COALITION,840335b51c3164c1d4c0f8f76b1960024e1a5f4396206890a248d6841c84f8b0,16,16,2,structured propose_trade action through first terminal trade event,False
b11eaa0dbdc4b1b41946806af8af13ef88fd84e2a75a685f774d3f2ece5e2ac5,TRADE_OR_COALITION,840335b51c3164c1d4c0f8f76b1960024e1a5f4396206890a248d6841c84f8b0,16,16,2,structured propose_trade action through first terminal trade event,False
a21c2e53529890bb14c37394a1889343969b325295b7c541cbdff1947a45bb08,TRADE_OR_COALITION,840335b51c3164c1d4c0f8f76b1960024e1a5f4396206890a248d6841c84f8b0,20,20,2,structured propose_trade action through first terminal trade event,False
3169b8373b3dc98836f1540a28c52ca6da07bd19cd54a7c3493e7144bb65c46a,TRADE_OR_COALITION,840335b51c3164c1d4c0f8f76b1960024e1a5f4396206890a248d6841c84f8b0,20,20,2,structured propose_trade action through first terminal trade event,False
a07a3f124ddce28afa7043f5262c4161468ec7f313be17ac757bc51bb1ce4ece,TRADE_OR_COALITION,840335b51c3164c1d4c0f8f76b1960024e1a5f4396206890a248d6841c84f8b0,20,20,2,structured propose_trade action through first terminal trade event,False
f088e8112d26b4d274ef3d95d0ad4e57b606096f09f2f4547d7edde247ed2a00,TRADE_OR_COALITION,840335b51c3164c1d4c0f8f76b1960024e1a5f4396206890a248d6841c84f8b0,26,26,4,structured propose_trade action through first terminal trade event,False
befe1ab57438d5bde8fc163288dccac74ad681a32e4c2aed5eb735a4b55d991e,TRADE_OR_COALITION,840335b51c3164c1d4c0f8f76b1960024e1a5f4396206890a248d6841c84f8b0,28,28,2,structured propose_trade action through first terminal trade event,False
89cda5d2c31eb4f6a900bb618f93b83422fb1876c904289369ac74578f9004cf,TRADE_OR_COALITION,840335b51c3164c1d4c0f8f76b1960024e1a5f4396206890a248d6841c84f8b0,28,28,2,structured propose_trade action through first terminal trade event,False
ad720eb7da94e16980c656b3ed24cbb80b6210a0dcba75d4f28036bc08c54d6a,TRADE_OR_COALITION,840335b51c3164c1d4c0f8f76b1960024e1a5f4396206890a248d6841c84f8b0,28,28,2,structured propose_trade action through first terminal trade event,False
68181a9df3f8226e9a0c66f281632f5694e547aa682a635ff7c24c5270b8baaa,TRADE_OR_COALITION,840335b51c3164c1d4c0f8f76b1960024e1a5f4396206890a248d6841c84f8b0,28,28,2,structured propose_trade action through first terminal trade event,False
056c559c8631aa0848641c5fdb8414b524f01ac579b878811968a240491bee68,TRADE_OR_COALITION,840335b51c3164c1d4c0f8f76b1960024e1a5f4396206890a248d6841c84f8b0,36,36,2,structured propose_trade action through first terminal trade event,False
49581c818800cd302d1bd9848a2f64f1ef4941bf50e2eee180ec905ad0d79f6d,TRADE_OR_COALITION,840335b51c3164c1d4c0f8f76b1960024e1a5f4396206890a248d6841c84f8b0,36,36,2,structured propose_trade action through first terminal trade event,False
fde17e8a46b04f3882e9141865e7849d5be30cfb3f9a3e2cccf8fd0eff09c710,TRADE_OR_COALITION,840335b51c3164c1d4c0f8f76b1960024e1a5f4396206890a248d6841c84f8b0,40,40,2,structured propose_trade action through first terminal trade event,False
3b353ba788f1e5d28eee763d7ad9733b7d45287eed1a2aaa7c432416d038a80d,TRADE_OR_COALITION,840335b51c3164c1d4c0f8f76b1960024e1a5f4396206890a248d6841c84f8b0,40,40,2,structured propose_trade action through first terminal trade event,False
1a695e5e654d7282bff9945355e98f77bf5cdc6d17ac9f78e85738c91dd0b31b,TRADE_OR_COALITION,840335b51c3164c1d4c0f8f76b1960024e1a5f4396206890a248d6841c84f8b0,40,40,2,structured propose_trade action through first terminal trade event,False
a3f342ebc376c75d0d8eb2dc135052f548ea0922dfc5e0e672ce1868eef4c841,TRADE_OR_COALITION,840335b51c3164c1d4c0f8f76b1960024e1a5f4396206890a248d6841c84f8b0,40,40,3,structured propose_trade action through first terminal trade event,False
b58009d963dee7dcf264015460f5667a64f85931dfb22a11fe0190dfc7d55ec2,TRADE_OR_COALITION,840335b51c3164c1d4c0f8f76b1960024e1a5f4396206890a248d6841c84f8b0,53,53,2,structured propose_trade action through first terminal trade event,False
ec4b04906b2666c62d83e18e44dafbac1f138ca30d63be91d026cc6ad0c570a7,TRADE_OR_COALITION,840335b51c3164c1d4c0f8f76b1960024e1a5f4396206890a248d6841c84f8b0,53,53,2,structured propose_trade action through first terminal trade event,False
76a4430ed1d35512b4eb47b77208f32634031fdb4377cc7fd0c293a09aa0946e,TRADE_OR_COALITION,840335b51c3164c1d4c0f8f76b1960024e1a5f4396206890a248d6841c84f8b0,53,53,2,structured propose_trade action through first terminal trade event,False
c3ea91aa8ef77298cb20abc468a4708629b752965c48e9784e0fbb4a21816bfc,TRADE_OR_COALITION,840335b51c3164c1d4c0f8f76b1960024e1a5f4396206890a248d6841c84f8b0,53,53,2,structured propose_trade action through first terminal trade event,False
741ccc278c3837d1d8034ade31fc773f783cc6fbe927b183f958d90d0c7059d4,TRADE_OR_COALITION,840335b51c3164c1d4c0f8f76b1960024e1a5f4396206890a248d6841c84f8b0,53,53,2,structured propose_trade action through first terminal trade event,False
3bcc933a22da98141a2847ce6ba5f02efcc083c16ba52c324405fdcfa9cd571c,TRADE_OR_COALITION,840335b51c3164c1d4c0f8f76b1960024e1a5f4396206890a248d6841c84f8b0,53,53,2,structured propose_trade action through first terminal trade event,False
b74732d6ddfef0c161fd515269b4507578467baaa7adafc8afdf4f6502c7b211,TRADE_OR_COALITION,840335b51c3164c1d4c0f8f76b1960024e1a5f4396206890a248d6841c84f8b0,53,53,6,structured propose_trade action through first terminal trade event,False
da47da83b5d3f185e99b0c5527242926ff1353f0c7ff63383f0842f6a1fd68fb,TRADE_OR_COALITION,840335b51c3164c1d4c0f8f76b1960024e1a5f4396206890a248d6841c84f8b0,53,53,2,structured propose_trade action through first terminal trade event,False
4e927c0924d267c71c8db8ca08bc290c77de1776a210ae419db001c2c32fd706,TRADE_OR_COALITION,840335b51c3164c1d4c0f8f76b1960024e1a5f4396206890a248d6841c84f8b0,53,53,2,structured propose_trade action through first terminal trade event,False
849fb831c1f7af9f8f52d573ceb3d6865fe793f8d3981616f6f9717432baef6d,TRADE_OR_COALITION,840335b51c3164c1d4c0f8f76b1960024e1a5f4396206890a248d6841c84f8b0,53,53,2,structured propose_trade action through first terminal trade event,False
7782f1704c4189fd115cbbde1a903e50ad564aa9afce5f695f52420e842c7246,TRADE_OR_COALITION,840335b51c3164c1d4c0f8f76b1960024e1a5f4396206890a248d6841c84f8b0,57,57,5,structured propose_trade action through first terminal trade event,False
771f91f65d9e8b0af12920dc9f3aa3d343272a2b5f0759d9b32c43f4a0c8d98e,TRADE_OR_COALITION,840335b51c3164c1d4c0f8f76b1960024e1a5f4396206890a248d6841c84f8b0,61,61,2,structured propose_trade action through first terminal trade event,False
05e62db3c7dbc331df7854bdecdb1680cbdf39ab331efe97d819a380181c52fd,TRADE_OR_COALITION,840335b51c3164c1d4c0f8f76b1960024e1a5f4396206890a248d6841c84f8b0,66,66,8,structured propose_trade action through first terminal trade event,False
f97dae9138232d15b627fbfce0a1b3c789e76f6ea60452c852567488502dcf12,TRADE_OR_COALITION,840335b51c3164c1d4c0f8f76b1960024e1a5f4396206890a248d6841c84f8b0,66,66,2,structured propose_trade action through first terminal trade event,False
79ddd60da9d8614be36aeb7a3c2c99ab746ec75450d669aaee5e455aa20d2001,TRADE_OR_COALITION,840335b51c3164c1d4c0f8f76b1960024e1a5f4396206890a248d6841c84f8b0,70,70,2,structured propose_trade action through first terminal trade event,False
efbd2e6de53c64f2cf39fcba0dded91d2343ffbe1c8f7ada9eceb35accc9195b,TRADE_OR_COALITION,840335b51c3164c1d4c0f8f76b1960024e1a5f4396206890a248d6841c84f8b0,77,77,2,structured propose_trade action through first terminal trade event,False
94056371dd6f94d26643140d9a12fe17b3da8c73d5369a9e876e24ee4f1091d4,TRADE_OR_COALITION,840335b51c3164c1d4c0f8f76b1960024e1a5f4396206890a248d6841c84f8b0,81,81,2,structured propose_trade action through first terminal trade event,False
2cf3093f14e1352357dd94b67ac8bfff75607e392e899916c00276b1be358a52,TRADE_OR_COALITION,840335b51c3164c1d4c0f8f76b1960024e1a5f4396206890a248d6841c84f8b0,81,81,2,structured propose_trade action through first terminal trade event,False
b9a5de15031c4aee18cc6c77c34e8d6ba706371b3a22989d02aa7d93b12e9f23,TRADE_OR_COALITION,840335b51c3164c1d4c0f8f76b1960024e1a5f4396206890a248d6841c84f8b0,81,81,2,structured propose_trade action through first terminal trade event,False
832d122e528d80ce2bca72ead1e7d31ef4e755be49c5d07b09f0b3c77f7c9c78,TRADE_OR_COALITION,840335b51c3164c1d4c0f8f76b1960024e1a5f4396206890a248d6841c84f8b0,81,81,2,structured propose_trade action through first terminal trade event,False
918ed4a03b5a332f548a804ab462a87975c4819e17a2a7480884ae8c0dcbe94e,TRADE_OR_COALITION,840335b51c3164c1d4c0f8f76b1960024e1a5f4396206890a248d6841c84f8b0,81,81,2,structured propose_trade action through first terminal trade event,False
f09b5e232e77f8d3fa021f3335c59c7550ee18da3a0a33c32fd00b9f404f2d3d,TRADE_OR_COALITION,840335b51c3164c1d4c0f8f76b1960024e1a5f4396206890a248d6841c84f8b0,85,85,2,structured propose_trade action through first terminal trade event,False
3ab8e7666d61d44c18778ace2fa2ad41f9408bfc49c6aad0bdde30a436351830,TRADE_OR_COALITION,840335b51c3164c1d4c0f8f76b1960024e1a5f4396206890a248d6841c84f8b0,85,85,2,structured propose_trade action through first terminal trade event,False
4d783ffcdec046ec60284e8545b4f83dd66225f92c958381b36041ab0729bcef,TRADE_OR_COALITION,840335b51c3164c1d4c0f8f76b1960024e1a5f4396206890a248d6841c84f8b0,85,85,2,structured propose_trade action through first terminal trade event,False
dee80c22ec302a645fbb3e9f3c4c5296a9f8c875c70a7155016ebfe734165b32,TRADE_OR_COALITION,840335b51c3164c1d4c0f8f76b1960024e1a5f4396206890a248d6841c84f8b0,85,85,2,structured propose_trade action through first terminal trade event,False
7c8d52659a7ae80f2de9b9f9ca3e2f8d8a677a8b82895215fe09759b9a95246a,TRADE_OR_COALITION,840335b51c3164c1d4c0f8f76b1960024e1a5f4396206890a248d6841c84f8b0,85,85,2,structured propose_trade action through first terminal trade event,False
1c4cf586319f7d575ff1acaa810132544133c9cb6a0ec9773d49d58d86ee4694,TRADE_OR_COALITION,840335b51c3164c1d4c0f8f76b1960024e1a5f4396206890a248d6841c84f8b0,85,85,2,structured propose_trade action through first terminal trade event,False
6dd2479fa126c99f73ef2191003553d6ed9ad23c470eed1072c827c13090342a,TRADE_OR_COALITION,840335b51c3164c1d4c0f8f76b1960024e1a5f4396206890a248d6841c84f8b0,86,86,2,structured propose_trade action through first terminal trade event,False
fc2055cba75edb1f907a86d06ebf2f78ba8d64c709160087c7d629798d3cb68d,TRADE_OR_COALITION,840335b51c3164c1d4c0f8f76b1960024e1a5f4396206890a248d6841c84f8b0,86,86,2,structured propose_trade action through first terminal trade event,False
df64ad264e3d7b41a19e4f078c4c9458087ebf879b699bb0ecdc2679213230f0,TRADE_OR_COALITION,840335b51c3164c1d4c0f8f76b1960024e1a5f4396206890a248d6841c84f8b0,86,86,2,structured propose_trade action through first terminal trade event,False
26c02302d68708b7339000c0f591d634ddbe3bc49a46c565007ae893f0d8e961,TRADE_OR_COALITION,840335b51c3164c1d4c0f8f76b1960024e1a5f4396206890a248d6841c84f8b0,86,86,2,structured propose_trade action through first terminal trade event,False
1d943a0c19e61c18f5dcdfb9f097b0d96c9d451cff0195021f6b44cfab676e7e,TRADE_OR_COALITION,840335b51c3164c1d4c0f8f76b1960024e1a5f4396206890a248d6841c84f8b0,92,92,2,structured propose_trade action through first terminal trade event,False
790ebec5e74bacbbdfe600acdf021769cf9bb65f58d0069973e90fb9622ff400,TRADE_OR_COALITION,840335b51c3164c1d4c0f8f76b1960024e1a5f4396206890a248d6841c84f8b0,92,92,2,structured propose_trade action through first terminal trade event,False
9f5b44585fbdf90348790cd0bb7a518f4e4af8e68503a4d9c84ae33c1769360e,TRADE_OR_COALITION,840335b51c3164c1d4c0f8f76b1960024e1a5f4396206890a248d6841c84f8b0,96,96,2,structured propose_trade action through first terminal trade event,False
db94bd550fb173700ef4917710edaae4be62280b5d4bc0880721059f6c8efeea,TRADE_OR_COALITION,840335b51c3164c1d4c0f8f76b1960024e1a5f4396206890a248d6841c84f8b0,96,96,2,structured propose_trade action through first terminal trade event,False
befa73a377c65bbb24074030e48d780ebd2eb5761c0453b875ebcebad3b95a91,TRADE_OR_COALITION,840335b51c3164c1d4c0f8f76b1960024e1a5f4396206890a248d6841c84f8b0,96,96,2,structured propose_trade action through first terminal trade event,False
499b434d7a6149b0339dd491250418465ab25de8d29507f132bc7dee42562530,TRADE_OR_COALITION,840335b51c3164c1d4c0f8f76b1960024e1a5f4396206890a248d6841c84f8b0,96,96,2,structured propose_trade action through first terminal trade event,False
432964c5b0dbd476170434fa636d99adbf061f64c18d7814e8809f19d786435f,TRADE_OR_COALITION,840335b51c3164c1d4c0f8f76b1960024e1a5f4396206890a248d6841c84f8b0,106,106,2,structured propose_trade action through first terminal trade event,False
95b289582ef680666449692fce60f145b27cdbd04c3b5886b8fa079e563d5767,TRADE_OR_COALITION,840335b51c3164c1d4c0f8f76b1960024e1a5f4396206890a248d6841c84f8b0,106,106,2,structured propose_trade action through first terminal trade event,False
2177bd6e45955555f297c9ebccd0891b3ec517b6e25e684caa2c6bbd3707bdec,TRADE_OR_COALITION,840335b51c3164c1d4c0f8f76b1960024e1a5f4396206890a248d6841c84f8b0,106,106,2,structured propose_trade action through first terminal trade event,False
9d7677fd5719c4b60adffca76b2083331d0ddb1b4340403198de8609a9690395,TRADE_OR_COALITION,840335b51c3164c1d4c0f8f76b1960024e1a5f4396206890a248d6841c84f8b0,106,106,2,structured propose_trade action through first terminal trade event,False
f154618a31d55edb1ede67112b708c67b7a010a09909141b6086091527fc633f,TRADE_OR_COALITION,840335b51c3164c1d4c0f8f76b1960024e1a5f4396206890a248d6841c84f8b0,106,106,2,structured propose_trade action through first terminal trade event,False
3602e948de5caefd47a4643a9028e597c9b0eef29097ad59c6ab7aefa221e86e,TRADE_OR_COALITION,840335b51c3164c1d4c0f8f76b1960024e1a5f4396206890a248d6841c84f8b0,111,111,2,structured propose_trade action through first terminal trade event,False
e784ccb5c7049c84e6cc5b8a707bd83758eaf868a25acfb826db425a6f006d95,TRADE_OR_COALITION,840335b51c3164c1d4c0f8f76b1960024e1a5f4396206890a248d6841c84f8b0,111,111,2,structured propose_trade action through first terminal trade event,False
cd2d1512326f7c214870e036983c0055a34fcb2a66adaf3834eec4f37a4f39af,TRADE_OR_COALITION,840335b51c3164c1d4c0f8f76b1960024e1a5f4396206890a248d6841c84f8b0,111,111,2,structured propose_trade action through first terminal trade event,False
078c2238eb2fbd532e37cf1fbb4538227a4b15f66c3a27518cdd52ddc7cd5817,TRADE_OR_COALITION,840335b51c3164c1d4c0f8f76b1960024e1a5f4396206890a248d6841c84f8b0,111,111,2,structured propose_trade action through first terminal trade event,False
93576c15104d074be8e5ad599c086a0b1a25916fadd238aa2b76a7d611bd46ab,TRADE_OR_COALITION,840335b51c3164c1d4c0f8f76b1960024e1a5f4396206890a248d6841c84f8b0,111,111,2,structured propose_trade action through first terminal trade event,False
6af12baa4fe4c44a4a40fb6b2bba71fee90003bcd09d3375524c0c239d13ba61,TRADE_OR_COALITION,840335b51c3164c1d4c0f8f76b1960024e1a5f4396206890a248d6841c84f8b0,111,111,2,structured propose_trade action through first terminal trade event,False
407a91e67e4f06d11c47f0bdd64dc1ae3eafedc197613791fdf725502ef71448,TRADE_OR_COALITION,840335b51c3164c1d4c0f8f76b1960024e1a5f4396206890a248d6841c84f8b0,118,118,2,structured propose_trade action through first terminal trade event,False
a1b2f6d6353ae05db2f70c51a201eec3889c26921e7942d331d053cbc4bbcb8b,TRADE_OR_COALITION,840335b51c3164c1d4c0f8f76b1960024e1a5f4396206890a248d6841c84f8b0,118,118,2,structured propose_trade action through first terminal trade event,False
a9b1c6b9b9f089825c13e5eb4d2c7fa0180aa97d9e0e6f3bf0380f7d26bf3aff,TRADE_OR_COALITION,840335b51c3164c1d4c0f8f76b1960024e1a5f4396206890a248d6841c84f8b0,118,118,2,structured propose_trade action through first terminal trade event,False
b56a6f3d35a58768758c88fb7a162dc0764cf204df66d0969ef45143d1ce48f2,TRADE_OR_COALITION,840335b51c3164c1d4c0f8f76b1960024e1a5f4396206890a248d6841c84f8b0,118,118,2,structured propose_trade action through first terminal trade event,False
4a78c5df4b4a6fbbf2cadfd931955303d833da490a720af23cbfafa5a2638120,TRADE_OR_COALITION,840335b51c3164c1d4c0f8f76b1960024e1a5f4396206890a248d6841c84f8b0,118,118,2,structured propose_trade action through first terminal trade event,False
93a5f5c3b00eb6e461390ae18c4b4f5de308fe81c785af412cc8c3552f6d7b22,TRADE_OR_COALITION,840335b51c3164c1d4c0f8f76b1960024e1a5f4396206890a248d6841c84f8b0,118,118,2,structured propose_trade action through first terminal trade event,False
f4f2a4fc6b3c254340be89625481263a331d154622bc31c6eef476944b7d1814,TRADE_OR_COALITION,840335b51c3164c1d4c0f8f76b1960024e1a5f4396206890a248d6841c84f8b0,118,118,2,structured propose_trade action through first terminal trade event,False
f7ed69b70778e7f0d57395d04c2efeee34afb6f702d3cf5a49283787bd6aa5ef,TRADE_OR_COALITION,840335b51c3164c1d4c0f8f76b1960024e1a5f4396206890a248d6841c84f8b0,118,118,2,structured propose_trade action through first terminal trade event,False
6fd7b037f3b5bbd64e48f78e1acae6ed2de8c6cde112ae1125542a4afdb499fa,TRADE_OR_COALITION,840335b51c3164c1d4c0f8f76b1960024e1a5f4396206890a248d6841c84f8b0,118,118,2,structured propose_trade action through first terminal trade event,False
4cc96856adec30cf4a89e520e0ef300f20d61684c25231fb22f46dc38f10cf25,TRADE_OR_COALITION,840335b51c3164c1d4c0f8f76b1960024e1a5f4396206890a248d6841c84f8b0,118,118,2,structured propose_trade action through first terminal trade event,False
6165b83bccf74c2ec0bc30c5b958387c92c403748f49b2b3d1797a6086903b14,TRADE_OR_COALITION,840335b51c3164c1d4c0f8f76b1960024e1a5f4396206890a248d6841c84f8b0,118,118,2,structured propose_trade action through first terminal trade event,False
7ceabd2aeb57a72ea60af545c92713c4516e5648ddcd4e7349b1df9a090e7b15,TRADE_OR_COALITION,840335b51c3164c1d4c0f8f76b1960024e1a5f4396206890a248d6841c84f8b0,122,122,2,structured propose_trade action through first terminal trade event,False
94d6a6282089ebb364409ca41af682ac66f5ed44789711c3a1a687a0d65b61e9,TRADE_OR_COALITION,840335b51c3164c1d4c0f8f76b1960024e1a5f4396206890a248d6841c84f8b0,122,122,2,structured propose_trade action through first terminal trade event,False
6f9fc4e244179ee89e040b76ffcc32e5be52e22ee2d0dffdf099f18bce919a55,TRADE_OR_COALITION,840335b51c3164c1d4c0f8f76b1960024e1a5f4396206890a248d6841c84f8b0,122,122,2,structured propose_trade action through first terminal trade event,False
02e423b0188f520c116ff8bb9d463e588212dae368b987d75d260742e08d28ef,TRADE_OR_COALITION,840335b51c3164c1d4c0f8f76b1960024e1a5f4396206890a248d6841c84f8b0,122,122,2,structured propose_trade action through first terminal trade event,False
be07f4efe12f9af73bf211215c3a2519aea4034e6f2ebff4471d288c4d1729bc,TRADE_OR_COALITION,840335b51c3164c1d4c0f8f76b1960024e1a5f4396206890a248d6841c84f8b0,122,122,2,structured propose_trade action through first terminal trade event,False
3cffdb4f7c21a5f4f673a2f915329d7fb9fe944337df3f99ae11ffabc546da5b,TRADE_OR_COALITION,840335b51c3164c1d4c0f8f76b1960024e1a5f4396206890a248d6841c84f8b0,122,122,2,structured propose_trade action through first terminal trade event,False
b3f0793454495c718277fdcf2e328d9db2227c207d460ac323e09bd75c123caf,TRADE_OR_COALITION,840335b51c3164c1d4c0f8f76b1960024e1a5f4396206890a248d6841c84f8b0,126,126,4,structured propose_trade action through first terminal trade event,False
107b8856db6ca9e61b5a16485cd7a0f221fd3577ab66ccb505f2c1d7fac47768,TRADE_OR_COALITION,840335b51c3164c1d4c0f8f76b1960024e1a5f4396206890a248d6841c84f8b0,126,126,2,structured propose_trade action through first terminal trade event,False
a8fd329cec0de9b3485b25d10a9de4fd022482884ee3d7bb026dd7814ecc4eff,TRADE_OR_COALITION,840335b51c3164c1d4c0f8f76b1960024e1a5f4396206890a248d6841c84f8b0,130,130,2,structured propose_trade action through first terminal trade event,False
45c333a7d0ab249d8345be8d7873e0d32ec9b7af0ffb6ef0da18dd9a66c9a36c,TRADE_OR_COALITION,840335b51c3164c1d4c0f8f76b1960024e1a5f4396206890a248d6841c84f8b0,130,130,2,structured propose_trade action through first terminal trade event,False
d12323c6db866e2d758584aecc1540e88fc39d676837f7f5606c2f08856324ee,TRADE_OR_COALITION,840335b51c3164c1d4c0f8f76b1960024e1a5f4396206890a248d6841c84f8b0,130,130,2,structured propose_trade action through first terminal trade event,False
28b67035002c080bf3b2e07d7df7aea9557788ffe2ef67d1fc87f1924fd1b1c4,TRADE_OR_COALITION,840335b51c3164c1d4c0f8f76b1960024e1a5f4396206890a248d6841c84f8b0,130,130,2,structured propose_trade action through first terminal trade event,False
b439937bb730c3b8d47d47409cf33af0afd8e6cdd2a86f3454fb2d45de88d0b0,TRADE_OR_COALITION,840335b51c3164c1d4c0f8f76b1960024e1a5f4396206890a248d6841c84f8b0,144,144,2,structured propose_trade action through first terminal trade event,False
f3b75587a16c8b7a9d5512f9c561cad8ae081fb74ebab3328c9724257f9cf470,TRADE_OR_COALITION,840335b51c3164c1d4c0f8f76b1960024e1a5f4396206890a248d6841c84f8b0,144,144,4,structured propose_trade action through first terminal trade event,False
909ecca8a2df05ef81fe2bf0ff597f690b388b5764ff288dd26a3dcce52e30c7,TRADE_OR_COALITION,840335b51c3164c1d4c0f8f76b1960024e1a5f4396206890a248d6841c84f8b0,144,144,2,structured propose_trade action through first terminal trade event,False
26511b294604a3e20709b4733114f6b3fd4e4ec3d90052c92fd92f4698aa9af8,TRADE_OR_COALITION,840335b51c3164c1d4c0f8f76b1960024e1a5f4396206890a248d6841c84f8b0,144,144,2,structured propose_trade action through first terminal trade event,False
04448b500b6847fd02b907cd2e5b0684ccd9ab7e2955996a098dc59361330e7e,TRADE_OR_COALITION,840335b51c3164c1d4c0f8f76b1960024e1a5f4396206890a248d6841c84f8b0,144,144,2,structured propose_trade action through first terminal trade event,False
c2823ab8689283387f0caaf3e081177f70d1d72dcb2b6316b875b52c2563fbed,TRADE_OR_COALITION,840335b51c3164c1d4c0f8f76b1960024e1a5f4396206890a248d6841c84f8b0,147,147,2,structured propose_trade action through first terminal trade event,False
4f05a6eec1fec18420ce2795493dc3051bfa9cbde200a07bcc022e152e446dcd,TRADE_OR_COALITION,840335b51c3164c1d4c0f8f76b1960024e1a5f4396206890a248d6841c84f8b0,155,155,2,structured propose_trade action through first terminal trade event,False
65e103e725b400d75241a146ea7b669f39dc3b5dd2a5705a4af32364b40cb44d,TRADE_OR_COALITION,840335b51c3164c1d4c0f8f76b1960024e1a5f4396206890a248d6841c84f8b0,155,155,2,structured propose_trade action through first terminal trade event,False
c15bc5a4223e90bb11b4b6c0643bbce78c1a996e59a1cdcc762a77c90c17d532,TRADE_OR_COALITION,840335b51c3164c1d4c0f8f76b1960024e1a5f4396206890a248d6841c84f8b0,161,161,2,structured propose_trade action through first terminal trade event,False
81ed18cd280ffd85aadb8f8f68baff87f2c14f27939364014a6dbecc843c0adf,TRADE_OR_COALITION,3b81679fe9d1a8001adc0c8fcd83b4648a68131ca3a3ab8157f73118ad7df4dc,17,22,1,public language contains a coalition or targeting cue,False
cd9f3997e4557326a2a351ad80f37fef47090f6d5a0cf45166010fa7732780bf,TRADE_OR_COALITION,3b81679fe9d1a8001adc0c8fcd83b4648a68131ca3a3ab8157f73118ad7df4dc,22,27,1,public language contains a coalition or targeting cue,False
bfe9ef94dacb6d01cc56a66afb47ef87cf183c775422a05328d676f0c5b49442,TRADE_OR_COALITION,3b81679fe9d1a8001adc0c8fcd83b4648a68131ca3a3ab8157f73118ad7df4dc,26,31,1,public language contains a coalition or targeting cue,False
5cf070fbf41039a7ae6adab3c361364f75958812d4ce9f23f4772d3e3dbfa119,TRADE_OR_COALITION,3b81679fe9d1a8001adc0c8fcd83b4648a68131ca3a3ab8157f73118ad7df4dc,33,38,1,public language contains a coalition or targeting cue,True
ae45e320fe32803bce2a739f5a0468cca8cfddb488ee412c753336113119a603,TRADE_OR_COALITION,3b81679fe9d1a8001adc0c8fcd83b4648a68131ca3a3ab8157f73118ad7df4dc,33,38,1,public language contains a coalition or targeting cue,False
cbddf5c6f7c3fec5831178e20e10c968cbe824f37b0eee7f01e6e8844c2e5067,TRADE_OR_COALITION,3b81679fe9d1a8001adc0c8fcd83b4648a68131ca3a3ab8157f73118ad7df4dc,39,44,1,public language contains a coalition or targeting cue,False
649938b61d40b7ca8edccad22cef63f3c6fafc0ce05843e71d0a112c201f57d4,TRADE_OR_COALITION,3b81679fe9d1a8001adc0c8fcd83b4648a68131ca3a3ab8157f73118ad7df4dc,40,45,1,public language contains a coalition or targeting cue,False
455e2188d366c33c3f58fd95ce9c27ef14a53d272da34394145fbae1f6291374,TRADE_OR_COALITION,3b81679fe9d1a8001adc0c8fcd83b4648a68131ca3a3ab8157f73118ad7df4dc,40,45,1,public language contains a coalition or targeting cue,False
1e43e156a6901fe9f4bcff18bb0e72839f790d27bf46b2f73147ab623ea74ca2,TRADE_OR_COALITION,3b81679fe9d1a8001adc0c8fcd83b4648a68131ca3a3ab8157f73118ad7df4dc,48,53,1,public language contains a coalition or targeting cue,False
5f3c15864630e95da9c0d203b25adbf80d88d16fd34951c6f9bec19d88805cc7,TRADE_OR_COALITION,3b81679fe9d1a8001adc0c8fcd83b4648a68131ca3a3ab8157f73118ad7df4dc,52,57,1,public language contains a coalition or targeting cue,False
3a2c07b6be5aab23c7955aea2926da5a499a83a7e30024cd937965de1486df7e,TRADE_OR_COALITION,3b81679fe9d1a8001adc0c8fcd83b4648a68131ca3a3ab8157f73118ad7df4dc,167,172,1,public language contains a coalition or targeting cue,False
a02b9a3b17adae3d1189bb2bcdab7b9447e8e5cfe9324f896c6ec7097b36a77e,TRADE_OR_COALITION,3b81679fe9d1a8001adc0c8fcd83b4648a68131ca3a3ab8157f73118ad7df4dc,183,188,1,public language contains a coalition or targeting cue,False
05fd8ec05ac22fd3ee2ac984fa7370fc385bfed69060d2333f684c0fa7aa714f,TRADE_OR_COALITION,3b81679fe9d1a8001adc0c8fcd83b4648a68131ca3a3ab8157f73118ad7df4dc,22,22,2,structured propose_trade action through first terminal trade event,False
ef9c74c00afaa249b39f1196a7709fd6134b24a4fc97d03326b7b2731e27506c,TRADE_OR_COALITION,3b81679fe9d1a8001adc0c8fcd83b4648a68131ca3a3ab8157f73118ad7df4dc,22,22,2,structured propose_trade action through first terminal trade event,False
31c52ef76403f09cd4f5a42774e4cc2dd5e21ee61e2dd9d845379076d6da6b46,TRADE_OR_COALITION,3b81679fe9d1a8001adc0c8fcd83b4648a68131ca3a3ab8157f73118ad7df4dc,22,22,2,structured propose_trade action through first terminal trade event,False
98748d64d8f026f56b9c98b2dddbf19eae3477ba4176fc21a0e3dd82d77d7031,TRADE_OR_COALITION,3b81679fe9d1a8001adc0c8fcd83b4648a68131ca3a3ab8157f73118ad7df4dc,26,26,2,structured propose_trade action through first terminal trade event,False
0a16519d412c3368c08c13df4d4f673c57cd52a7f934c291d8615aeda460fba7,TRADE_OR_COALITION,3b81679fe9d1a8001adc0c8fcd83b4648a68131ca3a3ab8157f73118ad7df4dc,26,26,2,structured propose_trade action through first terminal trade event,False
f643a4ba0173a128265831aa5863f068e7f9ea2eaecc9e644616958ab6454afc,TRADE_OR_COALITION,3b81679fe9d1a8001adc0c8fcd83b4648a68131ca3a3ab8157f73118ad7df4dc,26,26,2,structured propose_trade action through first terminal trade event,False
3645a30d6b52f1ee3e63c744471f8177fcdf874b464cce7fa3a3cb6b0c518f41,TRADE_OR_COALITION,3b81679fe9d1a8001adc0c8fcd83b4648a68131ca3a3ab8157f73118ad7df4dc,26,26,2,structured propose_trade action through first terminal trade event,False
3b23c5a677fe3a3b964b36543a74264c8e4cf146ee0fe48f98ac649061befbed,TRADE_OR_COALITION,3b81679fe9d1a8001adc0c8fcd83b4648a68131ca3a3ab8157f73118ad7df4dc,39,39,2,structured propose_trade action through first terminal trade event,False
d872931f4d84032414594388bec7ff80c59ef17e0cc67a0f928732b212d52159,TRADE_OR_COALITION,3b81679fe9d1a8001adc0c8fcd83b4648a68131ca3a3ab8157f73118ad7df4dc,44,44,2,structured propose_trade action through first terminal trade event,False
e925bc32709641f0f2acf4bb7ef42009059d6b7a94fabad22101708049128c63,TRADE_OR_COALITION,3b81679fe9d1a8001adc0c8fcd83b4648a68131ca3a3ab8157f73118ad7df4dc,48,48,2,structured propose_trade action through first terminal trade event,False
39204ce18c12009be7480d5d57589a9da1699f1db7f9184d716db98275008513,TRADE_OR_COALITION,3b81679fe9d1a8001adc0c8fcd83b4648a68131ca3a3ab8157f73118ad7df4dc,48,48,2,structured propose_trade action through first terminal trade event,False
e84a314a166fa8386cba3a960bb660371881fdda64a275f4afe3f4fc8d0879bc,TRADE_OR_COALITION,3b81679fe9d1a8001adc0c8fcd83b4648a68131ca3a3ab8157f73118ad7df4dc,48,48,2,structured propose_trade action through first terminal trade event,False
4ae36be7270aa822a1e15231aa4724a36d1a8862c6dc5235804d0df2d6fc318a,TRADE_OR_COALITION,3b81679fe9d1a8001adc0c8fcd83b4648a68131ca3a3ab8157f73118ad7df4dc,48,48,2,structured propose_trade action through first terminal trade event,False
86392dc14716fa4337462daefb27ab96f8a5e6637e501f17e48880d4536bc9cc,TRADE_OR_COALITION,3b81679fe9d1a8001adc0c8fcd83b4648a68131ca3a3ab8157f73118ad7df4dc,50,50,2,structured propose_trade action through first terminal trade event,False
d93d23e9e216bbeb1d24bb268bb1d6af6cad7894d068a6c28846500c307db434,TRADE_OR_COALITION,3b81679fe9d1a8001adc0c8fcd83b4648a68131ca3a3ab8157f73118ad7df4dc,54,54,2,structured propose_trade action through first terminal trade event,False
6b0b8fbfe350a7c6b8bb42461158bbffa9fa9ed6e5c66d6ee8e13398f9895cec,TRADE_OR_COALITION,3b81679fe9d1a8001adc0c8fcd83b4648a68131ca3a3ab8157f73118ad7df4dc,54,54,4,structured propose_trade action through first terminal trade event,False
82bd641191756786571c4b3b6aeb8881b8e5d26bc48afe33ffe9fd8545e8afb3,TRADE_OR_COALITION,3b81679fe9d1a8001adc0c8fcd83b4648a68131ca3a3ab8157f73118ad7df4dc,62,62,2,structured propose_trade action through first terminal trade event,False
01728682f3049471fdb387c521bea4fa3a88b400ed91f0019775bce002cc60e0,TRADE_OR_COALITION,3b81679fe9d1a8001adc0c8fcd83b4648a68131ca3a3ab8157f73118ad7df4dc,62,62,2,structured propose_trade action through first terminal trade event,False
1f250664d92847dc7b0e82ee849573bb0da3f11c8f833850ad53f063ac056d3d,TRADE_OR_COALITION,3b81679fe9d1a8001adc0c8fcd83b4648a68131ca3a3ab8157f73118ad7df4dc,62,62,2,structured propose_trade action through first terminal trade event,False
e960a53e7439702438413318033ec51eca87ce1e4483ea538b0a8fbaaa35ef46,TRADE_OR_COALITION,3b81679fe9d1a8001adc0c8fcd83b4648a68131ca3a3ab8157f73118ad7df4dc,66,66,3,structured propose_trade action through first terminal trade event,False
7be6984051499844b634e3f8891c2012cf0cdd4d45929be59792573baa314eb5,TRADE_OR_COALITION,3b81679fe9d1a8001adc0c8fcd83b4648a68131ca3a3ab8157f73118ad7df4dc,68,68,2,structured propose_trade action through first terminal trade event,False
76acb1d0ed15ff22d2c3091dde4511075990f43009f3557fa481f8a286e9451e,TRADE_OR_COALITION,3b81679fe9d1a8001adc0c8fcd83b4648a68131ca3a3ab8157f73118ad7df4dc,68,68,2,structured propose_trade action through first terminal trade event,False
80f91605caec8b7e560c41c32dad1fe49a6a1c90cc93e004a62a7d48a8587c33,TRADE_OR_COALITION,3b81679fe9d1a8001adc0c8fcd83b4648a68131ca3a3ab8157f73118ad7df4dc,68,68,2,structured propose_trade action through first terminal trade event,False
e95ec6472c5903a9d4cff1c54cfe3c28f0ce14fd0966815e24dd3e2851900604,TRADE_OR_COALITION,3b81679fe9d1a8001adc0c8fcd83b4648a68131ca3a3ab8157f73118ad7df4dc,68,68,2,structured propose_trade action through first terminal trade event,False
d1e1772b8474d82359e002fba11412c6116b9e1a4bd1d2fe16fac8a84bd825ec,TRADE_OR_COALITION,3b81679fe9d1a8001adc0c8fcd83b4648a68131ca3a3ab8157f73118ad7df4dc,68,68,2,structured propose_trade action through first terminal trade event,False
f3cf42ebf5cc2a270fc48c160341e1af5ca9ff32dbf3398c9b95e99a03b9956b,TRADE_OR_COALITION,3b81679fe9d1a8001adc0c8fcd83b4648a68131ca3a3ab8157f73118ad7df4dc,68,68,2,structured propose_trade action through first terminal trade event,False
ca319df0cf32a3812c4d10469c7fbea8b78c07a6eb047db7b36ab5236afed2c4,TRADE_OR_COALITION,3b81679fe9d1a8001adc0c8fcd83b4648a68131ca3a3ab8157f73118ad7df4dc,70,70,2,structured propose_trade action through first terminal trade event,False
04e2fdb817683a941bb14bdf28022d2bdd15537922446433f87a806183ab8c85,TRADE_OR_COALITION,3b81679fe9d1a8001adc0c8fcd83b4648a68131ca3a3ab8157f73118ad7df4dc,76,76,2,structured propose_trade action through first terminal trade event,False
f03364320d5142933e7053ab58493d485f20e2e72250c681d1782fa709a453a4,TRADE_OR_COALITION,3b81679fe9d1a8001adc0c8fcd83b4648a68131ca3a3ab8157f73118ad7df4dc,76,76,2,structured propose_trade action through first terminal trade event,False
f96225fa9978b71b80020fedf22fca1fe0ef0b1aaf15163fa6206480bf2a7fad,TRADE_OR_COALITION,3b81679fe9d1a8001adc0c8fcd83b4648a68131ca3a3ab8157f73118ad7df4dc,76,76,2,structured propose_trade action through first terminal trade event,False
7ff746e7ce13f611ebec034a37e309268ee93d92280486920da46cfa80beac55,TRADE_OR_COALITION,3b81679fe9d1a8001adc0c8fcd83b4648a68131ca3a3ab8157f73118ad7df4dc,76,76,3,structured propose_trade action through first terminal trade event,False
a6d61cabd891b97a2ad7026982b6209c59933ac6eb51cf71ee00f9e09ee76740,TRADE_OR_COALITION,3b81679fe9d1a8001adc0c8fcd83b4648a68131ca3a3ab8157f73118ad7df4dc,78,78,2,structured propose_trade action through first terminal trade event,False
4c14cc1883e0f515b8c4935d8bfdb0c87849222310954b46b381aac1f0b26622,TRADE_OR_COALITION,3b81679fe9d1a8001adc0c8fcd83b4648a68131ca3a3ab8157f73118ad7df4dc,78,78,2,structured propose_trade action through first terminal trade event,False
2e7bfdd5d4c011dab001bef601b43b01a53df3effd1553ed87e29229a8e67d5d,TRADE_OR_COALITION,3b81679fe9d1a8001adc0c8fcd83b4648a68131ca3a3ab8157f73118ad7df4dc,119,119,2,structured propose_trade action through first terminal trade event,False
36bb9eb5a573634f35e6af285e012209daed9112969e809ed657b14cafd596fe,TRADE_OR_COALITION,3b81679fe9d1a8001adc0c8fcd83b4648a68131ca3a3ab8157f73118ad7df4dc,119,119,2,structured propose_trade action through first terminal trade event,False
4737919cfac244efba7bd0e070798944faa6665bfcb5db681f12732d032cfaa0,TRADE_OR_COALITION,3b81679fe9d1a8001adc0c8fcd83b4648a68131ca3a3ab8157f73118ad7df4dc,119,119,2,structured propose_trade action through first terminal trade event,False
ac00c29b4476073161f9f64f2563b8cad7d1d0f53494c864338328fffcf6f956,TRADE_OR_COALITION,3b81679fe9d1a8001adc0c8fcd83b4648a68131ca3a3ab8157f73118ad7df4dc,124,124,2,structured propose_trade action through first terminal trade event,False
17b8fe46d45ce03b16c30b247a3ddc0685ff2cba746a8ecae0303012bc08d061,TRADE_OR_COALITION,3b81679fe9d1a8001adc0c8fcd83b4648a68131ca3a3ab8157f73118ad7df4dc,140,140,2,structured propose_trade action through first terminal trade event,False
6bd4029b79741e971128acc250e49b71e60fb4fb556155a355057fb2da1c3919,TRADE_OR_COALITION,3b81679fe9d1a8001adc0c8fcd83b4648a68131ca3a3ab8157f73118ad7df4dc,140,140,2,structured propose_trade action through first terminal trade event,False
b8dea7ee629bc2e3020323fcfd6bd003b7c35c6390f79553878eba9e8718ccfd,TRADE_OR_COALITION,3b81679fe9d1a8001adc0c8fcd83b4648a68131ca3a3ab8157f73118ad7df4dc,143,143,2,structured propose_trade action through first terminal trade event,False
eb4d07bd8a7a92caf836549fd031cafa0c085e995e65c8cf7ceb36a606404001,TRADE_OR_COALITION,3b81679fe9d1a8001adc0c8fcd83b4648a68131ca3a3ab8157f73118ad7df4dc,143,143,2,structured propose_trade action through first terminal trade event,False
0ca9e8b8ec7752c3dcaa52f91468be3c2294edc30fbb0fbb5aecae370fbe2d0b,TRADE_OR_COALITION,3b81679fe9d1a8001adc0c8fcd83b4648a68131ca3a3ab8157f73118ad7df4dc,164,164,2,structured propose_trade action through first terminal trade event,False
7cde8eb29198f9c97fe67f4ad788a1ea8cd7aa99597adda741fd7aa23f4eb293,TRADE_OR_COALITION,3b81679fe9d1a8001adc0c8fcd83b4648a68131ca3a3ab8157f73118ad7df4dc,164,164,2,structured propose_trade action through first terminal trade event,False
5a2c02d257f0b8a4d49ce5ebd5bb70ca0d701c968ca0afd521c5f77ad9f1a5ad,TRADE_OR_COALITION,3b81679fe9d1a8001adc0c8fcd83b4648a68131ca3a3ab8157f73118ad7df4dc,167,167,2,structured propose_trade action through first terminal trade event,False
24648eb7a9770a310e7c90cc8a160e246cebe97890b2a4dab0d17461a56578b3,TRADE_OR_COALITION,9b64b50b21246a813a276af7a32e56a5ec4b88a3bd464355ae9cc3e77f313efb,32,37,1,public language contains a coalition or targeting cue,False
54b6d21f484d2a537f653fa6179c767bbdd0de45e649bb26624aefd18b3ea792,TRADE_OR_COALITION,9b64b50b21246a813a276af7a32e56a5ec4b88a3bd464355ae9cc3e77f313efb,49,54,1,public language contains a coalition or targeting cue,False
ed2b6a250c59b6e54bd77ba1bc4c2c9a2896c5ea2b2ab948f008d48ba3f9b75a,TRADE_OR_COALITION,9b64b50b21246a813a276af7a32e56a5ec4b88a3bd464355ae9cc3e77f313efb,62,67,1,public language contains a coalition or targeting cue,False
b82515ea10650fe4fa4b29466e601edb3b5462261e241d9793598ee0f23fda10,TRADE_OR_COALITION,9b64b50b21246a813a276af7a32e56a5ec4b88a3bd464355ae9cc3e77f313efb,62,67,1,public language contains a coalition or targeting cue,False
70027a28d4fe163fb75d5ca3e0b5704c7d5b5037fde9091aa7e2cd0cf6191052,TRADE_OR_COALITION,9b64b50b21246a813a276af7a32e56a5ec4b88a3bd464355ae9cc3e77f313efb,63,68,1,public language contains a coalition or targeting cue,False
231713dc6b11d4795bb84e3e621c792f2c928a118ebb025b957d65db9d023cf7,TRADE_OR_COALITION,9b64b50b21246a813a276af7a32e56a5ec4b88a3bd464355ae9cc3e77f313efb,103,108,1,public language contains a coalition or targeting cue,False
ad28e7b1f84d7fb26294769b7923f294101f3e244120e350ecc6e7f617c97332,TRADE_OR_COALITION,9b64b50b21246a813a276af7a32e56a5ec4b88a3bd464355ae9cc3e77f313efb,117,122,1,public language contains a coalition or targeting cue,False
d3fe44e0f2ed50310f0e35449876fcac7b185731a1a79114f766bd2aabb9ea42,TRADE_OR_COALITION,9b64b50b21246a813a276af7a32e56a5ec4b88a3bd464355ae9cc3e77f313efb,154,157,1,public language contains a coalition or targeting cue,False
d0a972b4982c1eb4ba2a99b4a65d9a7e5375588100ff31c779aceeb86c6228ea,TRADE_OR_COALITION,9b64b50b21246a813a276af7a32e56a5ec4b88a3bd464355ae9cc3e77f313efb,154,157,1,public language contains a coalition or targeting cue,False
569fab631347f261645f9b434ea287dabeb60d4b0d39702580d5982ac683d6b6,TRADE_OR_COALITION,9b64b50b21246a813a276af7a32e56a5ec4b88a3bd464355ae9cc3e77f313efb,31,31,3,structured propose_trade action through first terminal trade event,False
4fb7e1473d6990ce10abac6c63811c59654f32b562eb796680d4640596ef10ff,TRADE_OR_COALITION,9b64b50b21246a813a276af7a32e56a5ec4b88a3bd464355ae9cc3e77f313efb,32,32,2,structured propose_trade action through first terminal trade event,False
e1b64531dffbeb8f276a84601df0718628b86bfd2156df9ed53a64fc291d25b9,TRADE_OR_COALITION,9b64b50b21246a813a276af7a32e56a5ec4b88a3bd464355ae9cc3e77f313efb,32,32,2,structured propose_trade action through first terminal trade event,False
6554e39244a0413efba7ebd2493983177383ee78611059776926c9718de87e89,TRADE_OR_COALITION,9b64b50b21246a813a276af7a32e56a5ec4b88a3bd464355ae9cc3e77f313efb,32,32,2,structured propose_trade action through first terminal trade event,False
fd3e049f1288436b89ecccf44d6007fe835490d7a18792bb9e0773971f36d3ce,TRADE_OR_COALITION,9b64b50b21246a813a276af7a32e56a5ec4b88a3bd464355ae9cc3e77f313efb,36,36,2,structured propose_trade action through first terminal trade event,False
17024e55347333b4c0041b1a9b2e06c8f470affc3fce4f4cbeb68be8bc6a9b50,TRADE_OR_COALITION,9b64b50b21246a813a276af7a32e56a5ec4b88a3bd464355ae9cc3e77f313efb,36,36,2,structured propose_trade action through first terminal trade event,False
c4d79659d63d27a674bc78093a701a3208c6b895cbc38fa3d81c8625af819f60,TRADE_OR_COALITION,9b64b50b21246a813a276af7a32e56a5ec4b88a3bd464355ae9cc3e77f313efb,36,36,2,structured propose_trade action through first terminal trade event,False
f02e7c8e033129be817144fa7a912dab17633cd5d7547ac64b1bd97b46353f18,TRADE_OR_COALITION,9b64b50b21246a813a276af7a32e56a5ec4b88a3bd464355ae9cc3e77f313efb,37,37,4,structured propose_trade action through first terminal trade event,False
56277f288000b8023dbc1ddd92b2c0a058111d6c35f833fb5bc75d4ec34d0321,TRADE_OR_COALITION,9b64b50b21246a813a276af7a32e56a5ec4b88a3bd464355ae9cc3e77f313efb,39,39,2,structured propose_trade action through first terminal trade event,False
35662f27382bf9714d9a6ea290ef9d284cee09a2e33a9d4c776fb4f5893c899b,TRADE_OR_COALITION,9b64b50b21246a813a276af7a32e56a5ec4b88a3bd464355ae9cc3e77f313efb,39,39,2,structured propose_trade action through first terminal trade event,False
c289aa448246fa684ddfc5e525a8d55558fd0252e6e575853b2f72d342d94ceb,TRADE_OR_COALITION,9b64b50b21246a813a276af7a32e56a5ec4b88a3bd464355ae9cc3e77f313efb,42,42,2,structured propose_trade action through first terminal trade event,False
8aef6c107c993822990a34f4038c19a5186c6f98f666fd3627e29efec6af6204,TRADE_OR_COALITION,9b64b50b21246a813a276af7a32e56a5ec4b88a3bd464355ae9cc3e77f313efb,45,45,2,structured propose_trade action through first terminal trade event,False
cca3075415c199db1fb1c4a13f712eed8cc98adda32211093268592c153c6102,TRADE_OR_COALITION,9b64b50b21246a813a276af7a32e56a5ec4b88a3bd464355ae9cc3e77f313efb,45,45,2,structured propose_trade action through first terminal trade event,False
1189f429fb5ae1b014896d7869133d2b03a58c527ce69a88343faec28f2e7d90,TRADE_OR_COALITION,9b64b50b21246a813a276af7a32e56a5ec4b88a3bd464355ae9cc3e77f313efb,47,47,2,structured propose_trade action through first terminal trade event,False
ecb7e4c3a977c8bad7e447e1a9269392126b2cb03235c40202a0da8c00891753,TRADE_OR_COALITION,9b64b50b21246a813a276af7a32e56a5ec4b88a3bd464355ae9cc3e77f313efb,49,49,2,structured propose_trade action through first terminal trade event,False
bb36a0cd700bb9f12ad537d9107ff36863b508dda505bbd8ba7f12971f150c6b,TRADE_OR_COALITION,9b64b50b21246a813a276af7a32e56a5ec4b88a3bd464355ae9cc3e77f313efb,49,49,2,structured propose_trade action through first terminal trade event,False
18e7560037297b8179c62bc680496f50188f2632beea10fabc6c7295861d6e50,TRADE_OR_COALITION,9b64b50b21246a813a276af7a32e56a5ec4b88a3bd464355ae9cc3e77f313efb,49,49,2,structured propose_trade action through first terminal trade event,False
95cd781fd30599ab811868e196f1ab3f9ad25a76e15b554b47b66c295a59ec33,TRADE_OR_COALITION,9b64b50b21246a813a276af7a32e56a5ec4b88a3bd464355ae9cc3e77f313efb,51,51,2,structured propose_trade action through first terminal trade event,False
673f7a7cdd4dfca7bb96f8e495d814e4f07eb3e4fd67d5046abe750548f5fcfc,TRADE_OR_COALITION,9b64b50b21246a813a276af7a32e56a5ec4b88a3bd464355ae9cc3e77f313efb,51,51,2,structured propose_trade action through first terminal trade event,False
14e8a25058e4725cbba02adcce6e559816194b79b3212063918059c1154ebac2,TRADE_OR_COALITION,9b64b50b21246a813a276af7a32e56a5ec4b88a3bd464355ae9cc3e77f313efb,53,53,2,structured propose_trade action through first terminal trade event,False
a8c0fcf78fca3bfafbfcb8a44b6a1db42cd8ddf909980b8b0ea0b3a79a88b7c1,TRADE_OR_COALITION,9b64b50b21246a813a276af7a32e56a5ec4b88a3bd464355ae9cc3e77f313efb,59,59,2,structured propose_trade action through first terminal trade event,False
f672e0885d3e225d3418d7728be6632410d3df83e2cff3d7a1ea431caa65850d,TRADE_OR_COALITION,9b64b50b21246a813a276af7a32e56a5ec4b88a3bd464355ae9cc3e77f313efb,59,59,2,structured propose_trade action through first terminal trade event,False
0d0fc65e2839bb40baeb6f2e75e7ee1a6433e3ad63ac62ef07218387a3e74be7,TRADE_OR_COALITION,9b64b50b21246a813a276af7a32e56a5ec4b88a3bd464355ae9cc3e77f313efb,59,59,2,structured propose_trade action through first terminal trade event,False
db08c52e0bfb1694a00f29338ffca9104b29fc3e4277d7ef8709dc45183bd0b0,TRADE_OR_COALITION,9b64b50b21246a813a276af7a32e56a5ec4b88a3bd464355ae9cc3e77f313efb,59,59,6,structured propose_trade action through first terminal trade event,False
06bef0a7b33ece4b1b20d64ef26fdd7ecba7aa3cb2adf3b5922a4df8011844bd,TRADE_OR_COALITION,9b64b50b21246a813a276af7a32e56a5ec4b88a3bd464355ae9cc3e77f313efb,62,62,2,structured propose_trade action through first terminal trade event,False
0b295bb875597d0ff2f86f8f3a17c4f36316e98be15a48e0afb7e848efa98ad4,TRADE_OR_COALITION,9b64b50b21246a813a276af7a32e56a5ec4b88a3bd464355ae9cc3e77f313efb,62,62,2,structured propose_trade action through first terminal trade event,False
4ab8c629ce203738f8225e681d1ed123a527ccabdf0c0b6cc95fc4441585a54a,TRADE_OR_COALITION,9b64b50b21246a813a276af7a32e56a5ec4b88a3bd464355ae9cc3e77f313efb,62,62,2,structured propose_trade action through first terminal trade event,False
a704c09a26197d44b4d21a6dc5c1dd358a7930bc8e9da5637b6938381636023b,TRADE_OR_COALITION,9b64b50b21246a813a276af7a32e56a5ec4b88a3bd464355ae9cc3e77f313efb,69,69,2,structured propose_trade action through first terminal trade event,False
c8f8488257467bb119a84a41dd2a23d70f3f77f33ee0da50f0466ee04e1b41b8,TRADE_OR_COALITION,9b64b50b21246a813a276af7a32e56a5ec4b88a3bd464355ae9cc3e77f313efb,69,69,2,structured propose_trade action through first terminal trade event,False
e7bd53bd0e10a33e777019b5f6ca395423bd0a7c7b8f58866fe0f8298cefffd8,TRADE_OR_COALITION,9b64b50b21246a813a276af7a32e56a5ec4b88a3bd464355ae9cc3e77f313efb,69,69,2,structured propose_trade action through first terminal trade event,False
5dfd68189aaeb3b4e40a119470f2b9d279c3e109577451ebce8682dbbab7fab1,TRADE_OR_COALITION,9b64b50b21246a813a276af7a32e56a5ec4b88a3bd464355ae9cc3e77f313efb,75,75,3,structured propose_trade action through first terminal trade event,False
88d499394cae5fe7fa03033d1a9a31293d38b16df8aebf3cc7af6e555a6baa14,TRADE_OR_COALITION,9b64b50b21246a813a276af7a32e56a5ec4b88a3bd464355ae9cc3e77f313efb,75,75,2,structured propose_trade action through first terminal trade event,False
5eacdb01ee3cd0c813a74682e20b92c562898168ef35adb77c3be26ff9e6a536,TRADE_OR_COALITION,9b64b50b21246a813a276af7a32e56a5ec4b88a3bd464355ae9cc3e77f313efb,98,98,2,structured propose_trade action through first terminal trade event,False
8d098e443a73fa88f835c97bdf6c94adfee8bfd7ede4caecdba613f8bcd46729,TRADE_OR_COALITION,9b64b50b21246a813a276af7a32e56a5ec4b88a3bd464355ae9cc3e77f313efb,103,103,2,structured propose_trade action through first terminal trade event,False
ddb19cb420676e2279a6c4e5a9851129da1b8a78abec89aaf4902d3b37a5f5fa,TRADE_OR_COALITION,9b64b50b21246a813a276af7a32e56a5ec4b88a3bd464355ae9cc3e77f313efb,108,108,2,structured propose_trade action through first terminal trade event,False
c52262909725be1da4d7223d933b091e84a53e0c65dfe7d00c11c34d095e1d66,TRADE_OR_COALITION,9b64b50b21246a813a276af7a32e56a5ec4b88a3bd464355ae9cc3e77f313efb,108,108,2,structured propose_trade action through first terminal trade event,False
1d527893ef8de8868fb362378017d603c27a7d4d4dd7040229dc25e2749eea9f,TRADE_OR_COALITION,9b64b50b21246a813a276af7a32e56a5ec4b88a3bd464355ae9cc3e77f313efb,112,112,2,structured propose_trade action through first terminal trade event,False
2f13307b96084d44baa181345438d7ccc22a73f124d73c5e4310ad9f90704b66,TRADE_OR_COALITION,9b64b50b21246a813a276af7a32e56a5ec4b88a3bd464355ae9cc3e77f313efb,112,112,2,structured propose_trade action through first terminal trade event,False
287d45c4586b61efad471021587f5bd55aafb0634c69bbce3e74cbfec151c1c8,TRADE_OR_COALITION,9b64b50b21246a813a276af7a32e56a5ec4b88a3bd464355ae9cc3e77f313efb,112,112,2,structured propose_trade action through first terminal trade event,False
83de6c6b4edc2aa475451ba44fe159cefaa9abf70834bfec6931ce2cd6066bdf,TRADE_OR_COALITION,9b64b50b21246a813a276af7a32e56a5ec4b88a3bd464355ae9cc3e77f313efb,119,119,2,structured propose_trade action through first terminal trade event,False
f310357ee61fb145fc1cb192eec8c441a298d6cee248bb7acb40d045b9b92ccd,TRADE_OR_COALITION,9b64b50b21246a813a276af7a32e56a5ec4b88a3bd464355ae9cc3e77f313efb,134,134,2,structured propose_trade action through first terminal trade event,False
013d53f7a60564ae1b6653a1b80aacc029401477369e17a0fcb78b2af0de5897,TRADE_OR_COALITION,9b64b50b21246a813a276af7a32e56a5ec4b88a3bd464355ae9cc3e77f313efb,154,154,2,structured propose_trade action through first terminal trade event,False
6c32db13edf75613e97157e4a36890cfe6fafa70bab6274b3330dd749ed06045,TRADE_OR_COALITION,9b64b50b21246a813a276af7a32e56a5ec4b88a3bd464355ae9cc3e77f313efb,154,154,2,structured propose_trade action through first terminal trade event,False
659d77ea5267b6da3678d9ec0369fd84ea9d11a248307719e3ee8b8f788f789c,TRADE_OR_COALITION,9b64b50b21246a813a276af7a32e56a5ec4b88a3bd464355ae9cc3e77f313efb,154,154,2,structured propose_trade action through first terminal trade event,False
f6eba4643a8867bdb232353a6a3daa9835a3c011156bd787e70ca4c90e18bbf9,TRADE_OR_COALITION,7e5c042a6c2641d49b6acfb017ddbfa16c3dcfbe567a6dd7386fd1dc0fa3a8a4,25,30,1,public language contains a coalition or targeting cue,False
d44c1bca9514c1a4c8131c80bebb930b5b3369cddfd792e7e5be7c95f7392539,TRADE_OR_COALITION,7e5c042a6c2641d49b6acfb017ddbfa16c3dcfbe567a6dd7386fd1dc0fa3a8a4,25,30,1,public language contains a coalition or targeting cue,False
2327e45796a2961f95db57162ac1730083155034cc8e44db697bbbea610abbcf,TRADE_OR_COALITION,7e5c042a6c2641d49b6acfb017ddbfa16c3dcfbe567a6dd7386fd1dc0fa3a8a4,33,38,1,public language contains a coalition or targeting cue,False
c4bddc1954f982423bf217b53891fe352b36e99f39faf5affa610e3be2223388,TRADE_OR_COALITION,7e5c042a6c2641d49b6acfb017ddbfa16c3dcfbe567a6dd7386fd1dc0fa3a8a4,34,39,1,public language contains a coalition or targeting cue,False
fe66713cfaccf225dd1de12f732021b5ce68f454597754008180a31ee842b1a2,TRADE_OR_COALITION,7e5c042a6c2641d49b6acfb017ddbfa16c3dcfbe567a6dd7386fd1dc0fa3a8a4,77,82,1,public language contains a coalition or targeting cue,False
332fae96da0c2727e578d095f7ad135675bb8e28c0ef564da36e80dfa290ae40,TRADE_OR_COALITION,7e5c042a6c2641d49b6acfb017ddbfa16c3dcfbe567a6dd7386fd1dc0fa3a8a4,79,84,1,public language contains a coalition or targeting cue,False
22dfb6aa54217ec966b2e33761b4c262acd2603aa025fa1cb1d07a7d3d751045,TRADE_OR_COALITION,7e5c042a6c2641d49b6acfb017ddbfa16c3dcfbe567a6dd7386fd1dc0fa3a8a4,79,84,1,public language contains a coalition or targeting cue,False
3d641d52bdadece7654d47ceb1658f80e82669c01d0b864127f10c62bc435d78,TRADE_OR_COALITION,7e5c042a6c2641d49b6acfb017ddbfa16c3dcfbe567a6dd7386fd1dc0fa3a8a4,79,84,1,public language contains a coalition or targeting cue,False
189b594fc9016f3243051e4d7a20c3ae2ef4b95e7179effd6f4e1300ceca8093,TRADE_OR_COALITION,7e5c042a6c2641d49b6acfb017ddbfa16c3dcfbe567a6dd7386fd1dc0fa3a8a4,79,84,1,public language contains a coalition or targeting cue,False
029fc5fb9cf2d49d7d8f27d91287facb867b9981a305d3813cc7a4853f8c055f,TRADE_OR_COALITION,7e5c042a6c2641d49b6acfb017ddbfa16c3dcfbe567a6dd7386fd1dc0fa3a8a4,79,84,1,public language contains a coalition or targeting cue,False
b7be059c5b383c1fd1edc8e2dfff7df506a8b93b4f5d8010e3897d0637fde471,TRADE_OR_COALITION,7e5c042a6c2641d49b6acfb017ddbfa16c3dcfbe567a6dd7386fd1dc0fa3a8a4,79,84,1,public language contains a coalition or targeting cue,False
753808f4b35b4a403102dace12fc2aca872c79333b05053d457730721f757a24,TRADE_OR_COALITION,7e5c042a6c2641d49b6acfb017ddbfa16c3dcfbe567a6dd7386fd1dc0fa3a8a4,79,84,1,public language contains a coalition or targeting cue,False
4f87f057f96f9c2419ea2cd37f6e1d0b726e0635fb4e0997874270feca599cd7,TRADE_OR_COALITION,7e5c042a6c2641d49b6acfb017ddbfa16c3dcfbe567a6dd7386fd1dc0fa3a8a4,79,84,1,public language contains a coalition or targeting cue,False
3118129581b14ab8e0f11965803b89228915c32d9a0b3921e21850b5ebc28cc6,TRADE_OR_COALITION,7e5c042a6c2641d49b6acfb017ddbfa16c3dcfbe567a6dd7386fd1dc0fa3a8a4,88,93,1,public language contains a coalition or targeting cue,False
82863ebdd6eb56d10896dd58384d9c3a0d56830a8a1aaa3b778aea1658bd4f55,TRADE_OR_COALITION,7e5c042a6c2641d49b6acfb017ddbfa16c3dcfbe567a6dd7386fd1dc0fa3a8a4,99,104,1,public language contains a coalition or targeting cue,False
461c7ff93ca6ff980c7971b9f6e575f41339fb5a90686154235f60ccd9b91c1a,TRADE_OR_COALITION,7e5c042a6c2641d49b6acfb017ddbfa16c3dcfbe567a6dd7386fd1dc0fa3a8a4,124,129,1,public language contains a coalition or targeting cue,False
1d5fd3df53680983330cd4f67e5db07d1e4f8061126855ae899f9a2e07e22df9,TRADE_OR_COALITION,7e5c042a6c2641d49b6acfb017ddbfa16c3dcfbe567a6dd7386fd1dc0fa3a8a4,171,176,1,public language contains a coalition or targeting cue,False
0be68133b16f07a71f65e872da1c04e4a8264b81c08d4007831cc513206730d2,TRADE_OR_COALITION,7e5c042a6c2641d49b6acfb017ddbfa16c3dcfbe567a6dd7386fd1dc0fa3a8a4,25,25,2,structured propose_trade action through first terminal trade event,False
7f8394aa7b4aa3bf946e67e426d3a7be329aa576469a0dc00fb412e3fb989762,TRADE_OR_COALITION,7e5c042a6c2641d49b6acfb017ddbfa16c3dcfbe567a6dd7386fd1dc0fa3a8a4,25,25,3,structured propose_trade action through first terminal trade event,False
60a08cc5a1da65d9b560d5e9bfe75a9876967ffaa01a719e6f7e4c6630281e63,TRADE_OR_COALITION,7e5c042a6c2641d49b6acfb017ddbfa16c3dcfbe567a6dd7386fd1dc0fa3a8a4,25,25,2,structured propose_trade action through first terminal trade event,False
df8b0e0da3168f1eafbddc003bca989596fc6724b49a63b2d87eba05b3ee266d,TRADE_OR_COALITION,7e5c042a6c2641d49b6acfb017ddbfa16c3dcfbe567a6dd7386fd1dc0fa3a8a4,25,25,6,structured propose_trade action through first terminal trade event,False
5dafab7cbcae0b53bc7ed4c5f0de0d202cda26151c3dc50c8beb3c537f9c2b81,TRADE_OR_COALITION,7e5c042a6c2641d49b6acfb017ddbfa16c3dcfbe567a6dd7386fd1dc0fa3a8a4,25,25,2,structured propose_trade action through first terminal trade event,False
2a3d21052c9135453fbe37a79e058f5d836c91b5ebe957d0e2ab3affa9c9c88d,TRADE_OR_COALITION,7e5c042a6c2641d49b6acfb017ddbfa16c3dcfbe567a6dd7386fd1dc0fa3a8a4,25,25,2,structured propose_trade action through first terminal trade event,False
7e7395e62c4fa9ab8103aee2d5a1b4f4ea970830c2480fe89887115b2e7195ca,TRADE_OR_COALITION,7e5c042a6c2641d49b6acfb017ddbfa16c3dcfbe567a6dd7386fd1dc0fa3a8a4,25,25,2,structured propose_trade action through first terminal trade event,False
15dbf478819eb1c2eea8b7c868e0880e53d3ccd964605daf45db11d93218682e,TRADE_OR_COALITION,7e5c042a6c2641d49b6acfb017ddbfa16c3dcfbe567a6dd7386fd1dc0fa3a8a4,25,25,2,structured propose_trade action through first terminal trade event,False
780cada9994f85c7e2c840555205b4912cdae0799b0405579f43710a1ee863b4,TRADE_OR_COALITION,7e5c042a6c2641d49b6acfb017ddbfa16c3dcfbe567a6dd7386fd1dc0fa3a8a4,25,25,2,structured propose_trade action through first terminal trade event,False
64ec23f6b82888812102a03a70e78ff00f98d77e7dda78b2c357aa01fac7f513,TRADE_OR_COALITION,7e5c042a6c2641d49b6acfb017ddbfa16c3dcfbe567a6dd7386fd1dc0fa3a8a4,33,33,2,structured propose_trade action through first terminal trade event,False
442155ff644b4940257d43c8bf280ff4a7d8cf40df55729e9a6b091217fb25d5,TRADE_OR_COALITION,7e5c042a6c2641d49b6acfb017ddbfa16c3dcfbe567a6dd7386fd1dc0fa3a8a4,35,35,5,structured propose_trade action through first terminal trade event,False
2462278c63d453c2cd2f44f38409e13cfc4ea64ac713dfa1e84bd0e3f1a26f40,TRADE_OR_COALITION,7e5c042a6c2641d49b6acfb017ddbfa16c3dcfbe567a6dd7386fd1dc0fa3a8a4,41,41,2,structured propose_trade action through first terminal trade event,False
a5c6dd055410b8c817c516e6f5d84509741d81bb75516fc18b49a379d56d4149,TRADE_OR_COALITION,7e5c042a6c2641d49b6acfb017ddbfa16c3dcfbe567a6dd7386fd1dc0fa3a8a4,41,41,2,structured propose_trade action through first terminal trade event,False
de773f5a202895566d200494d689a79c0f28d22a47cd054eca4e4af96c00b6b3,TRADE_OR_COALITION,7e5c042a6c2641d49b6acfb017ddbfa16c3dcfbe567a6dd7386fd1dc0fa3a8a4,41,41,2,structured propose_trade action through first terminal trade event,False
96530c07b83137a6579fa2feeffc7b2e5f46e7cc7c0778f7d3cb669242e15657,TRADE_OR_COALITION,7e5c042a6c2641d49b6acfb017ddbfa16c3dcfbe567a6dd7386fd1dc0fa3a8a4,41,41,2,structured propose_trade action through first terminal trade event,False
0f2eb81390b79f5066bb43d5b6baf5e30ae7461697b6daf7fda6bc8e38e8dc38,TRADE_OR_COALITION,7e5c042a6c2641d49b6acfb017ddbfa16c3dcfbe567a6dd7386fd1dc0fa3a8a4,46,46,2,structured propose_trade action through first terminal trade event,False
4d0c5087e624b1767609429aebcb557b35d6694be31c7d80f24fa932669d21c0,TRADE_OR_COALITION,7e5c042a6c2641d49b6acfb017ddbfa16c3dcfbe567a6dd7386fd1dc0fa3a8a4,46,46,2,structured propose_trade action through first terminal trade event,False
ca5406ae8111c153df36b921298ff15c0b2a78783ae54e6d1a2fa59ef7dc8d4a,TRADE_OR_COALITION,7e5c042a6c2641d49b6acfb017ddbfa16c3dcfbe567a6dd7386fd1dc0fa3a8a4,50,50,2,structured propose_trade action through first terminal trade event,False
11a76ac9e6f2b0b3a5b994cbac7282c7517da41c50af9c36a7f57e7513f9cd23,TRADE_OR_COALITION,7e5c042a6c2641d49b6acfb017ddbfa16c3dcfbe567a6dd7386fd1dc0fa3a8a4,50,50,2,structured propose_trade action through first terminal trade event,False
48d3ee19753836e6d3dd18e3d15814b56c328f332ab46824cb86930bd540434f,TRADE_OR_COALITION,7e5c042a6c2641d49b6acfb017ddbfa16c3dcfbe567a6dd7386fd1dc0fa3a8a4,50,50,2,structured propose_trade action through first terminal trade event,False
30edb688b71986e0d6a2cc8822a8635b0f505672d91b8704b1c42742661eb56a,TRADE_OR_COALITION,7e5c042a6c2641d49b6acfb017ddbfa16c3dcfbe567a6dd7386fd1dc0fa3a8a4,50,50,2,structured propose_trade action through first terminal trade event,False
d64dbba479d0b4fb3edd38f4484751a2f782d60dad60902b4f2e4d68f936374d,TRADE_OR_COALITION,7e5c042a6c2641d49b6acfb017ddbfa16c3dcfbe567a6dd7386fd1dc0fa3a8a4,50,50,2,structured propose_trade action through first terminal trade event,False
cf2555dc1f29ad80f9f340595b4ed69b8267a49040db8ed974b90e0867ad3ccc,TRADE_OR_COALITION,7e5c042a6c2641d49b6acfb017ddbfa16c3dcfbe567a6dd7386fd1dc0fa3a8a4,79,79,6,structured propose_trade action through first terminal trade event,False
c08d732678339abcca9e2ab6609d65d2fda57cdbe07e5903ec75c148621016c7,TRADE_OR_COALITION,7e5c042a6c2641d49b6acfb017ddbfa16c3dcfbe567a6dd7386fd1dc0fa3a8a4,79,79,5,structured propose_trade action through first terminal trade event,False
39b3ffe4a09e0464f96c53ff605d80f5ea889468532e3fd3b46e15faa98ed11c,TRADE_OR_COALITION,7e5c042a6c2641d49b6acfb017ddbfa16c3dcfbe567a6dd7386fd1dc0fa3a8a4,79,79,2,structured propose_trade action through first terminal trade event,False
d5ed31ba12c89b106bb33c9d3781ca9f0b6282d570b53f31f316ee5a39cc5065,TRADE_OR_COALITION,7e5c042a6c2641d49b6acfb017ddbfa16c3dcfbe567a6dd7386fd1dc0fa3a8a4,79,79,2,structured propose_trade action through first terminal trade event,False
1884494e834e9b8facc48a04ca97ae9f44964e59335e956f1ca3fbb30c409c48,TRADE_OR_COALITION,7e5c042a6c2641d49b6acfb017ddbfa16c3dcfbe567a6dd7386fd1dc0fa3a8a4,79,79,2,structured propose_trade action through first terminal trade event,False
98be0924e6e6ecbb13214ca75f98f1f3572f30bbd801781b64db78480611fb20,TRADE_OR_COALITION,7e5c042a6c2641d49b6acfb017ddbfa16c3dcfbe567a6dd7386fd1dc0fa3a8a4,79,79,2,structured propose_trade action through first terminal trade event,False
cadf1b58efe70b4436c9e1932477e4ad75fc9f02c8012cd9e212213e0a9ffa55,TRADE_OR_COALITION,7e5c042a6c2641d49b6acfb017ddbfa16c3dcfbe567a6dd7386fd1dc0fa3a8a4,79,79,2,structured propose_trade action through first terminal trade event,False
3b184d41cae1446c7b0361f91c5bed9eb8e6f5042c4dd94f79150b5283fe54d1,TRADE_OR_COALITION,7e5c042a6c2641d49b6acfb017ddbfa16c3dcfbe567a6dd7386fd1dc0fa3a8a4,79,79,6,structured propose_trade action through first terminal trade event,False
2e1d139f0db6e05f2bfd0d37c097bd92c917543c845da304324d2bd5e1d2f949,TRADE_OR_COALITION,7e5c042a6c2641d49b6acfb017ddbfa16c3dcfbe567a6dd7386fd1dc0fa3a8a4,79,79,2,structured propose_trade action through first terminal trade event,False
0c30d9d5339ab0e573937ad263723bd5cb928b4d688ed465fae23a322d2135e2,TRADE_OR_COALITION,7e5c042a6c2641d49b6acfb017ddbfa16c3dcfbe567a6dd7386fd1dc0fa3a8a4,79,79,2,structured propose_trade action through first terminal trade event,False
45728f088626a8dd5999be6a7583dbc16c616f7dc1d7ce3fdf5cf5d8df17ec77,TRADE_OR_COALITION,7e5c042a6c2641d49b6acfb017ddbfa16c3dcfbe567a6dd7386fd1dc0fa3a8a4,79,79,2,structured propose_trade action through first terminal trade event,False
922559a005410ec69998954f2e3d499dfd3096aa0a30bd46fe08b4760aaf54bc,TRADE_OR_COALITION,7e5c042a6c2641d49b6acfb017ddbfa16c3dcfbe567a6dd7386fd1dc0fa3a8a4,79,79,6,structured propose_trade action through first terminal trade event,False
44501b3f81a03cb0fe73e5c55b7568879ca3af0ce22723f872b72c5d7de99c55,TRADE_OR_COALITION,7e5c042a6c2641d49b6acfb017ddbfa16c3dcfbe567a6dd7386fd1dc0fa3a8a4,79,79,2,structured propose_trade action through first terminal trade event,False
5084de1b667910ef9dcec0a89b988bf3e019b3fb45616583b30aeb86432c5f72,TRADE_OR_COALITION,7e5c042a6c2641d49b6acfb017ddbfa16c3dcfbe567a6dd7386fd1dc0fa3a8a4,79,79,2,structured propose_trade action through first terminal trade event,False
a59341297b5a1bc3cd152f2fad55949d77156c3f529e2e55d733f62e184e3472,TRADE_OR_COALITION,7e5c042a6c2641d49b6acfb017ddbfa16c3dcfbe567a6dd7386fd1dc0fa3a8a4,79,79,2,structured propose_trade action through first terminal trade event,False
2fe71a2fbe4b7825dde23add41622cbdd48ebd87621e86bb3580c261e3d206dc,TRADE_OR_COALITION,7e5c042a6c2641d49b6acfb017ddbfa16c3dcfbe567a6dd7386fd1dc0fa3a8a4,84,84,2,structured propose_trade action through first terminal trade event,False
6d40049dab72e50917879d79b9662849b13b9766e498692cfbd9dfb9935a9428,TRADE_OR_COALITION,7e5c042a6c2641d49b6acfb017ddbfa16c3dcfbe567a6dd7386fd1dc0fa3a8a4,88,88,2,structured propose_trade action through first terminal trade event,False
c75c4f10c46c850c123ac49a9c1f007eb44066bb80836e699811d8962cbba5ff,TRADE_OR_COALITION,7e5c042a6c2641d49b6acfb017ddbfa16c3dcfbe567a6dd7386fd1dc0fa3a8a4,88,88,6,structured propose_trade action through first terminal trade event,False
36f63618528d86d322bcf93d3b62458c760f4dbef5ea012bc29d5b028aa936c4,TRADE_OR_COALITION,7e5c042a6c2641d49b6acfb017ddbfa16c3dcfbe567a6dd7386fd1dc0fa3a8a4,88,88,2,structured propose_trade action through first terminal trade event,False
6f506295dd15fdb87686690f5a75d0dd64c3c2416672f44bbc819c83a7068077,TRADE_OR_COALITION,7e5c042a6c2641d49b6acfb017ddbfa16c3dcfbe567a6dd7386fd1dc0fa3a8a4,99,99,2,structured propose_trade action through first terminal trade event,False
759317b36daa0817d4aefe70df23f7a28009ee1cd0f219ddb84a9e13faea666d,TRADE_OR_COALITION,7e5c042a6c2641d49b6acfb017ddbfa16c3dcfbe567a6dd7386fd1dc0fa3a8a4,99,99,2,structured propose_trade action through first terminal trade event,False
c0f2f4dfddacb1e412e5f8d877966b44454e0d211d541f800fc5ed6fa8d83ce5,TRADE_OR_COALITION,7e5c042a6c2641d49b6acfb017ddbfa16c3dcfbe567a6dd7386fd1dc0fa3a8a4,105,105,2,structured propose_trade action through first terminal trade event,False
da318133c06131c089cbba9660c1d8a0729446667dc70013db6f29628a7c82c1,TRADE_OR_COALITION,7e5c042a6c2641d49b6acfb017ddbfa16c3dcfbe567a6dd7386fd1dc0fa3a8a4,105,105,2,structured propose_trade action through first terminal trade event,False
2107b0bf8664798447e454ad8d86bf2ba3c00994a6be2036e504a4c4220f0f75,TRADE_OR_COALITION,7e5c042a6c2641d49b6acfb017ddbfa16c3dcfbe567a6dd7386fd1dc0fa3a8a4,105,105,2,structured propose_trade action through first terminal trade event,False
eda6d7cadbf7ebce7fb9fd9be15d31e6d0b2e16f3203a05bf401f8d3b714a27f,TRADE_OR_COALITION,7e5c042a6c2641d49b6acfb017ddbfa16c3dcfbe567a6dd7386fd1dc0fa3a8a4,105,105,2,structured propose_trade action through first terminal trade event,False
979d1a4e34fa69ed890860d8307086f52552203c0f02431419f08abf475ccdd1,TRADE_OR_COALITION,7e5c042a6c2641d49b6acfb017ddbfa16c3dcfbe567a6dd7386fd1dc0fa3a8a4,108,108,2,structured propose_trade action through first terminal trade event,False
c89029a77423b283a54f5e22cc82fe777a180864e20e933b9b3a77be5a68261e,TRADE_OR_COALITION,7e5c042a6c2641d49b6acfb017ddbfa16c3dcfbe567a6dd7386fd1dc0fa3a8a4,116,116,2,structured propose_trade action through first terminal trade event,False
170f86106584845a7f2d20b0e2bf40a3c361744277a3aecbeb294d08ed8448d5,TRADE_OR_COALITION,7e5c042a6c2641d49b6acfb017ddbfa16c3dcfbe567a6dd7386fd1dc0fa3a8a4,116,116,2,structured propose_trade action through first terminal trade event,False
2d59093b0318256946c5e0b9eb0e94fe54cf8fb749a800e39ec5feb8baf15633,TRADE_OR_COALITION,7e5c042a6c2641d49b6acfb017ddbfa16c3dcfbe567a6dd7386fd1dc0fa3a8a4,116,116,2,structured propose_trade action through first terminal trade event,False
dcc32c4d44ca6b527c80ba156e5670fb8846e09d503e055fe58b0009cdf7d6c0,TRADE_OR_COALITION,7e5c042a6c2641d49b6acfb017ddbfa16c3dcfbe567a6dd7386fd1dc0fa3a8a4,119,119,2,structured propose_trade action through first terminal trade event,False
b5b37644e12932a28643c637627a73bdbbe6dfe8d1dd025855119753a6b41571,TRADE_OR_COALITION,7e5c042a6c2641d49b6acfb017ddbfa16c3dcfbe567a6dd7386fd1dc0fa3a8a4,119,119,2,structured propose_trade action through first terminal trade event,False
f586b03a1105fb2c18b045a199378863b6400476861ced6f61019190f034eafb,TRADE_OR_COALITION,7e5c042a6c2641d49b6acfb017ddbfa16c3dcfbe567a6dd7386fd1dc0fa3a8a4,119,119,2,structured propose_trade action through first terminal trade event,False
386e40fab44817d0a4bd59a4f9fb9c0e25a7b14444c7286c8680e994ba522266,TRADE_OR_COALITION,7e5c042a6c2641d49b6acfb017ddbfa16c3dcfbe567a6dd7386fd1dc0fa3a8a4,122,122,2,structured propose_trade action through first terminal trade event,False
a586dbaf796dd4b2b5ae14a2f38c240f5179292a8544f8eca067db8a1281684e,TRADE_OR_COALITION,7e5c042a6c2641d49b6acfb017ddbfa16c3dcfbe567a6dd7386fd1dc0fa3a8a4,123,123,2,structured propose_trade action through first terminal trade event,False
90521a6a973f57eb7372b8607b0fbac746deea4349a903483d1e9b44ffa396f1,TRADE_OR_COALITION,7e5c042a6c2641d49b6acfb017ddbfa16c3dcfbe567a6dd7386fd1dc0fa3a8a4,123,123,2,structured propose_trade action through first terminal trade event,False
2035bc206885c145431747727fe29ad0d0e928679bbda84293a61c05c884e225,TRADE_OR_COALITION,7e5c042a6c2641d49b6acfb017ddbfa16c3dcfbe567a6dd7386fd1dc0fa3a8a4,123,123,2,structured propose_trade action through first terminal trade event,False
df231673c13d85bcb16940b4cee13b005e9735dc15889ab27b778eae73863c71,TRADE_OR_COALITION,7e5c042a6c2641d49b6acfb017ddbfa16c3dcfbe567a6dd7386fd1dc0fa3a8a4,124,124,2,structured propose_trade action through first terminal trade event,False
4b288625cb8f29ce9132484d0e8ddf3d9c90e4df0ed7bee65fd054d8ff841760,TRADE_OR_COALITION,7e5c042a6c2641d49b6acfb017ddbfa16c3dcfbe567a6dd7386fd1dc0fa3a8a4,124,124,2,structured propose_trade action through first terminal trade event,False
29250cba59ea721e2975023cdcc567e7664ffc91c4e19486641e6ceaec33bc2a,TRADE_OR_COALITION,7e5c042a6c2641d49b6acfb017ddbfa16c3dcfbe567a6dd7386fd1dc0fa3a8a4,142,142,2,structured propose_trade action through first terminal trade event,False
00cedd7a79b74a079bc6d69102968f437a741dcdd45ed166a5e98cff1b3a6e40,TRADE_OR_COALITION,7e5c042a6c2641d49b6acfb017ddbfa16c3dcfbe567a6dd7386fd1dc0fa3a8a4,142,142,2,structured propose_trade action through first terminal trade event,False
dffdfb58c4b98f1bae3dc88e6dabdfb19d73a3ab4ef808ebb1bd12a6b7bc1f01,TRADE_OR_COALITION,7e5c042a6c2641d49b6acfb017ddbfa16c3dcfbe567a6dd7386fd1dc0fa3a8a4,144,144,2,structured propose_trade action through first terminal trade event,False
fff2fc02657564af2f3b34133deb831a23780fdcc103bfac3baa66b62a7ea6eb,TRADE_OR_COALITION,7e5c042a6c2641d49b6acfb017ddbfa16c3dcfbe567a6dd7386fd1dc0fa3a8a4,157,157,2,structured propose_trade action through first terminal trade event,False
feba338072b1bd938879705fe410ab3fbe61576b13684b3c33b4a39d9c4b655d,TRADE_OR_COALITION,7e5c042a6c2641d49b6acfb017ddbfa16c3dcfbe567a6dd7386fd1dc0fa3a8a4,157,157,2,structured propose_trade action through first terminal trade event,False
3c566007d6111dcfd90484c22929005188a58489a80e761076b8a6a536f996af,TRADE_OR_COALITION,7e5c042a6c2641d49b6acfb017ddbfa16c3dcfbe567a6dd7386fd1dc0fa3a8a4,160,160,2,structured propose_trade action through first terminal trade event,False
b0703a5d1eff18836b48ad0788ccab96f3674846df339a9ce32e3bfb5c2c2988,TRADE_OR_COALITION,7e5c042a6c2641d49b6acfb017ddbfa16c3dcfbe567a6dd7386fd1dc0fa3a8a4,165,165,2,structured propose_trade action through first terminal trade event,False
6e97bb9b80e431372973d28ab6f841c6473c690c1048544b3be94d61cfab7a3e,TRADE_OR_COALITION,7e5c042a6c2641d49b6acfb017ddbfa16c3dcfbe567a6dd7386fd1dc0fa3a8a4,167,167,2,structured propose_trade action through first terminal trade event,False
95e2793bc969a1170bd77dd9c780abaa7ddf8997f3fc66ea4bd20540e60e1008,TRADE_OR_COALITION,7e5c042a6c2641d49b6acfb017ddbfa16c3dcfbe567a6dd7386fd1dc0fa3a8a4,167,167,2,structured propose_trade action through first terminal trade event,False
