relative_path,area,extension,size_bytes
quality_check/decision_mock-44910-42ec35c5-dec-000000_request.txt,quality_check,.txt,4912
quality_check/decision_mock-44910-42ec35c5-dec-000000_response.txt,quality_check,.txt,3569
quality_check/decision_mock-44910-42ec35c5-dec-000001_request.txt,quality_check,.txt,6529
quality_check/decision_mock-44910-42ec35c5-dec-000001_response.txt,quality_check,.txt,3546
quality_check/decision_mock-44910-42ec35c5-dec-000002_request.txt,quality_check,.txt,5366
quality_check/decision_mock-44910-42ec35c5-dec-000002_response.txt,quality_check,.txt,10393
quality_check/decision_mock-44910-42ec35c5-dec-000003_request.txt,quality_check,.txt,7139
quality_check/decision_mock-44910-42ec35c5-dec-000003_response.txt,quality_check,.txt,10330
quality_check/decision_mock-44910-42ec35c5-dec-000004_request.txt,quality_check,.txt,7630
quality_check/decision_mock-44910-42ec35c5-dec-000004_response.txt,quality_check,.txt,13127
quality_check/decision_mock-44910-42ec35c5-dec-000005_request.txt,quality_check,.txt,7069
quality_check/decision_mock-44910-42ec35c5-dec-000005_response.txt,quality_check,.txt,3810
quality_check/decision_mock-44910-42ec35c5-dec-000006_request.txt,quality_check,.txt,7411
quality_check/decision_mock-44910-42ec35c5-dec-000006_response.txt,quality_check,.txt,4018
quality_check/decision_mock-44910-42ec35c5-dec-000007_request.txt,quality_check,.txt,8259
quality_check/decision_mock-44910-42ec35c5-dec-000007_response.txt,quality_check,.txt,3199
quality_check/decision_mock-44910-42ec35c5-dec-000008_request.txt,quality_check,.txt,9033
quality_check/decision_mock-44910-42ec35c5-dec-000008_response.txt,quality_check,.txt,15429
quality_check/decision_mock-44910-42ec35c5-dec-000009_request.txt,quality_check,.txt,7398
quality_check/decision_mock-44910-42ec35c5-dec-000009_response.txt,quality_check,.txt,3623
quality_check/decision_mock-44910-42ec35c5-dec-000010_request.txt,quality_check,.txt,9165
quality_check/decision_mock-44910-42ec35c5-dec-000010_response.txt,quality_check,.txt,3821
quality_check/decision_mock-44910-42ec35c5-dec-000011_request.txt,quality_check,.txt,7898
quality_check/decision_mock-44910-42ec35c5-dec-000011_response.txt,quality_check,.txt,3224
quality_check/decision_mock-44910-42ec35c5-dec-000012_request.txt,quality_check,.txt,9569
quality_check/decision_mock-44910-42ec35c5-dec-000012_response.txt,quality_check,.txt,3141
quality_check/decision_mock-44910-42ec35c5-dec-000013_request.txt,quality_check,.txt,8685
quality_check/decision_mock-44910-42ec35c5-dec-000013_response.txt,quality_check,.txt,4069
quality_check/decision_mock-44910-42ec35c5-dec-000014_request.txt,quality_check,.txt,10444
quality_check/decision_mock-44910-42ec35c5-dec-000014_response.txt,quality_check,.txt,4112
quality_check/decision_mock-44910-42ec35c5-dec-000015_request.txt,quality_check,.txt,9824
quality_check/decision_mock-44910-42ec35c5-dec-000015_response.txt,quality_check,.txt,12126
quality_check/decision_mock-44910-42ec35c5-dec-000016_request.txt,quality_check,.txt,11745
quality_check/decision_mock-44910-42ec35c5-dec-000016_response.txt,quality_check,.txt,17765
quality_check/decision_mock-44910-42ec35c5-dec-000017_request.txt,quality_check,.txt,10031
quality_check/decision_mock-44910-42ec35c5-dec-000017_response.txt,quality_check,.txt,3923
quality_check/decision_mock-44910-42ec35c5-dec-000018_request.txt,quality_check,.txt,11906
quality_check/decision_mock-44910-42ec35c5-dec-000018_response.txt,quality_check,.txt,6457
quality_check/decision_mock-44910-42ec35c5-dec-000019_request.txt,quality_check,.txt,10069
quality_check/decision_mock-44910-42ec35c5-dec-000019_response.txt,quality_check,.txt,4228
quality_check/decision_mock-44910-42ec35c5-dec-000020_request.txt,quality_check,.txt,11561
quality_check/decision_mock-44910-42ec35c5-dec-000020_response.txt,quality_check,.txt,3894
quality_check/decision_mock-44910-42ec35c5-dec-000021_request.txt,quality_check,.txt,10574
quality_check/decision_mock-44910-42ec35c5-dec-000021_response.txt,quality_check,.txt,3682
quality_check/decision_mock-44910-42ec35c5-dec-000022_request.txt,quality_check,.txt,12072
quality_check/decision_mock-44910-42ec35c5-dec-000022_response.txt,quality_check,.txt,4076
quality_check/decision_mock-44910-42ec35c5-dec-000023_request.txt,quality_check,.txt,11600
quality_check/decision_mock-44910-42ec35c5-dec-000023_response.txt,quality_check,.txt,11382
quality_check/decision_mock-44910-42ec35c5-dec-000024_request.txt,quality_check,.txt,13278
quality_check/decision_mock-44910-42ec35c5-dec-000024_response.txt,quality_check,.txt,13634
quality_check/decision_mock-44910-42ec35c5-dec-000025_request.txt,quality_check,.txt,12323
quality_check/decision_mock-44910-42ec35c5-dec-000025_response.txt,quality_check,.txt,19559
quality_check/decision_mock-44910-42ec35c5-dec-000026_request.txt,quality_check,.txt,11669
quality_check/decision_mock-44910-42ec35c5-dec-000026_response.txt,quality_check,.txt,4197
quality_check/decision_mock-44910-42ec35c5-dec-000027_request.txt,quality_check,.txt,11174
quality_check/decision_mock-44910-42ec35c5-dec-000027_response.txt,quality_check,.txt,3876
quality_check/decision_mock-44910-42ec35c5-dec-000028_request.txt,quality_check,.txt,11608
quality_check/decision_mock-44910-42ec35c5-dec-000028_response.txt,quality_check,.txt,9516
quality_check/decision_mock-44910-42ec35c5-dec-000029_request.txt,quality_check,.txt,13244
quality_check/decision_mock-44910-42ec35c5-dec-000029_response.txt,quality_check,.txt,13325
quality_check/decision_mock-44910-42ec35c5-dec-000030_request.txt,quality_check,.txt,12317
quality_check/decision_mock-44910-42ec35c5-dec-000030_response.txt,quality_check,.txt,4613
quality_check/decision_mock-44910-42ec35c5-dec-000031_request.txt,quality_check,.txt,12121
quality_check/decision_mock-44910-42ec35c5-dec-000031_response.txt,quality_check,.txt,8883
quality_check/decision_mock-44910-42ec35c5-dec-000032_request.txt,quality_check,.txt,12764
quality_check/decision_mock-44910-42ec35c5-dec-000032_response.txt,quality_check,.txt,9566
quality_check/decision_mock-44910-42ec35c5-dec-000033_request.txt,quality_check,.txt,12502
quality_check/decision_mock-44910-42ec35c5-dec-000033_response.txt,quality_check,.txt,14936
quality_check/decision_mock-44910-42ec35c5-dec-000034_request.txt,quality_check,.txt,13188
quality_check/decision_mock-44910-42ec35c5-dec-000034_response.txt,quality_check,.txt,3749
quality_check/decision_mock-44910-42ec35c5-dec-000035_request.txt,quality_check,.txt,14445
quality_check/decision_mock-44910-42ec35c5-dec-000035_response.txt,quality_check,.txt,12841
quality_check/decision_mock-44910-42ec35c5-dec-000036_request.txt,quality_check,.txt,13967
quality_check/decision_mock-44910-42ec35c5-dec-000036_response.txt,quality_check,.txt,8504
quality_check/decision_mock-44910-42ec35c5-dec-000037_request.txt,quality_check,.txt,11191
quality_check/decision_mock-44910-42ec35c5-dec-000037_response.txt,quality_check,.txt,5302
quality_check/decision_mock-44910-42ec35c5-dec-000038_request.txt,quality_check,.txt,12734
quality_check/decision_mock-44910-42ec35c5-dec-000038_response.txt,quality_check,.txt,4361
quality_check/decision_mock-44910-42ec35c5-dec-000039_request.txt,quality_check,.txt,11719
quality_check/decision_mock-44910-42ec35c5-dec-000039_response.txt,quality_check,.txt,4230
quality_check/decision_mock-44910-42ec35c5-dec-000040_request.txt,quality_check,.txt,13348
quality_check/decision_mock-44910-42ec35c5-dec-000040_response.txt,quality_check,.txt,3820
quality_check/decision_mock-44910-42ec35c5-dec-000041_request.txt,quality_check,.txt,13264
quality_check/decision_mock-44910-42ec35c5-dec-000041_response.txt,quality_check,.txt,3378
quality_check/decision_mock-44910-42ec35c5-dec-000042_request.txt,quality_check,.txt,13158
quality_check/decision_mock-44910-42ec35c5-dec-000042_response.txt,quality_check,.txt,3974
quality_check/decision_mock-44910-42ec35c5-dec-000043_request.txt,quality_check,.txt,13079
quality_check/decision_mock-44910-42ec35c5-dec-000043_response.txt,quality_check,.txt,13776
quality_check/decision_mock-44910-42ec35c5-dec-000044_request.txt,quality_check,.txt,13129
quality_check/decision_mock-44910-42ec35c5-dec-000044_response.txt,quality_check,.txt,5956
quality_check/decision_mock-44910-42ec35c5-dec-000045_request.txt,quality_check,.txt,12184
quality_check/decision_mock-44910-42ec35c5-dec-000045_response.txt,quality_check,.txt,4996
quality_check/decision_mock-44910-42ec35c5-dec-000046_request.txt,quality_check,.txt,12170
quality_check/decision_mock-44910-42ec35c5-dec-000046_response.txt,quality_check,.txt,8106
quality_check/decision_mock-44910-42ec35c5-dec-000047_request.txt,quality_check,.txt,13581
quality_check/decision_mock-44910-42ec35c5-dec-000047_response.txt,quality_check,.txt,10117
quality_check/decision_mock-44910-42ec35c5-dec-000048_request.txt,quality_check,.txt,13654
quality_check/decision_mock-44910-42ec35c5-dec-000048_response.txt,quality_check,.txt,3858
quality_check/decision_mock-44910-42ec35c5-dec-000049_request.txt,quality_check,.txt,12389
quality_check/decision_mock-44910-42ec35c5-dec-000049_response.txt,quality_check,.txt,9174
quality_check/decision_mock-44910-42ec35c5-dec-000050_request.txt,quality_check,.txt,13829
quality_check/decision_mock-44910-42ec35c5-dec-000050_response.txt,quality_check,.txt,3872
quality_check/decision_mock-44910-42ec35c5-dec-000051_request.txt,quality_check,.txt,12644
quality_check/decision_mock-44910-42ec35c5-dec-000051_response.txt,quality_check,.txt,3710
quality_check/decision_mock-44910-42ec35c5-dec-000052_request.txt,quality_check,.txt,14556
quality_check/decision_mock-44910-42ec35c5-dec-000052_response.txt,quality_check,.txt,57660
quality_check/decision_mock-44910-42ec35c5-dec-000053_request.txt,quality_check,.txt,13247
quality_check/decision_mock-44910-42ec35c5-dec-000053_response.txt,quality_check,.txt,5008
quality_check/decision_mock-44910-42ec35c5-dec-000054_request.txt,quality_check,.txt,14994
quality_check/decision_mock-44910-42ec35c5-dec-000054_response.txt,quality_check,.txt,35763
quality_check/decision_mock-44910-42ec35c5-dec-000055_request.txt,quality_check,.txt,13752
quality_check/decision_mock-44910-42ec35c5-dec-000055_response.txt,quality_check,.txt,4975
quality_check/decision_mock-44910-42ec35c5-dec-000056_request.txt,quality_check,.txt,15318
quality_check/decision_mock-44910-42ec35c5-dec-000056_response.txt,quality_check,.txt,25006
quality_check/decision_mock-44910-42ec35c5-dec-000057_request.txt,quality_check,.txt,14311
quality_check/decision_mock-44910-42ec35c5-dec-000057_response.txt,quality_check,.txt,6008
quality_check/decision_mock-44910-42ec35c5-dec-000058_request.txt,quality_check,.txt,15704
quality_check/decision_mock-44910-42ec35c5-dec-000058_response.txt,quality_check,.txt,18777
quality_check/decision_mock-44910-42ec35c5-dec-000059_request.txt,quality_check,.txt,13617
quality_check/decision_mock-44910-42ec35c5-dec-000059_response.txt,quality_check,.txt,4494
quality_check/decision_mock-44910-42ec35c5-dec-000060_request.txt,quality_check,.txt,14226
quality_check/decision_mock-44910-42ec35c5-dec-000060_response.txt,quality_check,.txt,8221
quality_check/decision_mock-44910-42ec35c5-dec-000061_request.txt,quality_check,.txt,14154
quality_check/decision_mock-44910-42ec35c5-dec-000061_response.txt,quality_check,.txt,10745
quality_check/decision_mock-44910-42ec35c5-dec-000062_request.txt,quality_check,.txt,14646
quality_check/decision_mock-44910-42ec35c5-dec-000062_response.txt,quality_check,.txt,3897
quality_check/decision_mock-44910-42ec35c5-dec-000063_request.txt,quality_check,.txt,14423
quality_check/decision_mock-44910-42ec35c5-dec-000063_response.txt,quality_check,.txt,14319
quality_check/decision_mock-44910-42ec35c5-dec-000064_request.txt,quality_check,.txt,14922
quality_check/decision_mock-44910-42ec35c5-dec-000064_response.txt,quality_check,.txt,4435
quality_check/decision_mock-44910-42ec35c5-dec-000065_request.txt,quality_check,.txt,14575
quality_check/decision_mock-44910-42ec35c5-dec-000065_response.txt,quality_check,.txt,23713
quality_check/decision_mock-44910-42ec35c5-dec-000066_request.txt,quality_check,.txt,15195
quality_check/decision_mock-44910-42ec35c5-dec-000066_response.txt,quality_check,.txt,4387
quality_check/decision_mock-44910-42ec35c5-dec-000067_request.txt,quality_check,.txt,14891
quality_check/decision_mock-44910-42ec35c5-dec-000067_response.txt,quality_check,.txt,18860
quality_check/decision_mock-44910-42ec35c5-dec-000068_request.txt,quality_check,.txt,15626
quality_check/decision_mock-44910-42ec35c5-dec-000068_response.txt,quality_check,.txt,3529
quality_check/decision_mock-44910-42ec35c5-dec-000069_request.txt,quality_check,.txt,15398
quality_check/decision_mock-44910-42ec35c5-dec-000069_response.txt,quality_check,.txt,3301
quality_check/decision_mock-44910-42ec35c5-dec-000070_request.txt,quality_check,.txt,16240
quality_check/decision_mock-44910-42ec35c5-dec-000070_response.txt,quality_check,.txt,25208
quality_check/decision_mock-44910-42ec35c5-dec-000071_request.txt,quality_check,.txt,14784
quality_check/decision_mock-44910-42ec35c5-dec-000071_response.txt,quality_check,.txt,7037
quality_check/decision_mock-44910-42ec35c5-dec-000072_request.txt,quality_check,.txt,14709
quality_check/decision_mock-44910-42ec35c5-dec-000072_response.txt,quality_check,.txt,6843
quality_check/decision_mock-44910-42ec35c5-dec-000073_request.txt,quality_check,.txt,15853
quality_check/decision_mock-44910-42ec35c5-dec-000073_response.txt,quality_check,.txt,11983
quality_check/decision_mock-44910-42ec35c5-dec-000074_request.txt,quality_check,.txt,13972
quality_check/decision_mock-44910-42ec35c5-dec-000074_response.txt,quality_check,.txt,5136
quality_check/decision_mock-44910-42ec35c5-dec-000075_request.txt,quality_check,.txt,14489
quality_check/decision_mock-44910-42ec35c5-dec-000075_response.txt,quality_check,.txt,8223
quality_check/decision_mock-44910-42ec35c5-dec-000076_request.txt,quality_check,.txt,15799
quality_check/decision_mock-44910-42ec35c5-dec-000076_response.txt,quality_check,.txt,9928
quality_check/decision_mock-44910-42ec35c5-dec-000077_request.txt,quality_check,.txt,13815
quality_check/decision_mock-44910-42ec35c5-dec-000077_response.txt,quality_check,.txt,3732
quality_check/decision_mock-44910-42ec35c5-dec-000078_request.txt,quality_check,.txt,13660
quality_check/decision_mock-44910-42ec35c5-dec-000078_response.txt,quality_check,.txt,3578
quality_check/decision_mock-44910-42ec35c5-dec-000079_request.txt,quality_check,.txt,15283
quality_check/decision_mock-44910-42ec35c5-dec-000079_response.txt,quality_check,.txt,3687
quality_check/decision_mock-44910-42ec35c5-dec-000080_request.txt,quality_check,.txt,13352
quality_check/decision_mock-44910-42ec35c5-dec-000080_response.txt,quality_check,.txt,4605
quality_check/decision_mock-44910-42ec35c5-dec-000081_request.txt,quality_check,.txt,14511
quality_check/decision_mock-44910-42ec35c5-dec-000081_response.txt,quality_check,.txt,5104
quality_check/decision_mock-44910-42ec35c5-dec-000082_request.txt,quality_check,.txt,14150
quality_check/decision_mock-44910-42ec35c5-dec-000082_response.txt,quality_check,.txt,16314
quality_check/decision_mock-44910-42ec35c5-dec-000083_request.txt,quality_check,.txt,13884
quality_check/decision_mock-44910-42ec35c5-dec-000083_response.txt,quality_check,.txt,15938
quality_check/decision_mock-44910-42ec35c5-dec-000084_request.txt,quality_check,.txt,15000
quality_check/decision_mock-44910-42ec35c5-dec-000084_response.txt,quality_check,.txt,16296
quality_check/decision_mock-44910-42ec35c5-dec-000085_request.txt,quality_check,.txt,14134
quality_check/decision_mock-44910-42ec35c5-dec-000085_response.txt,quality_check,.txt,7069
quality_check/decision_mock-44910-42ec35c5-dec-000086_request.txt,quality_check,.txt,15567
quality_check/decision_mock-44910-42ec35c5-dec-000086_response.txt,quality_check,.txt,8962
quality_check/decision_mock-44910-42ec35c5-dec-000087_request.txt,quality_check,.txt,14298
quality_check/decision_mock-44910-42ec35c5-dec-000087_response.txt,quality_check,.txt,4477
quality_check/decision_mock-44910-42ec35c5-dec-000088_request.txt,quality_check,.txt,13482
quality_check/decision_mock-44910-42ec35c5-dec-000088_response.txt,quality_check,.txt,9500
quality_check/decision_mock-44910-42ec35c5-dec-000089_request.txt,quality_check,.txt,13791
quality_check/decision_mock-44910-42ec35c5-dec-000089_response.txt,quality_check,.txt,4914
quality_check/decision_mock-44910-42ec35c5-dec-000090_request.txt,quality_check,.txt,13775
quality_check/decision_mock-44910-42ec35c5-dec-000090_response.txt,quality_check,.txt,15189
quality_check/decision_mock-44910-42ec35c5-dec-000091_request.txt,quality_check,.txt,13563
quality_check/decision_mock-44910-42ec35c5-dec-000091_response.txt,quality_check,.txt,12634
quality_check/decision_mock-44910-42ec35c5-dec-000092_request.txt,quality_check,.txt,14659
quality_check/decision_mock-44910-42ec35c5-dec-000092_response.txt,quality_check,.txt,5842
quality_check/decision_mock-44910-42ec35c5-dec-000093_request.txt,quality_check,.txt,13140
quality_check/decision_mock-44910-42ec35c5-dec-000093_response.txt,quality_check,.txt,6635
quality_check/decision_mock-44910-42ec35c5-dec-000094_request.txt,quality_check,.txt,12725
quality_check/decision_mock-44910-42ec35c5-dec-000094_response.txt,quality_check,.txt,15287
quality_check/decision_mock-44910-42ec35c5-dec-000095_request.txt,quality_check,.txt,13841
quality_check/decision_mock-44910-42ec35c5-dec-000095_response.txt,quality_check,.txt,15386
quality_check/decision_mock-44910-42ec35c5-dec-000096_request.txt,quality_check,.txt,14972
quality_check/decision_mock-44910-42ec35c5-dec-000096_response.txt,quality_check,.txt,6765
quality_check/decision_mock-44910-42ec35c5-dec-000097_request.txt,quality_check,.txt,13636
quality_check/decision_mock-44910-42ec35c5-dec-000097_response.txt,quality_check,.txt,5343
quality_check/decision_mock-44910-42ec35c5-dec-000098_request.txt,quality_check,.txt,13344
quality_check/decision_mock-44910-42ec35c5-dec-000098_response.txt,quality_check,.txt,6564
quality_check/decision_mock-44910-42ec35c5-dec-000099_request.txt,quality_check,.txt,15651
quality_check/decision_mock-44910-42ec35c5-dec-000099_response.txt,quality_check,.txt,5498
quality_check/decision_mock-44910-42ec35c5-dec-000100_request.txt,quality_check,.txt,14015
quality_check/decision_mock-44910-42ec35c5-dec-000100_response.txt,quality_check,.txt,5162
quality_check/decision_mock-44910-42ec35c5-dec-000101_request.txt,quality_check,.txt,15978
quality_check/decision_mock-44910-42ec35c5-dec-000101_response.txt,quality_check,.txt,8963
quality_check/decision_mock-44910-42ec35c5-dec-000102_request.txt,quality_check,.txt,14150
quality_check/decision_mock-44910-42ec35c5-dec-000102_response.txt,quality_check,.txt,5268
quality_check/decision_mock-44910-42ec35c5-dec-000103_request.txt,quality_check,.txt,16261
quality_check/decision_mock-44910-42ec35c5-dec-000103_response.txt,quality_check,.txt,11996
quality_check/decision_mock-44910-42ec35c5-dec-000104_request.txt,quality_check,.txt,14352
quality_check/decision_mock-44910-42ec35c5-dec-000104_response.txt,quality_check,.txt,5237
quality_check/decision_mock-44910-42ec35c5-dec-000105_request.txt,quality_check,.txt,16773
quality_check/decision_mock-44910-42ec35c5-dec-000105_response.txt,quality_check,.txt,9211
quality_check/decision_mock-44910-42ec35c5-dec-000106_request.txt,quality_check,.txt,15404
quality_check/decision_mock-44910-42ec35c5-dec-000106_response.txt,quality_check,.txt,19956
quality_check/decision_mock-44910-42ec35c5-dec-000107_request.txt,quality_check,.txt,17166
quality_check/decision_mock-44910-42ec35c5-dec-000107_response.txt,quality_check,.txt,21843
quality_check/decision_mock-44910-42ec35c5-dec-000108_request.txt,quality_check,.txt,14677
quality_check/decision_mock-44910-42ec35c5-dec-000108_response.txt,quality_check,.txt,5029
quality_check/decision_mock-44910-42ec35c5-dec-000109_request.txt,quality_check,.txt,14042
quality_check/decision_mock-44910-42ec35c5-dec-000109_response.txt,quality_check,.txt,4441
quality_check/decision_mock-44910-42ec35c5-dec-000110_request.txt,quality_check,.txt,15130
quality_check/decision_mock-44910-42ec35c5-dec-000110_response.txt,quality_check,.txt,53290
quality_check/decision_mock-44910-42ec35c5-dec-000111_request.txt,quality_check,.txt,14243
quality_check/decision_mock-44910-42ec35c5-dec-000111_response.txt,quality_check,.txt,5866
quality_check/decision_mock-44910-42ec35c5-dec-000112_request.txt,quality_check,.txt,15196
quality_check/decision_mock-44910-42ec35c5-dec-000112_response.txt,quality_check,.txt,26535
quality_check/decision_mock-44910-42ec35c5-dec-000113_request.txt,quality_check,.txt,17116
quality_check/decision_mock-44910-42ec35c5-dec-000113_response.txt,quality_check,.txt,13842
quality_check/decision_mock-44910-42ec35c5-dec-000114_request.txt,quality_check,.txt,17135
quality_check/decision_mock-44910-42ec35c5-dec-000114_response.txt,quality_check,.txt,11012
quality_check/decision_mock-44910-42ec35c5-dec-000115_request.txt,quality_check,.txt,12927
quality_check/decision_mock-44910-42ec35c5-dec-000115_response.txt,quality_check,.txt,4098
quality_check/decision_mock-44910-42ec35c5-dec-000116_request.txt,quality_check,.txt,12805
quality_check/decision_mock-44910-42ec35c5-dec-000116_response.txt,quality_check,.txt,13882
quality_check/decision_mock-44910-42ec35c5-dec-000117_request.txt,quality_check,.txt,13982
quality_check/decision_mock-44910-42ec35c5-dec-000117_response.txt,quality_check,.txt,13121
quality_check/decision_mock-44910-42ec35c5-dec-000118_request.txt,quality_check,.txt,16060
quality_check/decision_mock-44910-42ec35c5-dec-000118_response.txt,quality_check,.txt,7222
quality_check/decision_mock-44910-42ec35c5-dec-000119_request.txt,quality_check,.txt,13364
quality_check/decision_mock-44910-42ec35c5-dec-000119_response.txt,quality_check,.txt,4122
quality_check/decision_mock-44910-42ec35c5-dec-000120_request.txt,quality_check,.txt,13028
quality_check/decision_mock-44910-42ec35c5-dec-000120_response.txt,quality_check,.txt,4546
quality_check/decision_mock-44910-42ec35c5-dec-000121_request.txt,quality_check,.txt,16249
quality_check/decision_mock-44910-42ec35c5-dec-000121_response.txt,quality_check,.txt,11777
quality_check/decision_mock-44910-42ec35c5-dec-000122_request.txt,quality_check,.txt,13870
quality_check/decision_mock-44910-42ec35c5-dec-000122_response.txt,quality_check,.txt,5181
quality_check/decision_mock-44910-42ec35c5-dec-000123_request.txt,quality_check,.txt,16695
quality_check/decision_mock-44910-42ec35c5-dec-000123_response.txt,quality_check,.txt,6546
quality_check/decision_mock-44910-42ec35c5-dec-000124_request.txt,quality_check,.txt,13939
quality_check/decision_mock-44910-42ec35c5-dec-000124_response.txt,quality_check,.txt,3174
quality_check/decision_mock-44910-42ec35c5-dec-000125_request.txt,quality_check,.txt,14562
quality_check/decision_mock-44910-42ec35c5-dec-000125_response.txt,quality_check,.txt,6412
quality_check/decision_mock-44910-42ec35c5-dec-000126_request.txt,quality_check,.txt,12995
quality_check/decision_mock-44910-42ec35c5-dec-000126_response.txt,quality_check,.txt,11516
quality_check/decision_mock-44910-42ec35c5-dec-000127_request.txt,quality_check,.txt,14044
quality_check/decision_mock-44910-42ec35c5-dec-000127_response.txt,quality_check,.txt,11233
quality_check/decision_mock-44910-42ec35c5-dec-000128_request.txt,quality_check,.txt,16041
quality_check/decision_mock-44910-42ec35c5-dec-000128_response.txt,quality_check,.txt,7279
quality_check/decision_mock-44910-42ec35c5-dec-000129_request.txt,quality_check,.txt,13351
quality_check/decision_mock-44910-42ec35c5-dec-000129_response.txt,quality_check,.txt,6882
quality_check/decision_mock-44910-42ec35c5-dec-000129_retry1_request.txt,quality_check,.txt,13501
quality_check/decision_mock-44910-42ec35c5-dec-000129_retry1_response.txt,quality_check,.txt,5294
quality_check/decision_mock-44910-42ec35c5-dec-000130_request.txt,quality_check,.txt,13163
quality_check/decision_mock-44910-42ec35c5-dec-000130_response.txt,quality_check,.txt,11115
quality_check/decision_mock-44910-42ec35c5-dec-000131_request.txt,quality_check,.txt,16234
quality_check/decision_mock-44910-42ec35c5-dec-000131_response.txt,quality_check,.txt,5520
quality_check/decision_mock-44910-42ec35c5-dec-000132_request.txt,quality_check,.txt,13247
quality_check/decision_mock-44910-42ec35c5-dec-000132_response.txt,quality_check,.txt,7746
quality_check/decision_mock-44910-42ec35c5-dec-000133_request.txt,quality_check,.txt,13996
quality_check/decision_mock-44910-42ec35c5-dec-000133_response.txt,quality_check,.txt,33746
quality_check/decision_mock-44910-42ec35c5-dec-000134_request.txt,quality_check,.txt,13876
quality_check/decision_mock-44910-42ec35c5-dec-000134_response.txt,quality_check,.txt,5013
quality_check/decision_mock-44910-42ec35c5-dec-000135_request.txt,quality_check,.txt,14116
quality_check/decision_mock-44910-42ec35c5-dec-000135_response.txt,quality_check,.txt,32497
quality_check/decision_mock-44910-42ec35c5-dec-000136_request.txt,quality_check,.txt,14114
quality_check/decision_mock-44910-42ec35c5-dec-000136_response.txt,quality_check,.txt,4099
quality_check/decision_mock-44910-42ec35c5-dec-000137_request.txt,quality_check,.txt,14354
quality_check/decision_mock-44910-42ec35c5-dec-000137_response.txt,quality_check,.txt,34316
quality_check/decision_mock-44910-42ec35c5-dec-000138_request.txt,quality_check,.txt,14264
quality_check/decision_mock-44910-42ec35c5-dec-000138_response.txt,quality_check,.txt,5120
quality_check/decision_mock-44910-42ec35c5-dec-000139_request.txt,quality_check,.txt,14535
quality_check/decision_mock-44910-42ec35c5-dec-000139_response.txt,quality_check,.txt,14846
quality_check/decision_mock-44910-42ec35c5-dec-000140_request.txt,quality_check,.txt,14560
quality_check/decision_mock-44910-42ec35c5-dec-000140_response.txt,quality_check,.txt,4173
quality_check/decision_mock-44910-42ec35c5-dec-000140_retry1_request.txt,quality_check,.txt,14710
quality_check/decision_mock-44910-42ec35c5-dec-000140_retry1_response.txt,quality_check,.txt,4970
quality_check/decision_mock-44910-42ec35c5-dec-000141_request.txt,quality_check,.txt,14813
quality_check/decision_mock-44910-42ec35c5-dec-000141_response.txt,quality_check,.txt,6101
quality_check/decision_mock-44910-42ec35c5-dec-000142_request.txt,quality_check,.txt,15877
quality_check/decision_mock-44910-42ec35c5-dec-000142_response.txt,quality_check,.txt,16380
quality_check/decision_mock-44910-42ec35c5-dec-000143_request.txt,quality_check,.txt,17589
quality_check/decision_mock-44910-42ec35c5-dec-000143_response.txt,quality_check,.txt,20050
quality_check/decision_mock-44910-42ec35c5-dec-000144_request.txt,quality_check,.txt,15499
quality_check/decision_mock-44910-42ec35c5-dec-000144_response.txt,quality_check,.txt,10786
quality_check/decision_mock-44910-42ec35c5-dec-000145_request.txt,quality_check,.txt,17648
quality_check/decision_mock-44910-42ec35c5-dec-000145_response.txt,quality_check,.txt,16969
quality_check/decision_mock-44910-42ec35c5-dec-000146_request.txt,quality_check,.txt,13781
quality_check/decision_mock-44910-42ec35c5-dec-000146_response.txt,quality_check,.txt,4111
quality_check/decision_mock-44910-42ec35c5-dec-000147_request.txt,quality_check,.txt,15152
quality_check/decision_mock-44910-42ec35c5-dec-000147_response.txt,quality_check,.txt,4765
quality_check/decision_mock-44910-42ec35c5-dec-000148_request.txt,quality_check,.txt,13666
quality_check/decision_mock-44910-42ec35c5-dec-000148_response.txt,quality_check,.txt,8994
quality_check/decision_mock-44910-42ec35c5-dec-000149_request.txt,quality_check,.txt,14767
quality_check/decision_mock-44910-42ec35c5-dec-000149_response.txt,quality_check,.txt,22962
quality_check/decision_mock-44910-42ec35c5-dec-000150_request.txt,quality_check,.txt,16517
quality_check/decision_mock-44910-42ec35c5-dec-000150_response.txt,quality_check,.txt,5923
quality_check/decision_mock-44910-42ec35c5-dec-000151_request.txt,quality_check,.txt,14194
quality_check/decision_mock-44910-42ec35c5-dec-000151_response.txt,quality_check,.txt,7956
quality_check/decision_mock-44910-42ec35c5-dec-000152_request.txt,quality_check,.txt,13928
quality_check/decision_mock-44910-42ec35c5-dec-000152_response.txt,quality_check,.txt,9972
quality_check/decision_mock-44910-42ec35c5-dec-000153_request.txt,quality_check,.txt,14573
quality_check/decision_mock-44910-42ec35c5-dec-000153_response.txt,quality_check,.txt,19929
quality_check/decision_mock-44910-42ec35c5-dec-000154_request.txt,quality_check,.txt,14973
quality_check/decision_mock-44910-42ec35c5-dec-000154_response.txt,quality_check,.txt,16760
quality_check/decision_mock-44910-42ec35c5-dec-000155_request.txt,quality_check,.txt,16545
quality_check/decision_mock-44910-42ec35c5-dec-000155_response.txt,quality_check,.txt,9169
quality_check/decision_mock-44910-42ec35c5-dec-000156_request.txt,quality_check,.txt,15037
quality_check/decision_mock-44910-42ec35c5-dec-000156_response.txt,quality_check,.txt,10127
quality_check/decision_mock-44910-42ec35c5-dec-000157_request.txt,quality_check,.txt,16898
quality_check/decision_mock-44910-42ec35c5-dec-000157_response.txt,quality_check,.txt,28182
quality_check/decision_mock-44910-42ec35c5-dec-000158_request.txt,quality_check,.txt,14619
quality_check/decision_mock-44910-42ec35c5-dec-000158_response.txt,quality_check,.txt,8546
quality_check/decision_mock-44910-42ec35c5-dec-000159_request.txt,quality_check,.txt,16818
quality_check/decision_mock-44910-42ec35c5-dec-000159_response.txt,quality_check,.txt,7568
quality_check/decision_mock-44910-42ec35c5-dec-000159_retry1_request.txt,quality_check,.txt,16999
quality_check/decision_mock-44910-42ec35c5-dec-000159_retry1_response.txt,quality_check,.txt,18982
quality_check/decision_mock-44910-42ec35c5-dec-000160_request.txt,quality_check,.txt,15176
quality_check/decision_mock-44910-42ec35c5-dec-000160_response.txt,quality_check,.txt,4582
quality_check/decision_mock-44910-42ec35c5-dec-000161_request.txt,quality_check,.txt,16991
quality_check/decision_mock-44910-42ec35c5-dec-000161_response.txt,quality_check,.txt,8201
quality_check/decision_mock-44910-42ec35c5-dec-000162_request.txt,quality_check,.txt,13639
quality_check/decision_mock-44910-42ec35c5-dec-000162_response.txt,quality_check,.txt,3708
quality_check/decision_mock-44910-42ec35c5-dec-000163_request.txt,quality_check,.txt,13741
quality_check/decision_mock-44910-42ec35c5-dec-000163_response.txt,quality_check,.txt,22554
quality_check/decision_mock-44910-42ec35c5-dec-000164_request.txt,quality_check,.txt,14995
quality_check/decision_mock-44910-42ec35c5-dec-000164_response.txt,quality_check,.txt,10637
quality_check/decision_mock-44910-42ec35c5-dec-000165_request.txt,quality_check,.txt,16008
quality_check/decision_mock-44910-42ec35c5-dec-000165_response.txt,quality_check,.txt,6795
quality_check/decision_mock-44910-42ec35c5-dec-000166_request.txt,quality_check,.txt,14438
quality_check/decision_mock-44910-42ec35c5-dec-000166_response.txt,quality_check,.txt,3598
quality_check/decision_mock-44910-42ec35c5-dec-000167_request.txt,quality_check,.txt,14077
quality_check/decision_mock-44910-42ec35c5-dec-000167_response.txt,quality_check,.txt,8909
quality_check/decision_mock-44910-42ec35c5-dec-000168_request.txt,quality_check,.txt,16320
quality_check/decision_mock-44910-42ec35c5-dec-000168_response.txt,quality_check,.txt,6003
quality_check/decision_mock-44910-42ec35c5-dec-000169_request.txt,quality_check,.txt,14270
quality_check/decision_mock-44910-42ec35c5-dec-000169_response.txt,quality_check,.txt,8576
quality_check/decision_mock-44910-42ec35c5-dec-000170_request.txt,quality_check,.txt,16529
quality_check/decision_mock-44910-42ec35c5-dec-000170_response.txt,quality_check,.txt,9251
quality_check/decision_mock-44910-42ec35c5-dec-000171_request.txt,quality_check,.txt,15548
quality_check/decision_mock-44910-42ec35c5-dec-000171_response.txt,quality_check,.txt,5959
quality_check/decision_mock-44910-42ec35c5-dec-000172_request.txt,quality_check,.txt,15228
quality_check/decision_mock-44910-42ec35c5-dec-000172_response.txt,quality_check,.txt,5023
quality_check/decision_mock-44910-42ec35c5-dec-000173_request.txt,quality_check,.txt,16019
quality_check/decision_mock-44910-42ec35c5-dec-000173_response.txt,quality_check,.txt,14021
quality_check/decision_mock-44910-42ec35c5-dec-000174_request.txt,quality_check,.txt,16924
quality_check/decision_mock-44910-42ec35c5-dec-000174_response.txt,quality_check,.txt,14475
quality_check/decision_mock-44910-42ec35c5-dec-000175_request.txt,quality_check,.txt,14602
quality_check/decision_mock-44910-42ec35c5-dec-000175_response.txt,quality_check,.txt,7131
quality_check/decision_mock-44910-42ec35c5-dec-000176_request.txt,quality_check,.txt,14031
quality_check/decision_mock-44910-42ec35c5-dec-000176_response.txt,quality_check,.txt,16240
quality_check/decision_mock-44910-42ec35c5-dec-000177_request.txt,quality_check,.txt,14382
quality_check/decision_mock-44910-42ec35c5-dec-000177_response.txt,quality_check,.txt,31420
quality_check/decision_mock-44910-42ec35c5-dec-000178_request.txt,quality_check,.txt,14508
quality_check/decision_mock-44910-42ec35c5-dec-000178_response.txt,quality_check,.txt,18404
quality_check/decision_mock-44910-42ec35c5-dec-000179_request.txt,quality_check,.txt,13915
quality_check/decision_mock-44910-42ec35c5-dec-000179_response.txt,quality_check,.txt,15885
quality_check/decision_mock-44910-42ec35c5-dec-000180_request.txt,quality_check,.txt,15159
quality_check/decision_mock-44910-42ec35c5-dec-000180_response.txt,quality_check,.txt,34211
quality_check/decision_mock-44910-42ec35c5-dec-000181_request.txt,quality_check,.txt,16458
quality_check/decision_mock-44910-42ec35c5-dec-000181_response.txt,quality_check,.txt,26591
quality_check/decision_mock-44910-42ec35c5-dec-000182_request.txt,quality_check,.txt,15106
quality_check/decision_mock-44910-42ec35c5-dec-000182_response.txt,quality_check,.txt,30970
quality_check/decision_mock-44910-42ec35c5-dec-000183_request.txt,quality_check,.txt,17125
quality_check/decision_mock-44910-42ec35c5-dec-000183_response.txt,quality_check,.txt,17295
quality_check/decision_mock-44910-42ec35c5-dec-000184_request.txt,quality_check,.txt,14544
quality_check/decision_mock-44910-42ec35c5-dec-000184_response.txt,quality_check,.txt,8842
quality_check/decision_mock-44910-42ec35c5-dec-000184_retry1_request.txt,quality_check,.txt,14725
quality_check/decision_mock-44910-42ec35c5-dec-000184_retry1_response.txt,quality_check,.txt,6970
quality_check/decision_mock-44910-42ec35c5-dec-000185_request.txt,quality_check,.txt,17629
quality_check/decision_mock-44910-42ec35c5-dec-000185_response.txt,quality_check,.txt,19230
quality_check/decision_mock-44910-42ec35c5-dec-000186_request.txt,quality_check,.txt,16215
quality_check/decision_mock-44910-42ec35c5-dec-000186_response.txt,quality_check,.txt,14684
quality_check/decision_mock-44910-42ec35c5-dec-000187_request.txt,quality_check,.txt,18465
quality_check/decision_mock-44910-42ec35c5-dec-000187_response.txt,quality_check,.txt,22157
quality_check/decision_mock-44910-42ec35c5-dec-000188_request.txt,quality_check,.txt,16924
quality_check/decision_mock-44910-42ec35c5-dec-000188_response.txt,quality_check,.txt,7647
quality_check/decision_mock-44910-42ec35c5-dec-000189_request.txt,quality_check,.txt,16857
quality_check/decision_mock-44910-42ec35c5-dec-000189_response.txt,quality_check,.txt,4608
quality_check/decision_mock-44910-42ec35c5-dec-000190_request.txt,quality_check,.txt,16102
quality_check/decision_mock-44910-42ec35c5-dec-000190_response.txt,quality_check,.txt,11562
quality_check/decision_mock-44910-42ec35c5-dec-000191_request.txt,quality_check,.txt,16808
quality_check/decision_mock-44910-42ec35c5-dec-000191_response.txt,quality_check,.txt,15273
quality_check/decision_mock-44910-42ec35c5-dec-000192_request.txt,quality_check,.txt,17517
quality_check/decision_mock-44910-42ec35c5-dec-000192_response.txt,quality_check,.txt,9716
quality_check/decision_mock-44910-42ec35c5-dec-000193_request.txt,quality_check,.txt,19128
quality_check/decision_mock-44910-42ec35c5-dec-000193_response.txt,quality_check,.txt,27359
quality_check/decision_mock-44910-42ec35c5-dec-000194_request.txt,quality_check,.txt,15928
quality_check/decision_mock-44910-42ec35c5-dec-000194_response.txt,quality_check,.txt,13668
quality_check/decision_mock-44910-42ec35c5-dec-000195_request.txt,quality_check,.txt,19449
quality_check/decision_mock-44910-42ec35c5-dec-000195_response.txt,quality_check,.txt,29508
quality_check/decision_mock-44910-42ec35c5-dec-000196_request.txt,quality_check,.txt,19880
quality_check/decision_mock-44910-42ec35c5-dec-000196_response.txt,quality_check,.txt,14332
quality_check/decision_mock-44910-42ec35c5-dec-000197_request.txt,quality_check,.txt,20579
quality_check/decision_mock-44910-42ec35c5-dec-000197_response.txt,quality_check,.txt,22921
quality_check/decision_mock-44910-42ec35c5-dec-000198_request.txt,quality_check,.txt,21066
quality_check/decision_mock-44910-42ec35c5-dec-000198_response.txt,quality_check,.txt,9334
quality_check/decision_mock-44910-42ec35c5-dec-000199_request.txt,quality_check,.txt,20595
quality_check/decision_mock-44910-42ec35c5-dec-000199_response.txt,quality_check,.txt,9560
quality_check/decision_mock-44910-42ec35c5-dec-000200_request.txt,quality_check,.txt,17789
quality_check/decision_mock-44910-42ec35c5-dec-000200_response.txt,quality_check,.txt,4577
quality_check/decision_mock-44910-42ec35c5-dec-000201_request.txt,quality_check,.txt,16335
quality_check/decision_mock-44910-42ec35c5-dec-000201_response.txt,quality_check,.txt,18558
quality_check/decision_mock-44910-42ec35c5-dec-000202_request.txt,quality_check,.txt,16291
quality_check/decision_mock-44910-42ec35c5-dec-000202_response.txt,quality_check,.txt,5700
quality_check/decision_mock-44910-42ec35c5-dec-000203_request.txt,quality_check,.txt,16155
quality_check/decision_mock-44910-42ec35c5-dec-000203_response.txt,quality_check,.txt,15257
quality_check/decision_mock-44910-42ec35c5-dec-000204_request.txt,quality_check,.txt,15838
quality_check/decision_mock-44910-42ec35c5-dec-000204_response.txt,quality_check,.txt,3519
quality_check/decision_mock-44910-42ec35c5-dec-000205_request.txt,quality_check,.txt,15949
quality_check/decision_mock-44910-42ec35c5-dec-000205_response.txt,quality_check,.txt,12254
quality_check/decision_mock-44910-42ec35c5-dec-000206_request.txt,quality_check,.txt,15778
quality_check/decision_mock-44910-42ec35c5-dec-000206_response.txt,quality_check,.txt,5153
quality_check/decision_mock-44910-42ec35c5-dec-000207_request.txt,quality_check,.txt,16036
quality_check/decision_mock-44910-42ec35c5-dec-000207_response.txt,quality_check,.txt,31380
quality_check/decision_mock-44910-42ec35c5-dec-000208_request.txt,quality_check,.txt,15979
quality_check/decision_mock-44910-42ec35c5-dec-000208_response.txt,quality_check,.txt,4217
quality_check/decision_mock-44910-42ec35c5-dec-000209_request.txt,quality_check,.txt,16327
quality_check/decision_mock-44910-42ec35c5-dec-000209_response.txt,quality_check,.txt,21637
quality_check/decision_mock-44910-42ec35c5-dec-000210_request.txt,quality_check,.txt,16378
quality_check/decision_mock-44910-42ec35c5-dec-000210_response.txt,quality_check,.txt,4567
quality_check/decision_mock-44910-42ec35c5-dec-000211_request.txt,quality_check,.txt,16679
quality_check/decision_mock-44910-42ec35c5-dec-000211_response.txt,quality_check,.txt,25647
quality_check/decision_mock-44910-42ec35c5-dec-000212_request.txt,quality_check,.txt,16539
quality_check/decision_mock-44910-42ec35c5-dec-000212_response.txt,quality_check,.txt,4556
quality_check/decision_mock-44910-42ec35c5-dec-000213_request.txt,quality_check,.txt,16442
quality_check/decision_mock-44910-42ec35c5-dec-000213_response.txt,quality_check,.txt,6470
quality_check/decision_mock-44910-42ec35c5-dec-000214_request.txt,quality_check,.txt,16677
quality_check/decision_mock-44910-42ec35c5-dec-000214_response.txt,quality_check,.txt,16237
quality_check/decision_mock-44910-42ec35c5-dec-000215_request.txt,quality_check,.txt,18786
quality_check/decision_mock-44910-42ec35c5-dec-000215_response.txt,quality_check,.txt,14497
quality_check/decision_mock-44910-42ec35c5-dec-000216_request.txt,quality_check,.txt,16381
quality_check/decision_mock-44910-42ec35c5-dec-000216_response.txt,quality_check,.txt,32679
quality_check/decision_mock-44910-42ec35c5-dec-000217_request.txt,quality_check,.txt,19208
quality_check/decision_mock-44910-42ec35c5-dec-000217_response.txt,quality_check,.txt,18170
quality_check/decision_mock-44910-42ec35c5-dec-000218_request.txt,quality_check,.txt,20310
quality_check/decision_mock-44910-42ec35c5-dec-000218_response.txt,quality_check,.txt,12615
quality_check/decision_mock-44910-42ec35c5-dec-000219_request.txt,quality_check,.txt,19437
quality_check/decision_mock-44910-42ec35c5-dec-000219_response.txt,quality_check,.txt,27532
quality_check/decision_mock-44910-42ec35c5-dec-000220_request.txt,quality_check,.txt,17958
quality_check/decision_mock-44910-42ec35c5-dec-000220_response.txt,quality_check,.txt,5584
quality_check/decision_mock-44910-42ec35c5-dec-000220_retry1_request.txt,quality_check,.txt,18131
quality_check/decision_mock-44910-42ec35c5-dec-000220_retry1_response.txt,quality_check,.txt,5222
quality_check/decision_mock-44910-42ec35c5-dec-000221_request.txt,quality_check,.txt,16231
quality_check/decision_mock-44910-42ec35c5-dec-000221_response.txt,quality_check,.txt,7276
quality_check/decision_mock-44910-42ec35c5-dec-000222_request.txt,quality_check,.txt,16569
quality_check/decision_mock-44910-42ec35c5-dec-000222_response.txt,quality_check,.txt,14488
quality_check/decision_mock-44910-42ec35c5-dec-000223_request.txt,quality_check,.txt,18910
quality_check/decision_mock-44910-42ec35c5-dec-000223_response.txt,quality_check,.txt,9756
quality_check/decision_mock-44910-42ec35c5-dec-000224_request.txt,quality_check,.txt,17140
quality_check/decision_mock-44910-42ec35c5-dec-000224_response.txt,quality_check,.txt,6349
quality_check/decision_mock-44910-42ec35c5-dec-000225_request.txt,quality_check,.txt,16440
quality_check/decision_mock-44910-42ec35c5-dec-000225_response.txt,quality_check,.txt,5289
quality_check/decision_mock-44910-42ec35c5-dec-000226_request.txt,quality_check,.txt,15459
quality_check/decision_mock-44910-42ec35c5-dec-000226_response.txt,quality_check,.txt,34289
quality_check/decision_mock-44910-42ec35c5-dec-000227_request.txt,quality_check,.txt,15432
quality_check/decision_mock-44910-42ec35c5-dec-000227_response.txt,quality_check,.txt,54885
quality_check/decision_mock-44910-42ec35c5-dec-000228_request.txt,quality_check,.txt,15420
quality_check/decision_mock-44910-42ec35c5-dec-000228_response.txt,quality_check,.txt,5677
quality_check/decision_mock-44910-42ec35c5-dec-000229_request.txt,quality_check,.txt,15871
quality_check/decision_mock-44910-42ec35c5-dec-000229_response.txt,quality_check,.txt,20270
quality_check/decision_mock-44910-42ec35c5-dec-000230_request.txt,quality_check,.txt,15798
quality_check/decision_mock-44910-42ec35c5-dec-000230_response.txt,quality_check,.txt,3292
quality_check/decision_mock-44910-42ec35c5-dec-000231_request.txt,quality_check,.txt,15655
quality_check/decision_mock-44910-42ec35c5-dec-000231_response.txt,quality_check,.txt,16053
quality_check/decision_mock-44910-42ec35c5-dec-000232_request.txt,quality_check,.txt,15000
quality_check/decision_mock-44910-42ec35c5-dec-000232_response.txt,quality_check,.txt,11908
quality_check/decision_mock-44910-42ec35c5-dec-000233_request.txt,quality_check,.txt,15357
quality_check/decision_mock-44910-42ec35c5-dec-000233_response.txt,quality_check,.txt,3602
quality_check/decision_mock-44910-42ec35c5-dec-000234_request.txt,quality_check,.txt,15059
quality_check/decision_mock-44910-42ec35c5-dec-000234_response.txt,quality_check,.txt,23038
quality_check/decision_mock-44910-42ec35c5-dec-000234_retry1_request.txt,quality_check,.txt,15240
quality_check/decision_mock-44910-42ec35c5-dec-000234_retry1_response.txt,quality_check,.txt,42640
quality_check/decision_mock-44910-42ec35c5-dec-000235_request.txt,quality_check,.txt,17249
quality_check/decision_mock-44910-42ec35c5-dec-000235_response.txt,quality_check,.txt,22902
quality_check/decision_mock-44910-42ec35c5-dec-000236_request.txt,quality_check,.txt,15217
quality_check/decision_mock-44910-42ec35c5-dec-000236_response.txt,quality_check,.txt,27479
quality_check/decision_mock-44910-42ec35c5-dec-000237_request.txt,quality_check,.txt,15316
quality_check/decision_mock-44910-42ec35c5-dec-000237_response.txt,quality_check,.txt,20959
quality_check/decision_mock-44910-42ec35c5-dec-000238_request.txt,quality_check,.txt,15683
quality_check/decision_mock-44910-42ec35c5-dec-000238_response.txt,quality_check,.txt,16676
quality_check/decision_mock-44910-42ec35c5-dec-000239_request.txt,quality_check,.txt,16339
quality_check/decision_mock-44910-42ec35c5-dec-000239_response.txt,quality_check,.txt,32890
quality_check/decision_mock-44910-42ec35c5-dec-000240_request.txt,quality_check,.txt,19687
quality_check/decision_mock-44910-42ec35c5-dec-000240_response.txt,quality_check,.txt,12280
quality_check/decision_mock-44910-42ec35c5-dec-000241_request.txt,quality_check,.txt,16475
quality_check/decision_mock-44910-42ec35c5-dec-000241_response.txt,quality_check,.txt,42792
quality_check/decision_mock-44910-42ec35c5-dec-000242_request.txt,quality_check,.txt,20189
quality_check/decision_mock-44910-42ec35c5-dec-000242_response.txt,quality_check,.txt,19370
quality_check/decision_mock-44910-42ec35c5-dec-000242_retry1_request.txt,quality_check,.txt,21346
quality_check/decision_mock-44910-42ec35c5-dec-000242_retry1_response.txt,quality_check,.txt,2067
quality_check/decision_mock-44910-42ec35c5-dec-000243_request.txt,quality_check,.txt,16887
quality_check/decision_mock-44910-42ec35c5-dec-000243_response.txt,quality_check,.txt,16998
quality_check/decision_mock-44910-42ec35c5-dec-000244_request.txt,quality_check,.txt,20685
quality_check/decision_mock-44910-42ec35c5-dec-000244_response.txt,quality_check,.txt,12517
quality_check/decision_mock-44910-42ec35c5-dec-000245_request.txt,quality_check,.txt,21053
quality_check/decision_mock-44910-42ec35c5-dec-000245_response.txt,quality_check,.txt,12614
quality_check/decision_mock-44910-42ec35c5-dec-000246_request.txt,quality_check,.txt,17093
quality_check/decision_mock-44910-42ec35c5-dec-000246_response.txt,quality_check,.txt,6789
quality_check/decision_mock-44910-42ec35c5-dec-000247_request.txt,quality_check,.txt,17762
quality_check/decision_mock-44910-42ec35c5-dec-000247_response.txt,quality_check,.txt,4536
quality_check/decision_mock-44910-42ec35c5-dec-000248_request.txt,quality_check,.txt,16444
quality_check/decision_mock-44910-42ec35c5-dec-000248_response.txt,quality_check,.txt,3873
quality_check/decision_mock-44910-42ec35c5-dec-000249_request.txt,quality_check,.txt,16164
quality_check/decision_mock-44910-42ec35c5-dec-000249_response.txt,quality_check,.txt,6017
quality_check/decision_mock-44910-42ec35c5-dec-000250_request.txt,quality_check,.txt,16909
quality_check/decision_mock-44910-42ec35c5-dec-000250_response.txt,quality_check,.txt,14938
quality_check/decision_mock-44910-42ec35c5-dec-000251_request.txt,quality_check,.txt,20167
quality_check/decision_mock-44910-42ec35c5-dec-000251_response.txt,quality_check,.txt,19875
quality_check/decision_mock-44910-42ec35c5-dec-000252_request.txt,quality_check,.txt,18793
quality_check/decision_mock-44910-42ec35c5-dec-000252_response.txt,quality_check,.txt,14229
quality_check/decision_mock-44910-42ec35c5-dec-000253_request.txt,quality_check,.txt,17172
quality_check/decision_mock-44910-42ec35c5-dec-000253_response.txt,quality_check,.txt,5976
quality_check/decision_mock-44910-42ec35c5-dec-000254_request.txt,quality_check,.txt,16720
quality_check/decision_mock-44910-42ec35c5-dec-000254_response.txt,quality_check,.txt,5040
quality_check/decision_mock-44910-42ec35c5-dec-000255_request.txt,quality_check,.txt,15416
quality_check/decision_mock-44910-42ec35c5-dec-000255_response.txt,quality_check,.txt,6389
quality_check/decision_mock-44910-42ec35c5-dec-000256_request.txt,quality_check,.txt,16458
quality_check/decision_mock-44910-42ec35c5-dec-000256_response.txt,quality_check,.txt,22108
quality_check/decision_mock-44910-42ec35c5-dec-000257_request.txt,quality_check,.txt,19515
quality_check/decision_mock-44910-42ec35c5-dec-000257_response.txt,quality_check,.txt,9784
quality_check/decision_mock-44910-42ec35c5-dec-000258_request.txt,quality_check,.txt,19851
quality_check/decision_mock-44910-42ec35c5-dec-000258_response.txt,quality_check,.txt,14151
quality_check/decision_mock-44910-42ec35c5-dec-000259_request.txt,quality_check,.txt,16311
quality_check/decision_mock-44910-42ec35c5-dec-000259_response.txt,quality_check,.txt,3806
quality_check/decision_mock-44910-42ec35c5-dec-000260_request.txt,quality_check,.txt,14574
quality_check/decision_mock-44910-42ec35c5-dec-000260_response.txt,quality_check,.txt,6563
quality_check/decision_mock-44910-42ec35c5-dec-000261_request.txt,quality_check,.txt,15320
quality_check/decision_mock-44910-42ec35c5-dec-000261_response.txt,quality_check,.txt,13149
quality_check/decision_mock-44910-42ec35c5-dec-000262_request.txt,quality_check,.txt,15358
quality_check/decision_mock-44910-42ec35c5-dec-000262_response.txt,quality_check,.txt,11267
quality_check/decision_mock-44910-42ec35c5-dec-000263_request.txt,quality_check,.txt,19208
quality_check/decision_mock-44910-42ec35c5-dec-000263_response.txt,quality_check,.txt,19920
quality_check/decision_mock-44910-42ec35c5-dec-000264_request.txt,quality_check,.txt,16503
quality_check/decision_mock-44910-42ec35c5-dec-000264_response.txt,quality_check,.txt,6251
quality_check/decision_mock-44910-42ec35c5-dec-000265_request.txt,quality_check,.txt,15835
quality_check/decision_mock-44910-42ec35c5-dec-000265_response.txt,quality_check,.txt,4235
quality_check/decision_mock-44910-42ec35c5-dec-000266_request.txt,quality_check,.txt,15759
quality_check/decision_mock-44910-42ec35c5-dec-000266_response.txt,quality_check,.txt,4255
quality_check/decision_mock-44910-42ec35c5-dec-000267_request.txt,quality_check,.txt,14324
quality_check/decision_mock-44910-42ec35c5-dec-000267_response.txt,quality_check,.txt,5075
quality_check/decision_mock-44910-42ec35c5-dec-000268_request.txt,quality_check,.txt,15306
quality_check/decision_mock-44910-42ec35c5-dec-000268_response.txt,quality_check,.txt,11102
quality_check/decision_mock-44910-42ec35c5-dec-000269_request.txt,quality_check,.txt,19297
quality_check/decision_mock-44910-42ec35c5-dec-000269_response.txt,quality_check,.txt,21684
quality_check/decision_mock-44910-42ec35c5-dec-000270_request.txt,quality_check,.txt,14472
quality_check/decision_mock-44910-42ec35c5-dec-000270_response.txt,quality_check,.txt,7100
quality_check/decision_mock-44910-42ec35c5-dec-000271_request.txt,quality_check,.txt,14350
quality_check/decision_mock-44910-42ec35c5-dec-000271_response.txt,quality_check,.txt,5592
quality_check/decision_mock-44910-42ec35c5-dec-000272_request.txt,quality_check,.txt,14440
quality_check/decision_mock-44910-42ec35c5-dec-000272_response.txt,quality_check,.txt,4490
quality_check/decision_mock-44910-42ec35c5-dec-000273_request.txt,quality_check,.txt,14555
quality_check/decision_mock-44910-42ec35c5-dec-000273_response.txt,quality_check,.txt,7614
quality_check/decision_mock-44910-42ec35c5-dec-000274_request.txt,quality_check,.txt,16360
quality_check/decision_mock-44910-42ec35c5-dec-000274_response.txt,quality_check,.txt,7299
quality_check/decision_mock-44910-42ec35c5-dec-000275_request.txt,quality_check,.txt,14453
quality_check/decision_mock-44910-42ec35c5-dec-000275_response.txt,quality_check,.txt,22035
quality_check/decision_mock-44910-42ec35c5-dec-000276_request.txt,quality_check,.txt,15523
quality_check/decision_mock-44910-42ec35c5-dec-000276_response.txt,quality_check,.txt,12037
quality_check/decision_mock-44910-42ec35c5-dec-000277_request.txt,quality_check,.txt,15630
quality_check/decision_mock-44910-42ec35c5-dec-000277_response.txt,quality_check,.txt,22385
quality_check/decision_mock-44910-42ec35c5-dec-000278_request.txt,quality_check,.txt,19468
quality_check/decision_mock-44910-42ec35c5-dec-000278_response.txt,quality_check,.txt,22358
quality_check/decision_mock-44910-42ec35c5-dec-000279_request.txt,quality_check,.txt,19780
quality_check/decision_mock-44910-42ec35c5-dec-000279_response.txt,quality_check,.txt,21655
quality_check/decision_mock-44910-42ec35c5-dec-000280_request.txt,quality_check,.txt,16755
quality_check/decision_mock-44910-42ec35c5-dec-000280_response.txt,quality_check,.txt,7769
quality_check/decision_mock-44910-42ec35c5-dec-000281_request.txt,quality_check,.txt,16214
quality_check/decision_mock-44910-42ec35c5-dec-000281_response.txt,quality_check,.txt,4496
quality_check/decision_mock-44910-42ec35c5-dec-000282_request.txt,quality_check,.txt,14732
quality_check/decision_mock-44910-42ec35c5-dec-000282_response.txt,quality_check,.txt,14423
quality_check/decision_mock-44910-42ec35c5-dec-000283_request.txt,quality_check,.txt,15977
quality_check/decision_mock-44910-42ec35c5-dec-000283_response.txt,quality_check,.txt,23721
quality_check/decision_mock-44910-42ec35c5-dec-000284_request.txt,quality_check,.txt,15695
quality_check/decision_mock-44910-42ec35c5-dec-000284_response.txt,quality_check,.txt,4184
quality_check/decision_mock-44910-42ec35c5-dec-000285_request.txt,quality_check,.txt,12919
quality_check/decision_mock-44910-42ec35c5-dec-000285_response.txt,quality_check,.txt,3515
quality_check/decision_mock-44910-42ec35c5-dec-000286_request.txt,quality_check,.txt,14675
quality_check/decision_mock-44910-42ec35c5-dec-000286_response.txt,quality_check,.txt,7160
quality_check/decision_mock-44910-42ec35c5-dec-000287_request.txt,quality_check,.txt,15215
quality_check/decision_mock-44910-42ec35c5-dec-000287_response.txt,quality_check,.txt,15865
quality_check/decision_mock-44910-42ec35c5-dec-000288_request.txt,quality_check,.txt,15394
quality_check/decision_mock-44910-42ec35c5-dec-000288_response.txt,quality_check,.txt,14534
quality_check/decision_mock-44910-42ec35c5-dec-000289_request.txt,quality_check,.txt,14823
quality_check/decision_mock-44910-42ec35c5-dec-000289_response.txt,quality_check,.txt,16952
quality_check/decision_mock-44910-42ec35c5-dec-000290_request.txt,quality_check,.txt,14914
quality_check/decision_mock-44910-42ec35c5-dec-000290_response.txt,quality_check,.txt,4857
quality_check/decision_mock-44910-42ec35c5-dec-000291_request.txt,quality_check,.txt,13581
quality_check/decision_mock-44910-42ec35c5-dec-000291_response.txt,quality_check,.txt,26802
quality_check/decision_mock-44910-42ec35c5-dec-000292_request.txt,quality_check,.txt,13708
quality_check/decision_mock-44910-42ec35c5-dec-000292_response.txt,quality_check,.txt,8681
quality_check/decision_mock-44910-42ec35c5-dec-000292_retry1_request.txt,quality_check,.txt,13871
quality_check/decision_mock-44910-42ec35c5-dec-000292_retry1_response.txt,quality_check,.txt,11429
quality_check/decision_mock-44910-42ec35c5-dec-000293_request.txt,quality_check,.txt,13570
quality_check/decision_mock-44910-42ec35c5-dec-000293_response.txt,quality_check,.txt,3265
quality_check/decision_mock-44910-42ec35c5-dec-000294_request.txt,quality_check,.txt,15546
quality_check/decision_mock-44910-42ec35c5-dec-000294_response.txt,quality_check,.txt,13933
quality_check/decision_mock-44910-42ec35c5-dec-000295_request.txt,quality_check,.txt,16457
quality_check/decision_mock-44910-42ec35c5-dec-000295_response.txt,quality_check,.txt,11518
quality_check/decision_mock-44910-42ec35c5-dec-000296_request.txt,quality_check,.txt,16595
quality_check/decision_mock-44910-42ec35c5-dec-000296_response.txt,quality_check,.txt,5477
quality_check/decision_mock-44910-42ec35c5-dec-000297_request.txt,quality_check,.txt,16009
quality_check/decision_mock-44910-42ec35c5-dec-000297_response.txt,quality_check,.txt,4303
quality_check/decision_mock-44910-42ec35c5-dec-000298_request.txt,quality_check,.txt,15674
quality_check/decision_mock-44910-42ec35c5-dec-000298_response.txt,quality_check,.txt,21443
quality_check/decision_mock-44910-42ec35c5-dec-000299_request.txt,quality_check,.txt,15655
quality_check/decision_mock-44910-42ec35c5-dec-000299_response.txt,quality_check,.txt,13591
quality_check/decision_mock-44910-42ec35c5-dec-000300_request.txt,quality_check,.txt,16390
quality_check/decision_mock-44910-42ec35c5-dec-000300_response.txt,quality_check,.txt,4625
quality_check/decision_mock-44910-42ec35c5-dec-000301_request.txt,quality_check,.txt,19481
quality_check/decision_mock-44910-42ec35c5-dec-000301_response.txt,quality_check,.txt,24830
quality_check/decision_mock-44910-42ec35c5-dec-000302_request.txt,quality_check,.txt,15880
quality_check/decision_mock-44910-42ec35c5-dec-000302_response.txt,quality_check,.txt,4604
quality_check/decision_mock-44910-42ec35c5-dec-000303_request.txt,quality_check,.txt,15844
quality_check/decision_mock-44910-42ec35c5-dec-000303_response.txt,quality_check,.txt,4801
quality_check/decision_mock-44910-42ec35c5-dec-000304_request.txt,quality_check,.txt,15403
quality_check/decision_mock-44910-42ec35c5-dec-000304_response.txt,quality_check,.txt,12572
quality_check/decision_mock-44910-42ec35c5-dec-000305_request.txt,quality_check,.txt,19385
quality_check/decision_mock-44910-42ec35c5-dec-000305_response.txt,quality_check,.txt,24125
quality_check/decision_mock-44910-42ec35c5-dec-000306_request.txt,quality_check,.txt,15584
quality_check/decision_mock-44910-42ec35c5-dec-000306_response.txt,quality_check,.txt,17672
quality_check/decision_mock-44910-42ec35c5-dec-000307_request.txt,quality_check,.txt,19951
quality_check/decision_mock-44910-42ec35c5-dec-000307_response.txt,quality_check,.txt,20101
quality_check/decision_mock-44910-42ec35c5-dec-000308_request.txt,quality_check,.txt,15731
quality_check/decision_mock-44910-42ec35c5-dec-000308_response.txt,quality_check,.txt,7615
quality_check/decision_mock-44910-42ec35c5-dec-000309_request.txt,quality_check,.txt,20214
quality_check/decision_mock-44910-42ec35c5-dec-000309_response.txt,quality_check,.txt,15921
quality_check/decision_mock-44910-42ec35c5-dec-000310_request.txt,quality_check,.txt,17025
quality_check/decision_mock-44910-42ec35c5-dec-000310_response.txt,quality_check,.txt,24105
quality_check/decision_mock-44910-42ec35c5-dec-000311_request.txt,quality_check,.txt,20920
quality_check/decision_mock-44910-42ec35c5-dec-000311_response.txt,quality_check,.txt,11734
quality_check/decision_mock-44910-42ec35c5-dec-000312_request.txt,quality_check,.txt,18399
quality_check/decision_mock-44910-42ec35c5-dec-000312_response.txt,quality_check,.txt,7302
quality_check/decision_mock-44910-42ec35c5-dec-000313_request.txt,quality_check,.txt,17281
quality_check/decision_mock-44910-42ec35c5-dec-000313_response.txt,quality_check,.txt,4185
quality_check/decision_mock-44910-42ec35c5-dec-000314_request.txt,quality_check,.txt,16364
quality_check/decision_mock-44910-42ec35c5-dec-000314_response.txt,quality_check,.txt,18947
quality_check/decision_mock-44910-42ec35c5-dec-000315_request.txt,quality_check,.txt,17732
quality_check/decision_mock-44910-42ec35c5-dec-000315_response.txt,quality_check,.txt,7258
quality_check/decision_mock-44910-42ec35c5-dec-000316_request.txt,quality_check,.txt,16131
quality_check/decision_mock-44910-42ec35c5-dec-000316_response.txt,quality_check,.txt,4135
quality_check/decision_mock-44910-42ec35c5-dec-000317_request.txt,quality_check,.txt,16790
quality_check/decision_mock-44910-42ec35c5-dec-000317_response.txt,quality_check,.txt,9571
quality_check/decision_mock-44910-42ec35c5-dec-000318_request.txt,quality_check,.txt,17821
quality_check/decision_mock-44910-42ec35c5-dec-000318_response.txt,quality_check,.txt,12002
quality_check/decision_mock-44910-42ec35c5-dec-000319_request.txt,quality_check,.txt,17724
quality_check/decision_mock-44910-42ec35c5-dec-000319_response.txt,quality_check,.txt,12956
quality_check/decision_mock-44910-42ec35c5-dec-000320_request.txt,quality_check,.txt,17771
quality_check/decision_mock-44910-42ec35c5-dec-000320_response.txt,quality_check,.txt,24069
quality_check/decision_mock-44910-42ec35c5-dec-000321_request.txt,quality_check,.txt,17248
quality_check/decision_mock-44910-42ec35c5-dec-000321_response.txt,quality_check,.txt,14672
quality_check/decision_mock-44910-42ec35c5-dec-000322_request.txt,quality_check,.txt,19657
quality_check/decision_mock-44910-42ec35c5-dec-000322_response.txt,quality_check,.txt,11684
quality_check/decision_mock-44910-42ec35c5-dec-000323_request.txt,quality_check,.txt,17509
quality_check/decision_mock-44910-42ec35c5-dec-000323_response.txt,quality_check,.txt,17565
quality_check/decision_mock-44910-42ec35c5-dec-000324_request.txt,quality_check,.txt,20081
quality_check/decision_mock-44910-42ec35c5-dec-000324_response.txt,quality_check,.txt,14882
quality_check/decision_mock-44910-42ec35c5-dec-000325_request.txt,quality_check,.txt,20242
quality_check/decision_mock-44910-42ec35c5-dec-000325_response.txt,quality_check,.txt,11168
quality_check/decision_mock-44910-42ec35c5-dec-000326_request.txt,quality_check,.txt,20158
quality_check/decision_mock-44910-42ec35c5-dec-000326_response.txt,quality_check,.txt,9237
quality_check/decision_mock-44910-42ec35c5-dec-000327_request.txt,quality_check,.txt,19901
quality_check/decision_mock-44910-42ec35c5-dec-000327_response.txt,quality_check,.txt,1663
quality_check/decision_mock-44910-42ec35c5-dec-000328_request.txt,quality_check,.txt,19909
quality_check/decision_mock-44910-42ec35c5-dec-000328_response.txt,quality_check,.txt,17187
quality_check/decision_mock-44910-42ec35c5-dec-000329_request.txt,quality_check,.txt,20119
quality_check/decision_mock-44910-42ec35c5-dec-000329_response.txt,quality_check,.txt,21892
quality_check/decision_mock-44910-42ec35c5-dec-000330_request.txt,quality_check,.txt,20287
quality_check/decision_mock-44910-42ec35c5-dec-000330_response.txt,quality_check,.txt,22835
quality_check/decision_mock-44910-42ec35c5-dec-000331_request.txt,quality_check,.txt,17378
quality_check/decision_mock-44910-42ec35c5-dec-000331_response.txt,quality_check,.txt,4972
quality_check/decision_mock-44910-42ec35c5-dec-000332_request.txt,quality_check,.txt,17548
quality_check/decision_mock-44910-42ec35c5-dec-000332_response.txt,quality_check,.txt,12013
quality_check/decision_mock-44910-42ec35c5-dec-000333_request.txt,quality_check,.txt,17486
quality_check/decision_mock-44910-42ec35c5-dec-000333_response.txt,quality_check,.txt,12581
quality_check/decision_mock-44910-42ec35c5-dec-000334_request.txt,quality_check,.txt,17148
quality_check/decision_mock-44910-42ec35c5-dec-000334_response.txt,quality_check,.txt,4015
quality_check/decision_mock-44910-42ec35c5-dec-000335_request.txt,quality_check,.txt,17439
quality_check/decision_mock-44910-42ec35c5-dec-000335_response.txt,quality_check,.txt,17614
quality_check/decision_mock-44910-42ec35c5-dec-000336_request.txt,quality_check,.txt,16849
quality_check/decision_mock-44910-42ec35c5-dec-000336_response.txt,quality_check,.txt,8511
quality_check/decision_mock-44910-42ec35c5-dec-000337_request.txt,quality_check,.txt,18246
quality_check/decision_mock-44910-42ec35c5-dec-000337_response.txt,quality_check,.txt,5243
quality_check/decision_mock-44910-42ec35c5-dec-000338_request.txt,quality_check,.txt,18122
quality_check/decision_mock-44910-42ec35c5-dec-000338_response.txt,quality_check,.txt,6694
quality_check/decision_mock-44910-42ec35c5-dec-000339_request.txt,quality_check,.txt,16884
quality_check/decision_mock-44910-42ec35c5-dec-000339_response.txt,quality_check,.txt,13307
quality_check/decision_mock-44910-42ec35c5-dec-000340_request.txt,quality_check,.txt,16126
quality_check/decision_mock-44910-42ec35c5-dec-000340_response.txt,quality_check,.txt,8261
quality_check/decision_mock-44910-42ec35c5-dec-000341_request.txt,quality_check,.txt,17080
quality_check/decision_mock-44910-42ec35c5-dec-000341_response.txt,quality_check,.txt,5358
quality_check/decision_mock-44910-42ec35c5-dec-000342_request.txt,quality_check,.txt,15870
quality_check/decision_mock-44910-42ec35c5-dec-000342_response.txt,quality_check,.txt,21184
quality_check/decision_mock-44910-42ec35c5-dec-000343_request.txt,quality_check,.txt,15444
quality_check/decision_mock-44910-42ec35c5-dec-000343_response.txt,quality_check,.txt,12734
quality_check/decision_mock-44910-42ec35c5-dec-000344_request.txt,quality_check,.txt,18757
quality_check/decision_mock-44910-42ec35c5-dec-000344_response.txt,quality_check,.txt,17843
quality_check/decision_mock-44910-42ec35c5-dec-000345_request.txt,quality_check,.txt,16716
quality_check/decision_mock-44910-42ec35c5-dec-000345_response.txt,quality_check,.txt,4443
quality_check/decision_mock-44910-42ec35c5-dec-000346_request.txt,quality_check,.txt,15928
quality_check/decision_mock-44910-42ec35c5-dec-000346_response.txt,quality_check,.txt,15590
quality_check/decision_mock-44910-42ec35c5-dec-000347_request.txt,quality_check,.txt,18982
quality_check/decision_mock-44910-42ec35c5-dec-000347_response.txt,quality_check,.txt,14754
quality_check/decision_mock-44910-42ec35c5-dec-000348_request.txt,quality_check,.txt,16295
quality_check/decision_mock-44910-42ec35c5-dec-000348_response.txt,quality_check,.txt,32231
quality_check/decision_mock-44910-42ec35c5-dec-000349_request.txt,quality_check,.txt,19767
quality_check/decision_mock-44910-42ec35c5-dec-000349_response.txt,quality_check,.txt,20408
quality_check/decision_mock-44910-42ec35c5-dec-000350_request.txt,quality_check,.txt,17189
quality_check/decision_mock-44910-42ec35c5-dec-000350_response.txt,quality_check,.txt,21973
quality_check/decision_mock-44910-42ec35c5-dec-000351_request.txt,quality_check,.txt,20694
quality_check/decision_mock-44910-42ec35c5-dec-000351_response.txt,quality_check,.txt,21422
quality_check/decision_mock-44910-42ec35c5-dec-000352_request.txt,quality_check,.txt,18339
quality_check/decision_mock-44910-42ec35c5-dec-000352_response.txt,quality_check,.txt,5524
quality_check/decision_mock-44910-42ec35c5-dec-000353_request.txt,quality_check,.txt,17826
quality_check/decision_mock-44910-42ec35c5-dec-000353_response.txt,quality_check,.txt,24043
quality_check/decision_mock-44910-42ec35c5-dec-000354_request.txt,quality_check,.txt,18140
quality_check/decision_mock-44910-42ec35c5-dec-000354_response.txt,quality_check,.txt,31305
quality_check/decision_mock-44910-42ec35c5-dec-000355_request.txt,quality_check,.txt,18357
quality_check/decision_mock-44910-42ec35c5-dec-000355_response.txt,quality_check,.txt,19133
quality_check/decision_mock-44910-42ec35c5-dec-000356_request.txt,quality_check,.txt,21045
quality_check/decision_mock-44910-42ec35c5-dec-000356_response.txt,quality_check,.txt,27769
quality_check/decision_mock-44910-42ec35c5-dec-000357_request.txt,quality_check,.txt,18506
quality_check/decision_mock-44910-42ec35c5-dec-000357_response.txt,quality_check,.txt,35580
quality_check/decision_mock-44910-42ec35c5-dec-000358_request.txt,quality_check,.txt,22494
quality_check/decision_mock-44910-42ec35c5-dec-000358_response.txt,quality_check,.txt,18667
quality_check/decision_mock-44910-42ec35c5-dec-000359_request.txt,quality_check,.txt,19590
quality_check/decision_mock-44910-42ec35c5-dec-000359_response.txt,quality_check,.txt,59584
quality_check/decision_mock-44910-42ec35c5-dec-000360_request.txt,quality_check,.txt,23258
quality_check/decision_mock-44910-42ec35c5-dec-000360_response.txt,quality_check,.txt,14498
quality_check/decision_mock-44910-42ec35c5-dec-000361_request.txt,quality_check,.txt,22974
quality_check/decision_mock-44910-42ec35c5-dec-000361_response.txt,quality_check,.txt,10914
quality_check/decision_mock-44910-42ec35c5-dec-000362_request.txt,quality_check,.txt,23090
quality_check/decision_mock-44910-42ec35c5-dec-000362_response.txt,quality_check,.txt,9349
quality_check/decision_mock-44910-42ec35c5-dec-000363_request.txt,quality_check,.txt,23219
quality_check/decision_mock-44910-42ec35c5-dec-000363_response.txt,quality_check,.txt,6812
quality_check/decision_mock-44910-42ec35c5-dec-000364_request.txt,quality_check,.txt,23289
quality_check/decision_mock-44910-42ec35c5-dec-000364_response.txt,quality_check,.txt,1867
quality_check/decision_mock-44910-42ec35c5-dec-000365_request.txt,quality_check,.txt,20107
quality_check/decision_mock-44910-42ec35c5-dec-000365_response.txt,quality_check,.txt,5264
quality_check/decision_mock-44910-42ec35c5-dec-000366_request.txt,quality_check,.txt,19657
quality_check/decision_mock-44910-42ec35c5-dec-000366_response.txt,quality_check,.txt,14088
quality_check/decision_mock-44910-42ec35c5-dec-000367_request.txt,quality_check,.txt,21934
quality_check/decision_mock-44910-42ec35c5-dec-000367_response.txt,quality_check,.txt,11255
quality_check/decision_mock-44910-42ec35c5-dec-000368_request.txt,quality_check,.txt,21895
quality_check/decision_mock-44910-42ec35c5-dec-000368_response.txt,quality_check,.txt,15990
quality_check/decision_mock-44910-42ec35c5-dec-000369_request.txt,quality_check,.txt,19176
quality_check/decision_mock-44910-42ec35c5-dec-000369_response.txt,quality_check,.txt,5912
quality_check/decision_mock-44910-42ec35c5-dec-000370_request.txt,quality_check,.txt,19574
quality_check/decision_mock-44910-42ec35c5-dec-000370_response.txt,quality_check,.txt,24330
quality_check/decision_mock-44910-42ec35c5-dec-000371_request.txt,quality_check,.txt,22216
quality_check/decision_mock-44910-42ec35c5-dec-000371_response.txt,quality_check,.txt,17351
quality_check/decision_mock-44910-42ec35c5-dec-000372_request.txt,quality_check,.txt,19371
quality_check/decision_mock-44910-42ec35c5-dec-000372_response.txt,quality_check,.txt,5499
quality_check/decision_mock-44910-42ec35c5-dec-000373_request.txt,quality_check,.txt,19751
quality_check/decision_mock-44910-42ec35c5-dec-000373_response.txt,quality_check,.txt,24644
quality_check/decision_mock-44910-42ec35c5-dec-000374_request.txt,quality_check,.txt,22316
quality_check/decision_mock-44910-42ec35c5-dec-000374_response.txt,quality_check,.txt,12320
quality_check/decision_mock-44910-42ec35c5-dec-000375_request.txt,quality_check,.txt,17669
quality_check/decision_mock-44910-42ec35c5-dec-000375_response.txt,quality_check,.txt,3870
quality_check/decision_mock-44910-42ec35c5-dec-000376_request.txt,quality_check,.txt,17981
quality_check/decision_mock-44910-42ec35c5-dec-000376_response.txt,quality_check,.txt,20860
quality_check/decision_mock-44910-42ec35c5-dec-000377_request.txt,quality_check,.txt,20316
quality_check/decision_mock-44910-42ec35c5-dec-000377_response.txt,quality_check,.txt,9578
quality_check/decision_mock-44910-42ec35c5-dec-000378_request.txt,quality_check,.txt,17445
quality_check/decision_mock-44910-42ec35c5-dec-000378_response.txt,quality_check,.txt,4911
quality_check/decision_mock-44910-42ec35c5-dec-000379_request.txt,quality_check,.txt,17790
quality_check/decision_mock-44910-42ec35c5-dec-000379_response.txt,quality_check,.txt,13905
quality_check/decision_mock-44910-42ec35c5-dec-000380_request.txt,quality_check,.txt,17658
quality_check/decision_mock-44910-42ec35c5-dec-000380_response.txt,quality_check,.txt,13441
quality_check/decision_mock-44910-42ec35c5-dec-000381_request.txt,quality_check,.txt,20281
quality_check/decision_mock-44910-42ec35c5-dec-000381_response.txt,quality_check,.txt,9627
quality_check/decision_mock-44910-42ec35c5-dec-000382_request.txt,quality_check,.txt,17518
quality_check/decision_mock-44910-42ec35c5-dec-000382_response.txt,quality_check,.txt,6227
quality_check/decision_mock-44910-42ec35c5-dec-000383_request.txt,quality_check,.txt,17594
quality_check/decision_mock-44910-42ec35c5-dec-000383_response.txt,quality_check,.txt,4388
quality_check/decision_mock-44910-42ec35c5-dec-000384_request.txt,quality_check,.txt,17523
quality_check/decision_mock-44910-42ec35c5-dec-000384_response.txt,quality_check,.txt,3460
quality_check/decision_mock-44910-42ec35c5-dec-000385_request.txt,quality_check,.txt,17608
quality_check/decision_mock-44910-42ec35c5-dec-000385_response.txt,quality_check,.txt,11834
quality_check/decision_mock-44910-42ec35c5-dec-000386_request.txt,quality_check,.txt,20534
quality_check/decision_mock-44910-42ec35c5-dec-000386_response.txt,quality_check,.txt,14050
quality_check/decision_mock-44910-42ec35c5-dec-000387_request.txt,quality_check,.txt,16985
quality_check/decision_mock-44910-42ec35c5-dec-000387_response.txt,quality_check,.txt,14676
quality_check/decision_mock-44910-42ec35c5-dec-000388_request.txt,quality_check,.txt,20532
quality_check/decision_mock-44910-42ec35c5-dec-000388_response.txt,quality_check,.txt,9377
quality_check/decision_mock-44910-42ec35c5-dec-000389_request.txt,quality_check,.txt,17397
quality_check/decision_mock-44910-42ec35c5-dec-000389_response.txt,quality_check,.txt,17065
quality_check/decision_mock-44910-42ec35c5-dec-000390_request.txt,quality_check,.txt,21025
quality_check/decision_mock-44910-42ec35c5-dec-000390_response.txt,quality_check,.txt,16693
quality_check/decision_mock-44910-42ec35c5-dec-000391_request.txt,quality_check,.txt,20929
quality_check/decision_mock-44910-42ec35c5-dec-000391_response.txt,quality_check,.txt,6526
quality_check/decision_mock-44910-42ec35c5-dec-000392_request.txt,quality_check,.txt,20999
quality_check/decision_mock-44910-42ec35c5-dec-000392_response.txt,quality_check,.txt,11662
quality_check/decision_mock-44910-42ec35c5-dec-000393_request.txt,quality_check,.txt,18624
quality_check/decision_mock-44910-42ec35c5-dec-000393_response.txt,quality_check,.txt,3618
quality_check/decision_mock-44910-42ec35c5-dec-000394_request.txt,quality_check,.txt,17125
quality_check/decision_mock-44910-42ec35c5-dec-000394_response.txt,quality_check,.txt,47827
quality_check/decision_mock-44910-42ec35c5-dec-000395_request.txt,quality_check,.txt,20623
quality_check/decision_mock-44910-42ec35c5-dec-000395_response.txt,quality_check,.txt,20517
quality_check/decision_mock-44910-42ec35c5-dec-000396_request.txt,quality_check,.txt,16685
quality_check/decision_mock-44910-42ec35c5-dec-000396_response.txt,quality_check,.txt,9731
quality_check/decision_mock-44910-42ec35c5-dec-000397_request.txt,quality_check,.txt,21194
quality_check/decision_mock-44910-42ec35c5-dec-000397_response.txt,quality_check,.txt,17080
quality_check/decision_mock-44910-42ec35c5-dec-000398_request.txt,quality_check,.txt,21256
quality_check/decision_mock-44910-42ec35c5-dec-000398_response.txt,quality_check,.txt,6566
quality_check/decision_mock-44910-42ec35c5-dec-000399_request.txt,quality_check,.txt,21022
quality_check/decision_mock-44910-42ec35c5-dec-000399_response.txt,quality_check,.txt,17208
quality_check/decision_mock-44910-42ec35c5-dec-000400_request.txt,quality_check,.txt,21016
quality_check/decision_mock-44910-42ec35c5-dec-000400_response.txt,quality_check,.txt,6580
quality_check/decision_mock-44910-42ec35c5-dec-000401_request.txt,quality_check,.txt,20671
quality_check/decision_mock-44910-42ec35c5-dec-000401_response.txt,quality_check,.txt,7086
quality_check/decision_mock-44910-42ec35c5-dec-000402_request.txt,quality_check,.txt,20538
quality_check/decision_mock-44910-42ec35c5-dec-000402_response.txt,quality_check,.txt,5697
quality_check/decision_mock-44910-42ec35c5-dec-000403_request.txt,quality_check,.txt,20325
quality_check/decision_mock-44910-42ec35c5-dec-000403_response.txt,quality_check,.txt,6468
quality_check/decision_mock-44910-42ec35c5-dec-000404_request.txt,quality_check,.txt,19671
quality_check/decision_mock-44910-42ec35c5-dec-000404_response.txt,quality_check,.txt,18571
quality_check/decision_mock-44910-42ec35c5-dec-000405_request.txt,quality_check,.txt,17972
quality_check/decision_mock-44910-42ec35c5-dec-000405_response.txt,quality_check,.txt,8131
quality_check/decision_mock-44910-42ec35c5-dec-000406_request.txt,quality_check,.txt,18281
quality_check/decision_mock-44910-42ec35c5-dec-000406_response.txt,quality_check,.txt,6766
quality_check/decision_mock-44910-42ec35c5-dec-000407_request.txt,quality_check,.txt,18388
quality_check/decision_mock-44910-42ec35c5-dec-000407_response.txt,quality_check,.txt,4235
quality_check/decision_mock-44910-42ec35c5-dec-000408_request.txt,quality_check,.txt,19618
quality_check/decision_mock-44910-42ec35c5-dec-000408_response.txt,quality_check,.txt,9381
quality_check/decision_mock-44910-42ec35c5-dec-000409_request.txt,quality_check,.txt,18582
quality_check/decision_mock-44910-42ec35c5-dec-000409_response.txt,quality_check,.txt,7581
quality_check/decision_mock-44910-42ec35c5-dec-000410_request.txt,quality_check,.txt,20429
quality_check/decision_mock-44910-42ec35c5-dec-000410_response.txt,quality_check,.txt,9616
quality_check/decision_mock-44910-42ec35c5-dec-000411_request.txt,quality_check,.txt,20371
quality_check/decision_mock-44910-42ec35c5-dec-000411_response.txt,quality_check,.txt,1940
quality_check/decision_mock-44910-42ec35c5-dec-000412_request.txt,quality_check,.txt,19108
quality_check/decision_mock-44910-42ec35c5-dec-000412_response.txt,quality_check,.txt,4452
quality_check/decision_mock-44910-42ec35c5-dec-000413_request.txt,quality_check,.txt,17721
quality_check/decision_mock-44910-42ec35c5-dec-000413_response.txt,quality_check,.txt,3789
quality_check/decision_mock-44910-42ec35c5-dec-000414_request.txt,quality_check,.txt,17544
quality_check/decision_mock-44910-42ec35c5-dec-000414_response.txt,quality_check,.txt,12138
quality_check/decision_mock-44910-42ec35c5-dec-000415_request.txt,quality_check,.txt,18240
quality_check/decision_mock-44910-42ec35c5-dec-000415_response.txt,quality_check,.txt,14188
quality_check/decision_mock-44910-42ec35c5-dec-000416_request.txt,quality_check,.txt,18131
quality_check/decision_mock-44910-42ec35c5-dec-000416_response.txt,quality_check,.txt,4639
quality_check/decision_mock-44910-42ec35c5-dec-000417_request.txt,quality_check,.txt,17916
quality_check/decision_mock-44910-42ec35c5-dec-000417_response.txt,quality_check,.txt,4246
quality_check/decision_mock-44910-42ec35c5-dec-000418_request.txt,quality_check,.txt,18156
quality_check/decision_mock-44910-42ec35c5-dec-000418_response.txt,quality_check,.txt,1700
quality_check/decision_mock-44910-42ec35c5-dec-000419_request.txt,quality_check,.txt,17360
quality_check/decision_mock-44910-42ec35c5-dec-000419_response.txt,quality_check,.txt,3977
quality_check/decision_mock-44910-42ec35c5-dec-000420_request.txt,quality_check,.txt,17894
quality_check/decision_mock-44910-42ec35c5-dec-000420_response.txt,quality_check,.txt,10196
quality_check/decision_mock-44910-42ec35c5-dec-000421_request.txt,quality_check,.txt,17318
quality_check/decision_mock-44910-42ec35c5-dec-000421_response.txt,quality_check,.txt,5111
quality_check/decision_mock-44910-42ec35c5-dec-000422_request.txt,quality_check,.txt,19074
quality_check/decision_mock-44910-42ec35c5-dec-000422_response.txt,quality_check,.txt,11180
quality_check/decision_mock-44910-42ec35c5-dec-000423_request.txt,quality_check,.txt,17864
quality_check/decision_mock-44910-42ec35c5-dec-000423_response.txt,quality_check,.txt,8474
quality_check/decision_mock-44910-42ec35c5-dec-000424_request.txt,quality_check,.txt,16702
quality_check/decision_mock-44910-42ec35c5-dec-000424_response.txt,quality_check,.txt,5740
quality_check/decision_mock-44910-42ec35c5-dec-000425_request.txt,quality_check,.txt,16241
quality_check/decision_mock-44910-42ec35c5-dec-000425_response.txt,quality_check,.txt,4476
quality_check/decision_mock-44910-42ec35c5-dec-000426_request.txt,quality_check,.txt,18734
quality_check/decision_mock-44910-42ec35c5-dec-000426_response.txt,quality_check,.txt,12851
quality_check/decision_mock-44910-42ec35c5-dec-000427_request.txt,quality_check,.txt,19148
quality_check/decision_mock-44910-42ec35c5-dec-000427_response.txt,quality_check,.txt,5841
quality_check/decision_mock-44910-42ec35c5-dec-000428_request.txt,quality_check,.txt,18987
quality_check/decision_mock-44910-42ec35c5-dec-000428_response.txt,quality_check,.txt,1707
quality_check/decision_mock-44910-42ec35c5-dec-000429_request.txt,quality_check,.txt,18803
quality_check/decision_mock-44910-42ec35c5-dec-000429_response.txt,quality_check,.txt,6167
quality_check/decision_mock-44910-42ec35c5-dec-000430_request.txt,quality_check,.txt,18899
quality_check/decision_mock-44910-42ec35c5-dec-000430_response.txt,quality_check,.txt,7198
quality_check/decision_mock-44910-42ec35c5-dec-000431_request.txt,quality_check,.txt,18744
quality_check/decision_mock-44910-42ec35c5-dec-000431_response.txt,quality_check,.txt,3381
quality_check/decision_mock-44910-42ec35c5-dec-000432_request.txt,quality_check,.txt,18510
quality_check/decision_mock-44910-42ec35c5-dec-000432_response.txt,quality_check,.txt,8776
quality_check/decision_mock-44910-42ec35c5-dec-000433_request.txt,quality_check,.txt,18413
quality_check/decision_mock-44910-42ec35c5-dec-000433_response.txt,quality_check,.txt,8517
quality_check/decision_mock-44910-42ec35c5-dec-000434_request.txt,quality_check,.txt,18372
quality_check/decision_mock-44910-42ec35c5-dec-000434_response.txt,quality_check,.txt,9545
quality_check/decision_mock-44910-42ec35c5-dec-000435_request.txt,quality_check,.txt,16540
quality_check/decision_mock-44910-42ec35c5-dec-000435_response.txt,quality_check,.txt,5802
quality_check/decision_mock-44910-42ec35c5-dec-000436_request.txt,quality_check,.txt,18511
quality_check/decision_mock-44910-42ec35c5-dec-000436_response.txt,quality_check,.txt,9886
quality_check/decision_mock-44910-42ec35c5-dec-000437_request.txt,quality_check,.txt,16618
quality_check/decision_mock-44910-42ec35c5-dec-000437_response.txt,quality_check,.txt,6932
quality_check/decision_mock-44910-42ec35c5-dec-000438_request.txt,quality_check,.txt,18353
quality_check/decision_mock-44910-42ec35c5-dec-000438_response.txt,quality_check,.txt,20482
quality_check/decision_mock-44910-42ec35c5-dec-000439_request.txt,quality_check,.txt,16423
quality_check/decision_mock-44910-42ec35c5-dec-000439_response.txt,quality_check,.txt,5489
quality_check/decision_mock-44910-42ec35c5-dec-000440_request.txt,quality_check,.txt,16372
quality_check/decision_mock-44910-42ec35c5-dec-000440_response.txt,quality_check,.txt,4465
quality_check/decision_mock-44910-42ec35c5-dec-000441_request.txt,quality_check,.txt,18512
quality_check/decision_mock-44910-42ec35c5-dec-000441_response.txt,quality_check,.txt,20167
quality_check/decision_mock-44910-42ec35c5-dec-000442_request.txt,quality_check,.txt,16530
quality_check/decision_mock-44910-42ec35c5-dec-000442_response.txt,quality_check,.txt,6026
quality_check/decision_mock-44910-42ec35c5-dec-000443_request.txt,quality_check,.txt,16376
quality_check/decision_mock-44910-42ec35c5-dec-000443_response.txt,quality_check,.txt,4874
quality_check/decision_mock-44910-42ec35c5-dec-000443_retry1_request.txt,quality_check,.txt,16526
quality_check/decision_mock-44910-42ec35c5-dec-000443_retry1_response.txt,quality_check,.txt,3569
quality_check/decision_mock-44910-42ec35c5-dec-000444_request.txt,quality_check,.txt,16252
quality_check/decision_mock-44910-42ec35c5-dec-000444_response.txt,quality_check,.txt,4592
quality_check/decision_mock-44910-42ec35c5-dec-000445_request.txt,quality_check,.txt,18581
quality_check/decision_mock-44910-42ec35c5-dec-000445_response.txt,quality_check,.txt,9262
quality_check/decision_mock-44910-42ec35c5-dec-000446_request.txt,quality_check,.txt,15840
quality_check/decision_mock-44910-42ec35c5-dec-000446_response.txt,quality_check,.txt,4298
quality_check/decision_mock-44910-42ec35c5-dec-000447_request.txt,quality_check,.txt,15691
quality_check/decision_mock-44910-42ec35c5-dec-000447_response.txt,quality_check,.txt,4585
quality_check/decision_mock-44910-42ec35c5-dec-000448_request.txt,quality_check,.txt,18402
quality_check/decision_mock-44910-42ec35c5-dec-000448_response.txt,quality_check,.txt,15459
quality_check/decision_mock-44910-42ec35c5-dec-000449_request.txt,quality_check,.txt,18400
quality_check/decision_mock-44910-42ec35c5-dec-000449_response.txt,quality_check,.txt,6146
quality_check/decision_mock-44910-42ec35c5-dec-000450_request.txt,quality_check,.txt,15750
quality_check/decision_mock-44910-42ec35c5-dec-000450_response.txt,quality_check,.txt,3562
quality_check/decision_mock-44910-42ec35c5-dec-000451_request.txt,quality_check,.txt,15657
quality_check/decision_mock-44910-42ec35c5-dec-000451_response.txt,quality_check,.txt,5546
quality_check/decision_mock-44910-42ec35c5-dec-000452_request.txt,quality_check,.txt,18526
quality_check/decision_mock-44910-42ec35c5-dec-000452_response.txt,quality_check,.txt,6617
quality_check/decision_mock-44910-42ec35c5-dec-000453_request.txt,quality_check,.txt,18727
quality_check/decision_mock-44910-42ec35c5-dec-000453_response.txt,quality_check,.txt,6092
quality_check/decision_mock-44910-42ec35c5-dec-000454_request.txt,quality_check,.txt,18800
quality_check/decision_mock-44910-42ec35c5-dec-000454_response.txt,quality_check,.txt,3794
quality_check/decision_mock-44910-42ec35c5-dec-000455_request.txt,quality_check,.txt,18707
quality_check/decision_mock-44910-42ec35c5-dec-000455_response.txt,quality_check,.txt,8834
quality_check/decision_mock-44910-42ec35c5-dec-000456_request.txt,quality_check,.txt,16044
quality_check/decision_mock-44910-42ec35c5-dec-000456_response.txt,quality_check,.txt,6348
quality_check/decision_mock-44910-42ec35c5-dec-000457_request.txt,quality_check,.txt,18556
quality_check/decision_mock-44910-42ec35c5-dec-000457_response.txt,quality_check,.txt,13144
quality_check/decision_mock-44910-42ec35c5-dec-000458_request.txt,quality_check,.txt,18638
quality_check/decision_mock-44910-42ec35c5-dec-000458_response.txt,quality_check,.txt,12126
quality_check/decision_mock-44910-42ec35c5-dec-000459_request.txt,quality_check,.txt,16267
quality_check/decision_mock-44910-42ec35c5-dec-000459_response.txt,quality_check,.txt,6962
quality_check/decision_mock-44910-42ec35c5-dec-000460_request.txt,quality_check,.txt,18433
quality_check/decision_mock-44910-42ec35c5-dec-000460_response.txt,quality_check,.txt,11758
quality_check/decision_mock-44910-42ec35c5-dec-000461_request.txt,quality_check,.txt,13784
quality_check/decision_mock-44910-42ec35c5-dec-000461_response.txt,quality_check,.txt,7322
quality_check/decision_mock-44910-42ec35c5-dec-000462_request.txt,quality_check,.txt,18697
quality_check/decision_mock-44910-42ec35c5-dec-000462_response.txt,quality_check,.txt,4044
quality_check/decision_mock-44910-42ec35c5-dec-000463_request.txt,quality_check,.txt,13873
quality_check/decision_mock-44910-42ec35c5-dec-000463_response.txt,quality_check,.txt,4820
quality_check/decision_mock-44910-42ec35c5-dec-000464_request.txt,quality_check,.txt,18496
quality_check/decision_mock-44910-42ec35c5-dec-000464_response.txt,quality_check,.txt,6597
quality_check/decision_mock-44910-42ec35c5-dec-000465_request.txt,quality_check,.txt,13778
quality_check/decision_mock-44910-42ec35c5-dec-000465_response.txt,quality_check,.txt,6447
quality_check/decision_mock-44910-42ec35c5-dec-000466_request.txt,quality_check,.txt,13473
quality_check/decision_mock-44910-42ec35c5-dec-000466_response.txt,quality_check,.txt,4550
quality_check/decision_mock-44910-42ec35c5-dec-000467_request.txt,quality_check,.txt,16214
quality_check/decision_mock-44910-42ec35c5-dec-000467_response.txt,quality_check,.txt,4682
quality_check/decision_mock-44910-42ec35c5-dec-000468_request.txt,quality_check,.txt,15865
quality_check/decision_mock-44910-42ec35c5-dec-000468_response.txt,quality_check,.txt,4454
quality_check/decision_mock-44910-42ec35c5-dec-000469_request.txt,quality_check,.txt,15362
quality_check/decision_mock-44910-42ec35c5-dec-000469_response.txt,quality_check,.txt,5800
quality_check/decision_mock-44910-42ec35c5-dec-000470_request.txt,quality_check,.txt,15596
quality_check/decision_mock-44910-42ec35c5-dec-000470_response.txt,quality_check,.txt,5480
quality_check/decision_mock-44910-42ec35c5-dec-000471_request.txt,quality_check,.txt,15421
quality_check/decision_mock-44910-42ec35c5-dec-000471_response.txt,quality_check,.txt,4095
quality_check/decision_mock-44910-42ec35c5-dec-000472_request.txt,quality_check,.txt,15164
quality_check/decision_mock-44910-42ec35c5-dec-000472_response.txt,quality_check,.txt,6386
quality_check/decision_mock-44910-42ec35c5-dec-000473_request.txt,quality_check,.txt,15374
quality_check/decision_mock-44910-42ec35c5-dec-000473_response.txt,quality_check,.txt,4750
quality_check/decision_mock-44910-42ec35c5-dec-000474_request.txt,quality_check,.txt,15423
quality_check/decision_mock-44910-42ec35c5-dec-000474_response.txt,quality_check,.txt,4870
quality_check/decision_mock-44910-42ec35c5-dec-000475_request.txt,quality_check,.txt,15199
quality_check/decision_mock-44910-42ec35c5-dec-000475_response.txt,quality_check,.txt,7939
quality_check/decision_mock-44910-42ec35c5-dec-000476_request.txt,quality_check,.txt,15022
quality_check/decision_mock-44910-42ec35c5-dec-000476_response.txt,quality_check,.txt,1664
quality_check/decision_mock-44910-42ec35c5-dec-000477_request.txt,quality_check,.txt,18232
quality_check/decision_mock-44910-42ec35c5-dec-000477_response.txt,quality_check,.txt,8537
quality_check/decision_mock-44910-42ec35c5-dec-000478_request.txt,quality_check,.txt,15572
quality_check/decision_mock-44910-42ec35c5-dec-000478_response.txt,quality_check,.txt,5110
quality_check/decision_mock-44910-42ec35c5-dec-000479_request.txt,quality_check,.txt,18251
quality_check/decision_mock-44910-42ec35c5-dec-000479_response.txt,quality_check,.txt,6747
quality_check/decision_mock-44910-42ec35c5-dec-000480_request.txt,quality_check,.txt,15695
quality_check/decision_mock-44910-42ec35c5-dec-000480_response.txt,quality_check,.txt,6885
quality_check/decision_mock-44910-42ec35c5-dec-000481_request.txt,quality_check,.txt,18165
quality_check/decision_mock-44910-42ec35c5-dec-000481_response.txt,quality_check,.txt,7110
quality_check/decision_mock-44910-42ec35c5-dec-000482_request.txt,quality_check,.txt,15575
quality_check/decision_mock-44910-42ec35c5-dec-000482_response.txt,quality_check,.txt,6039
quality_check/decision_mock-44910-42ec35c5-dec-000483_request.txt,quality_check,.txt,18161
quality_check/decision_mock-44910-42ec35c5-dec-000483_response.txt,quality_check,.txt,7357
quality_check/decision_mock-44910-42ec35c5-dec-000484_request.txt,quality_check,.txt,15589
quality_check/decision_mock-44910-42ec35c5-dec-000484_response.txt,quality_check,.txt,6458
quality_check/decision_mock-44910-42ec35c5-dec-000485_request.txt,quality_check,.txt,15634
quality_check/decision_mock-44910-42ec35c5-dec-000485_response.txt,quality_check,.txt,4836
quality_check/decision_mock-44910-42ec35c5-dec-000486_request.txt,quality_check,.txt,17981
quality_check/decision_mock-44910-42ec35c5-dec-000486_response.txt,quality_check,.txt,7043
quality_check/decision_mock-44910-42ec35c5-dec-000487_request.txt,quality_check,.txt,15641
quality_check/decision_mock-44910-42ec35c5-dec-000487_response.txt,quality_check,.txt,4906
quality_check/decision_mock-44910-42ec35c5-dec-000488_request.txt,quality_check,.txt,15707
quality_check/decision_mock-44910-42ec35c5-dec-000488_response.txt,quality_check,.txt,4142
quality_check/decision_mock-44910-42ec35c5-dec-000489_request.txt,quality_check,.txt,17977
quality_check/decision_mock-44910-42ec35c5-dec-000489_response.txt,quality_check,.txt,9268
quality_check/decision_mock-44910-42ec35c5-dec-000490_request.txt,quality_check,.txt,15395
quality_check/decision_mock-44910-42ec35c5-dec-000490_response.txt,quality_check,.txt,4494
quality_check/decision_mock-44910-42ec35c5-dec-000491_request.txt,quality_check,.txt,17694
quality_check/decision_mock-44910-42ec35c5-dec-000491_response.txt,quality_check,.txt,9007
quality_check/decision_mock-44910-42ec35c5-dec-000492_request.txt,quality_check,.txt,15312
quality_check/decision_mock-44910-42ec35c5-dec-000492_response.txt,quality_check,.txt,4991
quality_check/decision_mock-44910-42ec35c5-dec-000493_request.txt,quality_check,.txt,15343
quality_check/decision_mock-44910-42ec35c5-dec-000493_response.txt,quality_check,.txt,4272
quality_check/decision_mock-44910-42ec35c5-dec-000494_request.txt,quality_check,.txt,15337
quality_check/decision_mock-44910-42ec35c5-dec-000494_response.txt,quality_check,.txt,6609
quality_check/decision_mock-44910-42ec35c5-dec-000495_request.txt,quality_check,.txt,17684
quality_check/decision_mock-44910-42ec35c5-dec-000495_response.txt,quality_check,.txt,11894
quality_check/decision_mock-44910-42ec35c5-dec-000496_request.txt,quality_check,.txt,18083
quality_check/decision_mock-44910-42ec35c5-dec-000496_response.txt,quality_check,.txt,6221
quality_check/decision_mock-44910-42ec35c5-dec-000497_request.txt,quality_check,.txt,15449
quality_check/decision_mock-44910-42ec35c5-dec-000497_response.txt,quality_check,.txt,4158
quality_check/decision_mock-44910-42ec35c5-dec-000498_request.txt,quality_check,.txt,18336
quality_check/decision_mock-44910-42ec35c5-dec-000498_response.txt,quality_check,.txt,7044
quality_check/decision_mock-44910-42ec35c5-dec-000499_request.txt,quality_check,.txt,15432
quality_check/decision_mock-44910-42ec35c5-dec-000499_response.txt,quality_check,.txt,4937
quality_check/decision_mock-44910-42ec35c5-dec-000500_request.txt,quality_check,.txt,15450
quality_check/decision_mock-44910-42ec35c5-dec-000500_response.txt,quality_check,.txt,10967
quality_check/decision_mock-44910-42ec35c5-dec-000501_request.txt,quality_check,.txt,15484
quality_check/decision_mock-44910-42ec35c5-dec-000501_response.txt,quality_check,.txt,4640
quality_check/decision_mock-44910-42ec35c5-dec-000502_request.txt,quality_check,.txt,15380
quality_check/decision_mock-44910-42ec35c5-dec-000502_response.txt,quality_check,.txt,4220
quality_check/decision_mock-44910-42ec35c5-dec-000503_request.txt,quality_check,.txt,15501
quality_check/decision_mock-44910-42ec35c5-dec-000503_response.txt,quality_check,.txt,5264
quality_check/decision_mock-44910-42ec35c5-dec-000504_request.txt,quality_check,.txt,15455
quality_check/decision_mock-44910-42ec35c5-dec-000504_response.txt,quality_check,.txt,8329
quality_check/decision_mock-44910-42ec35c5-dec-000505_request.txt,quality_check,.txt,15190
quality_check/decision_mock-44910-42ec35c5-dec-000505_response.txt,quality_check,.txt,1847
quality_check/decision_mock-44910-42ec35c5-dec-000506_request.txt,quality_check,.txt,18596
quality_check/decision_mock-44910-42ec35c5-dec-000506_response.txt,quality_check,.txt,9222
quality_check/decision_mock-44910-42ec35c5-dec-000507_request.txt,quality_check,.txt,15646
quality_check/decision_mock-44910-42ec35c5-dec-000507_response.txt,quality_check,.txt,6307
quality_check/decision_mock-44910-42ec35c5-dec-000508_request.txt,quality_check,.txt,15615
quality_check/decision_mock-44910-42ec35c5-dec-000508_response.txt,quality_check,.txt,4170
quality_check/decision_mock-44910-42ec35c5-dec-000509_request.txt,quality_check,.txt,18663
quality_check/decision_mock-44910-42ec35c5-dec-000509_response.txt,quality_check,.txt,6491
quality_check/decision_mock-44910-42ec35c5-dec-000510_request.txt,quality_check,.txt,15565
quality_check/decision_mock-44910-42ec35c5-dec-000510_response.txt,quality_check,.txt,4383
quality_check/decision_mock-44910-42ec35c5-dec-000511_request.txt,quality_check,.txt,18468
quality_check/decision_mock-44910-42ec35c5-dec-000511_response.txt,quality_check,.txt,5498
quality_check/decision_mock-44910-42ec35c5-dec-000512_request.txt,quality_check,.txt,15445
quality_check/decision_mock-44910-42ec35c5-dec-000512_response.txt,quality_check,.txt,4162
quality_check/decision_mock-44910-42ec35c5-dec-000513_request.txt,quality_check,.txt,18219
quality_check/decision_mock-44910-42ec35c5-dec-000513_response.txt,quality_check,.txt,4186
quality_check/decision_mock-44910-42ec35c5-dec-000514_request.txt,quality_check,.txt,14018
quality_check/decision_mock-44910-42ec35c5-dec-000514_response.txt,quality_check,.txt,7537
quality_check/decision_mock-44910-42ec35c5-dec-000515_request.txt,quality_check,.txt,15422
quality_check/decision_mock-44910-42ec35c5-dec-000515_response.txt,quality_check,.txt,5710
quality_check/decision_mock-44910-42ec35c5-dec-000516_request.txt,quality_check,.txt,17901
quality_check/decision_mock-44910-42ec35c5-dec-000516_response.txt,quality_check,.txt,4808
quality_check/decision_mock-44910-42ec35c5-dec-000517_request.txt,quality_check,.txt,15286
quality_check/decision_mock-44910-42ec35c5-dec-000517_response.txt,quality_check,.txt,4668
quality_check/decision_mock-44910-42ec35c5-dec-000518_request.txt,quality_check,.txt,17639
quality_check/decision_mock-44910-42ec35c5-dec-000518_response.txt,quality_check,.txt,6560
quality_check/decision_mock-44910-42ec35c5-dec-000519_request.txt,quality_check,.txt,13833
quality_check/decision_mock-44910-42ec35c5-dec-000519_response.txt,quality_check,.txt,6557
quality_check/decision_mock-44910-42ec35c5-dec-000520_request.txt,quality_check,.txt,13399
quality_check/decision_mock-44910-42ec35c5-dec-000520_response.txt,quality_check,.txt,5774
quality_check/decision_mock-44910-42ec35c5-dec-000521_request.txt,quality_check,.txt,14196
quality_check/decision_mock-44910-42ec35c5-dec-000521_response.txt,quality_check,.txt,6095
quality_check/decision_mock-44910-42ec35c5-dec-000522_request.txt,quality_check,.txt,17617
quality_check/decision_mock-44910-42ec35c5-dec-000522_response.txt,quality_check,.txt,13975
quality_check/decision_mock-44910-42ec35c5-dec-000523_request.txt,quality_check,.txt,17608
quality_check/decision_mock-44910-42ec35c5-dec-000523_response.txt,quality_check,.txt,6253
quality_check/decision_mock-44910-42ec35c5-dec-000524_request.txt,quality_check,.txt,13455
quality_check/decision_mock-44910-42ec35c5-dec-000524_response.txt,quality_check,.txt,6267
quality_check/decision_mock-44910-42ec35c5-dec-000525_request.txt,quality_check,.txt,13396
quality_check/decision_mock-44910-42ec35c5-dec-000525_response.txt,quality_check,.txt,5196
quality_check/decision_mock-44910-42ec35c5-dec-000526_request.txt,quality_check,.txt,14810
quality_check/decision_mock-44910-42ec35c5-dec-000526_response.txt,quality_check,.txt,6193
quality_check/decision_mock-44910-42ec35c5-dec-000527_request.txt,quality_check,.txt,13426
quality_check/decision_mock-44910-42ec35c5-dec-000527_response.txt,quality_check,.txt,4840
quality_check/decision_mock-44910-42ec35c5-dec-000528_request.txt,quality_check,.txt,14434
quality_check/decision_mock-44910-42ec35c5-dec-000528_response.txt,quality_check,.txt,4528
quality_check/decision_mock-44910-42ec35c5-dec-000529_request.txt,quality_check,.txt,13449
quality_check/decision_mock-44910-42ec35c5-dec-000529_response.txt,quality_check,.txt,6152
quality_check/decision_mock-44910-42ec35c5-dec-000530_request.txt,quality_check,.txt,14325
quality_check/decision_mock-44910-42ec35c5-dec-000530_response.txt,quality_check,.txt,5422
quality_check/decision_mock-44910-42ec35c5-dec-000531_request.txt,quality_check,.txt,17707
quality_check/decision_mock-44910-42ec35c5-dec-000531_response.txt,quality_check,.txt,22276
quality_check/decision_mock-44910-42ec35c5-dec-000532_request.txt,quality_check,.txt,17863
quality_check/decision_mock-44910-42ec35c5-dec-000532_response.txt,quality_check,.txt,6780
quality_check/decision_mock-44910-42ec35c5-dec-000533_request.txt,quality_check,.txt,14511
quality_check/decision_mock-44910-42ec35c5-dec-000533_response.txt,quality_check,.txt,5860
quality_check/decision_mock-44910-42ec35c5-dec-000534_request.txt,quality_check,.txt,17723
quality_check/decision_mock-44910-42ec35c5-dec-000534_response.txt,quality_check,.txt,6012
quality_check/decision_mock-44910-42ec35c5-dec-000535_request.txt,quality_check,.txt,17683
quality_check/decision_mock-44910-42ec35c5-dec-000535_response.txt,quality_check,.txt,4367
quality_check/decision_mock-44910-42ec35c5-dec-000536_request.txt,quality_check,.txt,14895
quality_check/decision_mock-44910-42ec35c5-dec-000536_response.txt,quality_check,.txt,4683
quality_check/decision_mock-44910-42ec35c5-dec-000537_request.txt,quality_check,.txt,17652
quality_check/decision_mock-44910-42ec35c5-dec-000537_response.txt,quality_check,.txt,5393
quality_check/decision_mock-44910-42ec35c5-dec-000538_request.txt,quality_check,.txt,17751
quality_check/decision_mock-44910-42ec35c5-dec-000538_response.txt,quality_check,.txt,3619
quality_check/decision_mock-44910-42ec35c5-dec-000539_request.txt,quality_check,.txt,13405
quality_check/decision_mock-44910-42ec35c5-dec-000539_response.txt,quality_check,.txt,4277
run/actions.jsonl,run,.jsonl,390926
run/artifact_manifest.json,run,.json,12139
run/asset_flow.jsonl,run,.jsonl,42785
run/auction_threads.jsonl,run,.jsonl,13243
run/behavioral_flags.jsonl,run,.jsonl,150512
run/cash_flow.jsonl,run,.jsonl,95335
run/cost_report.json,run,.json,3302
run/decision_index.json,run,.json,197528
run/decisions.jsonl,run,.jsonl,28576538
run/event_hashes.json,run,.json,745767
run/events.jsonl,run,.jsonl,1504738
run/experiment_manifest.json,run,.json,3610
run/failure_findings.jsonl,run,.jsonl,34180
run/failure_summary.json,run,.json,461
run/negotiation_threads.jsonl,run,.jsonl,17006
run/player_timelines.json,run,.json,866128
run/players.json,run,.json,1119
run/pricing_snapshot.json,run,.json,407603
run/prompts/decision_mock-44910-42ec35c5-dec-000000_parsed.json,run,.json,1541
run/prompts/decision_mock-44910-42ec35c5-dec-000000_response.json,run,.json,3805
run/prompts/decision_mock-44910-42ec35c5-dec-000000_system.txt,run,.txt,1912
run/prompts/decision_mock-44910-42ec35c5-dec-000000_tools.json,run,.json,632
run/prompts/decision_mock-44910-42ec35c5-dec-000000_user.json,run,.json,1878
run/prompts/decision_mock-44910-42ec35c5-dec-000001_parsed.json,run,.json,1505
run/prompts/decision_mock-44910-42ec35c5-dec-000001_response.json,run,.json,3760
run/prompts/decision_mock-44910-42ec35c5-dec-000001_system.txt,run,.txt,1912
run/prompts/decision_mock-44910-42ec35c5-dec-000001_tools.json,run,.json,1539
run/prompts/decision_mock-44910-42ec35c5-dec-000001_user.json,run,.json,2552
run/prompts/decision_mock-44910-42ec35c5-dec-000002_parsed.json,run,.json,2183
run/prompts/decision_mock-44910-42ec35c5-dec-000002_response.json,run,.json,10383
run/prompts/decision_mock-44910-42ec35c5-dec-000002_system.txt,run,.txt,1912
run/prompts/decision_mock-44910-42ec35c5-dec-000002_tools.json,run,.json,632
run/prompts/decision_mock-44910-42ec35c5-dec-000002_user.json,run,.json,2277
run/prompts/decision_mock-44910-42ec35c5-dec-000003_parsed.json,run,.json,2279
run/prompts/decision_mock-44910-42ec35c5-dec-000003_response.json,run,.json,10281
run/prompts/decision_mock-44910-42ec35c5-dec-000003_system.txt,run,.txt,1912
run/prompts/decision_mock-44910-42ec35c5-dec-000003_tools.json,run,.json,1539
run/prompts/decision_mock-44910-42ec35c5-dec-000003_user.json,run,.json,3107
run/prompts/decision_mock-44910-42ec35c5-dec-000004_parsed.json,run,.json,2207
run/prompts/decision_mock-44910-42ec35c5-dec-000004_response.json,run,.json,13035
run/prompts/decision_mock-44910-42ec35c5-dec-000004_system.txt,run,.txt,1912
run/prompts/decision_mock-44910-42ec35c5-dec-000004_tools.json,run,.json,1539
run/prompts/decision_mock-44910-42ec35c5-dec-000004_user.json,run,.json,3574
run/prompts/decision_mock-44910-42ec35c5-dec-000005_parsed.json,run,.json,1829
run/prompts/decision_mock-44910-42ec35c5-dec-000005_response.json,run,.json,4021
run/prompts/decision_mock-44910-42ec35c5-dec-000005_system.txt,run,.txt,1912
run/prompts/decision_mock-44910-42ec35c5-dec-000005_tools.json,run,.json,1198
run/prompts/decision_mock-44910-42ec35c5-dec-000005_user.json,run,.json,3326
run/prompts/decision_mock-44910-42ec35c5-dec-000006_parsed.json,run,.json,1621
run/prompts/decision_mock-44910-42ec35c5-dec-000006_response.json,run,.json,4099
run/prompts/decision_mock-44910-42ec35c5-dec-000006_system.txt,run,.txt,1912
run/prompts/decision_mock-44910-42ec35c5-dec-000006_tools.json,run,.json,1198
run/prompts/decision_mock-44910-42ec35c5-dec-000006_user.json,run,.json,3663
run/prompts/decision_mock-44910-42ec35c5-dec-000007_parsed.json,run,.json,1721
run/prompts/decision_mock-44910-42ec35c5-dec-000007_response.json,run,.json,3423
run/prompts/decision_mock-44910-42ec35c5-dec-000007_system.txt,run,.txt,1912
run/prompts/decision_mock-44910-42ec35c5-dec-000007_tools.json,run,.json,1539
run/prompts/decision_mock-44910-42ec35c5-dec-000007_user.json,run,.json,4127
run/prompts/decision_mock-44910-42ec35c5-dec-000008_parsed.json,run,.json,2083
run/prompts/decision_mock-44910-42ec35c5-dec-000008_response.json,run,.json,15177
run/prompts/decision_mock-44910-42ec35c5-dec-000008_system.txt,run,.txt,1912
run/prompts/decision_mock-44910-42ec35c5-dec-000008_tools.json,run,.json,1539
run/prompts/decision_mock-44910-42ec35c5-dec-000008_user.json,run,.json,4867
run/prompts/decision_mock-44910-42ec35c5-dec-000009_parsed.json,run,.json,2141
run/prompts/decision_mock-44910-42ec35c5-dec-000009_response.json,run,.json,3834
run/prompts/decision_mock-44910-42ec35c5-dec-000009_system.txt,run,.txt,1912
run/prompts/decision_mock-44910-42ec35c5-dec-000009_tools.json,run,.json,632
run/prompts/decision_mock-44910-42ec35c5-dec-000009_user.json,run,.json,4126
run/prompts/decision_mock-44910-42ec35c5-dec-000010_parsed.json,run,.json,2405
run/prompts/decision_mock-44910-42ec35c5-dec-000010_response.json,run,.json,4032
run/prompts/decision_mock-44910-42ec35c5-dec-000010_system.txt,run,.txt,1912
run/prompts/decision_mock-44910-42ec35c5-dec-000010_tools.json,run,.json,1539
run/prompts/decision_mock-44910-42ec35c5-dec-000010_user.json,run,.json,4950
run/prompts/decision_mock-44910-42ec35c5-dec-000011_parsed.json,run,.json,1705
run/prompts/decision_mock-44910-42ec35c5-dec-000011_response.json,run,.json,3357
run/prompts/decision_mock-44910-42ec35c5-dec-000011_system.txt,run,.txt,1912
run/prompts/decision_mock-44910-42ec35c5-dec-000011_tools.json,run,.json,632
run/prompts/decision_mock-44910-42ec35c5-dec-000011_user.json,run,.json,4611
run/prompts/decision_mock-44910-42ec35c5-dec-000012_parsed.json,run,.json,1457
run/prompts/decision_mock-44910-42ec35c5-dec-000012_response.json,run,.json,3287
run/prompts/decision_mock-44910-42ec35c5-dec-000012_system.txt,run,.txt,1912
run/prompts/decision_mock-44910-42ec35c5-dec-000012_tools.json,run,.json,1539
run/prompts/decision_mock-44910-42ec35c5-dec-000012_user.json,run,.json,5339
run/prompts/decision_mock-44910-42ec35c5-dec-000013_parsed.json,run,.json,2029
run/prompts/decision_mock-44910-42ec35c5-dec-000013_response.json,run,.json,4283
run/prompts/decision_mock-44910-42ec35c5-dec-000013_system.txt,run,.txt,1912
run/prompts/decision_mock-44910-42ec35c5-dec-000013_tools.json,run,.json,632
run/prompts/decision_mock-44910-42ec35c5-dec-000013_user.json,run,.json,5333
run/prompts/decision_mock-44910-42ec35c5-dec-000014_parsed.json,run,.json,1697
run/prompts/decision_mock-44910-42ec35c5-dec-000014_response.json,run,.json,4344
run/prompts/decision_mock-44910-42ec35c5-dec-000014_system.txt,run,.txt,1912
run/prompts/decision_mock-44910-42ec35c5-dec-000014_tools.json,run,.json,1539
run/prompts/decision_mock-44910-42ec35c5-dec-000014_user.json,run,.json,6146
run/prompts/decision_mock-44910-42ec35c5-dec-000015_parsed.json,run,.json,2655
run/prompts/decision_mock-44910-42ec35c5-dec-000015_response.json,run,.json,11985
run/prompts/decision_mock-44910-42ec35c5-dec-000015_system.txt,run,.txt,1912
run/prompts/decision_mock-44910-42ec35c5-dec-000015_tools.json,run,.json,632
run/prompts/decision_mock-44910-42ec35c5-dec-000015_user.json,run,.json,6410
run/prompts/decision_mock-44910-42ec35c5-dec-000016_parsed.json,run,.json,2407
run/prompts/decision_mock-44910-42ec35c5-dec-000016_response.json,run,.json,17449
run/prompts/decision_mock-44910-42ec35c5-dec-000016_system.txt,run,.txt,1912
run/prompts/decision_mock-44910-42ec35c5-dec-000016_tools.json,run,.json,1539
run/prompts/decision_mock-44910-42ec35c5-dec-000016_user.json,run,.json,7386
run/prompts/decision_mock-44910-42ec35c5-dec-000017_parsed.json,run,.json,2477
run/prompts/decision_mock-44910-42ec35c5-dec-000017_response.json,run,.json,4134
run/prompts/decision_mock-44910-42ec35c5-dec-000017_system.txt,run,.txt,1912
run/prompts/decision_mock-44910-42ec35c5-dec-000017_tools.json,run,.json,632
run/prompts/decision_mock-44910-42ec35c5-dec-000017_user.json,run,.json,6569
run/prompts/decision_mock-44910-42ec35c5-dec-000018_parsed.json,run,.json,2757
run/prompts/decision_mock-44910-42ec35c5-dec-000018_response.json,run,.json,6629
run/prompts/decision_mock-44910-42ec35c5-dec-000018_system.txt,run,.txt,1912
run/prompts/decision_mock-44910-42ec35c5-dec-000018_tools.json,run,.json,1539
run/prompts/decision_mock-44910-42ec35c5-dec-000018_user.json,run,.json,7499
run/prompts/decision_mock-44910-42ec35c5-dec-000019_parsed.json,run,.json,1617
run/prompts/decision_mock-44910-42ec35c5-dec-000019_response.json,run,.json,4309
run/prompts/decision_mock-44910-42ec35c5-dec-000019_system.txt,run,.txt,1912
run/prompts/decision_mock-44910-42ec35c5-dec-000019_tools.json,run,.json,632
run/prompts/decision_mock-44910-42ec35c5-dec-000019_user.json,run,.json,6610
run/prompts/decision_mock-44910-42ec35c5-dec-000020_parsed.json,run,.json,1901
run/prompts/decision_mock-44910-42ec35c5-dec-000020_response.json,run,.json,3975
run/prompts/decision_mock-44910-42ec35c5-dec-000020_system.txt,run,.txt,1912
run/prompts/decision_mock-44910-42ec35c5-dec-000020_tools.json,run,.json,1539
run/prompts/decision_mock-44910-42ec35c5-dec-000020_user.json,run,.json,7176
run/prompts/decision_mock-44910-42ec35c5-dec-000021_parsed.json,run,.json,1757
run/prompts/decision_mock-44910-42ec35c5-dec-000021_response.json,run,.json,3940
run/prompts/decision_mock-44910-42ec35c5-dec-000021_system.txt,run,.txt,1912
run/prompts/decision_mock-44910-42ec35c5-dec-000021_tools.json,run,.json,632
run/prompts/decision_mock-44910-42ec35c5-dec-000021_user.json,run,.json,7087
run/prompts/decision_mock-44910-42ec35c5-dec-000022_parsed.json,run,.json,1837
run/prompts/decision_mock-44910-42ec35c5-dec-000022_response.json,run,.json,4282
run/prompts/decision_mock-44910-42ec35c5-dec-000022_system.txt,run,.txt,1912
run/prompts/decision_mock-44910-42ec35c5-dec-000022_tools.json,run,.json,1539
run/prompts/decision_mock-44910-42ec35c5-dec-000022_user.json,run,.json,7655
run/prompts/decision_mock-44910-42ec35c5-dec-000023_parsed.json,run,.json,2303
run/prompts/decision_mock-44910-42ec35c5-dec-000023_response.json,run,.json,11280
run/prompts/decision_mock-44910-42ec35c5-dec-000023_system.txt,run,.txt,1912
run/prompts/decision_mock-44910-42ec35c5-dec-000023_tools.json,run,.json,632
run/prompts/decision_mock-44910-42ec35c5-dec-000023_user.json,run,.json,8087
run/prompts/decision_mock-44910-42ec35c5-dec-000024_parsed.json,run,.json,2255
run/prompts/decision_mock-44910-42ec35c5-dec-000024_response.json,run,.json,13526
run/prompts/decision_mock-44910-42ec35c5-dec-000024_system.txt,run,.txt,1912
run/prompts/decision_mock-44910-42ec35c5-dec-000024_tools.json,run,.json,1539
run/prompts/decision_mock-44910-42ec35c5-dec-000024_user.json,run,.json,8831
run/prompts/decision_mock-44910-42ec35c5-dec-000025_parsed.json,run,.json,2895
run/prompts/decision_mock-44910-42ec35c5-dec-000025_response.json,run,.json,19137
run/prompts/decision_mock-44910-42ec35c5-dec-000025_system.txt,run,.txt,1912
run/prompts/decision_mock-44910-42ec35c5-dec-000025_tools.json,run,.json,632
run/prompts/decision_mock-44910-42ec35c5-dec-000025_user.json,run,.json,8784
run/prompts/decision_mock-44910-42ec35c5-dec-000026_parsed.json,run,.json,2171
run/prompts/decision_mock-44910-42ec35c5-dec-000026_response.json,run,.json,4408
run/prompts/decision_mock-44910-42ec35c5-dec-000026_system.txt,run,.txt,1912
run/prompts/decision_mock-44910-42ec35c5-dec-000026_tools.json,run,.json,652
run/prompts/decision_mock-44910-42ec35c5-dec-000026_user.json,run,.json,8116
run/prompts/decision_mock-44910-42ec35c5-dec-000027_parsed.json,run,.json,1577
run/prompts/decision_mock-44910-42ec35c5-dec-000027_response.json,run,.json,3983
run/prompts/decision_mock-44910-42ec35c5-dec-000027_system.txt,run,.txt,1912
run/prompts/decision_mock-44910-42ec35c5-dec-000027_tools.json,run,.json,652
run/prompts/decision_mock-44910-42ec35c5-dec-000027_user.json,run,.json,7636
run/prompts/decision_mock-44910-42ec35c5-dec-000028_parsed.json,run,.json,2127
run/prompts/decision_mock-44910-42ec35c5-dec-000028_response.json,run,.json,9563
run/prompts/decision_mock-44910-42ec35c5-dec-000028_system.txt,run,.txt,1912
run/prompts/decision_mock-44910-42ec35c5-dec-000028_tools.json,run,.json,652
run/prompts/decision_mock-44910-42ec35c5-dec-000028_user.json,run,.json,8042
run/prompts/decision_mock-44910-42ec35c5-dec-000029_parsed.json,run,.json,2471
run/prompts/decision_mock-44910-42ec35c5-dec-000029_response.json,run,.json,13236
run/prompts/decision_mock-44910-42ec35c5-dec-000029_system.txt,run,.txt,1912
run/prompts/decision_mock-44910-42ec35c5-dec-000029_tools.json,run,.json,652
run/prompts/decision_mock-44910-42ec35c5-dec-000029_user.json,run,.json,9640
run/prompts/decision_mock-44910-42ec35c5-dec-000030_parsed.json,run,.json,1927
run/prompts/decision_mock-44910-42ec35c5-dec-000030_response.json,run,.json,4798
run/prompts/decision_mock-44910-42ec35c5-dec-000030_system.txt,run,.txt,1912
run/prompts/decision_mock-44910-42ec35c5-dec-000030_tools.json,run,.json,652
run/prompts/decision_mock-44910-42ec35c5-dec-000030_user.json,run,.json,8715
run/prompts/decision_mock-44910-42ec35c5-dec-000031_parsed.json,run,.json,1955
run/prompts/decision_mock-44910-42ec35c5-dec-000031_response.json,run,.json,8959
run/prompts/decision_mock-44910-42ec35c5-dec-000031_system.txt,run,.txt,1912
run/prompts/decision_mock-44910-42ec35c5-dec-000031_tools.json,run,.json,652
run/prompts/decision_mock-44910-42ec35c5-dec-000031_user.json,run,.json,8514
run/prompts/decision_mock-44910-42ec35c5-dec-000032_parsed.json,run,.json,2151
run/prompts/decision_mock-44910-42ec35c5-dec-000032_response.json,run,.json,9647
run/prompts/decision_mock-44910-42ec35c5-dec-000032_system.txt,run,.txt,1912
run/prompts/decision_mock-44910-42ec35c5-dec-000032_tools.json,run,.json,652
run/prompts/decision_mock-44910-42ec35c5-dec-000032_user.json,run,.json,9131
run/prompts/decision_mock-44910-42ec35c5-dec-000033_parsed.json,run,.json,1819
run/prompts/decision_mock-44910-42ec35c5-dec-000033_response.json,run,.json,14906
run/prompts/decision_mock-44910-42ec35c5-dec-000033_system.txt,run,.txt,1912
run/prompts/decision_mock-44910-42ec35c5-dec-000033_tools.json,run,.json,652
run/prompts/decision_mock-44910-42ec35c5-dec-000033_user.json,run,.json,8865
run/prompts/decision_mock-44910-42ec35c5-dec-000034_parsed.json,run,.json,2589
run/prompts/decision_mock-44910-42ec35c5-dec-000034_response.json,run,.json,3973
run/prompts/decision_mock-44910-42ec35c5-dec-000034_system.txt,run,.txt,1912
run/prompts/decision_mock-44910-42ec35c5-dec-000034_tools.json,run,.json,652
run/prompts/decision_mock-44910-42ec35c5-dec-000034_user.json,run,.json,9526
run/prompts/decision_mock-44910-42ec35c5-dec-000035_parsed.json,run,.json,2807
run/prompts/decision_mock-44910-42ec35c5-dec-000035_response.json,run,.json,12781
run/prompts/decision_mock-44910-42ec35c5-dec-000035_system.txt,run,.txt,1912
run/prompts/decision_mock-44910-42ec35c5-dec-000035_tools.json,run,.json,1539
run/prompts/decision_mock-44910-42ec35c5-dec-000035_user.json,run,.json,9973
run/prompts/decision_mock-44910-42ec35c5-dec-000036_parsed.json,run,.json,3317
run/prompts/decision_mock-44910-42ec35c5-dec-000036_response.json,run,.json,8637
run/prompts/decision_mock-44910-42ec35c5-dec-000036_system.txt,run,.txt,1912
run/prompts/decision_mock-44910-42ec35c5-dec-000036_tools.json,run,.json,1539
run/prompts/decision_mock-44910-42ec35c5-dec-000036_user.json,run,.json,9498
run/prompts/decision_mock-44910-42ec35c5-dec-000037_parsed.json,run,.json,2041
run/prompts/decision_mock-44910-42ec35c5-dec-000037_response.json,run,.json,5266
run/prompts/decision_mock-44910-42ec35c5-dec-000037_system.txt,run,.txt,1912
run/prompts/decision_mock-44910-42ec35c5-dec-000037_tools.json,run,.json,632
run/prompts/decision_mock-44910-42ec35c5-dec-000037_user.json,run,.json,7682
run/prompts/decision_mock-44910-42ec35c5-dec-000038_parsed.json,run,.json,2217
run/prompts/decision_mock-44910-42ec35c5-dec-000038_response.json,run,.json,4364
run/prompts/decision_mock-44910-42ec35c5-dec-000038_system.txt,run,.txt,1912
run/prompts/decision_mock-44910-42ec35c5-dec-000038_tools.json,run,.json,1539
run/prompts/decision_mock-44910-42ec35c5-dec-000038_user.json,run,.json,8297
run/prompts/decision_mock-44910-42ec35c5-dec-000039_parsed.json,run,.json,2297
run/prompts/decision_mock-44910-42ec35c5-dec-000039_response.json,run,.json,4275
run/prompts/decision_mock-44910-42ec35c5-dec-000039_system.txt,run,.txt,1912
run/prompts/decision_mock-44910-42ec35c5-dec-000039_tools.json,run,.json,632
run/prompts/decision_mock-44910-42ec35c5-dec-000039_user.json,run,.json,8192
run/prompts/decision_mock-44910-42ec35c5-dec-000040_parsed.json,run,.json,2057
run/prompts/decision_mock-44910-42ec35c5-dec-000040_response.json,run,.json,3914
run/prompts/decision_mock-44910-42ec35c5-dec-000040_system.txt,run,.txt,1912
run/prompts/decision_mock-44910-42ec35c5-dec-000040_tools.json,run,.json,1539
run/prompts/decision_mock-44910-42ec35c5-dec-000040_user.json,run,.json,8889
run/prompts/decision_mock-44910-42ec35c5-dec-000041_parsed.json,run,.json,1681
run/prompts/decision_mock-44910-42ec35c5-dec-000041_response.json,run,.json,3602
run/prompts/decision_mock-44910-42ec35c5-dec-000041_system.txt,run,.txt,1912
run/prompts/decision_mock-44910-42ec35c5-dec-000041_tools.json,run,.json,1539
run/prompts/decision_mock-44910-42ec35c5-dec-000041_user.json,run,.json,8792
run/prompts/decision_mock-44910-42ec35c5-dec-000042_parsed.json,run,.json,1685
run/prompts/decision_mock-44910-42ec35c5-dec-000042_response.json,run,.json,4228
run/prompts/decision_mock-44910-42ec35c5-dec-000042_system.txt,run,.txt,1912
run/prompts/decision_mock-44910-42ec35c5-dec-000042_tools.json,run,.json,1539
run/prompts/decision_mock-44910-42ec35c5-dec-000042_user.json,run,.json,8688
run/prompts/decision_mock-44910-42ec35c5-dec-000043_parsed.json,run,.json,2899
run/prompts/decision_mock-44910-42ec35c5-dec-000043_response.json,run,.json,13649
run/prompts/decision_mock-44910-42ec35c5-dec-000043_system.txt,run,.txt,1912
run/prompts/decision_mock-44910-42ec35c5-dec-000043_tools.json,run,.json,632
run/prompts/decision_mock-44910-42ec35c5-dec-000043_user.json,run,.json,9515
run/prompts/decision_mock-44910-42ec35c5-dec-000044_parsed.json,run,.json,2323
run/prompts/decision_mock-44910-42ec35c5-dec-000044_response.json,run,.json,6115
run/prompts/decision_mock-44910-42ec35c5-dec-000044_system.txt,run,.txt,1912
run/prompts/decision_mock-44910-42ec35c5-dec-000044_tools.json,run,.json,652
run/prompts/decision_mock-44910-42ec35c5-dec-000044_user.json,run,.json,9535
run/prompts/decision_mock-44910-42ec35c5-dec-000045_parsed.json,run,.json,1789
run/prompts/decision_mock-44910-42ec35c5-dec-000045_response.json,run,.json,5038
run/prompts/decision_mock-44910-42ec35c5-dec-000045_system.txt,run,.txt,1912
run/prompts/decision_mock-44910-42ec35c5-dec-000045_tools.json,run,.json,652
run/prompts/decision_mock-44910-42ec35c5-dec-000045_user.json,run,.json,8605
run/prompts/decision_mock-44910-42ec35c5-dec-000046_parsed.json,run,.json,1711
run/prompts/decision_mock-44910-42ec35c5-dec-000046_response.json,run,.json,8192
run/prompts/decision_mock-44910-42ec35c5-dec-000046_system.txt,run,.txt,1912
run/prompts/decision_mock-44910-42ec35c5-dec-000046_tools.json,run,.json,652
run/prompts/decision_mock-44910-42ec35c5-dec-000046_user.json,run,.json,8573
run/prompts/decision_mock-44910-42ec35c5-dec-000047_parsed.json,run,.json,2347
run/prompts/decision_mock-44910-42ec35c5-dec-000047_response.json,run,.json,10067
run/prompts/decision_mock-44910-42ec35c5-dec-000047_system.txt,run,.txt,1912
run/prompts/decision_mock-44910-42ec35c5-dec-000047_tools.json,run,.json,652
run/prompts/decision_mock-44910-42ec35c5-dec-000047_user.json,run,.json,9960
run/prompts/decision_mock-44910-42ec35c5-dec-000048_parsed.json,run,.json,2103
run/prompts/decision_mock-44910-42ec35c5-dec-000048_response.json,run,.json,4056
run/prompts/decision_mock-44910-42ec35c5-dec-000048_system.txt,run,.txt,1912
run/prompts/decision_mock-44910-42ec35c5-dec-000048_tools.json,run,.json,652
run/prompts/decision_mock-44910-42ec35c5-dec-000048_user.json,run,.json,10019
run/prompts/decision_mock-44910-42ec35c5-dec-000049_parsed.json,run,.json,1859
run/prompts/decision_mock-44910-42ec35c5-dec-000049_response.json,run,.json,9248
run/prompts/decision_mock-44910-42ec35c5-dec-000049_system.txt,run,.txt,1912
run/prompts/decision_mock-44910-42ec35c5-dec-000049_tools.json,run,.json,652
run/prompts/decision_mock-44910-42ec35c5-dec-000049_user.json,run,.json,8760
run/prompts/decision_mock-44910-42ec35c5-dec-000050_parsed.json,run,.json,2271
run/prompts/decision_mock-44910-42ec35c5-dec-000050_response.json,run,.json,4070
run/prompts/decision_mock-44910-42ec35c5-dec-000050_system.txt,run,.txt,1912
run/prompts/decision_mock-44910-42ec35c5-dec-000050_tools.json,run,.json,652
run/prompts/decision_mock-44910-42ec35c5-dec-000050_user.json,run,.json,10168
run/prompts/decision_mock-44910-42ec35c5-dec-000051_parsed.json,run,.json,1773
run/prompts/decision_mock-44910-42ec35c5-dec-000051_response.json,run,.json,3946
run/prompts/decision_mock-44910-42ec35c5-dec-000051_system.txt,run,.txt,1912
run/prompts/decision_mock-44910-42ec35c5-dec-000051_tools.json,run,.json,652
run/prompts/decision_mock-44910-42ec35c5-dec-000051_user.json,run,.json,8987
run/prompts/decision_mock-44910-42ec35c5-dec-000052_parsed.json,run,.json,3625
run/prompts/decision_mock-44910-42ec35c5-dec-000052_response.json,run,.json,56044
run/prompts/decision_mock-44910-42ec35c5-dec-000052_system.txt,run,.txt,1912
run/prompts/decision_mock-44910-42ec35c5-dec-000052_tools.json,run,.json,1539
run/prompts/decision_mock-44910-42ec35c5-dec-000052_user.json,run,.json,10066
run/prompts/decision_mock-44910-42ec35c5-dec-000053_parsed.json,run,.json,2845
run/prompts/decision_mock-44910-42ec35c5-dec-000053_response.json,run,.json,5014
run/prompts/decision_mock-44910-42ec35c5-dec-000053_system.txt,run,.txt,1912
run/prompts/decision_mock-44910-42ec35c5-dec-000053_tools.json,run,.json,1466
run/prompts/decision_mock-44910-42ec35c5-dec-000053_user.json,run,.json,8846
run/prompts/decision_mock-44910-42ec35c5-dec-000054_parsed.json,run,.json,3849
run/prompts/decision_mock-44910-42ec35c5-dec-000054_response.json,run,.json,34787
run/prompts/decision_mock-44910-42ec35c5-dec-000054_system.txt,run,.txt,1912
run/prompts/decision_mock-44910-42ec35c5-dec-000054_tools.json,run,.json,1539
run/prompts/decision_mock-44910-42ec35c5-dec-000054_user.json,run,.json,10501
run/prompts/decision_mock-44910-42ec35c5-dec-000055_parsed.json,run,.json,2549
run/prompts/decision_mock-44910-42ec35c5-dec-000055_response.json,run,.json,4942
run/prompts/decision_mock-44910-42ec35c5-dec-000055_system.txt,run,.txt,1912
run/prompts/decision_mock-44910-42ec35c5-dec-000055_tools.json,run,.json,1466
run/prompts/decision_mock-44910-42ec35c5-dec-000055_user.json,run,.json,9351
run/prompts/decision_mock-44910-42ec35c5-dec-000056_parsed.json,run,.json,3245
run/prompts/decision_mock-44910-42ec35c5-dec-000056_response.json,run,.json,24344
run/prompts/decision_mock-44910-42ec35c5-dec-000056_system.txt,run,.txt,1912
run/prompts/decision_mock-44910-42ec35c5-dec-000056_tools.json,run,.json,1539
run/prompts/decision_mock-44910-42ec35c5-dec-000056_user.json,run,.json,10824
run/prompts/decision_mock-44910-42ec35c5-dec-000057_parsed.json,run,.json,2537
run/prompts/decision_mock-44910-42ec35c5-dec-000057_response.json,run,.json,5923
run/prompts/decision_mock-44910-42ec35c5-dec-000057_system.txt,run,.txt,1912
run/prompts/decision_mock-44910-42ec35c5-dec-000057_tools.json,run,.json,1466
run/prompts/decision_mock-44910-42ec35c5-dec-000057_user.json,run,.json,9907
run/prompts/decision_mock-44910-42ec35c5-dec-000058_parsed.json,run,.json,1911
run/prompts/decision_mock-44910-42ec35c5-dec-000058_response.json,run,.json,18467
run/prompts/decision_mock-44910-42ec35c5-dec-000058_system.txt,run,.txt,1912
run/prompts/decision_mock-44910-42ec35c5-dec-000058_tools.json,run,.json,1539
run/prompts/decision_mock-44910-42ec35c5-dec-000058_user.json,run,.json,11205
run/prompts/decision_mock-44910-42ec35c5-dec-000059_parsed.json,run,.json,2565
run/prompts/decision_mock-44910-42ec35c5-dec-000059_response.json,run,.json,4607
run/prompts/decision_mock-44910-42ec35c5-dec-000059_system.txt,run,.txt,1912
run/prompts/decision_mock-44910-42ec35c5-dec-000059_tools.json,run,.json,612
run/prompts/decision_mock-44910-42ec35c5-dec-000059_user.json,run,.json,10087
run/prompts/decision_mock-44910-42ec35c5-dec-000060_parsed.json,run,.json,1781
run/prompts/decision_mock-44910-42ec35c5-dec-000060_response.json,run,.json,8323
run/prompts/decision_mock-44910-42ec35c5-dec-000060_system.txt,run,.txt,1912
run/prompts/decision_mock-44910-42ec35c5-dec-000060_tools.json,run,.json,1539
run/prompts/decision_mock-44910-42ec35c5-dec-000060_user.json,run,.json,9740
run/prompts/decision_mock-44910-42ec35c5-dec-000061_parsed.json,run,.json,2975
run/prompts/decision_mock-44910-42ec35c5-dec-000061_response.json,run,.json,10753
run/prompts/decision_mock-44910-42ec35c5-dec-000061_system.txt,run,.txt,1912
run/prompts/decision_mock-44910-42ec35c5-dec-000061_tools.json,run,.json,1539
run/prompts/decision_mock-44910-42ec35c5-dec-000061_user.json,run,.json,9669
run/prompts/decision_mock-44910-42ec35c5-dec-000062_parsed.json,run,.json,2441
run/prompts/decision_mock-44910-42ec35c5-dec-000062_response.json,run,.json,4033
run/prompts/decision_mock-44910-42ec35c5-dec-000062_system.txt,run,.txt,1912
run/prompts/decision_mock-44910-42ec35c5-dec-000062_tools.json,run,.json,1466
run/prompts/decision_mock-44910-42ec35c5-dec-000062_user.json,run,.json,10240
run/prompts/decision_mock-44910-42ec35c5-dec-000063_parsed.json,run,.json,2667
run/prompts/decision_mock-44910-42ec35c5-dec-000063_response.json,run,.json,14323
run/prompts/decision_mock-44910-42ec35c5-dec-000063_system.txt,run,.txt,1912
run/prompts/decision_mock-44910-42ec35c5-dec-000063_tools.json,run,.json,1539
run/prompts/decision_mock-44910-42ec35c5-dec-000063_user.json,run,.json,9938
run/prompts/decision_mock-44910-42ec35c5-dec-000064_parsed.json,run,.json,2501
run/prompts/decision_mock-44910-42ec35c5-dec-000064_response.json,run,.json,4519
run/prompts/decision_mock-44910-42ec35c5-dec-000064_system.txt,run,.txt,1912
run/prompts/decision_mock-44910-42ec35c5-dec-000064_tools.json,run,.json,1466
run/prompts/decision_mock-44910-42ec35c5-dec-000064_user.json,run,.json,10515
run/prompts/decision_mock-44910-42ec35c5-dec-000065_parsed.json,run,.json,3267
run/prompts/decision_mock-44910-42ec35c5-dec-000065_response.json,run,.json,23505
run/prompts/decision_mock-44910-42ec35c5-dec-000065_system.txt,run,.txt,1912
run/prompts/decision_mock-44910-42ec35c5-dec-000065_tools.json,run,.json,1539
run/prompts/decision_mock-44910-42ec35c5-dec-000065_user.json,run,.json,10089
run/prompts/decision_mock-44910-42ec35c5-dec-000066_parsed.json,run,.json,2789
run/prompts/decision_mock-44910-42ec35c5-dec-000066_response.json,run,.json,4419
run/prompts/decision_mock-44910-42ec35c5-dec-000066_system.txt,run,.txt,1912
run/prompts/decision_mock-44910-42ec35c5-dec-000066_tools.json,run,.json,1466
run/prompts/decision_mock-44910-42ec35c5-dec-000066_user.json,run,.json,10785
run/prompts/decision_mock-44910-42ec35c5-dec-000067_parsed.json,run,.json,3207
run/prompts/decision_mock-44910-42ec35c5-dec-000067_response.json,run,.json,18853
run/prompts/decision_mock-44910-42ec35c5-dec-000067_system.txt,run,.txt,1912
run/prompts/decision_mock-44910-42ec35c5-dec-000067_tools.json,run,.json,1539
run/prompts/decision_mock-44910-42ec35c5-dec-000067_user.json,run,.json,10405
run/prompts/decision_mock-44910-42ec35c5-dec-000068_parsed.json,run,.json,2361
run/prompts/decision_mock-44910-42ec35c5-dec-000068_response.json,run,.json,3665
run/prompts/decision_mock-44910-42ec35c5-dec-000068_system.txt,run,.txt,1912
run/prompts/decision_mock-44910-42ec35c5-dec-000068_tools.json,run,.json,1466
run/prompts/decision_mock-44910-42ec35c5-dec-000068_user.json,run,.json,11213
run/prompts/decision_mock-44910-42ec35c5-dec-000069_parsed.json,run,.json,1633
run/prompts/decision_mock-44910-42ec35c5-dec-000069_response.json,run,.json,3525
run/prompts/decision_mock-44910-42ec35c5-dec-000069_system.txt,run,.txt,1912
run/prompts/decision_mock-44910-42ec35c5-dec-000069_tools.json,run,.json,1539
run/prompts/decision_mock-44910-42ec35c5-dec-000069_user.json,run,.json,10907
run/prompts/decision_mock-44910-42ec35c5-dec-000070_parsed.json,run,.json,2551
run/prompts/decision_mock-44910-42ec35c5-dec-000070_response.json,run,.json,24626
run/prompts/decision_mock-44910-42ec35c5-dec-000070_system.txt,run,.txt,1912
run/prompts/decision_mock-44910-42ec35c5-dec-000070_tools.json,run,.json,1539
run/prompts/decision_mock-44910-42ec35c5-dec-000070_user.json,run,.json,11740
run/prompts/decision_mock-44910-42ec35c5-dec-000071_parsed.json,run,.json,2645
run/prompts/decision_mock-44910-42ec35c5-dec-000071_response.json,run,.json,7202
run/prompts/decision_mock-44910-42ec35c5-dec-000071_system.txt,run,.txt,1912
run/prompts/decision_mock-44910-42ec35c5-dec-000071_tools.json,run,.json,612
run/prompts/decision_mock-44910-42ec35c5-dec-000071_user.json,run,.json,11223
run/prompts/decision_mock-44910-42ec35c5-dec-000072_parsed.json,run,.json,2457
run/prompts/decision_mock-44910-42ec35c5-dec-000072_response.json,run,.json,7002
run/prompts/decision_mock-44910-42ec35c5-dec-000072_system.txt,run,.txt,1912
run/prompts/decision_mock-44910-42ec35c5-dec-000072_tools.json,run,.json,632
run/prompts/decision_mock-44910-42ec35c5-dec-000072_user.json,run,.json,11118
run/prompts/decision_mock-44910-42ec35c5-dec-000073_parsed.json,run,.json,3433
run/prompts/decision_mock-44910-42ec35c5-dec-000073_response.json,run,.json,12012
run/prompts/decision_mock-44910-42ec35c5-dec-000073_system.txt,run,.txt,1912
run/prompts/decision_mock-44910-42ec35c5-dec-000073_tools.json,run,.json,1539
run/prompts/decision_mock-44910-42ec35c5-dec-000073_user.json,run,.json,11338
run/prompts/decision_mock-44910-42ec35c5-dec-000074_parsed.json,run,.json,1993
run/prompts/decision_mock-44910-42ec35c5-dec-000074_response.json,run,.json,5142
run/prompts/decision_mock-44910-42ec35c5-dec-000074_system.txt,run,.txt,1912
run/prompts/decision_mock-44910-42ec35c5-dec-000074_tools.json,run,.json,612
run/prompts/decision_mock-44910-42ec35c5-dec-000074_user.json,run,.json,10432
run/prompts/decision_mock-44910-42ec35c5-dec-000075_parsed.json,run,.json,1685
run/prompts/decision_mock-44910-42ec35c5-dec-000075_response.json,run,.json,8291
run/prompts/decision_mock-44910-42ec35c5-dec-000075_system.txt,run,.txt,1912
run/prompts/decision_mock-44910-42ec35c5-dec-000075_tools.json,run,.json,1539
run/prompts/decision_mock-44910-42ec35c5-dec-000075_user.json,run,.json,9992
run/prompts/decision_mock-44910-42ec35c5-dec-000076_parsed.json,run,.json,3429
run/prompts/decision_mock-44910-42ec35c5-dec-000076_response.json,run,.json,10022
run/prompts/decision_mock-44910-42ec35c5-dec-000076_system.txt,run,.txt,1912
run/prompts/decision_mock-44910-42ec35c5-dec-000076_tools.json,run,.json,1539
run/prompts/decision_mock-44910-42ec35c5-dec-000076_user.json,run,.json,11288
run/prompts/decision_mock-44910-42ec35c5-dec-000077_parsed.json,run,.json,2593
run/prompts/decision_mock-44910-42ec35c5-dec-000077_response.json,run,.json,3816
run/prompts/decision_mock-44910-42ec35c5-dec-000077_system.txt,run,.txt,1912
run/prompts/decision_mock-44910-42ec35c5-dec-000077_tools.json,run,.json,612
run/prompts/decision_mock-44910-42ec35c5-dec-000077_user.json,run,.json,10277
run/prompts/decision_mock-44910-42ec35c5-dec-000078_parsed.json,run,.json,2145
run/prompts/decision_mock-44910-42ec35c5-dec-000078_response.json,run,.json,3672
run/prompts/decision_mock-44910-42ec35c5-dec-000078_system.txt,run,.txt,1912
run/prompts/decision_mock-44910-42ec35c5-dec-000078_tools.json,run,.json,300
run/prompts/decision_mock-44910-42ec35c5-dec-000078_user.json,run,.json,10436
run/prompts/decision_mock-44910-42ec35c5-dec-000079_parsed.json,run,.json,2157
run/prompts/decision_mock-44910-42ec35c5-dec-000079_response.json,run,.json,3807
run/prompts/decision_mock-44910-42ec35c5-dec-000079_system.txt,run,.txt,1912
run/prompts/decision_mock-44910-42ec35c5-dec-000079_tools.json,run,.json,1539
run/prompts/decision_mock-44910-42ec35c5-dec-000079_user.json,run,.json,10796
run/prompts/decision_mock-44910-42ec35c5-dec-000080_parsed.json,run,.json,1521
run/prompts/decision_mock-44910-42ec35c5-dec-000080_response.json,run,.json,4777
run/prompts/decision_mock-44910-42ec35c5-dec-000080_system.txt,run,.txt,1912
run/prompts/decision_mock-44910-42ec35c5-dec-000080_tools.json,run,.json,632
run/prompts/decision_mock-44910-42ec35c5-dec-000080_user.json,run,.json,9772
run/prompts/decision_mock-44910-42ec35c5-dec-000081_parsed.json,run,.json,1617
run/prompts/decision_mock-44910-42ec35c5-dec-000081_response.json,run,.json,5282
run/prompts/decision_mock-44910-42ec35c5-dec-000081_system.txt,run,.txt,1912
run/prompts/decision_mock-44910-42ec35c5-dec-000081_tools.json,run,.json,1539
run/prompts/decision_mock-44910-42ec35c5-dec-000081_user.json,run,.json,10005
run/prompts/decision_mock-44910-42ec35c5-dec-000082_parsed.json,run,.json,1837
run/prompts/decision_mock-44910-42ec35c5-dec-000082_response.json,run,.json,16258
run/prompts/decision_mock-44910-42ec35c5-dec-000082_system.txt,run,.txt,1912
run/prompts/decision_mock-44910-42ec35c5-dec-000082_tools.json,run,.json,1539
run/prompts/decision_mock-44910-42ec35c5-dec-000082_user.json,run,.json,9648
run/prompts/decision_mock-44910-42ec35c5-dec-000083_parsed.json,run,.json,2723
run/prompts/decision_mock-44910-42ec35c5-dec-000083_response.json,run,.json,15701
run/prompts/decision_mock-44910-42ec35c5-dec-000083_system.txt,run,.txt,1912
run/prompts/decision_mock-44910-42ec35c5-dec-000083_tools.json,run,.json,612
run/prompts/decision_mock-44910-42ec35c5-dec-000083_user.json,run,.json,10318
run/prompts/decision_mock-44910-42ec35c5-dec-000084_parsed.json,run,.json,2311
run/prompts/decision_mock-44910-42ec35c5-dec-000084_response.json,run,.json,16059
run/prompts/decision_mock-44910-42ec35c5-dec-000084_system.txt,run,.txt,1912
run/prompts/decision_mock-44910-42ec35c5-dec-000084_tools.json,run,.json,1539
run/prompts/decision_mock-44910-42ec35c5-dec-000084_user.json,run,.json,10488
run/prompts/decision_mock-44910-42ec35c5-dec-000085_parsed.json,run,.json,3393
run/prompts/decision_mock-44910-42ec35c5-dec-000085_response.json,run,.json,7215
run/prompts/decision_mock-44910-42ec35c5-dec-000085_system.txt,run,.txt,1912
run/prompts/decision_mock-44910-42ec35c5-dec-000085_tools.json,run,.json,632
run/prompts/decision_mock-44910-42ec35c5-dec-000085_user.json,run,.json,10532
run/prompts/decision_mock-44910-42ec35c5-dec-000086_parsed.json,run,.json,3397
run/prompts/decision_mock-44910-42ec35c5-dec-000086_response.json,run,.json,9082
run/prompts/decision_mock-44910-42ec35c5-dec-000086_system.txt,run,.txt,1912
run/prompts/decision_mock-44910-42ec35c5-dec-000086_tools.json,run,.json,1539
run/prompts/decision_mock-44910-42ec35c5-dec-000086_user.json,run,.json,11039
run/prompts/decision_mock-44910-42ec35c5-dec-000087_parsed.json,run,.json,1721
run/prompts/decision_mock-44910-42ec35c5-dec-000087_response.json,run,.json,4493
run/prompts/decision_mock-44910-42ec35c5-dec-000087_system.txt,run,.txt,1912
run/prompts/decision_mock-44910-42ec35c5-dec-000087_tools.json,run,.json,1539
run/prompts/decision_mock-44910-42ec35c5-dec-000087_user.json,run,.json,9803
run/prompts/decision_mock-44910-42ec35c5-dec-000088_parsed.json,run,.json,3043
run/prompts/decision_mock-44910-42ec35c5-dec-000088_response.json,run,.json,9585
run/prompts/decision_mock-44910-42ec35c5-dec-000088_system.txt,run,.txt,1912
run/prompts/decision_mock-44910-42ec35c5-dec-000088_tools.json,run,.json,1539
run/prompts/decision_mock-44910-42ec35c5-dec-000088_user.json,run,.json,8978
run/prompts/decision_mock-44910-42ec35c5-dec-000089_parsed.json,run,.json,2253
run/prompts/decision_mock-44910-42ec35c5-dec-000089_response.json,run,.json,4946
run/prompts/decision_mock-44910-42ec35c5-dec-000089_system.txt,run,.txt,1912
run/prompts/decision_mock-44910-42ec35c5-dec-000089_tools.json,run,.json,1466
run/prompts/decision_mock-44910-42ec35c5-dec-000089_user.json,run,.json,9368
run/prompts/decision_mock-44910-42ec35c5-dec-000090_parsed.json,run,.json,1713
run/prompts/decision_mock-44910-42ec35c5-dec-000090_response.json,run,.json,15143
run/prompts/decision_mock-44910-42ec35c5-dec-000090_system.txt,run,.txt,1912
run/prompts/decision_mock-44910-42ec35c5-dec-000090_tools.json,run,.json,1539
run/prompts/decision_mock-44910-42ec35c5-dec-000090_user.json,run,.json,9271
run/prompts/decision_mock-44910-42ec35c5-dec-000091_parsed.json,run,.json,2279
run/prompts/decision_mock-44910-42ec35c5-dec-000091_response.json,run,.json,12482
run/prompts/decision_mock-44910-42ec35c5-dec-000091_system.txt,run,.txt,1912
run/prompts/decision_mock-44910-42ec35c5-dec-000091_tools.json,run,.json,632
run/prompts/decision_mock-44910-42ec35c5-dec-000091_user.json,run,.json,9962
run/prompts/decision_mock-44910-42ec35c5-dec-000092_parsed.json,run,.json,2927
run/prompts/decision_mock-44910-42ec35c5-dec-000092_response.json,run,.json,6039
run/prompts/decision_mock-44910-42ec35c5-dec-000092_system.txt,run,.txt,1912
run/prompts/decision_mock-44910-42ec35c5-dec-000092_tools.json,run,.json,652
run/prompts/decision_mock-44910-42ec35c5-dec-000092_user.json,run,.json,11028
run/prompts/decision_mock-44910-42ec35c5-dec-000093_parsed.json,run,.json,2187
run/prompts/decision_mock-44910-42ec35c5-dec-000093_response.json,run,.json,6547
run/prompts/decision_mock-44910-42ec35c5-dec-000093_system.txt,run,.txt,1912
run/prompts/decision_mock-44910-42ec35c5-dec-000093_tools.json,run,.json,652
run/prompts/decision_mock-44910-42ec35c5-dec-000093_user.json,run,.json,9524
run/prompts/decision_mock-44910-42ec35c5-dec-000094_parsed.json,run,.json,1747
run/prompts/decision_mock-44910-42ec35c5-dec-000094_response.json,run,.json,15202
run/prompts/decision_mock-44910-42ec35c5-dec-000094_system.txt,run,.txt,1912
run/prompts/decision_mock-44910-42ec35c5-dec-000094_tools.json,run,.json,652
run/prompts/decision_mock-44910-42ec35c5-dec-000094_user.json,run,.json,9086
run/prompts/decision_mock-44910-42ec35c5-dec-000095_parsed.json,run,.json,2647
run/prompts/decision_mock-44910-42ec35c5-dec-000095_response.json,run,.json,15153
run/prompts/decision_mock-44910-42ec35c5-dec-000095_system.txt,run,.txt,1912
run/prompts/decision_mock-44910-42ec35c5-dec-000095_tools.json,run,.json,652
run/prompts/decision_mock-44910-42ec35c5-dec-000095_user.json,run,.json,10176
run/prompts/decision_mock-44910-42ec35c5-dec-000096_parsed.json,run,.json,3351
run/prompts/decision_mock-44910-42ec35c5-dec-000096_response.json,run,.json,6911
run/prompts/decision_mock-44910-42ec35c5-dec-000096_system.txt,run,.txt,1912
run/prompts/decision_mock-44910-42ec35c5-dec-000096_tools.json,run,.json,652
run/prompts/decision_mock-44910-42ec35c5-dec-000096_user.json,run,.json,11295
run/prompts/decision_mock-44910-42ec35c5-dec-000097_parsed.json,run,.json,2227
run/prompts/decision_mock-44910-42ec35c5-dec-000097_response.json,run,.json,5333
run/prompts/decision_mock-44910-42ec35c5-dec-000097_system.txt,run,.txt,1912
run/prompts/decision_mock-44910-42ec35c5-dec-000097_tools.json,run,.json,652
run/prompts/decision_mock-44910-42ec35c5-dec-000097_user.json,run,.json,9976
run/prompts/decision_mock-44910-42ec35c5-dec-000098_parsed.json,run,.json,1685
run/prompts/decision_mock-44910-42ec35c5-dec-000098_response.json,run,.json,6701
run/prompts/decision_mock-44910-42ec35c5-dec-000098_system.txt,run,.txt,1912
run/prompts/decision_mock-44910-42ec35c5-dec-000098_tools.json,run,.json,652
run/prompts/decision_mock-44910-42ec35c5-dec-000098_user.json,run,.json,9660
run/prompts/decision_mock-44910-42ec35c5-dec-000099_parsed.json,run,.json,2743
run/prompts/decision_mock-44910-42ec35c5-dec-000099_response.json,run,.json,5644
run/prompts/decision_mock-44910-42ec35c5-dec-000099_system.txt,run,.txt,1912
run/prompts/decision_mock-44910-42ec35c5-dec-000099_tools.json,run,.json,652
run/prompts/decision_mock-44910-42ec35c5-dec-000099_user.json,run,.json,11938
run/prompts/decision_mock-44910-42ec35c5-dec-000100_parsed.json,run,.json,2247
run/prompts/decision_mock-44910-42ec35c5-dec-000100_response.json,run,.json,5113
run/prompts/decision_mock-44910-42ec35c5-dec-000100_system.txt,run,.txt,1912
run/prompts/decision_mock-44910-42ec35c5-dec-000100_tools.json,run,.json,652
run/prompts/decision_mock-44910-42ec35c5-dec-000100_user.json,run,.json,10319
run/prompts/decision_mock-44910-42ec35c5-dec-000101_parsed.json,run,.json,2995
run/prompts/decision_mock-44910-42ec35c5-dec-000101_response.json,run,.json,9057
run/prompts/decision_mock-44910-42ec35c5-dec-000101_system.txt,run,.txt,1912
run/prompts/decision_mock-44910-42ec35c5-dec-000101_tools.json,run,.json,652
run/prompts/decision_mock-44910-42ec35c5-dec-000101_user.json,run,.json,12242
run/prompts/decision_mock-44910-42ec35c5-dec-000102_parsed.json,run,.json,2299
run/prompts/decision_mock-44910-42ec35c5-dec-000102_response.json,run,.json,5245
run/prompts/decision_mock-44910-42ec35c5-dec-000102_system.txt,run,.txt,1912
run/prompts/decision_mock-44910-42ec35c5-dec-000102_tools.json,run,.json,652
run/prompts/decision_mock-44910-42ec35c5-dec-000102_user.json,run,.json,10432
run/prompts/decision_mock-44910-42ec35c5-dec-000103_parsed.json,run,.json,3883
run/prompts/decision_mock-44910-42ec35c5-dec-000103_response.json,run,.json,12018
run/prompts/decision_mock-44910-42ec35c5-dec-000103_system.txt,run,.txt,1912
run/prompts/decision_mock-44910-42ec35c5-dec-000103_tools.json,run,.json,652
run/prompts/decision_mock-44910-42ec35c5-dec-000103_user.json,run,.json,12502
run/prompts/decision_mock-44910-42ec35c5-dec-000104_parsed.json,run,.json,1943
run/prompts/decision_mock-44910-42ec35c5-dec-000104_response.json,run,.json,5240
run/prompts/decision_mock-44910-42ec35c5-dec-000104_system.txt,run,.txt,1912
run/prompts/decision_mock-44910-42ec35c5-dec-000104_tools.json,run,.json,652
run/prompts/decision_mock-44910-42ec35c5-dec-000104_user.json,run,.json,10610
run/prompts/decision_mock-44910-42ec35c5-dec-000105_parsed.json,run,.json,3857
run/prompts/decision_mock-44910-42ec35c5-dec-000105_response.json,run,.json,9334
run/prompts/decision_mock-44910-42ec35c5-dec-000105_system.txt,run,.txt,1912
run/prompts/decision_mock-44910-42ec35c5-dec-000105_tools.json,run,.json,652
run/prompts/decision_mock-44910-42ec35c5-dec-000105_user.json,run,.json,12988
run/prompts/decision_mock-44910-42ec35c5-dec-000106_parsed.json,run,.json,2519
run/prompts/decision_mock-44910-42ec35c5-dec-000106_response.json,run,.json,19602
run/prompts/decision_mock-44910-42ec35c5-dec-000106_system.txt,run,.txt,1912
run/prompts/decision_mock-44910-42ec35c5-dec-000106_tools.json,run,.json,1539
run/prompts/decision_mock-44910-42ec35c5-dec-000106_user.json,run,.json,10871
run/prompts/decision_mock-44910-42ec35c5-dec-000107_parsed.json,run,.json,3765
run/prompts/decision_mock-44910-42ec35c5-dec-000107_response.json,run,.json,21703
run/prompts/decision_mock-44910-42ec35c5-dec-000107_system.txt,run,.txt,1912
run/prompts/decision_mock-44910-42ec35c5-dec-000107_tools.json,run,.json,1539
run/prompts/decision_mock-44910-42ec35c5-dec-000107_user.json,run,.json,12630
run/prompts/decision_mock-44910-42ec35c5-dec-000108_parsed.json,run,.json,1849
run/prompts/decision_mock-44910-42ec35c5-dec-000108_response.json,run,.json,5084
run/prompts/decision_mock-44910-42ec35c5-dec-000108_system.txt,run,.txt,1912
run/prompts/decision_mock-44910-42ec35c5-dec-000108_tools.json,run,.json,1539
run/prompts/decision_mock-44910-42ec35c5-dec-000108_user.json,run,.json,10173
run/prompts/decision_mock-44910-42ec35c5-dec-000109_parsed.json,run,.json,1945
run/prompts/decision_mock-44910-42ec35c5-dec-000109_response.json,run,.json,4587
run/prompts/decision_mock-44910-42ec35c5-dec-000109_system.txt,run,.txt,1912
run/prompts/decision_mock-44910-42ec35c5-dec-000109_tools.json,run,.json,1539
run/prompts/decision_mock-44910-42ec35c5-dec-000109_user.json,run,.json,9527
run/prompts/decision_mock-44910-42ec35c5-dec-000110_parsed.json,run,.json,3657
run/prompts/decision_mock-44910-42ec35c5-dec-000110_response.json,run,.json,51721
run/prompts/decision_mock-44910-42ec35c5-dec-000110_system.txt,run,.txt,1912
run/prompts/decision_mock-44910-42ec35c5-dec-000110_tools.json,run,.json,1539
run/prompts/decision_mock-44910-42ec35c5-dec-000110_user.json,run,.json,10604
run/prompts/decision_mock-44910-42ec35c5-dec-000111_parsed.json,run,.json,2469
run/prompts/decision_mock-44910-42ec35c5-dec-000111_response.json,run,.json,5898
run/prompts/decision_mock-44910-42ec35c5-dec-000111_system.txt,run,.txt,1912
run/prompts/decision_mock-44910-42ec35c5-dec-000111_tools.json,run,.json,1466
run/prompts/decision_mock-44910-42ec35c5-dec-000111_user.json,run,.json,9812
run/prompts/decision_mock-44910-42ec35c5-dec-000112_parsed.json,run,.json,2391
run/prompts/decision_mock-44910-42ec35c5-dec-000112_response.json,run,.json,25888
run/prompts/decision_mock-44910-42ec35c5-dec-000112_system.txt,run,.txt,1912
run/prompts/decision_mock-44910-42ec35c5-dec-000112_tools.json,run,.json,1539
run/prompts/decision_mock-44910-42ec35c5-dec-000112_user.json,run,.json,10669
run/prompts/decision_mock-44910-42ec35c5-dec-000113_parsed.json,run,.json,3465
run/prompts/decision_mock-44910-42ec35c5-dec-000113_response.json,run,.json,13858
run/prompts/decision_mock-44910-42ec35c5-dec-000113_system.txt,run,.txt,1912
run/prompts/decision_mock-44910-42ec35c5-dec-000113_tools.json,run,.json,1539
run/prompts/decision_mock-44910-42ec35c5-dec-000113_user.json,run,.json,12588
run/prompts/decision_mock-44910-42ec35c5-dec-000114_parsed.json,run,.json,3181
run/prompts/decision_mock-44910-42ec35c5-dec-000114_response.json,run,.json,11080
run/prompts/decision_mock-44910-42ec35c5-dec-000114_system.txt,run,.txt,1912
run/prompts/decision_mock-44910-42ec35c5-dec-000114_tools.json,run,.json,1539
run/prompts/decision_mock-44910-42ec35c5-dec-000114_user.json,run,.json,12609
run/prompts/decision_mock-44910-42ec35c5-dec-000115_parsed.json,run,.json,2041
run/prompts/decision_mock-44910-42ec35c5-dec-000115_response.json,run,.json,4234
run/prompts/decision_mock-44910-42ec35c5-dec-000115_system.txt,run,.txt,1912
run/prompts/decision_mock-44910-42ec35c5-dec-000115_tools.json,run,.json,328
run/prompts/decision_mock-44910-42ec35c5-dec-000115_user.json,run,.json,9655
run/prompts/decision_mock-44910-42ec35c5-dec-000116_parsed.json,run,.json,1839
run/prompts/decision_mock-44910-42ec35c5-dec-000116_response.json,run,.json,13764
run/prompts/decision_mock-44910-42ec35c5-dec-000116_system.txt,run,.txt,1912
run/prompts/decision_mock-44910-42ec35c5-dec-000116_tools.json,run,.json,652
run/prompts/decision_mock-44910-42ec35c5-dec-000116_user.json,run,.json,9192
run/prompts/decision_mock-44910-42ec35c5-dec-000117_parsed.json,run,.json,2395
run/prompts/decision_mock-44910-42ec35c5-dec-000117_response.json,run,.json,13000
run/prompts/decision_mock-44910-42ec35c5-dec-000117_system.txt,run,.txt,1912
run/prompts/decision_mock-44910-42ec35c5-dec-000117_tools.json,run,.json,652
run/prompts/decision_mock-44910-42ec35c5-dec-000117_user.json,run,.json,10337
run/prompts/decision_mock-44910-42ec35c5-dec-000118_parsed.json,run,.json,3483
run/prompts/decision_mock-44910-42ec35c5-dec-000118_response.json,run,.json,7355
run/prompts/decision_mock-44910-42ec35c5-dec-000118_system.txt,run,.txt,1912
run/prompts/decision_mock-44910-42ec35c5-dec-000118_tools.json,run,.json,652
run/prompts/decision_mock-44910-42ec35c5-dec-000118_user.json,run,.json,12405
run/prompts/decision_mock-44910-42ec35c5-dec-000119_parsed.json,run,.json,1999
run/prompts/decision_mock-44910-42ec35c5-dec-000119_response.json,run,.json,4203
run/prompts/decision_mock-44910-42ec35c5-dec-000119_system.txt,run,.txt,1912
run/prompts/decision_mock-44910-42ec35c5-dec-000119_tools.json,run,.json,652
run/prompts/decision_mock-44910-42ec35c5-dec-000119_user.json,run,.json,9727
run/prompts/decision_mock-44910-42ec35c5-dec-000120_parsed.json,run,.json,1649
run/prompts/decision_mock-44910-42ec35c5-dec-000120_response.json,run,.json,4717
run/prompts/decision_mock-44910-42ec35c5-dec-000120_system.txt,run,.txt,1912
run/prompts/decision_mock-44910-42ec35c5-dec-000120_tools.json,run,.json,652
run/prompts/decision_mock-44910-42ec35c5-dec-000120_user.json,run,.json,9366
run/prompts/decision_mock-44910-42ec35c5-dec-000121_parsed.json,run,.json,3599
run/prompts/decision_mock-44910-42ec35c5-dec-000121_response.json,run,.json,11806
run/prompts/decision_mock-44910-42ec35c5-dec-000121_system.txt,run,.txt,1912
run/prompts/decision_mock-44910-42ec35c5-dec-000121_tools.json,run,.json,652
run/prompts/decision_mock-44910-42ec35c5-dec-000121_user.json,run,.json,12557
run/prompts/decision_mock-44910-42ec35c5-dec-000122_parsed.json,run,.json,1839
run/prompts/decision_mock-44910-42ec35c5-dec-000122_response.json,run,.json,5236
run/prompts/decision_mock-44910-42ec35c5-dec-000122_system.txt,run,.txt,1912
run/prompts/decision_mock-44910-42ec35c5-dec-000122_tools.json,run,.json,652
run/prompts/decision_mock-44910-42ec35c5-dec-000122_user.json,run,.json,10195
run/prompts/decision_mock-44910-42ec35c5-dec-000123_parsed.json,run,.json,2859
run/prompts/decision_mock-44910-42ec35c5-dec-000123_response.json,run,.json,6679
run/prompts/decision_mock-44910-42ec35c5-dec-000123_system.txt,run,.txt,1912
run/prompts/decision_mock-44910-42ec35c5-dec-000123_tools.json,run,.json,652
run/prompts/decision_mock-44910-42ec35c5-dec-000123_user.json,run,.json,12977
run/prompts/decision_mock-44910-42ec35c5-dec-000124_parsed.json,run,.json,1889
run/prompts/decision_mock-44910-42ec35c5-dec-000124_response.json,run,.json,3359
run/prompts/decision_mock-44910-42ec35c5-dec-000124_system.txt,run,.txt,1912
run/prompts/decision_mock-44910-42ec35c5-dec-000124_tools.json,run,.json,652
run/prompts/decision_mock-44910-42ec35c5-dec-000124_user.json,run,.json,10238
run/prompts/decision_mock-44910-42ec35c5-dec-000125_parsed.json,run,.json,2173
run/prompts/decision_mock-44910-42ec35c5-dec-000125_response.json,run,.json,6428
run/prompts/decision_mock-44910-42ec35c5-dec-000125_system.txt,run,.txt,1912
run/prompts/decision_mock-44910-42ec35c5-dec-000125_tools.json,run,.json,1539
run/prompts/decision_mock-44910-42ec35c5-dec-000125_user.json,run,.json,10050
run/prompts/decision_mock-44910-42ec35c5-dec-000126_parsed.json,run,.json,1717
run/prompts/decision_mock-44910-42ec35c5-dec-000126_response.json,run,.json,11533
run/prompts/decision_mock-44910-42ec35c5-dec-000126_system.txt,run,.txt,1912
run/prompts/decision_mock-44910-42ec35c5-dec-000126_tools.json,run,.json,632
run/prompts/decision_mock-44910-42ec35c5-dec-000126_user.json,run,.json,9389
run/prompts/decision_mock-44910-42ec35c5-dec-000127_parsed.json,run,.json,2687
run/prompts/decision_mock-44910-42ec35c5-dec-000127_response.json,run,.json,11127
run/prompts/decision_mock-44910-42ec35c5-dec-000127_system.txt,run,.txt,1912
run/prompts/decision_mock-44910-42ec35c5-dec-000127_tools.json,run,.json,652
run/prompts/decision_mock-44910-42ec35c5-dec-000127_user.json,run,.json,10397
run/prompts/decision_mock-44910-42ec35c5-dec-000128_parsed.json,run,.json,2891
run/prompts/decision_mock-44910-42ec35c5-dec-000128_response.json,run,.json,7412
run/prompts/decision_mock-44910-42ec35c5-dec-000128_system.txt,run,.txt,1912
run/prompts/decision_mock-44910-42ec35c5-dec-000128_tools.json,run,.json,652
run/prompts/decision_mock-44910-42ec35c5-dec-000128_user.json,run,.json,12385
run/prompts/decision_mock-44910-42ec35c5-dec-000129_parsed.json,run,.json,801
run/prompts/decision_mock-44910-42ec35c5-dec-000129_response.json,run,.json,6888
run/prompts/decision_mock-44910-42ec35c5-dec-000129_retry1_parsed.json,run,.json,1468
run/prompts/decision_mock-44910-42ec35c5-dec-000129_retry1_response.json,run,.json,5336
run/prompts/decision_mock-44910-42ec35c5-dec-000129_retry1_system.txt,run,.txt,1912
run/prompts/decision_mock-44910-42ec35c5-dec-000129_retry1_tools.json,run,.json,652
run/prompts/decision_mock-44910-42ec35c5-dec-000129_retry1_user.json,run,.json,9854
run/prompts/decision_mock-44910-42ec35c5-dec-000129_system.txt,run,.txt,1912
run/prompts/decision_mock-44910-42ec35c5-dec-000129_tools.json,run,.json,652
run/prompts/decision_mock-44910-42ec35c5-dec-000129_user.json,run,.json,9710
run/prompts/decision_mock-44910-42ec35c5-dec-000130_parsed.json,run,.json,1591
run/prompts/decision_mock-44910-42ec35c5-dec-000130_response.json,run,.json,11147
run/prompts/decision_mock-44910-42ec35c5-dec-000130_system.txt,run,.txt,1912
run/prompts/decision_mock-44910-42ec35c5-dec-000130_tools.json,run,.json,652
run/prompts/decision_mock-44910-42ec35c5-dec-000130_user.json,run,.json,9501
run/prompts/decision_mock-44910-42ec35c5-dec-000131_parsed.json,run,.json,2223
run/prompts/decision_mock-44910-42ec35c5-dec-000131_response.json,run,.json,5705
run/prompts/decision_mock-44910-42ec35c5-dec-000131_system.txt,run,.txt,1912
run/prompts/decision_mock-44910-42ec35c5-dec-000131_tools.json,run,.json,652
run/prompts/decision_mock-44910-42ec35c5-dec-000131_user.json,run,.json,12542
run/prompts/decision_mock-44910-42ec35c5-dec-000132_parsed.json,run,.json,1649
run/prompts/decision_mock-44910-42ec35c5-dec-000132_response.json,run,.json,7901
run/prompts/decision_mock-44910-42ec35c5-dec-000132_system.txt,run,.txt,1912
run/prompts/decision_mock-44910-42ec35c5-dec-000132_tools.json,run,.json,652
run/prompts/decision_mock-44910-42ec35c5-dec-000132_user.json,run,.json,9559
run/prompts/decision_mock-44910-42ec35c5-dec-000133_parsed.json,run,.json,3071
run/prompts/decision_mock-44910-42ec35c5-dec-000133_response.json,run,.json,33288
run/prompts/decision_mock-44910-42ec35c5-dec-000133_system.txt,run,.txt,1912
run/prompts/decision_mock-44910-42ec35c5-dec-000133_tools.json,run,.json,1539
run/prompts/decision_mock-44910-42ec35c5-dec-000133_user.json,run,.json,9463
run/prompts/decision_mock-44910-42ec35c5-dec-000134_parsed.json,run,.json,2421
run/prompts/decision_mock-44910-42ec35c5-dec-000134_response.json,run,.json,5097
run/prompts/decision_mock-44910-42ec35c5-dec-000134_system.txt,run,.txt,1912
run/prompts/decision_mock-44910-42ec35c5-dec-000134_tools.json,run,.json,1466
run/prompts/decision_mock-44910-42ec35c5-dec-000134_user.json,run,.json,9423
run/prompts/decision_mock-44910-42ec35c5-dec-000135_parsed.json,run,.json,2767
run/prompts/decision_mock-44910-42ec35c5-dec-000135_response.json,run,.json,32027
run/prompts/decision_mock-44910-42ec35c5-dec-000135_system.txt,run,.txt,1912
run/prompts/decision_mock-44910-42ec35c5-dec-000135_tools.json,run,.json,1539
run/prompts/decision_mock-44910-42ec35c5-dec-000135_user.json,run,.json,9581
run/prompts/decision_mock-44910-42ec35c5-dec-000136_parsed.json,run,.json,2205
run/prompts/decision_mock-44910-42ec35c5-dec-000136_response.json,run,.json,4196
run/prompts/decision_mock-44910-42ec35c5-dec-000136_system.txt,run,.txt,1912
run/prompts/decision_mock-44910-42ec35c5-dec-000136_tools.json,run,.json,1466
run/prompts/decision_mock-44910-42ec35c5-dec-000136_user.json,run,.json,9660
run/prompts/decision_mock-44910-42ec35c5-dec-000137_parsed.json,run,.json,2935
run/prompts/decision_mock-44910-42ec35c5-dec-000137_response.json,run,.json,33946
run/prompts/decision_mock-44910-42ec35c5-dec-000137_system.txt,run,.txt,1912
run/prompts/decision_mock-44910-42ec35c5-dec-000137_tools.json,run,.json,1539
run/prompts/decision_mock-44910-42ec35c5-dec-000137_user.json,run,.json,9820
run/prompts/decision_mock-44910-42ec35c5-dec-000138_parsed.json,run,.json,2353
run/prompts/decision_mock-44910-42ec35c5-dec-000138_response.json,run,.json,5149
run/prompts/decision_mock-44910-42ec35c5-dec-000138_system.txt,run,.txt,1912
run/prompts/decision_mock-44910-42ec35c5-dec-000138_tools.json,run,.json,1466
run/prompts/decision_mock-44910-42ec35c5-dec-000138_user.json,run,.json,9811
run/prompts/decision_mock-44910-42ec35c5-dec-000139_parsed.json,run,.json,3067
run/prompts/decision_mock-44910-42ec35c5-dec-000139_response.json,run,.json,14747
run/prompts/decision_mock-44910-42ec35c5-dec-000139_system.txt,run,.txt,1912
run/prompts/decision_mock-44910-42ec35c5-dec-000139_tools.json,run,.json,1539
run/prompts/decision_mock-44910-42ec35c5-dec-000139_user.json,run,.json,10001
run/prompts/decision_mock-44910-42ec35c5-dec-000140_parsed.json,run,.json,1038
run/prompts/decision_mock-44910-42ec35c5-dec-000140_response.json,run,.json,4296
run/prompts/decision_mock-44910-42ec35c5-dec-000140_retry1_parsed.json,run,.json,2416
run/prompts/decision_mock-44910-42ec35c5-dec-000140_retry1_response.json,run,.json,5041
run/prompts/decision_mock-44910-42ec35c5-dec-000140_retry1_system.txt,run,.txt,1912
run/prompts/decision_mock-44910-42ec35c5-dec-000140_retry1_tools.json,run,.json,1466
run/prompts/decision_mock-44910-42ec35c5-dec-000140_retry1_user.json,run,.json,10248
run/prompts/decision_mock-44910-42ec35c5-dec-000140_system.txt,run,.txt,1912
run/prompts/decision_mock-44910-42ec35c5-dec-000140_tools.json,run,.json,1466
run/prompts/decision_mock-44910-42ec35c5-dec-000140_user.json,run,.json,10104
run/prompts/decision_mock-44910-42ec35c5-dec-000141_parsed.json,run,.json,1777
run/prompts/decision_mock-44910-42ec35c5-dec-000141_response.json,run,.json,6224
run/prompts/decision_mock-44910-42ec35c5-dec-000141_system.txt,run,.txt,1912
run/prompts/decision_mock-44910-42ec35c5-dec-000141_tools.json,run,.json,1539
run/prompts/decision_mock-44910-42ec35c5-dec-000141_user.json,run,.json,10277
run/prompts/decision_mock-44910-42ec35c5-dec-000142_parsed.json,run,.json,1995
run/prompts/decision_mock-44910-42ec35c5-dec-000142_response.json,run,.json,16095
run/prompts/decision_mock-44910-42ec35c5-dec-000142_system.txt,run,.txt,1912
run/prompts/decision_mock-44910-42ec35c5-dec-000142_tools.json,run,.json,1539
run/prompts/decision_mock-44910-42ec35c5-dec-000142_user.json,run,.json,11327
run/prompts/decision_mock-44910-42ec35c5-dec-000143_parsed.json,run,.json,4135
run/prompts/decision_mock-44910-42ec35c5-dec-000143_response.json,run,.json,19949
run/prompts/decision_mock-44910-42ec35c5-dec-000143_system.txt,run,.txt,1912
run/prompts/decision_mock-44910-42ec35c5-dec-000143_tools.json,run,.json,1539
run/prompts/decision_mock-44910-42ec35c5-dec-000143_user.json,run,.json,13033
run/prompts/decision_mock-44910-42ec35c5-dec-000144_parsed.json,run,.json,2639
run/prompts/decision_mock-44910-42ec35c5-dec-000144_response.json,run,.json,10759
run/prompts/decision_mock-44910-42ec35c5-dec-000144_system.txt,run,.txt,1912
run/prompts/decision_mock-44910-42ec35c5-dec-000144_tools.json,run,.json,1466
run/prompts/decision_mock-44910-42ec35c5-dec-000144_user.json,run,.json,11021
run/prompts/decision_mock-44910-42ec35c5-dec-000145_parsed.json,run,.json,2781
run/prompts/decision_mock-44910-42ec35c5-dec-000145_response.json,run,.json,16946
run/prompts/decision_mock-44910-42ec35c5-dec-000145_system.txt,run,.txt,1912
run/prompts/decision_mock-44910-42ec35c5-dec-000145_tools.json,run,.json,1539
run/prompts/decision_mock-44910-42ec35c5-dec-000145_user.json,run,.json,13093
run/prompts/decision_mock-44910-42ec35c5-dec-000146_parsed.json,run,.json,1833
run/prompts/decision_mock-44910-42ec35c5-dec-000146_response.json,run,.json,4270
run/prompts/decision_mock-44910-42ec35c5-dec-000146_system.txt,run,.txt,1912
run/prompts/decision_mock-44910-42ec35c5-dec-000146_tools.json,run,.json,632
run/prompts/decision_mock-44910-42ec35c5-dec-000146_user.json,run,.json,10180
run/prompts/decision_mock-44910-42ec35c5-dec-000147_parsed.json,run,.json,1965
run/prompts/decision_mock-44910-42ec35c5-dec-000147_response.json,run,.json,4833
run/prompts/decision_mock-44910-42ec35c5-dec-000147_system.txt,run,.txt,1912
run/prompts/decision_mock-44910-42ec35c5-dec-000147_tools.json,run,.json,1539
run/prompts/decision_mock-44910-42ec35c5-dec-000147_user.json,run,.json,10622
run/prompts/decision_mock-44910-42ec35c5-dec-000148_parsed.json,run,.json,1645
run/prompts/decision_mock-44910-42ec35c5-dec-000148_response.json,run,.json,9088
run/prompts/decision_mock-44910-42ec35c5-dec-000148_system.txt,run,.txt,1912
run/prompts/decision_mock-44910-42ec35c5-dec-000148_tools.json,run,.json,632
run/prompts/decision_mock-44910-42ec35c5-dec-000148_user.json,run,.json,10047
run/prompts/decision_mock-44910-42ec35c5-dec-000149_parsed.json,run,.json,2451
run/prompts/decision_mock-44910-42ec35c5-dec-000149_response.json,run,.json,22533
run/prompts/decision_mock-44910-42ec35c5-dec-000149_system.txt,run,.txt,1912
run/prompts/decision_mock-44910-42ec35c5-dec-000149_tools.json,run,.json,652
run/prompts/decision_mock-44910-42ec35c5-dec-000149_user.json,run,.json,11106
run/prompts/decision_mock-44910-42ec35c5-dec-000150_parsed.json,run,.json,2935
run/prompts/decision_mock-44910-42ec35c5-dec-000150_response.json,run,.json,6095
run/prompts/decision_mock-44910-42ec35c5-dec-000150_system.txt,run,.txt,1912
run/prompts/decision_mock-44910-42ec35c5-dec-000150_tools.json,run,.json,652
run/prompts/decision_mock-44910-42ec35c5-dec-000150_user.json,run,.json,12844
run/prompts/decision_mock-44910-42ec35c5-dec-000151_parsed.json,run,.json,1805
run/prompts/decision_mock-44910-42ec35c5-dec-000151_response.json,run,.json,7845
run/prompts/decision_mock-44910-42ec35c5-dec-000151_system.txt,run,.txt,1912
run/prompts/decision_mock-44910-42ec35c5-dec-000151_tools.json,run,.json,652
run/prompts/decision_mock-44910-42ec35c5-dec-000151_user.json,run,.json,10536
run/prompts/decision_mock-44910-42ec35c5-dec-000152_parsed.json,run,.json,1617
run/prompts/decision_mock-44910-42ec35c5-dec-000152_response.json,run,.json,10062
run/prompts/decision_mock-44910-42ec35c5-dec-000152_system.txt,run,.txt,1912
run/prompts/decision_mock-44910-42ec35c5-dec-000152_tools.json,run,.json,652
run/prompts/decision_mock-44910-42ec35c5-dec-000152_user.json,run,.json,10251
run/prompts/decision_mock-44910-42ec35c5-dec-000153_parsed.json,run,.json,1881
run/prompts/decision_mock-44910-42ec35c5-dec-000153_response.json,run,.json,19731
run/prompts/decision_mock-44910-42ec35c5-dec-000153_system.txt,run,.txt,1912
run/prompts/decision_mock-44910-42ec35c5-dec-000153_tools.json,run,.json,1539
run/prompts/decision_mock-44910-42ec35c5-dec-000153_user.json,run,.json,10027
run/prompts/decision_mock-44910-42ec35c5-dec-000154_parsed.json,run,.json,2303
run/prompts/decision_mock-44910-42ec35c5-dec-000154_response.json,run,.json,16502
run/prompts/decision_mock-44910-42ec35c5-dec-000154_system.txt,run,.txt,1912
run/prompts/decision_mock-44910-42ec35c5-dec-000154_tools.json,run,.json,1539
run/prompts/decision_mock-44910-42ec35c5-dec-000154_user.json,run,.json,10422
run/prompts/decision_mock-44910-42ec35c5-dec-000155_parsed.json,run,.json,3971
run/prompts/decision_mock-44910-42ec35c5-dec-000155_response.json,run,.json,9250
run/prompts/decision_mock-44910-42ec35c5-dec-000155_system.txt,run,.txt,1912
run/prompts/decision_mock-44910-42ec35c5-dec-000155_tools.json,run,.json,1539
run/prompts/decision_mock-44910-42ec35c5-dec-000155_user.json,run,.json,11981
run/prompts/decision_mock-44910-42ec35c5-dec-000156_parsed.json,run,.json,3099
run/prompts/decision_mock-44910-42ec35c5-dec-000156_response.json,run,.json,9993
run/prompts/decision_mock-44910-42ec35c5-dec-000156_system.txt,run,.txt,1912
run/prompts/decision_mock-44910-42ec35c5-dec-000156_tools.json,run,.json,1466
run/prompts/decision_mock-44910-42ec35c5-dec-000156_user.json,run,.json,10552
run/prompts/decision_mock-44910-42ec35c5-dec-000157_parsed.json,run,.json,3827
run/prompts/decision_mock-44910-42ec35c5-dec-000157_response.json,run,.json,27886
run/prompts/decision_mock-44910-42ec35c5-dec-000157_system.txt,run,.txt,1912
run/prompts/decision_mock-44910-42ec35c5-dec-000157_tools.json,run,.json,1539
run/prompts/decision_mock-44910-42ec35c5-dec-000157_user.json,run,.json,12332
run/prompts/decision_mock-44910-42ec35c5-dec-000158_parsed.json,run,.json,3191
run/prompts/decision_mock-44910-42ec35c5-dec-000158_response.json,run,.json,8484
run/prompts/decision_mock-44910-42ec35c5-dec-000158_system.txt,run,.txt,1912
run/prompts/decision_mock-44910-42ec35c5-dec-000158_tools.json,run,.json,1466
run/prompts/decision_mock-44910-42ec35c5-dec-000158_user.json,run,.json,10157
run/prompts/decision_mock-44910-42ec35c5-dec-000159_parsed.json,run,.json,3791
run/prompts/decision_mock-44910-42ec35c5-dec-000159_response.json,run,.json,7678
run/prompts/decision_mock-44910-42ec35c5-dec-000159_retry1_parsed.json,run,.json,4314
run/prompts/decision_mock-44910-42ec35c5-dec-000159_retry1_response.json,run,.json,18868
run/prompts/decision_mock-44910-42ec35c5-dec-000159_retry1_system.txt,run,.txt,1912
run/prompts/decision_mock-44910-42ec35c5-dec-000159_retry1_tools.json,run,.json,1466
run/prompts/decision_mock-44910-42ec35c5-dec-000159_retry1_user.json,run,.json,12480
run/prompts/decision_mock-44910-42ec35c5-dec-000159_system.txt,run,.txt,1912
run/prompts/decision_mock-44910-42ec35c5-dec-000159_tools.json,run,.json,1466
run/prompts/decision_mock-44910-42ec35c5-dec-000159_user.json,run,.json,12305
run/prompts/decision_mock-44910-42ec35c5-dec-000160_parsed.json,run,.json,2193
run/prompts/decision_mock-44910-42ec35c5-dec-000160_response.json,run,.json,4653
run/prompts/decision_mock-44910-42ec35c5-dec-000160_system.txt,run,.txt,1912
run/prompts/decision_mock-44910-42ec35c5-dec-000160_tools.json,run,.json,1466
run/prompts/decision_mock-44910-42ec35c5-dec-000160_user.json,run,.json,10670
run/prompts/decision_mock-44910-42ec35c5-dec-000161_parsed.json,run,.json,2877
run/prompts/decision_mock-44910-42ec35c5-dec-000161_response.json,run,.json,8334
run/prompts/decision_mock-44910-42ec35c5-dec-000161_system.txt,run,.txt,1912
run/prompts/decision_mock-44910-42ec35c5-dec-000161_tools.json,run,.json,1539
run/prompts/decision_mock-44910-42ec35c5-dec-000161_user.json,run,.json,12424
run/prompts/decision_mock-44910-42ec35c5-dec-000162_parsed.json,run,.json,2057
run/prompts/decision_mock-44910-42ec35c5-dec-000162_response.json,run,.json,3870
run/prompts/decision_mock-44910-42ec35c5-dec-000162_system.txt,run,.txt,1912
run/prompts/decision_mock-44910-42ec35c5-dec-000162_tools.json,run,.json,328
run/prompts/decision_mock-44910-42ec35c5-dec-000162_user.json,run,.json,10328
run/prompts/decision_mock-44910-42ec35c5-dec-000163_parsed.json,run,.json,1715
run/prompts/decision_mock-44910-42ec35c5-dec-000163_response.json,run,.json,22383
run/prompts/decision_mock-44910-42ec35c5-dec-000163_system.txt,run,.txt,1912
run/prompts/decision_mock-44910-42ec35c5-dec-000163_tools.json,run,.json,652
run/prompts/decision_mock-44910-42ec35c5-dec-000163_user.json,run,.json,10088
run/prompts/decision_mock-44910-42ec35c5-dec-000164_parsed.json,run,.json,2195
run/prompts/decision_mock-44910-42ec35c5-dec-000164_response.json,run,.json,10591
run/prompts/decision_mock-44910-42ec35c5-dec-000164_system.txt,run,.txt,1912
run/prompts/decision_mock-44910-42ec35c5-dec-000164_tools.json,run,.json,652
run/prompts/decision_mock-44910-42ec35c5-dec-000164_user.json,run,.json,11314
run/prompts/decision_mock-44910-42ec35c5-dec-000165_parsed.json,run,.json,3019
run/prompts/decision_mock-44910-42ec35c5-dec-000165_response.json,run,.json,6941
run/prompts/decision_mock-44910-42ec35c5-dec-000165_system.txt,run,.txt,1912
run/prompts/decision_mock-44910-42ec35c5-dec-000165_tools.json,run,.json,652
run/prompts/decision_mock-44910-42ec35c5-dec-000165_user.json,run,.json,12315
run/prompts/decision_mock-44910-42ec35c5-dec-000166_parsed.json,run,.json,1869
run/prompts/decision_mock-44910-42ec35c5-dec-000166_response.json,run,.json,3773
run/prompts/decision_mock-44910-42ec35c5-dec-000166_system.txt,run,.txt,1912
run/prompts/decision_mock-44910-42ec35c5-dec-000166_tools.json,run,.json,652
run/prompts/decision_mock-44910-42ec35c5-dec-000166_user.json,run,.json,10762
run/prompts/decision_mock-44910-42ec35c5-dec-000167_parsed.json,run,.json,1951
run/prompts/decision_mock-44910-42ec35c5-dec-000167_response.json,run,.json,8990
run/prompts/decision_mock-44910-42ec35c5-dec-000167_system.txt,run,.txt,1912
run/prompts/decision_mock-44910-42ec35c5-dec-000167_tools.json,run,.json,652
run/prompts/decision_mock-44910-42ec35c5-dec-000167_user.json,run,.json,10381
run/prompts/decision_mock-44910-42ec35c5-dec-000168_parsed.json,run,.json,2731
run/prompts/decision_mock-44910-42ec35c5-dec-000168_response.json,run,.json,6162
run/prompts/decision_mock-44910-42ec35c5-dec-000168_system.txt,run,.txt,1912
run/prompts/decision_mock-44910-42ec35c5-dec-000168_tools.json,run,.json,652
run/prompts/decision_mock-44910-42ec35c5-dec-000168_user.json,run,.json,12593
run/prompts/decision_mock-44910-42ec35c5-dec-000169_parsed.json,run,.json,2091
run/prompts/decision_mock-44910-42ec35c5-dec-000169_response.json,run,.json,8694
run/prompts/decision_mock-44910-42ec35c5-dec-000169_system.txt,run,.txt,1912
run/prompts/decision_mock-44910-42ec35c5-dec-000169_tools.json,run,.json,652
run/prompts/decision_mock-44910-42ec35c5-dec-000169_user.json,run,.json,10549
run/prompts/decision_mock-44910-42ec35c5-dec-000170_parsed.json,run,.json,3025
run/prompts/decision_mock-44910-42ec35c5-dec-000170_response.json,run,.json,9358
run/prompts/decision_mock-44910-42ec35c5-dec-000170_system.txt,run,.txt,1912
run/prompts/decision_mock-44910-42ec35c5-dec-000170_tools.json,run,.json,652
run/prompts/decision_mock-44910-42ec35c5-dec-000170_user.json,run,.json,12776
run/prompts/decision_mock-44910-42ec35c5-dec-000171_parsed.json,run,.json,2253
run/prompts/decision_mock-44910-42ec35c5-dec-000171_response.json,run,.json,5910
run/prompts/decision_mock-44910-42ec35c5-dec-000171_system.txt,run,.txt,1912
run/prompts/decision_mock-44910-42ec35c5-dec-000171_tools.json,run,.json,1539
run/prompts/decision_mock-44910-42ec35c5-dec-000171_user.json,run,.json,10995
run/prompts/decision_mock-44910-42ec35c5-dec-000172_parsed.json,run,.json,1781
run/prompts/decision_mock-44910-42ec35c5-dec-000172_response.json,run,.json,5182
run/prompts/decision_mock-44910-42ec35c5-dec-000172_system.txt,run,.txt,1912
run/prompts/decision_mock-44910-42ec35c5-dec-000172_tools.json,run,.json,1539
run/prompts/decision_mock-44910-42ec35c5-dec-000172_user.json,run,.json,10665
run/prompts/decision_mock-44910-42ec35c5-dec-000173_parsed.json,run,.json,2507
run/prompts/decision_mock-44910-42ec35c5-dec-000173_response.json,run,.json,13860
run/prompts/decision_mock-44910-42ec35c5-dec-000173_system.txt,run,.txt,1912
run/prompts/decision_mock-44910-42ec35c5-dec-000173_tools.json,run,.json,1539
run/prompts/decision_mock-44910-42ec35c5-dec-000173_user.json,run,.json,11451
run/prompts/decision_mock-44910-42ec35c5-dec-000174_parsed.json,run,.json,3621
run/prompts/decision_mock-44910-42ec35c5-dec-000174_response.json,run,.json,14478
run/prompts/decision_mock-44910-42ec35c5-dec-000174_system.txt,run,.txt,1912
run/prompts/decision_mock-44910-42ec35c5-dec-000174_tools.json,run,.json,1539
run/prompts/decision_mock-44910-42ec35c5-dec-000174_user.json,run,.json,12343
run/prompts/decision_mock-44910-42ec35c5-dec-000175_parsed.json,run,.json,2425
run/prompts/decision_mock-44910-42ec35c5-dec-000175_response.json,run,.json,7098
run/prompts/decision_mock-44910-42ec35c5-dec-000175_system.txt,run,.txt,1912
run/prompts/decision_mock-44910-42ec35c5-dec-000175_tools.json,run,.json,1539
run/prompts/decision_mock-44910-42ec35c5-dec-000175_user.json,run,.json,10052
run/prompts/decision_mock-44910-42ec35c5-dec-000176_parsed.json,run,.json,2007
run/prompts/decision_mock-44910-42ec35c5-dec-000176_response.json,run,.json,16110
run/prompts/decision_mock-44910-42ec35c5-dec-000176_system.txt,run,.txt,1912
run/prompts/decision_mock-44910-42ec35c5-dec-000176_tools.json,run,.json,1539
run/prompts/decision_mock-44910-42ec35c5-dec-000176_user.json,run,.json,9475
run/prompts/decision_mock-44910-42ec35c5-dec-000177_parsed.json,run,.json,2335
run/prompts/decision_mock-44910-42ec35c5-dec-000177_response.json,run,.json,30910
run/prompts/decision_mock-44910-42ec35c5-dec-000177_system.txt,run,.txt,1912
run/prompts/decision_mock-44910-42ec35c5-dec-000177_tools.json,run,.json,1884
run/prompts/decision_mock-44910-42ec35c5-dec-000177_user.json,run,.json,9476
run/prompts/decision_mock-44910-42ec35c5-dec-000178_parsed.json,run,.json,1929
run/prompts/decision_mock-44910-42ec35c5-dec-000178_response.json,run,.json,18316
run/prompts/decision_mock-44910-42ec35c5-dec-000178_system.txt,run,.txt,1912
run/prompts/decision_mock-44910-42ec35c5-dec-000178_tools.json,run,.json,1884
run/prompts/decision_mock-44910-42ec35c5-dec-000178_user.json,run,.json,9599
run/prompts/decision_mock-44910-42ec35c5-dec-000179_parsed.json,run,.json,2123
run/prompts/decision_mock-44910-42ec35c5-dec-000179_response.json,run,.json,15623
run/prompts/decision_mock-44910-42ec35c5-dec-000179_system.txt,run,.txt,1912
run/prompts/decision_mock-44910-42ec35c5-dec-000179_tools.json,run,.json,632
run/prompts/decision_mock-44910-42ec35c5-dec-000179_user.json,run,.json,10261
run/prompts/decision_mock-44910-42ec35c5-dec-000180_parsed.json,run,.json,2143
run/prompts/decision_mock-44910-42ec35c5-dec-000180_response.json,run,.json,33308
run/prompts/decision_mock-44910-42ec35c5-dec-000180_system.txt,run,.txt,1912
run/prompts/decision_mock-44910-42ec35c5-dec-000180_tools.json,run,.json,1539
run/prompts/decision_mock-44910-42ec35c5-dec-000180_user.json,run,.json,10581
run/prompts/decision_mock-44910-42ec35c5-dec-000181_parsed.json,run,.json,5107
run/prompts/decision_mock-44910-42ec35c5-dec-000181_response.json,run,.json,26334
run/prompts/decision_mock-44910-42ec35c5-dec-000181_system.txt,run,.txt,1912
run/prompts/decision_mock-44910-42ec35c5-dec-000181_tools.json,run,.json,1539
run/prompts/decision_mock-44910-42ec35c5-dec-000181_user.json,run,.json,11873
run/prompts/decision_mock-44910-42ec35c5-dec-000182_parsed.json,run,.json,3611
run/prompts/decision_mock-44910-42ec35c5-dec-000182_response.json,run,.json,30237
run/prompts/decision_mock-44910-42ec35c5-dec-000182_system.txt,run,.txt,1912
run/prompts/decision_mock-44910-42ec35c5-dec-000182_tools.json,run,.json,1466
run/prompts/decision_mock-44910-42ec35c5-dec-000182_user.json,run,.json,10601
run/prompts/decision_mock-44910-42ec35c5-dec-000183_parsed.json,run,.json,4755
run/prompts/decision_mock-44910-42ec35c5-dec-000183_response.json,run,.json,17246
run/prompts/decision_mock-44910-42ec35c5-dec-000183_system.txt,run,.txt,1912
run/prompts/decision_mock-44910-42ec35c5-dec-000183_tools.json,run,.json,1539
run/prompts/decision_mock-44910-42ec35c5-dec-000183_user.json,run,.json,12540
run/prompts/decision_mock-44910-42ec35c5-dec-000184_parsed.json,run,.json,2220
run/prompts/decision_mock-44910-42ec35c5-dec-000184_response.json,run,.json,8927
run/prompts/decision_mock-44910-42ec35c5-dec-000184_retry1_parsed.json,run,.json,1532
run/prompts/decision_mock-44910-42ec35c5-dec-000184_retry1_response.json,run,.json,7115
run/prompts/decision_mock-44910-42ec35c5-dec-000184_retry1_system.txt,run,.txt,1912
run/prompts/decision_mock-44910-42ec35c5-dec-000184_retry1_tools.json,run,.json,1466
run/prompts/decision_mock-44910-42ec35c5-dec-000184_retry1_user.json,run,.json,10226
run/prompts/decision_mock-44910-42ec35c5-dec-000184_system.txt,run,.txt,1912
run/prompts/decision_mock-44910-42ec35c5-dec-000184_tools.json,run,.json,1466
run/prompts/decision_mock-44910-42ec35c5-dec-000184_user.json,run,.json,10051
run/prompts/decision_mock-44910-42ec35c5-dec-000185_parsed.json,run,.json,5331
run/prompts/decision_mock-44910-42ec35c5-dec-000185_response.json,run,.json,19181
run/prompts/decision_mock-44910-42ec35c5-dec-000185_system.txt,run,.txt,1912
run/prompts/decision_mock-44910-42ec35c5-dec-000185_tools.json,run,.json,1539
run/prompts/decision_mock-44910-42ec35c5-dec-000185_user.json,run,.json,13038
run/prompts/decision_mock-44910-42ec35c5-dec-000186_parsed.json,run,.json,2871
run/prompts/decision_mock-44910-42ec35c5-dec-000186_response.json,run,.json,14482
run/prompts/decision_mock-44910-42ec35c5-dec-000186_system.txt,run,.txt,1912
run/prompts/decision_mock-44910-42ec35c5-dec-000186_tools.json,run,.json,1466
run/prompts/decision_mock-44910-42ec35c5-dec-000186_user.json,run,.json,11706
run/prompts/decision_mock-44910-42ec35c5-dec-000187_parsed.json,run,.json,4185
run/prompts/decision_mock-44910-42ec35c5-dec-000187_response.json,run,.json,21802
run/prompts/decision_mock-44910-42ec35c5-dec-000187_system.txt,run,.txt,1912
run/prompts/decision_mock-44910-42ec35c5-dec-000187_tools.json,run,.json,1539
run/prompts/decision_mock-44910-42ec35c5-dec-000187_user.json,run,.json,13873
run/prompts/decision_mock-44910-42ec35c5-dec-000188_parsed.json,run,.json,2579
run/prompts/decision_mock-44910-42ec35c5-dec-000188_response.json,run,.json,7533
run/prompts/decision_mock-44910-42ec35c5-dec-000188_system.txt,run,.txt,1912
run/prompts/decision_mock-44910-42ec35c5-dec-000188_tools.json,run,.json,2142
run/prompts/decision_mock-44910-42ec35c5-dec-000188_user.json,run,.json,11750
run/prompts/decision_mock-44910-42ec35c5-dec-000189_parsed.json,run,.json,2341
run/prompts/decision_mock-44910-42ec35c5-dec-000189_response.json,run,.json,4572
run/prompts/decision_mock-44910-42ec35c5-dec-000189_system.txt,run,.txt,1912
run/prompts/decision_mock-44910-42ec35c5-dec-000189_tools.json,run,.json,2140
run/prompts/decision_mock-44910-42ec35c5-dec-000189_user.json,run,.json,11696
run/prompts/decision_mock-44910-42ec35c5-dec-000190_parsed.json,run,.json,1693
run/prompts/decision_mock-44910-42ec35c5-dec-000190_response.json,run,.json,11624
run/prompts/decision_mock-44910-42ec35c5-dec-000190_system.txt,run,.txt,1912
run/prompts/decision_mock-44910-42ec35c5-dec-000190_tools.json,run,.json,1884
run/prompts/decision_mock-44910-42ec35c5-dec-000190_user.json,run,.json,11187
run/prompts/decision_mock-44910-42ec35c5-dec-000191_parsed.json,run,.json,2503
run/prompts/decision_mock-44910-42ec35c5-dec-000191_response.json,run,.json,15043
run/prompts/decision_mock-44910-42ec35c5-dec-000191_system.txt,run,.txt,1912
run/prompts/decision_mock-44910-42ec35c5-dec-000191_tools.json,run,.json,1539
run/prompts/decision_mock-44910-42ec35c5-dec-000191_user.json,run,.json,12233
run/prompts/decision_mock-44910-42ec35c5-dec-000192_parsed.json,run,.json,3693
run/prompts/decision_mock-44910-42ec35c5-dec-000192_response.json,run,.json,9784
run/prompts/decision_mock-44910-42ec35c5-dec-000192_system.txt,run,.txt,1912
run/prompts/decision_mock-44910-42ec35c5-dec-000192_tools.json,run,.json,632
run/prompts/decision_mock-44910-42ec35c5-dec-000192_user.json,run,.json,13847
run/prompts/decision_mock-44910-42ec35c5-dec-000193_parsed.json,run,.json,5099
run/prompts/decision_mock-44910-42ec35c5-dec-000193_response.json,run,.json,27128
run/prompts/decision_mock-44910-42ec35c5-dec-000193_system.txt,run,.txt,1912
run/prompts/decision_mock-44910-42ec35c5-dec-000193_tools.json,run,.json,1539
run/prompts/decision_mock-44910-42ec35c5-dec-000193_user.json,run,.json,14523
run/prompts/decision_mock-44910-42ec35c5-dec-000194_parsed.json,run,.json,2491
run/prompts/decision_mock-44910-42ec35c5-dec-000194_response.json,run,.json,13666
run/prompts/decision_mock-44910-42ec35c5-dec-000194_system.txt,run,.txt,1912
run/prompts/decision_mock-44910-42ec35c5-dec-000194_tools.json,run,.json,1466
run/prompts/decision_mock-44910-42ec35c5-dec-000194_user.json,run,.json,11421
run/prompts/decision_mock-44910-42ec35c5-dec-000195_parsed.json,run,.json,3497
run/prompts/decision_mock-44910-42ec35c5-dec-000195_response.json,run,.json,29225
run/prompts/decision_mock-44910-42ec35c5-dec-000195_system.txt,run,.txt,1912
run/prompts/decision_mock-44910-42ec35c5-dec-000195_tools.json,run,.json,1466
run/prompts/decision_mock-44910-42ec35c5-dec-000195_user.json,run,.json,14902
run/prompts/decision_mock-44910-42ec35c5-dec-000196_parsed.json,run,.json,2835
run/prompts/decision_mock-44910-42ec35c5-dec-000196_response.json,run,.json,14309
run/prompts/decision_mock-44910-42ec35c5-dec-000196_system.txt,run,.txt,1912
run/prompts/decision_mock-44910-42ec35c5-dec-000196_tools.json,run,.json,1539
run/prompts/decision_mock-44910-42ec35c5-dec-000196_user.json,run,.json,15274
run/prompts/decision_mock-44910-42ec35c5-dec-000197_parsed.json,run,.json,2995
run/prompts/decision_mock-44910-42ec35c5-dec-000197_response.json,run,.json,22781
run/prompts/decision_mock-44910-42ec35c5-dec-000197_system.txt,run,.txt,1912
run/prompts/decision_mock-44910-42ec35c5-dec-000197_tools.json,run,.json,2142
run/prompts/decision_mock-44910-42ec35c5-dec-000197_user.json,run,.json,15360
run/prompts/decision_mock-44910-42ec35c5-dec-000198_parsed.json,run,.json,3711
run/prompts/decision_mock-44910-42ec35c5-dec-000198_response.json,run,.json,9402
run/prompts/decision_mock-44910-42ec35c5-dec-000198_system.txt,run,.txt,1912
run/prompts/decision_mock-44910-42ec35c5-dec-000198_tools.json,run,.json,2487
run/prompts/decision_mock-44910-42ec35c5-dec-000198_user.json,run,.json,15492
run/prompts/decision_mock-44910-42ec35c5-dec-000199_parsed.json,run,.json,2877
run/prompts/decision_mock-44910-42ec35c5-dec-000199_response.json,run,.json,9680
run/prompts/decision_mock-44910-42ec35c5-dec-000199_system.txt,run,.txt,1912
run/prompts/decision_mock-44910-42ec35c5-dec-000199_tools.json,run,.json,2140
run/prompts/decision_mock-44910-42ec35c5-dec-000199_user.json,run,.json,15380
run/prompts/decision_mock-44910-42ec35c5-dec-000200_parsed.json,run,.json,2133
run/prompts/decision_mock-44910-42ec35c5-dec-000200_response.json,run,.json,4632
run/prompts/decision_mock-44910-42ec35c5-dec-000200_system.txt,run,.txt,1912
run/prompts/decision_mock-44910-42ec35c5-dec-000200_tools.json,run,.json,2140
run/prompts/decision_mock-44910-42ec35c5-dec-000200_user.json,run,.json,12607
run/prompts/decision_mock-44910-42ec35c5-dec-000201_parsed.json,run,.json,2907
run/prompts/decision_mock-44910-42ec35c5-dec-000201_response.json,run,.json,18415
run/prompts/decision_mock-44910-42ec35c5-dec-000201_system.txt,run,.txt,1912
run/prompts/decision_mock-44910-42ec35c5-dec-000201_tools.json,run,.json,1884
run/prompts/decision_mock-44910-42ec35c5-dec-000201_user.json,run,.json,11404
run/prompts/decision_mock-44910-42ec35c5-dec-000202_parsed.json,run,.json,2297
run/prompts/decision_mock-44910-42ec35c5-dec-000202_response.json,run,.json,5719
run/prompts/decision_mock-44910-42ec35c5-dec-000202_system.txt,run,.txt,1912
run/prompts/decision_mock-44910-42ec35c5-dec-000202_tools.json,run,.json,1466
run/prompts/decision_mock-44910-42ec35c5-dec-000202_user.json,run,.json,11786
run/prompts/decision_mock-44910-42ec35c5-dec-000203_parsed.json,run,.json,2775
run/prompts/decision_mock-44910-42ec35c5-dec-000203_response.json,run,.json,15135
run/prompts/decision_mock-44910-42ec35c5-dec-000203_system.txt,run,.txt,1912
run/prompts/decision_mock-44910-42ec35c5-dec-000203_tools.json,run,.json,1884
run/prompts/decision_mock-44910-42ec35c5-dec-000203_user.json,run,.json,11223
run/prompts/decision_mock-44910-42ec35c5-dec-000204_parsed.json,run,.json,2045
run/prompts/decision_mock-44910-42ec35c5-dec-000204_response.json,run,.json,3626
run/prompts/decision_mock-44910-42ec35c5-dec-000204_system.txt,run,.txt,1912
run/prompts/decision_mock-44910-42ec35c5-dec-000204_tools.json,run,.json,1466
run/prompts/decision_mock-44910-42ec35c5-dec-000204_user.json,run,.json,11333
run/prompts/decision_mock-44910-42ec35c5-dec-000205_parsed.json,run,.json,2639
run/prompts/decision_mock-44910-42ec35c5-dec-000205_response.json,run,.json,12242
run/prompts/decision_mock-44910-42ec35c5-dec-000205_system.txt,run,.txt,1912
run/prompts/decision_mock-44910-42ec35c5-dec-000205_tools.json,run,.json,1884
run/prompts/decision_mock-44910-42ec35c5-dec-000205_user.json,run,.json,11019
run/prompts/decision_mock-44910-42ec35c5-dec-000206_parsed.json,run,.json,2313
run/prompts/decision_mock-44910-42ec35c5-dec-000206_response.json,run,.json,5221
run/prompts/decision_mock-44910-42ec35c5-dec-000206_system.txt,run,.txt,1912
run/prompts/decision_mock-44910-42ec35c5-dec-000206_tools.json,run,.json,1466
run/prompts/decision_mock-44910-42ec35c5-dec-000206_user.json,run,.json,11273
run/prompts/decision_mock-44910-42ec35c5-dec-000207_parsed.json,run,.json,2691
run/prompts/decision_mock-44910-42ec35c5-dec-000207_response.json,run,.json,30897
run/prompts/decision_mock-44910-42ec35c5-dec-000207_system.txt,run,.txt,1912
run/prompts/decision_mock-44910-42ec35c5-dec-000207_tools.json,run,.json,1884
run/prompts/decision_mock-44910-42ec35c5-dec-000207_user.json,run,.json,11106
run/prompts/decision_mock-44910-42ec35c5-dec-000208_parsed.json,run,.json,2333
run/prompts/decision_mock-44910-42ec35c5-dec-000208_response.json,run,.json,4301
run/prompts/decision_mock-44910-42ec35c5-dec-000208_system.txt,run,.txt,1912
run/prompts/decision_mock-44910-42ec35c5-dec-000208_tools.json,run,.json,1466
run/prompts/decision_mock-44910-42ec35c5-dec-000208_user.json,run,.json,11472
run/prompts/decision_mock-44910-42ec35c5-dec-000209_parsed.json,run,.json,3051
run/prompts/decision_mock-44910-42ec35c5-dec-000209_response.json,run,.json,21408
run/prompts/decision_mock-44910-42ec35c5-dec-000209_system.txt,run,.txt,1912
run/prompts/decision_mock-44910-42ec35c5-dec-000209_tools.json,run,.json,1884
run/prompts/decision_mock-44910-42ec35c5-dec-000209_user.json,run,.json,11392
run/prompts/decision_mock-44910-42ec35c5-dec-000210_parsed.json,run,.json,2565
run/prompts/decision_mock-44910-42ec35c5-dec-000210_response.json,run,.json,4664
run/prompts/decision_mock-44910-42ec35c5-dec-000210_system.txt,run,.txt,1912
run/prompts/decision_mock-44910-42ec35c5-dec-000210_tools.json,run,.json,1466
run/prompts/decision_mock-44910-42ec35c5-dec-000210_user.json,run,.json,11866
run/prompts/decision_mock-44910-42ec35c5-dec-000211_parsed.json,run,.json,2931
run/prompts/decision_mock-44910-42ec35c5-dec-000211_response.json,run,.json,25325
run/prompts/decision_mock-44910-42ec35c5-dec-000211_system.txt,run,.txt,1912
run/prompts/decision_mock-44910-42ec35c5-dec-000211_tools.json,run,.json,1884
run/prompts/decision_mock-44910-42ec35c5-dec-000211_user.json,run,.json,11744
run/prompts/decision_mock-44910-42ec35c5-dec-000212_parsed.json,run,.json,2521
run/prompts/decision_mock-44910-42ec35c5-dec-000212_response.json,run,.json,4692
run/prompts/decision_mock-44910-42ec35c5-dec-000212_system.txt,run,.txt,1912
run/prompts/decision_mock-44910-42ec35c5-dec-000212_tools.json,run,.json,1466
run/prompts/decision_mock-44910-42ec35c5-dec-000212_user.json,run,.json,12029
run/prompts/decision_mock-44910-42ec35c5-dec-000213_parsed.json,run,.json,1977
run/prompts/decision_mock-44910-42ec35c5-dec-000213_response.json,run,.json,6609
run/prompts/decision_mock-44910-42ec35c5-dec-000213_system.txt,run,.txt,1912
run/prompts/decision_mock-44910-42ec35c5-dec-000213_tools.json,run,.json,1884
run/prompts/decision_mock-44910-42ec35c5-dec-000213_user.json,run,.json,11506
run/prompts/decision_mock-44910-42ec35c5-dec-000214_parsed.json,run,.json,2243
run/prompts/decision_mock-44910-42ec35c5-dec-000214_response.json,run,.json,16060
run/prompts/decision_mock-44910-42ec35c5-dec-000214_system.txt,run,.txt,1912
run/prompts/decision_mock-44910-42ec35c5-dec-000214_tools.json,run,.json,1539
run/prompts/decision_mock-44910-42ec35c5-dec-000214_user.json,run,.json,12079
run/prompts/decision_mock-44910-42ec35c5-dec-000215_parsed.json,run,.json,5199
run/prompts/decision_mock-44910-42ec35c5-dec-000215_response.json,run,.json,14500
run/prompts/decision_mock-44910-42ec35c5-dec-000215_system.txt,run,.txt,1912
run/prompts/decision_mock-44910-42ec35c5-dec-000215_tools.json,run,.json,2140
run/prompts/decision_mock-44910-42ec35c5-dec-000215_user.json,run,.json,13572
run/prompts/decision_mock-44910-42ec35c5-dec-000216_parsed.json,run,.json,2487
run/prompts/decision_mock-44910-42ec35c5-dec-000216_response.json,run,.json,31828
run/prompts/decision_mock-44910-42ec35c5-dec-000216_system.txt,run,.txt,1912
run/prompts/decision_mock-44910-42ec35c5-dec-000216_tools.json,run,.json,1466
run/prompts/decision_mock-44910-42ec35c5-dec-000216_user.json,run,.json,11847
run/prompts/decision_mock-44910-42ec35c5-dec-000217_parsed.json,run,.json,3235
run/prompts/decision_mock-44910-42ec35c5-dec-000217_response.json,run,.json,18108
run/prompts/decision_mock-44910-42ec35c5-dec-000217_system.txt,run,.txt,1912
run/prompts/decision_mock-44910-42ec35c5-dec-000217_tools.json,run,.json,2140
run/prompts/decision_mock-44910-42ec35c5-dec-000217_user.json,run,.json,13994
run/prompts/decision_mock-44910-42ec35c5-dec-000218_parsed.json,run,.json,3011
run/prompts/decision_mock-44910-42ec35c5-dec-000218_response.json,run,.json,12657
run/prompts/decision_mock-44910-42ec35c5-dec-000218_system.txt,run,.txt,1912
run/prompts/decision_mock-44910-42ec35c5-dec-000218_tools.json,run,.json,3088
run/prompts/decision_mock-44910-42ec35c5-dec-000218_user.json,run,.json,14134
run/prompts/decision_mock-44910-42ec35c5-dec-000219_parsed.json,run,.json,4221
run/prompts/decision_mock-44910-42ec35c5-dec-000219_response.json,run,.json,27314
run/prompts/decision_mock-44910-42ec35c5-dec-000219_system.txt,run,.txt,1912
run/prompts/decision_mock-44910-42ec35c5-dec-000219_tools.json,run,.json,2485
run/prompts/decision_mock-44910-42ec35c5-dec-000219_user.json,run,.json,13868
run/prompts/decision_mock-44910-42ec35c5-dec-000220_parsed.json,run,.json,2495
run/prompts/decision_mock-44910-42ec35c5-dec-000220_response.json,run,.json,5548
run/prompts/decision_mock-44910-42ec35c5-dec-000220_retry1_parsed.json,run,.json,2080
run/prompts/decision_mock-44910-42ec35c5-dec-000220_retry1_response.json,run,.json,5264
run/prompts/decision_mock-44910-42ec35c5-dec-000220_retry1_system.txt,run,.txt,1912
run/prompts/decision_mock-44910-42ec35c5-dec-000220_retry1_tools.json,run,.json,2743
run/prompts/decision_mock-44910-42ec35c5-dec-000220_retry1_user.json,run,.json,12332
run/prompts/decision_mock-44910-42ec35c5-dec-000220_system.txt,run,.txt,1912
run/prompts/decision_mock-44910-42ec35c5-dec-000220_tools.json,run,.json,2743
run/prompts/decision_mock-44910-42ec35c5-dec-000220_user.json,run,.json,12165
run/prompts/decision_mock-44910-42ec35c5-dec-000221_parsed.json,run,.json,1845
run/prompts/decision_mock-44910-42ec35c5-dec-000221_response.json,run,.json,7318
run/prompts/decision_mock-44910-42ec35c5-dec-000221_system.txt,run,.txt,1912
run/prompts/decision_mock-44910-42ec35c5-dec-000221_tools.json,run,.json,1884
run/prompts/decision_mock-44910-42ec35c5-dec-000221_user.json,run,.json,11298
run/prompts/decision_mock-44910-42ec35c5-dec-000222_parsed.json,run,.json,2243
run/prompts/decision_mock-44910-42ec35c5-dec-000222_response.json,run,.json,14243
run/prompts/decision_mock-44910-42ec35c5-dec-000222_system.txt,run,.txt,1912
run/prompts/decision_mock-44910-42ec35c5-dec-000222_tools.json,run,.json,1539
run/prompts/decision_mock-44910-42ec35c5-dec-000222_user.json,run,.json,11973
run/prompts/decision_mock-44910-42ec35c5-dec-000223_parsed.json,run,.json,3637
run/prompts/decision_mock-44910-42ec35c5-dec-000223_response.json,run,.json,9837
run/prompts/decision_mock-44910-42ec35c5-dec-000223_system.txt,run,.txt,1912
run/prompts/decision_mock-44910-42ec35c5-dec-000223_tools.json,run,.json,2485
run/prompts/decision_mock-44910-42ec35c5-dec-000223_user.json,run,.json,13351
run/prompts/decision_mock-44910-42ec35c5-dec-000224_parsed.json,run,.json,2611
run/prompts/decision_mock-44910-42ec35c5-dec-000224_response.json,run,.json,6274
run/prompts/decision_mock-44910-42ec35c5-dec-000224_system.txt,run,.txt,1912
run/prompts/decision_mock-44910-42ec35c5-dec-000224_tools.json,run,.json,2743
run/prompts/decision_mock-44910-42ec35c5-dec-000224_user.json,run,.json,11357
run/prompts/decision_mock-44910-42ec35c5-dec-000225_parsed.json,run,.json,1657
run/prompts/decision_mock-44910-42ec35c5-dec-000225_response.json,run,.json,5279
run/prompts/decision_mock-44910-42ec35c5-dec-000225_system.txt,run,.txt,1912
run/prompts/decision_mock-44910-42ec35c5-dec-000225_tools.json,run,.json,2140
run/prompts/decision_mock-44910-42ec35c5-dec-000225_user.json,run,.json,11262
run/prompts/decision_mock-44910-42ec35c5-dec-000226_parsed.json,run,.json,1703
run/prompts/decision_mock-44910-42ec35c5-dec-000226_response.json,run,.json,33704
run/prompts/decision_mock-44910-42ec35c5-dec-000226_system.txt,run,.txt,1912
run/prompts/decision_mock-44910-42ec35c5-dec-000226_tools.json,run,.json,1884
run/prompts/decision_mock-44910-42ec35c5-dec-000226_user.json,run,.json,10535
run/prompts/decision_mock-44910-42ec35c5-dec-000227_parsed.json,run,.json,3183
run/prompts/decision_mock-44910-42ec35c5-dec-000227_response.json,run,.json,53831
run/prompts/decision_mock-44910-42ec35c5-dec-000227_system.txt,run,.txt,1912
run/prompts/decision_mock-44910-42ec35c5-dec-000227_tools.json,run,.json,1884
run/prompts/decision_mock-44910-42ec35c5-dec-000227_user.json,run,.json,10504
run/prompts/decision_mock-44910-42ec35c5-dec-000228_parsed.json,run,.json,2981
run/prompts/decision_mock-44910-42ec35c5-dec-000228_response.json,run,.json,5641
run/prompts/decision_mock-44910-42ec35c5-dec-000228_system.txt,run,.txt,1912
run/prompts/decision_mock-44910-42ec35c5-dec-000228_tools.json,run,.json,1466
run/prompts/decision_mock-44910-42ec35c5-dec-000228_user.json,run,.json,10910
run/prompts/decision_mock-44910-42ec35c5-dec-000229_parsed.json,run,.json,2599
run/prompts/decision_mock-44910-42ec35c5-dec-000229_response.json,run,.json,20113
run/prompts/decision_mock-44910-42ec35c5-dec-000229_system.txt,run,.txt,1912
run/prompts/decision_mock-44910-42ec35c5-dec-000229_tools.json,run,.json,1884
run/prompts/decision_mock-44910-42ec35c5-dec-000229_user.json,run,.json,10940
run/prompts/decision_mock-44910-42ec35c5-dec-000230_parsed.json,run,.json,2521
run/prompts/decision_mock-44910-42ec35c5-dec-000230_response.json,run,.json,3438
run/prompts/decision_mock-44910-42ec35c5-dec-000230_system.txt,run,.txt,1912
run/prompts/decision_mock-44910-42ec35c5-dec-000230_tools.json,run,.json,1466
run/prompts/decision_mock-44910-42ec35c5-dec-000230_user.json,run,.json,11290
run/prompts/decision_mock-44910-42ec35c5-dec-000231_parsed.json,run,.json,1751
run/prompts/decision_mock-44910-42ec35c5-dec-000231_response.json,run,.json,15890
run/prompts/decision_mock-44910-42ec35c5-dec-000231_system.txt,run,.txt,1912
run/prompts/decision_mock-44910-42ec35c5-dec-000231_tools.json,run,.json,1884
run/prompts/decision_mock-44910-42ec35c5-dec-000231_user.json,run,.json,10722
run/prompts/decision_mock-44910-42ec35c5-dec-000232_parsed.json,run,.json,2651
run/prompts/decision_mock-44910-42ec35c5-dec-000232_response.json,run,.json,11767
run/prompts/decision_mock-44910-42ec35c5-dec-000232_system.txt,run,.txt,1912
run/prompts/decision_mock-44910-42ec35c5-dec-000232_tools.json,run,.json,1543
run/prompts/decision_mock-44910-42ec35c5-dec-000232_user.json,run,.json,10406
run/prompts/decision_mock-44910-42ec35c5-dec-000233_parsed.json,run,.json,2817
run/prompts/decision_mock-44910-42ec35c5-dec-000233_response.json,run,.json,3722
run/prompts/decision_mock-44910-42ec35c5-dec-000233_system.txt,run,.txt,1912
run/prompts/decision_mock-44910-42ec35c5-dec-000233_tools.json,run,.json,1466
run/prompts/decision_mock-44910-42ec35c5-dec-000233_user.json,run,.json,10845
run/prompts/decision_mock-44910-42ec35c5-dec-000234_parsed.json,run,.json,3234
run/prompts/decision_mock-44910-42ec35c5-dec-000234_response.json,run,.json,22729
run/prompts/decision_mock-44910-42ec35c5-dec-000234_retry1_parsed.json,run,.json,2754
run/prompts/decision_mock-44910-42ec35c5-dec-000234_retry1_response.json,run,.json,41738
run/prompts/decision_mock-44910-42ec35c5-dec-000234_retry1_system.txt,run,.txt,1912
run/prompts/decision_mock-44910-42ec35c5-dec-000234_retry1_tools.json,run,.json,1543
run/prompts/decision_mock-44910-42ec35c5-dec-000234_retry1_user.json,run,.json,10640
run/prompts/decision_mock-44910-42ec35c5-dec-000234_system.txt,run,.txt,1912
run/prompts/decision_mock-44910-42ec35c5-dec-000234_tools.json,run,.json,1543
run/prompts/decision_mock-44910-42ec35c5-dec-000234_user.json,run,.json,10465
run/prompts/decision_mock-44910-42ec35c5-dec-000235_parsed.json,run,.json,4299
run/prompts/decision_mock-44910-42ec35c5-dec-000235_response.json,run,.json,22736
run/prompts/decision_mock-44910-42ec35c5-dec-000235_system.txt,run,.txt,1912
run/prompts/decision_mock-44910-42ec35c5-dec-000235_tools.json,run,.json,1466
run/prompts/decision_mock-44910-42ec35c5-dec-000235_user.json,run,.json,12706
run/prompts/decision_mock-44910-42ec35c5-dec-000236_parsed.json,run,.json,1661
run/prompts/decision_mock-44910-42ec35c5-dec-000236_response.json,run,.json,27114
run/prompts/decision_mock-44910-42ec35c5-dec-000236_system.txt,run,.txt,1912
run/prompts/decision_mock-44910-42ec35c5-dec-000236_tools.json,run,.json,1466
run/prompts/decision_mock-44910-42ec35c5-dec-000236_user.json,run,.json,10668
run/prompts/decision_mock-44910-42ec35c5-dec-000237_parsed.json,run,.json,2127
run/prompts/decision_mock-44910-42ec35c5-dec-000237_response.json,run,.json,20732
run/prompts/decision_mock-44910-42ec35c5-dec-000237_system.txt,run,.txt,1912
run/prompts/decision_mock-44910-42ec35c5-dec-000237_tools.json,run,.json,1543
run/prompts/decision_mock-44910-42ec35c5-dec-000237_user.json,run,.json,10720
run/prompts/decision_mock-44910-42ec35c5-dec-000238_parsed.json,run,.json,1905
run/prompts/decision_mock-44910-42ec35c5-dec-000238_response.json,run,.json,16595
run/prompts/decision_mock-44910-42ec35c5-dec-000238_system.txt,run,.txt,1912
run/prompts/decision_mock-44910-42ec35c5-dec-000238_tools.json,run,.json,1884
run/prompts/decision_mock-44910-42ec35c5-dec-000238_user.json,run,.json,10746
run/prompts/decision_mock-44910-42ec35c5-dec-000239_parsed.json,run,.json,2207
run/prompts/decision_mock-44910-42ec35c5-dec-000239_response.json,run,.json,32051
run/prompts/decision_mock-44910-42ec35c5-dec-000239_system.txt,run,.txt,1912
run/prompts/decision_mock-44910-42ec35c5-dec-000239_tools.json,run,.json,1539
run/prompts/decision_mock-44910-42ec35c5-dec-000239_user.json,run,.json,11737
run/prompts/decision_mock-44910-42ec35c5-dec-000240_parsed.json,run,.json,4419
run/prompts/decision_mock-44910-42ec35c5-dec-000240_response.json,run,.json,12309
run/prompts/decision_mock-44910-42ec35c5-dec-000240_system.txt,run,.txt,1912
run/prompts/decision_mock-44910-42ec35c5-dec-000240_tools.json,run,.json,3088
run/prompts/decision_mock-44910-42ec35c5-dec-000240_user.json,run,.json,13504
run/prompts/decision_mock-44910-42ec35c5-dec-000241_parsed.json,run,.json,2639
run/prompts/decision_mock-44910-42ec35c5-dec-000241_response.json,run,.json,41608
run/prompts/decision_mock-44910-42ec35c5-dec-000241_system.txt,run,.txt,1912
run/prompts/decision_mock-44910-42ec35c5-dec-000241_tools.json,run,.json,1466
run/prompts/decision_mock-44910-42ec35c5-dec-000241_user.json,run,.json,11935
run/prompts/decision_mock-44910-42ec35c5-dec-000242_parsed.json,run,.json,5222
run/prompts/decision_mock-44910-42ec35c5-dec-000242_response.json,run,.json,19242
run/prompts/decision_mock-44910-42ec35c5-dec-000242_retry1_parsed.json,run,.json,4222
run/prompts/decision_mock-44910-42ec35c5-dec-000242_retry1_response.json,run,.json,2317
run/prompts/decision_mock-44910-42ec35c5-dec-000242_retry1_system.txt,run,.txt,1912
run/prompts/decision_mock-44910-42ec35c5-dec-000242_retry1_tools.json,run,.json,3088
run/prompts/decision_mock-44910-42ec35c5-dec-000242_retry1_user.json,run,.json,15147
run/prompts/decision_mock-44910-42ec35c5-dec-000242_system.txt,run,.txt,1912
run/prompts/decision_mock-44910-42ec35c5-dec-000242_tools.json,run,.json,3088
run/prompts/decision_mock-44910-42ec35c5-dec-000242_user.json,run,.json,14004
run/prompts/decision_mock-44910-42ec35c5-dec-000243_parsed.json,run,.json,2859
run/prompts/decision_mock-44910-42ec35c5-dec-000243_response.json,run,.json,16625
run/prompts/decision_mock-44910-42ec35c5-dec-000243_system.txt,run,.txt,1912
run/prompts/decision_mock-44910-42ec35c5-dec-000243_tools.json,run,.json,1466
run/prompts/decision_mock-44910-42ec35c5-dec-000243_user.json,run,.json,12344
run/prompts/decision_mock-44910-42ec35c5-dec-000244_parsed.json,run,.json,4491
run/prompts/decision_mock-44910-42ec35c5-dec-000244_response.json,run,.json,12546
run/prompts/decision_mock-44910-42ec35c5-dec-000244_system.txt,run,.txt,1912
run/prompts/decision_mock-44910-42ec35c5-dec-000244_tools.json,run,.json,3088
run/prompts/decision_mock-44910-42ec35c5-dec-000244_user.json,run,.json,14498
run/prompts/decision_mock-44910-42ec35c5-dec-000245_parsed.json,run,.json,3685
run/prompts/decision_mock-44910-42ec35c5-dec-000245_response.json,run,.json,12630
run/prompts/decision_mock-44910-42ec35c5-dec-000245_system.txt,run,.txt,1912
run/prompts/decision_mock-44910-42ec35c5-dec-000245_tools.json,run,.json,3088
run/prompts/decision_mock-44910-42ec35c5-dec-000245_user.json,run,.json,14866
run/prompts/decision_mock-44910-42ec35c5-dec-000246_parsed.json,run,.json,2459
run/prompts/decision_mock-44910-42ec35c5-dec-000246_response.json,run,.json,6688
run/prompts/decision_mock-44910-42ec35c5-dec-000246_system.txt,run,.txt,1912
run/prompts/decision_mock-44910-42ec35c5-dec-000246_tools.json,run,.json,1254
run/prompts/decision_mock-44910-42ec35c5-dec-000246_user.json,run,.json,12789
run/prompts/decision_mock-44910-42ec35c5-dec-000247_parsed.json,run,.json,2137
run/prompts/decision_mock-44910-42ec35c5-dec-000247_response.json,run,.json,4565
run/prompts/decision_mock-44910-42ec35c5-dec-000247_system.txt,run,.txt,1912
run/prompts/decision_mock-44910-42ec35c5-dec-000247_tools.json,run,.json,2140
run/prompts/decision_mock-44910-42ec35c5-dec-000247_user.json,run,.json,12569
run/prompts/decision_mock-44910-42ec35c5-dec-000248_parsed.json,run,.json,1377
run/prompts/decision_mock-44910-42ec35c5-dec-000248_response.json,run,.json,4058
run/prompts/decision_mock-44910-42ec35c5-dec-000248_system.txt,run,.txt,1912
run/prompts/decision_mock-44910-42ec35c5-dec-000248_tools.json,run,.json,1884
run/prompts/decision_mock-44910-42ec35c5-dec-000248_user.json,run,.json,11502
run/prompts/decision_mock-44910-42ec35c5-dec-000249_parsed.json,run,.json,1517
run/prompts/decision_mock-44910-42ec35c5-dec-000249_response.json,run,.json,6168
run/prompts/decision_mock-44910-42ec35c5-dec-000249_system.txt,run,.txt,1912
run/prompts/decision_mock-44910-42ec35c5-dec-000249_tools.json,run,.json,1884
run/prompts/decision_mock-44910-42ec35c5-dec-000249_user.json,run,.json,11224
run/prompts/decision_mock-44910-42ec35c5-dec-000250_parsed.json,run,.json,2583
run/prompts/decision_mock-44910-42ec35c5-dec-000250_response.json,run,.json,14703
run/prompts/decision_mock-44910-42ec35c5-dec-000250_system.txt,run,.txt,1912
run/prompts/decision_mock-44910-42ec35c5-dec-000250_tools.json,run,.json,1539
run/prompts/decision_mock-44910-42ec35c5-dec-000250_user.json,run,.json,12301
run/prompts/decision_mock-44910-42ec35c5-dec-000251_parsed.json,run,.json,3423
run/prompts/decision_mock-44910-42ec35c5-dec-000251_response.json,run,.json,19774
run/prompts/decision_mock-44910-42ec35c5-dec-000251_system.txt,run,.txt,1912
run/prompts/decision_mock-44910-42ec35c5-dec-000251_tools.json,run,.json,3088
run/prompts/decision_mock-44910-42ec35c5-dec-000251_user.json,run,.json,13985
run/prompts/decision_mock-44910-42ec35c5-dec-000252_parsed.json,run,.json,3141
run/prompts/decision_mock-44910-42ec35c5-dec-000252_response.json,run,.json,14219
run/prompts/decision_mock-44910-42ec35c5-dec-000252_system.txt,run,.txt,1912
run/prompts/decision_mock-44910-42ec35c5-dec-000252_tools.json,run,.json,2140
run/prompts/decision_mock-44910-42ec35c5-dec-000252_user.json,run,.json,13577
run/prompts/decision_mock-44910-42ec35c5-dec-000253_parsed.json,run,.json,2315
run/prompts/decision_mock-44910-42ec35c5-dec-000253_response.json,run,.json,5966
run/prompts/decision_mock-44910-42ec35c5-dec-000253_system.txt,run,.txt,1912
run/prompts/decision_mock-44910-42ec35c5-dec-000253_tools.json,run,.json,2485
run/prompts/decision_mock-44910-42ec35c5-dec-000253_user.json,run,.json,11634
run/prompts/decision_mock-44910-42ec35c5-dec-000254_parsed.json,run,.json,1801
run/prompts/decision_mock-44910-42ec35c5-dec-000254_response.json,run,.json,5056
run/prompts/decision_mock-44910-42ec35c5-dec-000254_system.txt,run,.txt,1912
run/prompts/decision_mock-44910-42ec35c5-dec-000254_tools.json,run,.json,2140
run/prompts/decision_mock-44910-42ec35c5-dec-000254_user.json,run,.json,11533
run/prompts/decision_mock-44910-42ec35c5-dec-000255_parsed.json,run,.json,1549
run/prompts/decision_mock-44910-42ec35c5-dec-000255_response.json,run,.json,6553
run/prompts/decision_mock-44910-42ec35c5-dec-000255_system.txt,run,.txt,1912
run/prompts/decision_mock-44910-42ec35c5-dec-000255_tools.json,run,.json,1884
run/prompts/decision_mock-44910-42ec35c5-dec-000255_user.json,run,.json,10482
run/prompts/decision_mock-44910-42ec35c5-dec-000256_parsed.json,run,.json,2267
run/prompts/decision_mock-44910-42ec35c5-dec-000256_response.json,run,.json,21621
run/prompts/decision_mock-44910-42ec35c5-dec-000256_system.txt,run,.txt,1912
run/prompts/decision_mock-44910-42ec35c5-dec-000256_tools.json,run,.json,1539
run/prompts/decision_mock-44910-42ec35c5-dec-000256_user.json,run,.json,11853
run/prompts/decision_mock-44910-42ec35c5-dec-000257_parsed.json,run,.json,4575
run/prompts/decision_mock-44910-42ec35c5-dec-000257_response.json,run,.json,9878
run/prompts/decision_mock-44910-42ec35c5-dec-000257_system.txt,run,.txt,1912
run/prompts/decision_mock-44910-42ec35c5-dec-000257_tools.json,run,.json,3088
run/prompts/decision_mock-44910-42ec35c5-dec-000257_user.json,run,.json,13341
run/prompts/decision_mock-44910-42ec35c5-dec-000258_parsed.json,run,.json,4489
run/prompts/decision_mock-44910-42ec35c5-dec-000258_response.json,run,.json,14166
run/prompts/decision_mock-44910-42ec35c5-dec-000258_system.txt,run,.txt,1912
run/prompts/decision_mock-44910-42ec35c5-dec-000258_tools.json,run,.json,3088
run/prompts/decision_mock-44910-42ec35c5-dec-000258_user.json,run,.json,13675
run/prompts/decision_mock-44910-42ec35c5-dec-000259_parsed.json,run,.json,2145
run/prompts/decision_mock-44910-42ec35c5-dec-000259_response.json,run,.json,3900
run/prompts/decision_mock-44910-42ec35c5-dec-000259_system.txt,run,.txt,1912
run/prompts/decision_mock-44910-42ec35c5-dec-000259_tools.json,run,.json,2140
run/prompts/decision_mock-44910-42ec35c5-dec-000259_user.json,run,.json,11124
run/prompts/decision_mock-44910-42ec35c5-dec-000260_parsed.json,run,.json,1393
run/prompts/decision_mock-44910-42ec35c5-dec-000260_response.json,run,.json,6745
run/prompts/decision_mock-44910-42ec35c5-dec-000260_system.txt,run,.txt,1912
run/prompts/decision_mock-44910-42ec35c5-dec-000260_tools.json,run,.json,1884
run/prompts/decision_mock-44910-42ec35c5-dec-000260_user.json,run,.json,9642
run/prompts/decision_mock-44910-42ec35c5-dec-000261_parsed.json,run,.json,2143
run/prompts/decision_mock-44910-42ec35c5-dec-000261_response.json,run,.json,13005
run/prompts/decision_mock-44910-42ec35c5-dec-000261_system.txt,run,.txt,1912
run/prompts/decision_mock-44910-42ec35c5-dec-000261_tools.json,run,.json,1539
run/prompts/decision_mock-44910-42ec35c5-dec-000261_user.json,run,.json,10720
run/prompts/decision_mock-44910-42ec35c5-dec-000262_parsed.json,run,.json,2231
run/prompts/decision_mock-44910-42ec35c5-dec-000262_response.json,run,.json,11204
run/prompts/decision_mock-44910-42ec35c5-dec-000262_system.txt,run,.txt,1912
run/prompts/decision_mock-44910-42ec35c5-dec-000262_tools.json,run,.json,1539
run/prompts/decision_mock-44910-42ec35c5-dec-000262_user.json,run,.json,10759
run/prompts/decision_mock-44910-42ec35c5-dec-000263_parsed.json,run,.json,4125
run/prompts/decision_mock-44910-42ec35c5-dec-000263_response.json,run,.json,19819
run/prompts/decision_mock-44910-42ec35c5-dec-000263_system.txt,run,.txt,1912
run/prompts/decision_mock-44910-42ec35c5-dec-000263_tools.json,run,.json,3088
run/prompts/decision_mock-44910-42ec35c5-dec-000263_user.json,run,.json,13036
run/prompts/decision_mock-44910-42ec35c5-dec-000264_parsed.json,run,.json,2295
run/prompts/decision_mock-44910-42ec35c5-dec-000264_response.json,run,.json,6254
run/prompts/decision_mock-44910-42ec35c5-dec-000264_system.txt,run,.txt,1912
run/prompts/decision_mock-44910-42ec35c5-dec-000264_tools.json,run,.json,2743
run/prompts/decision_mock-44910-42ec35c5-dec-000264_user.json,run,.json,10711
run/prompts/decision_mock-44910-42ec35c5-dec-000265_parsed.json,run,.json,2121
run/prompts/decision_mock-44910-42ec35c5-dec-000265_response.json,run,.json,4342
run/prompts/decision_mock-44910-42ec35c5-dec-000265_system.txt,run,.txt,1912
run/prompts/decision_mock-44910-42ec35c5-dec-000265_tools.json,run,.json,2140
run/prompts/decision_mock-44910-42ec35c5-dec-000265_user.json,run,.json,10656
run/prompts/decision_mock-44910-42ec35c5-dec-000266_parsed.json,run,.json,2173
run/prompts/decision_mock-44910-42ec35c5-dec-000266_response.json,run,.json,4375
run/prompts/decision_mock-44910-42ec35c5-dec-000266_system.txt,run,.txt,1912
run/prompts/decision_mock-44910-42ec35c5-dec-000266_tools.json,run,.json,2140
run/prompts/decision_mock-44910-42ec35c5-dec-000266_user.json,run,.json,10582
run/prompts/decision_mock-44910-42ec35c5-dec-000267_parsed.json,run,.json,1633
run/prompts/decision_mock-44910-42ec35c5-dec-000267_response.json,run,.json,5278
run/prompts/decision_mock-44910-42ec35c5-dec-000267_system.txt,run,.txt,1912
run/prompts/decision_mock-44910-42ec35c5-dec-000267_tools.json,run,.json,1884
run/prompts/decision_mock-44910-42ec35c5-dec-000267_user.json,run,.json,9398
run/prompts/decision_mock-44910-42ec35c5-dec-000268_parsed.json,run,.json,2339
run/prompts/decision_mock-44910-42ec35c5-dec-000268_response.json,run,.json,11004
run/prompts/decision_mock-44910-42ec35c5-dec-000268_system.txt,run,.txt,1912
run/prompts/decision_mock-44910-42ec35c5-dec-000268_tools.json,run,.json,1539
run/prompts/decision_mock-44910-42ec35c5-dec-000268_user.json,run,.json,10712
run/prompts/decision_mock-44910-42ec35c5-dec-000269_parsed.json,run,.json,3557
run/prompts/decision_mock-44910-42ec35c5-dec-000269_response.json,run,.json,21531
run/prompts/decision_mock-44910-42ec35c5-dec-000269_system.txt,run,.txt,1912
run/prompts/decision_mock-44910-42ec35c5-dec-000269_tools.json,run,.json,3088
run/prompts/decision_mock-44910-42ec35c5-dec-000269_user.json,run,.json,13127
run/prompts/decision_mock-44910-42ec35c5-dec-000270_parsed.json,run,.json,2587
run/prompts/decision_mock-44910-42ec35c5-dec-000270_response.json,run,.json,7077
run/prompts/decision_mock-44910-42ec35c5-dec-000270_system.txt,run,.txt,1912
run/prompts/decision_mock-44910-42ec35c5-dec-000270_tools.json,run,.json,1254
run/prompts/decision_mock-44910-42ec35c5-dec-000270_user.json,run,.json,10187
run/prompts/decision_mock-44910-42ec35c5-dec-000271_parsed.json,run,.json,2723
run/prompts/decision_mock-44910-42ec35c5-dec-000271_response.json,run,.json,5647
run/prompts/decision_mock-44910-42ec35c5-dec-000271_system.txt,run,.txt,1912
run/prompts/decision_mock-44910-42ec35c5-dec-000271_tools.json,run,.json,1254
run/prompts/decision_mock-44910-42ec35c5-dec-000271_user.json,run,.json,10063
run/prompts/decision_mock-44910-42ec35c5-dec-000272_parsed.json,run,.json,2711
run/prompts/decision_mock-44910-42ec35c5-dec-000272_response.json,run,.json,4584
run/prompts/decision_mock-44910-42ec35c5-dec-000272_system.txt,run,.txt,1912
run/prompts/decision_mock-44910-42ec35c5-dec-000272_tools.json,run,.json,1254
run/prompts/decision_mock-44910-42ec35c5-dec-000272_user.json,run,.json,10151
run/prompts/decision_mock-44910-42ec35c5-dec-000273_parsed.json,run,.json,2291
run/prompts/decision_mock-44910-42ec35c5-dec-000273_response.json,run,.json,7591
run/prompts/decision_mock-44910-42ec35c5-dec-000273_system.txt,run,.txt,1912
run/prompts/decision_mock-44910-42ec35c5-dec-000273_tools.json,run,.json,1254
run/prompts/decision_mock-44910-42ec35c5-dec-000273_user.json,run,.json,10262
run/prompts/decision_mock-44910-42ec35c5-dec-000274_parsed.json,run,.json,2405
run/prompts/decision_mock-44910-42ec35c5-dec-000274_response.json,run,.json,7341
run/prompts/decision_mock-44910-42ec35c5-dec-000274_system.txt,run,.txt,1912
run/prompts/decision_mock-44910-42ec35c5-dec-000274_tools.json,run,.json,2747
run/prompts/decision_mock-44910-42ec35c5-dec-000274_user.json,run,.json,10556
run/prompts/decision_mock-44910-42ec35c5-dec-000275_parsed.json,run,.json,1817
run/prompts/decision_mock-44910-42ec35c5-dec-000275_response.json,run,.json,21831
run/prompts/decision_mock-44910-42ec35c5-dec-000275_system.txt,run,.txt,1912
run/prompts/decision_mock-44910-42ec35c5-dec-000275_tools.json,run,.json,1884
run/prompts/decision_mock-44910-42ec35c5-dec-000275_user.json,run,.json,9509
run/prompts/decision_mock-44910-42ec35c5-dec-000276_parsed.json,run,.json,2315
run/prompts/decision_mock-44910-42ec35c5-dec-000276_response.json,run,.json,11925
run/prompts/decision_mock-44910-42ec35c5-dec-000276_system.txt,run,.txt,1912
run/prompts/decision_mock-44910-42ec35c5-dec-000276_tools.json,run,.json,1539
run/prompts/decision_mock-44910-42ec35c5-dec-000276_user.json,run,.json,10907
run/prompts/decision_mock-44910-42ec35c5-dec-000277_parsed.json,run,.json,2939
run/prompts/decision_mock-44910-42ec35c5-dec-000277_response.json,run,.json,21911
run/prompts/decision_mock-44910-42ec35c5-dec-000277_system.txt,run,.txt,1912
run/prompts/decision_mock-44910-42ec35c5-dec-000277_tools.json,run,.json,1539
run/prompts/decision_mock-44910-42ec35c5-dec-000277_user.json,run,.json,11011
run/prompts/decision_mock-44910-42ec35c5-dec-000278_parsed.json,run,.json,4215
run/prompts/decision_mock-44910-42ec35c5-dec-000278_response.json,run,.json,22192
run/prompts/decision_mock-44910-42ec35c5-dec-000278_system.txt,run,.txt,1912
run/prompts/decision_mock-44910-42ec35c5-dec-000278_tools.json,run,.json,3088
run/prompts/decision_mock-44910-42ec35c5-dec-000278_user.json,run,.json,13276
run/prompts/decision_mock-44910-42ec35c5-dec-000279_parsed.json,run,.json,3465
run/prompts/decision_mock-44910-42ec35c5-dec-000279_response.json,run,.json,21515
run/prompts/decision_mock-44910-42ec35c5-dec-000279_system.txt,run,.txt,1912
run/prompts/decision_mock-44910-42ec35c5-dec-000279_tools.json,run,.json,3088
run/prompts/decision_mock-44910-42ec35c5-dec-000279_user.json,run,.json,13586
run/prompts/decision_mock-44910-42ec35c5-dec-000280_parsed.json,run,.json,2687
run/prompts/decision_mock-44910-42ec35c5-dec-000280_response.json,run,.json,7733
run/prompts/decision_mock-44910-42ec35c5-dec-000280_system.txt,run,.txt,1912
run/prompts/decision_mock-44910-42ec35c5-dec-000280_tools.json,run,.json,2747
run/prompts/decision_mock-44910-42ec35c5-dec-000280_user.json,run,.json,10945
run/prompts/decision_mock-44910-42ec35c5-dec-000281_parsed.json,run,.json,2045
run/prompts/decision_mock-44910-42ec35c5-dec-000281_response.json,run,.json,4590
run/prompts/decision_mock-44910-42ec35c5-dec-000281_system.txt,run,.txt,1912
run/prompts/decision_mock-44910-42ec35c5-dec-000281_tools.json,run,.json,2144
run/prompts/decision_mock-44910-42ec35c5-dec-000281_user.json,run,.json,11015
run/prompts/decision_mock-44910-42ec35c5-dec-000282_parsed.json,run,.json,1665
run/prompts/decision_mock-44910-42ec35c5-dec-000282_response.json,run,.json,14300
run/prompts/decision_mock-44910-42ec35c5-dec-000282_system.txt,run,.txt,1912
run/prompts/decision_mock-44910-42ec35c5-dec-000282_tools.json,run,.json,1884
run/prompts/decision_mock-44910-42ec35c5-dec-000282_user.json,run,.json,9784
run/prompts/decision_mock-44910-42ec35c5-dec-000283_parsed.json,run,.json,2423
run/prompts/decision_mock-44910-42ec35c5-dec-000283_response.json,run,.json,23238
run/prompts/decision_mock-44910-42ec35c5-dec-000283_system.txt,run,.txt,1912
run/prompts/decision_mock-44910-42ec35c5-dec-000283_tools.json,run,.json,1539
run/prompts/decision_mock-44910-42ec35c5-dec-000283_user.json,run,.json,11355
run/prompts/decision_mock-44910-42ec35c5-dec-000284_parsed.json,run,.json,2445
run/prompts/decision_mock-44910-42ec35c5-dec-000284_response.json,run,.json,4278
run/prompts/decision_mock-44910-42ec35c5-dec-000284_system.txt,run,.txt,1912
run/prompts/decision_mock-44910-42ec35c5-dec-000284_tools.json,run,.json,1799
run/prompts/decision_mock-44910-42ec35c5-dec-000284_user.json,run,.json,10847
run/prompts/decision_mock-44910-42ec35c5-dec-000285_parsed.json,run,.json,2001
run/prompts/decision_mock-44910-42ec35c5-dec-000285_response.json,run,.json,3726
run/prompts/decision_mock-44910-42ec35c5-dec-000285_system.txt,run,.txt,1912
run/prompts/decision_mock-44910-42ec35c5-dec-000285_tools.json,run,.json,632
run/prompts/decision_mock-44910-42ec35c5-dec-000285_user.json,run,.json,9235
run/prompts/decision_mock-44910-42ec35c5-dec-000286_parsed.json,run,.json,1859
run/prompts/decision_mock-44910-42ec35c5-dec-000286_response.json,run,.json,7247
run/prompts/decision_mock-44910-42ec35c5-dec-000286_system.txt,run,.txt,1912
run/prompts/decision_mock-44910-42ec35c5-dec-000286_tools.json,run,.json,1884
run/prompts/decision_mock-44910-42ec35c5-dec-000286_user.json,run,.json,9717
run/prompts/decision_mock-44910-42ec35c5-dec-000287_parsed.json,run,.json,2279
run/prompts/decision_mock-44910-42ec35c5-dec-000287_response.json,run,.json,15851
run/prompts/decision_mock-44910-42ec35c5-dec-000287_system.txt,run,.txt,1912
run/prompts/decision_mock-44910-42ec35c5-dec-000287_tools.json,run,.json,2487
run/prompts/decision_mock-44910-42ec35c5-dec-000287_user.json,run,.json,9652
run/prompts/decision_mock-44910-42ec35c5-dec-000288_parsed.json,run,.json,2275
run/prompts/decision_mock-44910-42ec35c5-dec-000288_response.json,run,.json,14449
run/prompts/decision_mock-44910-42ec35c5-dec-000288_system.txt,run,.txt,1912
run/prompts/decision_mock-44910-42ec35c5-dec-000288_tools.json,run,.json,2743
run/prompts/decision_mock-44910-42ec35c5-dec-000288_user.json,run,.json,9579
run/prompts/decision_mock-44910-42ec35c5-dec-000289_parsed.json,run,.json,1839
run/prompts/decision_mock-44910-42ec35c5-dec-000289_response.json,run,.json,16841
run/prompts/decision_mock-44910-42ec35c5-dec-000289_system.txt,run,.txt,1912
run/prompts/decision_mock-44910-42ec35c5-dec-000289_tools.json,run,.json,2140
run/prompts/decision_mock-44910-42ec35c5-dec-000289_user.json,run,.json,9617
run/prompts/decision_mock-44910-42ec35c5-dec-000290_parsed.json,run,.json,1745
run/prompts/decision_mock-44910-42ec35c5-dec-000290_response.json,run,.json,5029
run/prompts/decision_mock-44910-42ec35c5-dec-000290_system.txt,run,.txt,1912
run/prompts/decision_mock-44910-42ec35c5-dec-000290_tools.json,run,.json,2144
run/prompts/decision_mock-44910-42ec35c5-dec-000290_user.json,run,.json,9696
run/prompts/decision_mock-44910-42ec35c5-dec-000291_parsed.json,run,.json,2459
run/prompts/decision_mock-44910-42ec35c5-dec-000291_response.json,run,.json,26531
run/prompts/decision_mock-44910-42ec35c5-dec-000291_system.txt,run,.txt,1912
run/prompts/decision_mock-44910-42ec35c5-dec-000291_tools.json,run,.json,913
run/prompts/decision_mock-44910-42ec35c5-dec-000291_user.json,run,.json,9604
run/prompts/decision_mock-44910-42ec35c5-dec-000292_parsed.json,run,.json,2471
run/prompts/decision_mock-44910-42ec35c5-dec-000292_response.json,run,.json,8799
run/prompts/decision_mock-44910-42ec35c5-dec-000292_retry1_parsed.json,run,.json,2602
run/prompts/decision_mock-44910-42ec35c5-dec-000292_retry1_response.json,run,.json,11522
run/prompts/decision_mock-44910-42ec35c5-dec-000292_retry1_system.txt,run,.txt,1912
run/prompts/decision_mock-44910-42ec35c5-dec-000292_retry1_tools.json,run,.json,913
run/prompts/decision_mock-44910-42ec35c5-dec-000292_retry1_user.json,run,.json,9888
run/prompts/decision_mock-44910-42ec35c5-dec-000292_system.txt,run,.txt,1912
run/prompts/decision_mock-44910-42ec35c5-dec-000292_tools.json,run,.json,913
run/prompts/decision_mock-44910-42ec35c5-dec-000292_user.json,run,.json,9731
run/prompts/decision_mock-44910-42ec35c5-dec-000293_parsed.json,run,.json,1805
run/prompts/decision_mock-44910-42ec35c5-dec-000293_response.json,run,.json,3508
run/prompts/decision_mock-44910-42ec35c5-dec-000293_system.txt,run,.txt,1912
run/prompts/decision_mock-44910-42ec35c5-dec-000293_tools.json,run,.json,653
run/prompts/decision_mock-44910-42ec35c5-dec-000293_user.json,run,.json,9853
run/prompts/decision_mock-44910-42ec35c5-dec-000294_parsed.json,run,.json,2559
run/prompts/decision_mock-44910-42ec35c5-dec-000294_response.json,run,.json,13757
run/prompts/decision_mock-44910-42ec35c5-dec-000294_system.txt,run,.txt,1912
run/prompts/decision_mock-44910-42ec35c5-dec-000294_tools.json,run,.json,1539
run/prompts/decision_mock-44910-42ec35c5-dec-000294_user.json,run,.json,10930
run/prompts/decision_mock-44910-42ec35c5-dec-000295_parsed.json,run,.json,2933
run/prompts/decision_mock-44910-42ec35c5-dec-000295_response.json,run,.json,11573
run/prompts/decision_mock-44910-42ec35c5-dec-000295_system.txt,run,.txt,1912
run/prompts/decision_mock-44910-42ec35c5-dec-000295_tools.json,run,.json,612
run/prompts/decision_mock-44910-42ec35c5-dec-000295_user.json,run,.json,12785
run/prompts/decision_mock-44910-42ec35c5-dec-000296_parsed.json,run,.json,2615
run/prompts/decision_mock-44910-42ec35c5-dec-000296_response.json,run,.json,5545
run/prompts/decision_mock-44910-42ec35c5-dec-000296_system.txt,run,.txt,1912
run/prompts/decision_mock-44910-42ec35c5-dec-000296_tools.json,run,.json,2747
run/prompts/decision_mock-44910-42ec35c5-dec-000296_user.json,run,.json,10789
run/prompts/decision_mock-44910-42ec35c5-dec-000297_parsed.json,run,.json,1809
run/prompts/decision_mock-44910-42ec35c5-dec-000297_response.json,run,.json,4397
run/prompts/decision_mock-44910-42ec35c5-dec-000297_system.txt,run,.txt,1912
run/prompts/decision_mock-44910-42ec35c5-dec-000297_tools.json,run,.json,2144
run/prompts/decision_mock-44910-42ec35c5-dec-000297_user.json,run,.json,10810
run/prompts/decision_mock-44910-42ec35c5-dec-000298_parsed.json,run,.json,2135
run/prompts/decision_mock-44910-42ec35c5-dec-000298_response.json,run,.json,20818
run/prompts/decision_mock-44910-42ec35c5-dec-000298_system.txt,run,.txt,1912
run/prompts/decision_mock-44910-42ec35c5-dec-000298_tools.json,run,.json,1539
run/prompts/decision_mock-44910-42ec35c5-dec-000298_user.json,run,.json,11056
run/prompts/decision_mock-44910-42ec35c5-dec-000299_parsed.json,run,.json,2351
run/prompts/decision_mock-44910-42ec35c5-dec-000299_response.json,run,.json,13385
run/prompts/decision_mock-44910-42ec35c5-dec-000299_system.txt,run,.txt,1912
run/prompts/decision_mock-44910-42ec35c5-dec-000299_tools.json,run,.json,1539
run/prompts/decision_mock-44910-42ec35c5-dec-000299_user.json,run,.json,11035
run/prompts/decision_mock-44910-42ec35c5-dec-000300_parsed.json,run,.json,2741
run/prompts/decision_mock-44910-42ec35c5-dec-000300_response.json,run,.json,4823
run/prompts/decision_mock-44910-42ec35c5-dec-000300_system.txt,run,.txt,1912
run/prompts/decision_mock-44910-42ec35c5-dec-000300_tools.json,run,.json,612
run/prompts/decision_mock-44910-42ec35c5-dec-000300_user.json,run,.json,12714
run/prompts/decision_mock-44910-42ec35c5-dec-000301_parsed.json,run,.json,4085
run/prompts/decision_mock-44910-42ec35c5-dec-000301_response.json,run,.json,24586
run/prompts/decision_mock-44910-42ec35c5-dec-000301_system.txt,run,.txt,1912
run/prompts/decision_mock-44910-42ec35c5-dec-000301_tools.json,run,.json,3088
run/prompts/decision_mock-44910-42ec35c5-dec-000301_user.json,run,.json,13273
run/prompts/decision_mock-44910-42ec35c5-dec-000302_parsed.json,run,.json,2305
run/prompts/decision_mock-44910-42ec35c5-dec-000302_response.json,run,.json,4698
run/prompts/decision_mock-44910-42ec35c5-dec-000302_system.txt,run,.txt,1912
run/prompts/decision_mock-44910-42ec35c5-dec-000302_tools.json,run,.json,2144
run/prompts/decision_mock-44910-42ec35c5-dec-000302_user.json,run,.json,10681
run/prompts/decision_mock-44910-42ec35c5-dec-000303_parsed.json,run,.json,2225
run/prompts/decision_mock-44910-42ec35c5-dec-000303_response.json,run,.json,4895
run/prompts/decision_mock-44910-42ec35c5-dec-000303_system.txt,run,.txt,1912
run/prompts/decision_mock-44910-42ec35c5-dec-000303_tools.json,run,.json,2144
run/prompts/decision_mock-44910-42ec35c5-dec-000303_user.json,run,.json,10645
run/prompts/decision_mock-44910-42ec35c5-dec-000304_parsed.json,run,.json,2647
run/prompts/decision_mock-44910-42ec35c5-dec-000304_response.json,run,.json,12460
run/prompts/decision_mock-44910-42ec35c5-dec-000304_system.txt,run,.txt,1912
run/prompts/decision_mock-44910-42ec35c5-dec-000304_tools.json,run,.json,1539
run/prompts/decision_mock-44910-42ec35c5-dec-000304_user.json,run,.json,10785
run/prompts/decision_mock-44910-42ec35c5-dec-000305_parsed.json,run,.json,4383
run/prompts/decision_mock-44910-42ec35c5-dec-000305_response.json,run,.json,23952
run/prompts/decision_mock-44910-42ec35c5-dec-000305_system.txt,run,.txt,1912
run/prompts/decision_mock-44910-42ec35c5-dec-000305_tools.json,run,.json,3088
run/prompts/decision_mock-44910-42ec35c5-dec-000305_user.json,run,.json,13178
run/prompts/decision_mock-44910-42ec35c5-dec-000306_parsed.json,run,.json,2927
run/prompts/decision_mock-44910-42ec35c5-dec-000306_response.json,run,.json,17416
run/prompts/decision_mock-44910-42ec35c5-dec-000306_system.txt,run,.txt,1912
run/prompts/decision_mock-44910-42ec35c5-dec-000306_tools.json,run,.json,1466
run/prompts/decision_mock-44910-42ec35c5-dec-000306_user.json,run,.json,11020
run/prompts/decision_mock-44910-42ec35c5-dec-000307_parsed.json,run,.json,3927
run/prompts/decision_mock-44910-42ec35c5-dec-000307_response.json,run,.json,20013
run/prompts/decision_mock-44910-42ec35c5-dec-000307_system.txt,run,.txt,1912
run/prompts/decision_mock-44910-42ec35c5-dec-000307_tools.json,run,.json,3088
run/prompts/decision_mock-44910-42ec35c5-dec-000307_user.json,run,.json,13736
run/prompts/decision_mock-44910-42ec35c5-dec-000308_parsed.json,run,.json,2433
run/prompts/decision_mock-44910-42ec35c5-dec-000308_response.json,run,.json,7670
run/prompts/decision_mock-44910-42ec35c5-dec-000308_system.txt,run,.txt,1912
run/prompts/decision_mock-44910-42ec35c5-dec-000308_tools.json,run,.json,1466
run/prompts/decision_mock-44910-42ec35c5-dec-000308_user.json,run,.json,11195
run/prompts/decision_mock-44910-42ec35c5-dec-000309_parsed.json,run,.json,5575
run/prompts/decision_mock-44910-42ec35c5-dec-000309_response.json,run,.json,15911
run/prompts/decision_mock-44910-42ec35c5-dec-000309_system.txt,run,.txt,1912
run/prompts/decision_mock-44910-42ec35c5-dec-000309_tools.json,run,.json,3088
run/prompts/decision_mock-44910-42ec35c5-dec-000309_user.json,run,.json,13991
run/prompts/decision_mock-44910-42ec35c5-dec-000310_parsed.json,run,.json,2967
run/prompts/decision_mock-44910-42ec35c5-dec-000310_response.json,run,.json,23507
run/prompts/decision_mock-44910-42ec35c5-dec-000310_system.txt,run,.txt,1912
run/prompts/decision_mock-44910-42ec35c5-dec-000310_tools.json,run,.json,1466
run/prompts/decision_mock-44910-42ec35c5-dec-000310_user.json,run,.json,12448
run/prompts/decision_mock-44910-42ec35c5-dec-000311_parsed.json,run,.json,3453
run/prompts/decision_mock-44910-42ec35c5-dec-000311_response.json,run,.json,11788
run/prompts/decision_mock-44910-42ec35c5-dec-000311_system.txt,run,.txt,1912
run/prompts/decision_mock-44910-42ec35c5-dec-000311_tools.json,run,.json,3088
run/prompts/decision_mock-44910-42ec35c5-dec-000311_user.json,run,.json,14693
run/prompts/decision_mock-44910-42ec35c5-dec-000312_parsed.json,run,.json,2807
run/prompts/decision_mock-44910-42ec35c5-dec-000312_response.json,run,.json,7266
run/prompts/decision_mock-44910-42ec35c5-dec-000312_system.txt,run,.txt,1912
run/prompts/decision_mock-44910-42ec35c5-dec-000312_tools.json,run,.json,2747
run/prompts/decision_mock-44910-42ec35c5-dec-000312_user.json,run,.json,12572
run/prompts/decision_mock-44910-42ec35c5-dec-000313_parsed.json,run,.json,2397
run/prompts/decision_mock-44910-42ec35c5-dec-000313_response.json,run,.json,4318
run/prompts/decision_mock-44910-42ec35c5-dec-000313_system.txt,run,.txt,1912
run/prompts/decision_mock-44910-42ec35c5-dec-000313_tools.json,run,.json,1799
run/prompts/decision_mock-44910-42ec35c5-dec-000313_user.json,run,.json,12418
run/prompts/decision_mock-44910-42ec35c5-dec-000314_parsed.json,run,.json,2303
run/prompts/decision_mock-44910-42ec35c5-dec-000314_response.json,run,.json,18529
run/prompts/decision_mock-44910-42ec35c5-dec-000314_system.txt,run,.txt,1912
run/prompts/decision_mock-44910-42ec35c5-dec-000314_tools.json,run,.json,632
run/prompts/decision_mock-44910-42ec35c5-dec-000314_user.json,run,.json,12643
run/prompts/decision_mock-44910-42ec35c5-dec-000315_parsed.json,run,.json,2407
run/prompts/decision_mock-44910-42ec35c5-dec-000315_response.json,run,.json,7378
run/prompts/decision_mock-44910-42ec35c5-dec-000315_system.txt,run,.txt,1912
run/prompts/decision_mock-44910-42ec35c5-dec-000315_tools.json,run,.json,652
run/prompts/decision_mock-44910-42ec35c5-dec-000315_user.json,run,.json,13986
run/prompts/decision_mock-44910-42ec35c5-dec-000316_parsed.json,run,.json,2373
run/prompts/decision_mock-44910-42ec35c5-dec-000316_response.json,run,.json,4242
run/prompts/decision_mock-44910-42ec35c5-dec-000316_system.txt,run,.txt,1912
run/prompts/decision_mock-44910-42ec35c5-dec-000316_tools.json,run,.json,652
run/prompts/decision_mock-44910-42ec35c5-dec-000316_user.json,run,.json,12400
run/prompts/decision_mock-44910-42ec35c5-dec-000317_parsed.json,run,.json,2595
run/prompts/decision_mock-44910-42ec35c5-dec-000317_response.json,run,.json,9531
run/prompts/decision_mock-44910-42ec35c5-dec-000317_system.txt,run,.txt,1912
run/prompts/decision_mock-44910-42ec35c5-dec-000317_tools.json,run,.json,652
run/prompts/decision_mock-44910-42ec35c5-dec-000317_user.json,run,.json,13025
run/prompts/decision_mock-44910-42ec35c5-dec-000318_parsed.json,run,.json,2439
run/prompts/decision_mock-44910-42ec35c5-dec-000318_response.json,run,.json,11887
run/prompts/decision_mock-44910-42ec35c5-dec-000318_system.txt,run,.txt,1912
run/prompts/decision_mock-44910-42ec35c5-dec-000318_tools.json,run,.json,1539
run/prompts/decision_mock-44910-42ec35c5-dec-000318_user.json,run,.json,13181
run/prompts/decision_mock-44910-42ec35c5-dec-000319_parsed.json,run,.json,2763
run/prompts/decision_mock-44910-42ec35c5-dec-000319_response.json,run,.json,12825
run/prompts/decision_mock-44910-42ec35c5-dec-000319_system.txt,run,.txt,1912
run/prompts/decision_mock-44910-42ec35c5-dec-000319_tools.json,run,.json,1539
run/prompts/decision_mock-44910-42ec35c5-dec-000319_user.json,run,.json,13085
run/prompts/decision_mock-44910-42ec35c5-dec-000320_parsed.json,run,.json,2603
run/prompts/decision_mock-44910-42ec35c5-dec-000320_response.json,run,.json,23449
run/prompts/decision_mock-44910-42ec35c5-dec-000320_system.txt,run,.txt,1912
run/prompts/decision_mock-44910-42ec35c5-dec-000320_tools.json,run,.json,1539
run/prompts/decision_mock-44910-42ec35c5-dec-000320_user.json,run,.json,13135
run/prompts/decision_mock-44910-42ec35c5-dec-000321_parsed.json,run,.json,2737
run/prompts/decision_mock-44910-42ec35c5-dec-000321_response.json,run,.json,14649
run/prompts/decision_mock-44910-42ec35c5-dec-000321_system.txt,run,.txt,1912
run/prompts/decision_mock-44910-42ec35c5-dec-000321_tools.json,run,.json,632
run/prompts/decision_mock-44910-42ec35c5-dec-000321_user.json,run,.json,13525
run/prompts/decision_mock-44910-42ec35c5-dec-000322_parsed.json,run,.json,5599
run/prompts/decision_mock-44910-42ec35c5-dec-000322_response.json,run,.json,11742
run/prompts/decision_mock-44910-42ec35c5-dec-000322_system.txt,run,.txt,1912
run/prompts/decision_mock-44910-42ec35c5-dec-000322_tools.json,run,.json,2743
run/prompts/decision_mock-44910-42ec35c5-dec-000322_user.json,run,.json,13787
run/prompts/decision_mock-44910-42ec35c5-dec-000323_parsed.json,run,.json,2671
run/prompts/decision_mock-44910-42ec35c5-dec-000323_response.json,run,.json,17342
run/prompts/decision_mock-44910-42ec35c5-dec-000323_system.txt,run,.txt,1912
run/prompts/decision_mock-44910-42ec35c5-dec-000323_tools.json,run,.json,1466
run/prompts/decision_mock-44910-42ec35c5-dec-000323_user.json,run,.json,12923
run/prompts/decision_mock-44910-42ec35c5-dec-000324_parsed.json,run,.json,3123
run/prompts/decision_mock-44910-42ec35c5-dec-000324_response.json,run,.json,14911
run/prompts/decision_mock-44910-42ec35c5-dec-000324_system.txt,run,.txt,1912
run/prompts/decision_mock-44910-42ec35c5-dec-000324_tools.json,run,.json,2743
run/prompts/decision_mock-44910-42ec35c5-dec-000324_user.json,run,.json,14209
run/prompts/decision_mock-44910-42ec35c5-dec-000325_parsed.json,run,.json,3131
run/prompts/decision_mock-44910-42ec35c5-dec-000325_response.json,run,.json,11236
run/prompts/decision_mock-44910-42ec35c5-dec-000325_system.txt,run,.txt,1912
run/prompts/decision_mock-44910-42ec35c5-dec-000325_tools.json,run,.json,3088
run/prompts/decision_mock-44910-42ec35c5-dec-000325_user.json,run,.json,14005
run/prompts/decision_mock-44910-42ec35c5-dec-000326_parsed.json,run,.json,2831
run/prompts/decision_mock-44910-42ec35c5-dec-000326_response.json,run,.json,9331
run/prompts/decision_mock-44910-42ec35c5-dec-000326_system.txt,run,.txt,1912
run/prompts/decision_mock-44910-42ec35c5-dec-000326_tools.json,run,.json,3088
run/prompts/decision_mock-44910-42ec35c5-dec-000326_user.json,run,.json,13915
run/prompts/decision_mock-44910-42ec35c5-dec-000327_parsed.json,run,.json,2675
run/prompts/decision_mock-44910-42ec35c5-dec-000327_response.json,run,.json,1913
run/prompts/decision_mock-44910-42ec35c5-dec-000327_system.txt,run,.txt,1912
run/prompts/decision_mock-44910-42ec35c5-dec-000327_tools.json,run,.json,3088
run/prompts/decision_mock-44910-42ec35c5-dec-000327_user.json,run,.json,13652
run/prompts/decision_mock-44910-42ec35c5-dec-000328_parsed.json,run,.json,3039
run/prompts/decision_mock-44910-42ec35c5-dec-000328_response.json,run,.json,17112
run/prompts/decision_mock-44910-42ec35c5-dec-000328_system.txt,run,.txt,1912
run/prompts/decision_mock-44910-42ec35c5-dec-000328_tools.json,run,.json,3088
run/prompts/decision_mock-44910-42ec35c5-dec-000328_user.json,run,.json,13656
run/prompts/decision_mock-44910-42ec35c5-dec-000329_parsed.json,run,.json,3683
run/prompts/decision_mock-44910-42ec35c5-dec-000329_response.json,run,.json,21700
run/prompts/decision_mock-44910-42ec35c5-dec-000329_system.txt,run,.txt,1912
run/prompts/decision_mock-44910-42ec35c5-dec-000329_tools.json,run,.json,3088
run/prompts/decision_mock-44910-42ec35c5-dec-000329_user.json,run,.json,13862
run/prompts/decision_mock-44910-42ec35c5-dec-000330_parsed.json,run,.json,3685
run/prompts/decision_mock-44910-42ec35c5-dec-000330_response.json,run,.json,22630
run/prompts/decision_mock-44910-42ec35c5-dec-000330_system.txt,run,.txt,1912
run/prompts/decision_mock-44910-42ec35c5-dec-000330_tools.json,run,.json,3088
run/prompts/decision_mock-44910-42ec35c5-dec-000330_user.json,run,.json,14027
run/prompts/decision_mock-44910-42ec35c5-dec-000331_parsed.json,run,.json,2149
run/prompts/decision_mock-44910-42ec35c5-dec-000331_response.json,run,.json,5092
run/prompts/decision_mock-44910-42ec35c5-dec-000331_system.txt,run,.txt,1912
run/prompts/decision_mock-44910-42ec35c5-dec-000331_tools.json,run,.json,1799
run/prompts/decision_mock-44910-42ec35c5-dec-000331_user.json,run,.json,12482
run/prompts/decision_mock-44910-42ec35c5-dec-000332_parsed.json,run,.json,2631
run/prompts/decision_mock-44910-42ec35c5-dec-000332_response.json,run,.json,11894
run/prompts/decision_mock-44910-42ec35c5-dec-000332_system.txt,run,.txt,1912
run/prompts/decision_mock-44910-42ec35c5-dec-000332_tools.json,run,.json,1539
run/prompts/decision_mock-44910-42ec35c5-dec-000332_user.json,run,.json,12884
run/prompts/decision_mock-44910-42ec35c5-dec-000333_parsed.json,run,.json,2547
run/prompts/decision_mock-44910-42ec35c5-dec-000333_response.json,run,.json,12452
run/prompts/decision_mock-44910-42ec35c5-dec-000333_system.txt,run,.txt,1912
run/prompts/decision_mock-44910-42ec35c5-dec-000333_tools.json,run,.json,1539
run/prompts/decision_mock-44910-42ec35c5-dec-000333_user.json,run,.json,12822
run/prompts/decision_mock-44910-42ec35c5-dec-000334_parsed.json,run,.json,2049
run/prompts/decision_mock-44910-42ec35c5-dec-000334_response.json,run,.json,4096
run/prompts/decision_mock-44910-42ec35c5-dec-000334_system.txt,run,.txt,1912
run/prompts/decision_mock-44910-42ec35c5-dec-000334_tools.json,run,.json,1799
run/prompts/decision_mock-44910-42ec35c5-dec-000334_user.json,run,.json,12252
run/prompts/decision_mock-44910-42ec35c5-dec-000335_parsed.json,run,.json,2351
run/prompts/decision_mock-44910-42ec35c5-dec-000335_response.json,run,.json,17261
run/prompts/decision_mock-44910-42ec35c5-dec-000335_system.txt,run,.txt,1912
run/prompts/decision_mock-44910-42ec35c5-dec-000335_tools.json,run,.json,1539
run/prompts/decision_mock-44910-42ec35c5-dec-000335_user.json,run,.json,12775
run/prompts/decision_mock-44910-42ec35c5-dec-000336_parsed.json,run,.json,3313
run/prompts/decision_mock-44910-42ec35c5-dec-000336_response.json,run,.json,8644
run/prompts/decision_mock-44910-42ec35c5-dec-000336_system.txt,run,.txt,1912
run/prompts/decision_mock-44910-42ec35c5-dec-000336_tools.json,run,.json,612
run/prompts/decision_mock-44910-42ec35c5-dec-000336_user.json,run,.json,13123
run/prompts/decision_mock-44910-42ec35c5-dec-000337_parsed.json,run,.json,2223
run/prompts/decision_mock-44910-42ec35c5-dec-000337_response.json,run,.json,5298
run/prompts/decision_mock-44910-42ec35c5-dec-000337_system.txt,run,.txt,1912
run/prompts/decision_mock-44910-42ec35c5-dec-000337_tools.json,run,.json,2747
run/prompts/decision_mock-44910-42ec35c5-dec-000337_user.json,run,.json,12390
run/prompts/decision_mock-44910-42ec35c5-dec-000338_parsed.json,run,.json,2301
run/prompts/decision_mock-44910-42ec35c5-dec-000338_response.json,run,.json,6749
run/prompts/decision_mock-44910-42ec35c5-dec-000338_system.txt,run,.txt,1912
run/prompts/decision_mock-44910-42ec35c5-dec-000338_tools.json,run,.json,2747
run/prompts/decision_mock-44910-42ec35c5-dec-000338_user.json,run,.json,12260
run/prompts/decision_mock-44910-42ec35c5-dec-000339_parsed.json,run,.json,2111
run/prompts/decision_mock-44910-42ec35c5-dec-000339_response.json,run,.json,13121
run/prompts/decision_mock-44910-42ec35c5-dec-000339_system.txt,run,.txt,1912
run/prompts/decision_mock-44910-42ec35c5-dec-000339_tools.json,run,.json,1539
run/prompts/decision_mock-44910-42ec35c5-dec-000339_user.json,run,.json,12219
run/prompts/decision_mock-44910-42ec35c5-dec-000340_parsed.json,run,.json,2697
run/prompts/decision_mock-44910-42ec35c5-dec-000340_response.json,run,.json,8420
run/prompts/decision_mock-44910-42ec35c5-dec-000340_system.txt,run,.txt,1912
run/prompts/decision_mock-44910-42ec35c5-dec-000340_tools.json,run,.json,612
run/prompts/decision_mock-44910-42ec35c5-dec-000340_user.json,run,.json,12402
run/prompts/decision_mock-44910-42ec35c5-dec-000341_parsed.json,run,.json,2173
run/prompts/decision_mock-44910-42ec35c5-dec-000341_response.json,run,.json,5504
run/prompts/decision_mock-44910-42ec35c5-dec-000341_system.txt,run,.txt,1912
run/prompts/decision_mock-44910-42ec35c5-dec-000341_tools.json,run,.json,2747
run/prompts/decision_mock-44910-42ec35c5-dec-000341_user.json,run,.json,11222
run/prompts/decision_mock-44910-42ec35c5-dec-000342_parsed.json,run,.json,2335
run/prompts/decision_mock-44910-42ec35c5-dec-000342_response.json,run,.json,20691
run/prompts/decision_mock-44910-42ec35c5-dec-000342_system.txt,run,.txt,1912
run/prompts/decision_mock-44910-42ec35c5-dec-000342_tools.json,run,.json,1539
run/prompts/decision_mock-44910-42ec35c5-dec-000342_user.json,run,.json,11212
run/prompts/decision_mock-44910-42ec35c5-dec-000343_parsed.json,run,.json,3177
run/prompts/decision_mock-44910-42ec35c5-dec-000343_response.json,run,.json,12763
run/prompts/decision_mock-44910-42ec35c5-dec-000343_system.txt,run,.txt,1912
run/prompts/decision_mock-44910-42ec35c5-dec-000343_tools.json,run,.json,612
run/prompts/decision_mock-44910-42ec35c5-dec-000343_user.json,run,.json,11726
run/prompts/decision_mock-44910-42ec35c5-dec-000344_parsed.json,run,.json,3357
run/prompts/decision_mock-44910-42ec35c5-dec-000344_response.json,run,.json,17794
run/prompts/decision_mock-44910-42ec35c5-dec-000344_system.txt,run,.txt,1912
run/prompts/decision_mock-44910-42ec35c5-dec-000344_tools.json,run,.json,3088
run/prompts/decision_mock-44910-42ec35c5-dec-000344_user.json,run,.json,12503
run/prompts/decision_mock-44910-42ec35c5-dec-000345_parsed.json,run,.json,2373
run/prompts/decision_mock-44910-42ec35c5-dec-000345_response.json,run,.json,4537
run/prompts/decision_mock-44910-42ec35c5-dec-000345_system.txt,run,.txt,1912
run/prompts/decision_mock-44910-42ec35c5-dec-000345_tools.json,run,.json,2747
run/prompts/decision_mock-44910-42ec35c5-dec-000345_user.json,run,.json,10862
run/prompts/decision_mock-44910-42ec35c5-dec-000346_parsed.json,run,.json,2795
run/prompts/decision_mock-44910-42ec35c5-dec-000346_response.json,run,.json,15325
run/prompts/decision_mock-44910-42ec35c5-dec-000346_system.txt,run,.txt,1912
run/prompts/decision_mock-44910-42ec35c5-dec-000346_tools.json,run,.json,1539
run/prompts/decision_mock-44910-42ec35c5-dec-000346_user.json,run,.json,11270
run/prompts/decision_mock-44910-42ec35c5-dec-000347_parsed.json,run,.json,4767
run/prompts/decision_mock-44910-42ec35c5-dec-000347_response.json,run,.json,14783
run/prompts/decision_mock-44910-42ec35c5-dec-000347_system.txt,run,.txt,1912
run/prompts/decision_mock-44910-42ec35c5-dec-000347_tools.json,run,.json,3088
run/prompts/decision_mock-44910-42ec35c5-dec-000347_user.json,run,.json,12728
run/prompts/decision_mock-44910-42ec35c5-dec-000348_parsed.json,run,.json,3431
run/prompts/decision_mock-44910-42ec35c5-dec-000348_response.json,run,.json,31309
run/prompts/decision_mock-44910-42ec35c5-dec-000348_system.txt,run,.txt,1912
run/prompts/decision_mock-44910-42ec35c5-dec-000348_tools.json,run,.json,1466
run/prompts/decision_mock-44910-42ec35c5-dec-000348_user.json,run,.json,11698
run/prompts/decision_mock-44910-42ec35c5-dec-000349_parsed.json,run,.json,5179
run/prompts/decision_mock-44910-42ec35c5-dec-000349_response.json,run,.json,20323
run/prompts/decision_mock-44910-42ec35c5-dec-000349_system.txt,run,.txt,1912
run/prompts/decision_mock-44910-42ec35c5-dec-000349_tools.json,run,.json,3088
run/prompts/decision_mock-44910-42ec35c5-dec-000349_user.json,run,.json,13510
run/prompts/decision_mock-44910-42ec35c5-dec-000350_parsed.json,run,.json,4499
run/prompts/decision_mock-44910-42ec35c5-dec-000350_response.json,run,.json,21630
run/prompts/decision_mock-44910-42ec35c5-dec-000350_system.txt,run,.txt,1912
run/prompts/decision_mock-44910-42ec35c5-dec-000350_tools.json,run,.json,1466
run/prompts/decision_mock-44910-42ec35c5-dec-000350_user.json,run,.json,12583
run/prompts/decision_mock-44910-42ec35c5-dec-000351_parsed.json,run,.json,4021
run/prompts/decision_mock-44910-42ec35c5-dec-000351_response.json,run,.json,21321
run/prompts/decision_mock-44910-42ec35c5-dec-000351_system.txt,run,.txt,1912
run/prompts/decision_mock-44910-42ec35c5-dec-000351_tools.json,run,.json,3088
run/prompts/decision_mock-44910-42ec35c5-dec-000351_user.json,run,.json,14434
run/prompts/decision_mock-44910-42ec35c5-dec-000352_parsed.json,run,.json,2141
run/prompts/decision_mock-44910-42ec35c5-dec-000352_response.json,run,.json,5631
run/prompts/decision_mock-44910-42ec35c5-dec-000352_system.txt,run,.txt,1912
run/prompts/decision_mock-44910-42ec35c5-dec-000352_tools.json,run,.json,2747
run/prompts/decision_mock-44910-42ec35c5-dec-000352_user.json,run,.json,12479
run/prompts/decision_mock-44910-42ec35c5-dec-000353_parsed.json,run,.json,2437
run/prompts/decision_mock-44910-42ec35c5-dec-000353_response.json,run,.json,23465
run/prompts/decision_mock-44910-42ec35c5-dec-000353_system.txt,run,.txt,1912
run/prompts/decision_mock-44910-42ec35c5-dec-000353_tools.json,run,.json,1539
run/prompts/decision_mock-44910-42ec35c5-dec-000353_user.json,run,.json,13164
run/prompts/decision_mock-44910-42ec35c5-dec-000354_parsed.json,run,.json,2641
run/prompts/decision_mock-44910-42ec35c5-dec-000354_response.json,run,.json,30553
run/prompts/decision_mock-44910-42ec35c5-dec-000354_system.txt,run,.txt,1912
run/prompts/decision_mock-44910-42ec35c5-dec-000354_tools.json,run,.json,1884
run/prompts/decision_mock-44910-42ec35c5-dec-000354_user.json,run,.json,13128
run/prompts/decision_mock-44910-42ec35c5-dec-000355_parsed.json,run,.json,2579
run/prompts/decision_mock-44910-42ec35c5-dec-000355_response.json,run,.json,18770
run/prompts/decision_mock-44910-42ec35c5-dec-000355_system.txt,run,.txt,1912
run/prompts/decision_mock-44910-42ec35c5-dec-000355_tools.json,run,.json,1884
run/prompts/decision_mock-44910-42ec35c5-dec-000355_user.json,run,.json,13337
run/prompts/decision_mock-44910-42ec35c5-dec-000356_parsed.json,run,.json,6187
run/prompts/decision_mock-44910-42ec35c5-dec-000356_response.json,run,.json,27499
run/prompts/decision_mock-44910-42ec35c5-dec-000356_system.txt,run,.txt,1912
run/prompts/decision_mock-44910-42ec35c5-dec-000356_tools.json,run,.json,3088
run/prompts/decision_mock-44910-42ec35c5-dec-000356_user.json,run,.json,14779
run/prompts/decision_mock-44910-42ec35c5-dec-000357_parsed.json,run,.json,4179
run/prompts/decision_mock-44910-42ec35c5-dec-000357_response.json,run,.json,34670
run/prompts/decision_mock-44910-42ec35c5-dec-000357_system.txt,run,.txt,1912
run/prompts/decision_mock-44910-42ec35c5-dec-000357_tools.json,run,.json,1466
run/prompts/decision_mock-44910-42ec35c5-dec-000357_user.json,run,.json,13886
run/prompts/decision_mock-44910-42ec35c5-dec-000358_parsed.json,run,.json,5939
run/prompts/decision_mock-44910-42ec35c5-dec-000358_response.json,run,.json,18579
run/prompts/decision_mock-44910-42ec35c5-dec-000358_system.txt,run,.txt,1912
run/prompts/decision_mock-44910-42ec35c5-dec-000358_tools.json,run,.json,3088
run/prompts/decision_mock-44910-42ec35c5-dec-000358_user.json,run,.json,16223
run/prompts/decision_mock-44910-42ec35c5-dec-000359_parsed.json,run,.json,3523
run/prompts/decision_mock-44910-42ec35c5-dec-000359_response.json,run,.json,57959
run/prompts/decision_mock-44910-42ec35c5-dec-000359_system.txt,run,.txt,1912
run/prompts/decision_mock-44910-42ec35c5-dec-000359_tools.json,run,.json,1466
run/prompts/decision_mock-44910-42ec35c5-dec-000359_user.json,run,.json,14974
run/prompts/decision_mock-44910-42ec35c5-dec-000360_parsed.json,run,.json,2759
run/prompts/decision_mock-44910-42ec35c5-dec-000360_response.json,run,.json,14488
run/prompts/decision_mock-44910-42ec35c5-dec-000360_system.txt,run,.txt,1912
run/prompts/decision_mock-44910-42ec35c5-dec-000360_tools.json,run,.json,3088
run/prompts/decision_mock-44910-42ec35c5-dec-000360_user.json,run,.json,16987
run/prompts/decision_mock-44910-42ec35c5-dec-000361_parsed.json,run,.json,3595
run/prompts/decision_mock-44910-42ec35c5-dec-000361_response.json,run,.json,11007
run/prompts/decision_mock-44910-42ec35c5-dec-000361_system.txt,run,.txt,1912
run/prompts/decision_mock-44910-42ec35c5-dec-000361_tools.json,run,.json,3088
run/prompts/decision_mock-44910-42ec35c5-dec-000361_user.json,run,.json,16707
run/prompts/decision_mock-44910-42ec35c5-dec-000362_parsed.json,run,.json,3195
run/prompts/decision_mock-44910-42ec35c5-dec-000362_response.json,run,.json,9443
run/prompts/decision_mock-44910-42ec35c5-dec-000362_system.txt,run,.txt,1912
run/prompts/decision_mock-44910-42ec35c5-dec-000362_tools.json,run,.json,3088
run/prompts/decision_mock-44910-42ec35c5-dec-000362_user.json,run,.json,16827
run/prompts/decision_mock-44910-42ec35c5-dec-000363_parsed.json,run,.json,3207
run/prompts/decision_mock-44910-42ec35c5-dec-000363_response.json,run,.json,6945
run/prompts/decision_mock-44910-42ec35c5-dec-000363_system.txt,run,.txt,1912
run/prompts/decision_mock-44910-42ec35c5-dec-000363_tools.json,run,.json,3088
run/prompts/decision_mock-44910-42ec35c5-dec-000363_user.json,run,.json,16960
run/prompts/decision_mock-44910-42ec35c5-dec-000364_parsed.json,run,.json,3461
run/prompts/decision_mock-44910-42ec35c5-dec-000364_response.json,run,.json,2104
run/prompts/decision_mock-44910-42ec35c5-dec-000364_system.txt,run,.txt,1912
run/prompts/decision_mock-44910-42ec35c5-dec-000364_tools.json,run,.json,3088
run/prompts/decision_mock-44910-42ec35c5-dec-000364_user.json,run,.json,17032
run/prompts/decision_mock-44910-42ec35c5-dec-000365_parsed.json,run,.json,2453
run/prompts/decision_mock-44910-42ec35c5-dec-000365_response.json,run,.json,5332
run/prompts/decision_mock-44910-42ec35c5-dec-000365_system.txt,run,.txt,1912
run/prompts/decision_mock-44910-42ec35c5-dec-000365_tools.json,run,.json,2747
run/prompts/decision_mock-44910-42ec35c5-dec-000365_user.json,run,.json,14250
run/prompts/decision_mock-44910-42ec35c5-dec-000366_parsed.json,run,.json,2715
run/prompts/decision_mock-44910-42ec35c5-dec-000366_response.json,run,.json,13870
run/prompts/decision_mock-44910-42ec35c5-dec-000366_system.txt,run,.txt,1912
run/prompts/decision_mock-44910-42ec35c5-dec-000366_tools.json,run,.json,1884
run/prompts/decision_mock-44910-42ec35c5-dec-000366_user.json,run,.json,14650
run/prompts/decision_mock-44910-42ec35c5-dec-000367_parsed.json,run,.json,2881
run/prompts/decision_mock-44910-42ec35c5-dec-000367_response.json,run,.json,11323
run/prompts/decision_mock-44910-42ec35c5-dec-000367_system.txt,run,.txt,1912
run/prompts/decision_mock-44910-42ec35c5-dec-000367_tools.json,run,.json,3088
run/prompts/decision_mock-44910-42ec35c5-dec-000367_user.json,run,.json,15681
run/prompts/decision_mock-44910-42ec35c5-dec-000368_parsed.json,run,.json,3529
run/prompts/decision_mock-44910-42ec35c5-dec-000368_response.json,run,.json,15980
run/prompts/decision_mock-44910-42ec35c5-dec-000368_system.txt,run,.txt,1912
run/prompts/decision_mock-44910-42ec35c5-dec-000368_tools.json,run,.json,3088
run/prompts/decision_mock-44910-42ec35c5-dec-000368_user.json,run,.json,15642
run/prompts/decision_mock-44910-42ec35c5-dec-000369_parsed.json,run,.json,2273
run/prompts/decision_mock-44910-42ec35c5-dec-000369_response.json,run,.json,5980
run/prompts/decision_mock-44910-42ec35c5-dec-000369_system.txt,run,.txt,1912
run/prompts/decision_mock-44910-42ec35c5-dec-000369_tools.json,run,.json,2747
run/prompts/decision_mock-44910-42ec35c5-dec-000369_user.json,run,.json,13323
run/prompts/decision_mock-44910-42ec35c5-dec-000370_parsed.json,run,.json,2987
run/prompts/decision_mock-44910-42ec35c5-dec-000370_response.json,run,.json,23814
run/prompts/decision_mock-44910-42ec35c5-dec-000370_system.txt,run,.txt,1912
run/prompts/decision_mock-44910-42ec35c5-dec-000370_tools.json,run,.json,1884
run/prompts/decision_mock-44910-42ec35c5-dec-000370_user.json,run,.json,14565
run/prompts/decision_mock-44910-42ec35c5-dec-000371_parsed.json,run,.json,3829
run/prompts/decision_mock-44910-42ec35c5-dec-000371_response.json,run,.json,17250
run/prompts/decision_mock-44910-42ec35c5-dec-000371_system.txt,run,.txt,1912
run/prompts/decision_mock-44910-42ec35c5-dec-000371_tools.json,run,.json,3088
run/prompts/decision_mock-44910-42ec35c5-dec-000371_user.json,run,.json,15958
run/prompts/decision_mock-44910-42ec35c5-dec-000372_parsed.json,run,.json,1869
run/prompts/decision_mock-44910-42ec35c5-dec-000372_response.json,run,.json,5606
run/prompts/decision_mock-44910-42ec35c5-dec-000372_system.txt,run,.txt,1912
run/prompts/decision_mock-44910-42ec35c5-dec-000372_tools.json,run,.json,2747
run/prompts/decision_mock-44910-42ec35c5-dec-000372_user.json,run,.json,13513
run/prompts/decision_mock-44910-42ec35c5-dec-000373_parsed.json,run,.json,3755
run/prompts/decision_mock-44910-42ec35c5-dec-000373_response.json,run,.json,24068
run/prompts/decision_mock-44910-42ec35c5-dec-000373_system.txt,run,.txt,1912
run/prompts/decision_mock-44910-42ec35c5-dec-000373_tools.json,run,.json,1884
run/prompts/decision_mock-44910-42ec35c5-dec-000373_user.json,run,.json,14739
run/prompts/decision_mock-44910-42ec35c5-dec-000374_parsed.json,run,.json,3433
run/prompts/decision_mock-44910-42ec35c5-dec-000374_response.json,run,.json,12375
run/prompts/decision_mock-44910-42ec35c5-dec-000374_system.txt,run,.txt,1912
run/prompts/decision_mock-44910-42ec35c5-dec-000374_tools.json,run,.json,3088
run/prompts/decision_mock-44910-42ec35c5-dec-000374_user.json,run,.json,16058
run/prompts/decision_mock-44910-42ec35c5-dec-000375_parsed.json,run,.json,2277
run/prompts/decision_mock-44910-42ec35c5-dec-000375_response.json,run,.json,4016
run/prompts/decision_mock-44910-42ec35c5-dec-000375_system.txt,run,.txt,1912
run/prompts/decision_mock-44910-42ec35c5-dec-000375_tools.json,run,.json,2747
run/prompts/decision_mock-44910-42ec35c5-dec-000375_user.json,run,.json,11816
run/prompts/decision_mock-44910-42ec35c5-dec-000376_parsed.json,run,.json,3315
run/prompts/decision_mock-44910-42ec35c5-dec-000376_response.json,run,.json,20319
run/prompts/decision_mock-44910-42ec35c5-dec-000376_system.txt,run,.txt,1912
run/prompts/decision_mock-44910-42ec35c5-dec-000376_tools.json,run,.json,1884
run/prompts/decision_mock-44910-42ec35c5-dec-000376_user.json,run,.json,12975
run/prompts/decision_mock-44910-42ec35c5-dec-000377_parsed.json,run,.json,3773
run/prompts/decision_mock-44910-42ec35c5-dec-000377_response.json,run,.json,9691
run/prompts/decision_mock-44910-42ec35c5-dec-000377_system.txt,run,.txt,1912
run/prompts/decision_mock-44910-42ec35c5-dec-000377_tools.json,run,.json,3088
run/prompts/decision_mock-44910-42ec35c5-dec-000377_user.json,run,.json,14063
run/prompts/decision_mock-44910-42ec35c5-dec-000378_parsed.json,run,.json,2373
run/prompts/decision_mock-44910-42ec35c5-dec-000378_response.json,run,.json,5096
run/prompts/decision_mock-44910-42ec35c5-dec-000378_system.txt,run,.txt,1912
run/prompts/decision_mock-44910-42ec35c5-dec-000378_tools.json,run,.json,2747
run/prompts/decision_mock-44910-42ec35c5-dec-000378_user.json,run,.json,11592
run/prompts/decision_mock-44910-42ec35c5-dec-000379_parsed.json,run,.json,3161
run/prompts/decision_mock-44910-42ec35c5-dec-000379_response.json,run,.json,13662
run/prompts/decision_mock-44910-42ec35c5-dec-000379_system.txt,run,.txt,1912
run/prompts/decision_mock-44910-42ec35c5-dec-000379_tools.json,run,.json,1884
run/prompts/decision_mock-44910-42ec35c5-dec-000379_user.json,run,.json,12787
run/prompts/decision_mock-44910-42ec35c5-dec-000380_parsed.json,run,.json,2507
run/prompts/decision_mock-44910-42ec35c5-dec-000380_response.json,run,.json,13274
run/prompts/decision_mock-44910-42ec35c5-dec-000380_system.txt,run,.txt,1912
run/prompts/decision_mock-44910-42ec35c5-dec-000380_tools.json,run,.json,1884
run/prompts/decision_mock-44910-42ec35c5-dec-000380_user.json,run,.json,12649
run/prompts/decision_mock-44910-42ec35c5-dec-000381_parsed.json,run,.json,3809
run/prompts/decision_mock-44910-42ec35c5-dec-000381_response.json,run,.json,9708
run/prompts/decision_mock-44910-42ec35c5-dec-000381_system.txt,run,.txt,1912
run/prompts/decision_mock-44910-42ec35c5-dec-000381_tools.json,run,.json,3088
run/prompts/decision_mock-44910-42ec35c5-dec-000381_user.json,run,.json,14024
run/prompts/decision_mock-44910-42ec35c5-dec-000382_parsed.json,run,.json,2321
run/prompts/decision_mock-44910-42ec35c5-dec-000382_response.json,run,.json,6282
run/prompts/decision_mock-44910-42ec35c5-dec-000382_system.txt,run,.txt,1912
run/prompts/decision_mock-44910-42ec35c5-dec-000382_tools.json,run,.json,2747
run/prompts/decision_mock-44910-42ec35c5-dec-000382_user.json,run,.json,11659
run/prompts/decision_mock-44910-42ec35c5-dec-000383_parsed.json,run,.json,2265
run/prompts/decision_mock-44910-42ec35c5-dec-000383_response.json,run,.json,4547
run/prompts/decision_mock-44910-42ec35c5-dec-000383_system.txt,run,.txt,1912
run/prompts/decision_mock-44910-42ec35c5-dec-000383_tools.json,run,.json,2747
run/prompts/decision_mock-44910-42ec35c5-dec-000383_user.json,run,.json,11735
run/prompts/decision_mock-44910-42ec35c5-dec-000384_parsed.json,run,.json,2265
run/prompts/decision_mock-44910-42ec35c5-dec-000384_response.json,run,.json,3658
run/prompts/decision_mock-44910-42ec35c5-dec-000384_system.txt,run,.txt,1912
run/prompts/decision_mock-44910-42ec35c5-dec-000384_tools.json,run,.json,2747
run/prompts/decision_mock-44910-42ec35c5-dec-000384_user.json,run,.json,11664
run/prompts/decision_mock-44910-42ec35c5-dec-000385_parsed.json,run,.json,2363
run/prompts/decision_mock-44910-42ec35c5-dec-000385_response.json,run,.json,11726
run/prompts/decision_mock-44910-42ec35c5-dec-000385_system.txt,run,.txt,1912
run/prompts/decision_mock-44910-42ec35c5-dec-000385_tools.json,run,.json,1884
run/prompts/decision_mock-44910-42ec35c5-dec-000385_user.json,run,.json,12596
run/prompts/decision_mock-44910-42ec35c5-dec-000386_parsed.json,run,.json,3667
run/prompts/decision_mock-44910-42ec35c5-dec-000386_response.json,run,.json,14040
run/prompts/decision_mock-44910-42ec35c5-dec-000386_system.txt,run,.txt,1912
run/prompts/decision_mock-44910-42ec35c5-dec-000386_tools.json,run,.json,3088
run/prompts/decision_mock-44910-42ec35c5-dec-000386_user.json,run,.json,14274
run/prompts/decision_mock-44910-42ec35c5-dec-000387_parsed.json,run,.json,2935
run/prompts/decision_mock-44910-42ec35c5-dec-000387_response.json,run,.json,14467
run/prompts/decision_mock-44910-42ec35c5-dec-000387_system.txt,run,.txt,1912
run/prompts/decision_mock-44910-42ec35c5-dec-000387_tools.json,run,.json,1466
run/prompts/decision_mock-44910-42ec35c5-dec-000387_user.json,run,.json,12389
run/prompts/decision_mock-44910-42ec35c5-dec-000388_parsed.json,run,.json,4267
run/prompts/decision_mock-44910-42ec35c5-dec-000388_response.json,run,.json,9474
run/prompts/decision_mock-44910-42ec35c5-dec-000388_system.txt,run,.txt,1912
run/prompts/decision_mock-44910-42ec35c5-dec-000388_tools.json,run,.json,3088
run/prompts/decision_mock-44910-42ec35c5-dec-000388_user.json,run,.json,14273
run/prompts/decision_mock-44910-42ec35c5-dec-000389_parsed.json,run,.json,3663
run/prompts/decision_mock-44910-42ec35c5-dec-000389_response.json,run,.json,16742
run/prompts/decision_mock-44910-42ec35c5-dec-000389_system.txt,run,.txt,1912
run/prompts/decision_mock-44910-42ec35c5-dec-000389_tools.json,run,.json,1466
run/prompts/decision_mock-44910-42ec35c5-dec-000389_user.json,run,.json,12800
run/prompts/decision_mock-44910-42ec35c5-dec-000390_parsed.json,run,.json,2915
run/prompts/decision_mock-44910-42ec35c5-dec-000390_response.json,run,.json,16682
run/prompts/decision_mock-44910-42ec35c5-dec-000390_system.txt,run,.txt,1912
run/prompts/decision_mock-44910-42ec35c5-dec-000390_tools.json,run,.json,3088
run/prompts/decision_mock-44910-42ec35c5-dec-000390_user.json,run,.json,14765
run/prompts/decision_mock-44910-42ec35c5-dec-000391_parsed.json,run,.json,3431
run/prompts/decision_mock-44910-42ec35c5-dec-000391_response.json,run,.json,6685
run/prompts/decision_mock-44910-42ec35c5-dec-000391_system.txt,run,.txt,1912
run/prompts/decision_mock-44910-42ec35c5-dec-000391_tools.json,run,.json,3088
run/prompts/decision_mock-44910-42ec35c5-dec-000391_user.json,run,.json,14673
run/prompts/decision_mock-44910-42ec35c5-dec-000392_parsed.json,run,.json,3737
run/prompts/decision_mock-44910-42ec35c5-dec-000392_response.json,run,.json,11717
run/prompts/decision_mock-44910-42ec35c5-dec-000392_system.txt,run,.txt,1912
run/prompts/decision_mock-44910-42ec35c5-dec-000392_tools.json,run,.json,3088
run/prompts/decision_mock-44910-42ec35c5-dec-000392_user.json,run,.json,14745
run/prompts/decision_mock-44910-42ec35c5-dec-000393_parsed.json,run,.json,2033
run/prompts/decision_mock-44910-42ec35c5-dec-000393_response.json,run,.json,3777
run/prompts/decision_mock-44910-42ec35c5-dec-000393_system.txt,run,.txt,1912
run/prompts/decision_mock-44910-42ec35c5-dec-000393_tools.json,run,.json,2747
run/prompts/decision_mock-44910-42ec35c5-dec-000393_user.json,run,.json,12768
run/prompts/decision_mock-44910-42ec35c5-dec-000394_parsed.json,run,.json,3285
run/prompts/decision_mock-44910-42ec35c5-dec-000394_response.json,run,.json,46477
run/prompts/decision_mock-44910-42ec35c5-dec-000394_system.txt,run,.txt,1912
run/prompts/decision_mock-44910-42ec35c5-dec-000394_tools.json,run,.json,653
run/prompts/decision_mock-44910-42ec35c5-dec-000394_user.json,run,.json,13359
run/prompts/decision_mock-44910-42ec35c5-dec-000395_parsed.json,run,.json,5231
run/prompts/decision_mock-44910-42ec35c5-dec-000395_response.json,run,.json,20377
run/prompts/decision_mock-44910-42ec35c5-dec-000395_system.txt,run,.txt,1912
run/prompts/decision_mock-44910-42ec35c5-dec-000395_tools.json,run,.json,3088
run/prompts/decision_mock-44910-42ec35c5-dec-000395_user.json,run,.json,14379
run/prompts/decision_mock-44910-42ec35c5-dec-000396_parsed.json,run,.json,2777
run/prompts/decision_mock-44910-42ec35c5-dec-000396_response.json,run,.json,9812
run/prompts/decision_mock-44910-42ec35c5-dec-000396_system.txt,run,.txt,1912
run/prompts/decision_mock-44910-42ec35c5-dec-000396_tools.json,run,.json,1466
run/prompts/decision_mock-44910-42ec35c5-dec-000396_user.json,run,.json,12122
run/prompts/decision_mock-44910-42ec35c5-dec-000397_parsed.json,run,.json,3623
run/prompts/decision_mock-44910-42ec35c5-dec-000397_response.json,run,.json,17044
run/prompts/decision_mock-44910-42ec35c5-dec-000397_system.txt,run,.txt,1912
run/prompts/decision_mock-44910-42ec35c5-dec-000397_tools.json,run,.json,3088
run/prompts/decision_mock-44910-42ec35c5-dec-000397_user.json,run,.json,14952
run/prompts/decision_mock-44910-42ec35c5-dec-000398_parsed.json,run,.json,2495
run/prompts/decision_mock-44910-42ec35c5-dec-000398_response.json,run,.json,6686
run/prompts/decision_mock-44910-42ec35c5-dec-000398_system.txt,run,.txt,1912
run/prompts/decision_mock-44910-42ec35c5-dec-000398_tools.json,run,.json,3088
run/prompts/decision_mock-44910-42ec35c5-dec-000398_user.json,run,.json,15008
run/prompts/decision_mock-44910-42ec35c5-dec-000399_parsed.json,run,.json,4047
run/prompts/decision_mock-44910-42ec35c5-dec-000399_response.json,run,.json,17171
run/prompts/decision_mock-44910-42ec35c5-dec-000399_system.txt,run,.txt,1912
run/prompts/decision_mock-44910-42ec35c5-dec-000399_tools.json,run,.json,3088
run/prompts/decision_mock-44910-42ec35c5-dec-000399_user.json,run,.json,14773
run/prompts/decision_mock-44910-42ec35c5-dec-000400_parsed.json,run,.json,2847
run/prompts/decision_mock-44910-42ec35c5-dec-000400_response.json,run,.json,6745
run/prompts/decision_mock-44910-42ec35c5-dec-000400_system.txt,run,.txt,1912
run/prompts/decision_mock-44910-42ec35c5-dec-000400_tools.json,run,.json,3088
run/prompts/decision_mock-44910-42ec35c5-dec-000400_user.json,run,.json,14763
run/prompts/decision_mock-44910-42ec35c5-dec-000401_parsed.json,run,.json,3027
run/prompts/decision_mock-44910-42ec35c5-dec-000401_response.json,run,.json,7245
run/prompts/decision_mock-44910-42ec35c5-dec-000401_system.txt,run,.txt,1912
run/prompts/decision_mock-44910-42ec35c5-dec-000401_tools.json,run,.json,3088
run/prompts/decision_mock-44910-42ec35c5-dec-000401_user.json,run,.json,14414
run/prompts/decision_mock-44910-42ec35c5-dec-000402_parsed.json,run,.json,3003
run/prompts/decision_mock-44910-42ec35c5-dec-000402_response.json,run,.json,5869
run/prompts/decision_mock-44910-42ec35c5-dec-000402_system.txt,run,.txt,1912
run/prompts/decision_mock-44910-42ec35c5-dec-000402_tools.json,run,.json,3088
run/prompts/decision_mock-44910-42ec35c5-dec-000402_user.json,run,.json,14278
run/prompts/decision_mock-44910-42ec35c5-dec-000403_parsed.json,run,.json,4439
run/prompts/decision_mock-44910-42ec35c5-dec-000403_response.json,run,.json,6627
run/prompts/decision_mock-44910-42ec35c5-dec-000403_system.txt,run,.txt,1912
run/prompts/decision_mock-44910-42ec35c5-dec-000403_tools.json,run,.json,3088
run/prompts/decision_mock-44910-42ec35c5-dec-000403_user.json,run,.json,14061
run/prompts/decision_mock-44910-42ec35c5-dec-000404_parsed.json,run,.json,3737
run/prompts/decision_mock-44910-42ec35c5-dec-000404_response.json,run,.json,18470
run/prompts/decision_mock-44910-42ec35c5-dec-000404_system.txt,run,.txt,1912
run/prompts/decision_mock-44910-42ec35c5-dec-000404_tools.json,run,.json,2485
run/prompts/decision_mock-44910-42ec35c5-dec-000404_user.json,run,.json,14042
run/prompts/decision_mock-44910-42ec35c5-dec-000405_parsed.json,run,.json,2507
run/prompts/decision_mock-44910-42ec35c5-dec-000405_response.json,run,.json,8173
run/prompts/decision_mock-44910-42ec35c5-dec-000405_system.txt,run,.txt,1912
run/prompts/decision_mock-44910-42ec35c5-dec-000405_tools.json,run,.json,2747
run/prompts/decision_mock-44910-42ec35c5-dec-000405_user.json,run,.json,12106
run/prompts/decision_mock-44910-42ec35c5-dec-000406_parsed.json,run,.json,2475
run/prompts/decision_mock-44910-42ec35c5-dec-000406_response.json,run,.json,6834
run/prompts/decision_mock-44910-42ec35c5-dec-000406_system.txt,run,.txt,1912
run/prompts/decision_mock-44910-42ec35c5-dec-000406_tools.json,run,.json,3088
run/prompts/decision_mock-44910-42ec35c5-dec-000406_user.json,run,.json,12076
run/prompts/decision_mock-44910-42ec35c5-dec-000407_parsed.json,run,.json,2097
run/prompts/decision_mock-44910-42ec35c5-dec-000407_response.json,run,.json,4355
run/prompts/decision_mock-44910-42ec35c5-dec-000407_system.txt,run,.txt,1912
run/prompts/decision_mock-44910-42ec35c5-dec-000407_tools.json,run,.json,3088
run/prompts/decision_mock-44910-42ec35c5-dec-000407_user.json,run,.json,12181
run/prompts/decision_mock-44910-42ec35c5-dec-000408_parsed.json,run,.json,2917
run/prompts/decision_mock-44910-42ec35c5-dec-000408_response.json,run,.json,9462
run/prompts/decision_mock-44910-42ec35c5-dec-000408_system.txt,run,.txt,1912
run/prompts/decision_mock-44910-42ec35c5-dec-000408_tools.json,run,.json,2485
run/prompts/decision_mock-44910-42ec35c5-dec-000408_user.json,run,.json,13997
run/prompts/decision_mock-44910-42ec35c5-dec-000409_parsed.json,run,.json,2137
run/prompts/decision_mock-44910-42ec35c5-dec-000409_response.json,run,.json,7558
run/prompts/decision_mock-44910-42ec35c5-dec-000409_system.txt,run,.txt,1912
run/prompts/decision_mock-44910-42ec35c5-dec-000409_tools.json,run,.json,3088
run/prompts/decision_mock-44910-42ec35c5-dec-000409_user.json,run,.json,12371
run/prompts/decision_mock-44910-42ec35c5-dec-000410_parsed.json,run,.json,3799
run/prompts/decision_mock-44910-42ec35c5-dec-000410_response.json,run,.json,9684
run/prompts/decision_mock-44910-42ec35c5-dec-000410_system.txt,run,.txt,1912
run/prompts/decision_mock-44910-42ec35c5-dec-000410_tools.json,run,.json,3088
run/prompts/decision_mock-44910-42ec35c5-dec-000410_user.json,run,.json,14175
run/prompts/decision_mock-44910-42ec35c5-dec-000411_parsed.json,run,.json,3711
run/prompts/decision_mock-44910-42ec35c5-dec-000411_response.json,run,.json,2177
run/prompts/decision_mock-44910-42ec35c5-dec-000411_system.txt,run,.txt,1912
run/prompts/decision_mock-44910-42ec35c5-dec-000411_tools.json,run,.json,2747
run/prompts/decision_mock-44910-42ec35c5-dec-000411_user.json,run,.json,14448
run/prompts/decision_mock-44910-42ec35c5-dec-000412_parsed.json,run,.json,2889
run/prompts/decision_mock-44910-42ec35c5-dec-000412_response.json,run,.json,4637
run/prompts/decision_mock-44910-42ec35c5-dec-000412_system.txt,run,.txt,1912
run/prompts/decision_mock-44910-42ec35c5-dec-000412_tools.json,run,.json,1799
run/prompts/decision_mock-44910-42ec35c5-dec-000412_user.json,run,.json,14173
run/prompts/decision_mock-44910-42ec35c5-dec-000413_parsed.json,run,.json,1877
run/prompts/decision_mock-44910-42ec35c5-dec-000413_response.json,run,.json,3961
run/prompts/decision_mock-44910-42ec35c5-dec-000413_system.txt,run,.txt,1912
run/prompts/decision_mock-44910-42ec35c5-dec-000413_tools.json,run,.json,2485
run/prompts/decision_mock-44910-42ec35c5-dec-000413_user.json,run,.json,12117
run/prompts/decision_mock-44910-42ec35c5-dec-000414_parsed.json,run,.json,3919
run/prompts/decision_mock-44910-42ec35c5-dec-000414_response.json,run,.json,12167
run/prompts/decision_mock-44910-42ec35c5-dec-000414_system.txt,run,.txt,1912
run/prompts/decision_mock-44910-42ec35c5-dec-000414_tools.json,run,.json,913
run/prompts/decision_mock-44910-42ec35c5-dec-000414_user.json,run,.json,13497
run/prompts/decision_mock-44910-42ec35c5-dec-000415_parsed.json,run,.json,3485
run/prompts/decision_mock-44910-42ec35c5-dec-000415_response.json,run,.json,14197
run/prompts/decision_mock-44910-42ec35c5-dec-000415_system.txt,run,.txt,1912
run/prompts/decision_mock-44910-42ec35c5-dec-000415_tools.json,run,.json,1799
run/prompts/decision_mock-44910-42ec35c5-dec-000415_user.json,run,.json,13313
run/prompts/decision_mock-44910-42ec35c5-dec-000416_parsed.json,run,.json,1805
run/prompts/decision_mock-44910-42ec35c5-dec-000416_response.json,run,.json,4772
run/prompts/decision_mock-44910-42ec35c5-dec-000416_system.txt,run,.txt,1912
run/prompts/decision_mock-44910-42ec35c5-dec-000416_tools.json,run,.json,3088
run/prompts/decision_mock-44910-42ec35c5-dec-000416_user.json,run,.json,11914
run/prompts/decision_mock-44910-42ec35c5-dec-000417_parsed.json,run,.json,1885
run/prompts/decision_mock-44910-42ec35c5-dec-000417_response.json,run,.json,4379
run/prompts/decision_mock-44910-42ec35c5-dec-000417_system.txt,run,.txt,1912
run/prompts/decision_mock-44910-42ec35c5-dec-000417_tools.json,run,.json,3088
run/prompts/decision_mock-44910-42ec35c5-dec-000417_user.json,run,.json,11699
run/prompts/decision_mock-44910-42ec35c5-dec-000418_parsed.json,run,.json,2845
run/prompts/decision_mock-44910-42ec35c5-dec-000418_response.json,run,.json,1950
run/prompts/decision_mock-44910-42ec35c5-dec-000418_system.txt,run,.txt,1912
run/prompts/decision_mock-44910-42ec35c5-dec-000418_tools.json,run,.json,1799
run/prompts/decision_mock-44910-42ec35c5-dec-000418_user.json,run,.json,13229
run/prompts/decision_mock-44910-42ec35c5-dec-000419_parsed.json,run,.json,1917
run/prompts/decision_mock-44910-42ec35c5-dec-000419_response.json,run,.json,4136
run/prompts/decision_mock-44910-42ec35c5-dec-000419_system.txt,run,.txt,1912
run/prompts/decision_mock-44910-42ec35c5-dec-000419_tools.json,run,.json,3088
run/prompts/decision_mock-44910-42ec35c5-dec-000419_user.json,run,.json,11145
run/prompts/decision_mock-44910-42ec35c5-dec-000420_parsed.json,run,.json,2605
run/prompts/decision_mock-44910-42ec35c5-dec-000420_response.json,run,.json,10264
run/prompts/decision_mock-44910-42ec35c5-dec-000420_system.txt,run,.txt,1912
run/prompts/decision_mock-44910-42ec35c5-dec-000420_tools.json,run,.json,1799
run/prompts/decision_mock-44910-42ec35c5-dec-000420_user.json,run,.json,12967
run/prompts/decision_mock-44910-42ec35c5-dec-000421_parsed.json,run,.json,1817
run/prompts/decision_mock-44910-42ec35c5-dec-000421_response.json,run,.json,5257
run/prompts/decision_mock-44910-42ec35c5-dec-000421_system.txt,run,.txt,1912
run/prompts/decision_mock-44910-42ec35c5-dec-000421_tools.json,run,.json,3088
run/prompts/decision_mock-44910-42ec35c5-dec-000421_user.json,run,.json,11101
run/prompts/decision_mock-44910-42ec35c5-dec-000422_parsed.json,run,.json,3951
run/prompts/decision_mock-44910-42ec35c5-dec-000422_response.json,run,.json,11261
run/prompts/decision_mock-44910-42ec35c5-dec-000422_system.txt,run,.txt,1912
run/prompts/decision_mock-44910-42ec35c5-dec-000422_tools.json,run,.json,2747
run/prompts/decision_mock-44910-42ec35c5-dec-000422_user.json,run,.json,13167
run/prompts/decision_mock-44910-42ec35c5-dec-000423_parsed.json,run,.json,3177
run/prompts/decision_mock-44910-42ec35c5-dec-000423_response.json,run,.json,8620
run/prompts/decision_mock-44910-42ec35c5-dec-000423_system.txt,run,.txt,1912
run/prompts/decision_mock-44910-42ec35c5-dec-000423_tools.json,run,.json,1799
run/prompts/decision_mock-44910-42ec35c5-dec-000423_user.json,run,.json,12935
run/prompts/decision_mock-44910-42ec35c5-dec-000424_parsed.json,run,.json,1853
run/prompts/decision_mock-44910-42ec35c5-dec-000424_response.json,run,.json,5808
run/prompts/decision_mock-44910-42ec35c5-dec-000424_system.txt,run,.txt,1912
run/prompts/decision_mock-44910-42ec35c5-dec-000424_tools.json,run,.json,2485
run/prompts/decision_mock-44910-42ec35c5-dec-000424_user.json,run,.json,11102
run/prompts/decision_mock-44910-42ec35c5-dec-000425_parsed.json,run,.json,2045
run/prompts/decision_mock-44910-42ec35c5-dec-000425_response.json,run,.json,4609
run/prompts/decision_mock-44910-42ec35c5-dec-000425_system.txt,run,.txt,1912
run/prompts/decision_mock-44910-42ec35c5-dec-000425_tools.json,run,.json,2485
run/prompts/decision_mock-44910-42ec35c5-dec-000425_user.json,run,.json,10643
run/prompts/decision_mock-44910-42ec35c5-dec-000426_parsed.json,run,.json,3039
run/prompts/decision_mock-44910-42ec35c5-dec-000426_response.json,run,.json,12896
run/prompts/decision_mock-44910-42ec35c5-dec-000426_system.txt,run,.txt,1912
run/prompts/decision_mock-44910-42ec35c5-dec-000426_tools.json,run,.json,2747
run/prompts/decision_mock-44910-42ec35c5-dec-000426_user.json,run,.json,12825
run/prompts/decision_mock-44910-42ec35c5-dec-000427_parsed.json,run,.json,2575
run/prompts/decision_mock-44910-42ec35c5-dec-000427_response.json,run,.json,6026
run/prompts/decision_mock-44910-42ec35c5-dec-000427_system.txt,run,.txt,1912
run/prompts/decision_mock-44910-42ec35c5-dec-000427_tools.json,run,.json,3088
run/prompts/decision_mock-44910-42ec35c5-dec-000427_user.json,run,.json,12897
run/prompts/decision_mock-44910-42ec35c5-dec-000428_parsed.json,run,.json,2871
run/prompts/decision_mock-44910-42ec35c5-dec-000428_response.json,run,.json,1957
run/prompts/decision_mock-44910-42ec35c5-dec-000428_system.txt,run,.txt,1912
run/prompts/decision_mock-44910-42ec35c5-dec-000428_tools.json,run,.json,3088
run/prompts/decision_mock-44910-42ec35c5-dec-000428_user.json,run,.json,12740
run/prompts/decision_mock-44910-42ec35c5-dec-000429_parsed.json,run,.json,3023
run/prompts/decision_mock-44910-42ec35c5-dec-000429_response.json,run,.json,6339
run/prompts/decision_mock-44910-42ec35c5-dec-000429_system.txt,run,.txt,1912
run/prompts/decision_mock-44910-42ec35c5-dec-000429_tools.json,run,.json,3088
run/prompts/decision_mock-44910-42ec35c5-dec-000429_user.json,run,.json,12560
run/prompts/decision_mock-44910-42ec35c5-dec-000430_parsed.json,run,.json,2731
run/prompts/decision_mock-44910-42ec35c5-dec-000430_response.json,run,.json,7344
run/prompts/decision_mock-44910-42ec35c5-dec-000430_system.txt,run,.txt,1912
run/prompts/decision_mock-44910-42ec35c5-dec-000430_tools.json,run,.json,3088
run/prompts/decision_mock-44910-42ec35c5-dec-000430_user.json,run,.json,12658
run/prompts/decision_mock-44910-42ec35c5-dec-000431_parsed.json,run,.json,2319
run/prompts/decision_mock-44910-42ec35c5-dec-000431_response.json,run,.json,3605
run/prompts/decision_mock-44910-42ec35c5-dec-000431_system.txt,run,.txt,1912
run/prompts/decision_mock-44910-42ec35c5-dec-000431_tools.json,run,.json,3088
run/prompts/decision_mock-44910-42ec35c5-dec-000431_user.json,run,.json,12507
run/prompts/decision_mock-44910-42ec35c5-dec-000432_parsed.json,run,.json,2559
run/prompts/decision_mock-44910-42ec35c5-dec-000432_response.json,run,.json,8935
run/prompts/decision_mock-44910-42ec35c5-dec-000432_system.txt,run,.txt,1912
run/prompts/decision_mock-44910-42ec35c5-dec-000432_tools.json,run,.json,3088
run/prompts/decision_mock-44910-42ec35c5-dec-000432_user.json,run,.json,12277
run/prompts/decision_mock-44910-42ec35c5-dec-000433_parsed.json,run,.json,2451
run/prompts/decision_mock-44910-42ec35c5-dec-000433_response.json,run,.json,8637
run/prompts/decision_mock-44910-42ec35c5-dec-000433_system.txt,run,.txt,1912
run/prompts/decision_mock-44910-42ec35c5-dec-000433_tools.json,run,.json,3088
run/prompts/decision_mock-44910-42ec35c5-dec-000433_user.json,run,.json,12184
run/prompts/decision_mock-44910-42ec35c5-dec-000434_parsed.json,run,.json,3445
run/prompts/decision_mock-44910-42ec35c5-dec-000434_response.json,run,.json,9626
run/prompts/decision_mock-44910-42ec35c5-dec-000434_system.txt,run,.txt,1912
run/prompts/decision_mock-44910-42ec35c5-dec-000434_tools.json,run,.json,3088
run/prompts/decision_mock-44910-42ec35c5-dec-000434_user.json,run,.json,12147
run/prompts/decision_mock-44910-42ec35c5-dec-000435_parsed.json,run,.json,1937
run/prompts/decision_mock-44910-42ec35c5-dec-000435_response.json,run,.json,5857
run/prompts/decision_mock-44910-42ec35c5-dec-000435_system.txt,run,.txt,1912
run/prompts/decision_mock-44910-42ec35c5-dec-000435_tools.json,run,.json,2485
run/prompts/decision_mock-44910-42ec35c5-dec-000435_user.json,run,.json,10968
run/prompts/decision_mock-44910-42ec35c5-dec-000436_parsed.json,run,.json,3977
run/prompts/decision_mock-44910-42ec35c5-dec-000436_response.json,run,.json,9967
run/prompts/decision_mock-44910-42ec35c5-dec-000436_system.txt,run,.txt,1912
run/prompts/decision_mock-44910-42ec35c5-dec-000436_tools.json,run,.json,3088
run/prompts/decision_mock-44910-42ec35c5-dec-000436_user.json,run,.json,12284
run/prompts/decision_mock-44910-42ec35c5-dec-000437_parsed.json,run,.json,2013
run/prompts/decision_mock-44910-42ec35c5-dec-000437_response.json,run,.json,7013
run/prompts/decision_mock-44910-42ec35c5-dec-000437_system.txt,run,.txt,1912
run/prompts/decision_mock-44910-42ec35c5-dec-000437_tools.json,run,.json,2485
run/prompts/decision_mock-44910-42ec35c5-dec-000437_user.json,run,.json,11046
run/prompts/decision_mock-44910-42ec35c5-dec-000438_parsed.json,run,.json,4089
run/prompts/decision_mock-44910-42ec35c5-dec-000438_response.json,run,.json,20407
run/prompts/decision_mock-44910-42ec35c5-dec-000438_system.txt,run,.txt,1912
run/prompts/decision_mock-44910-42ec35c5-dec-000438_tools.json,run,.json,2743
run/prompts/decision_mock-44910-42ec35c5-dec-000438_user.json,run,.json,12481
run/prompts/decision_mock-44910-42ec35c5-dec-000439_parsed.json,run,.json,2085
run/prompts/decision_mock-44910-42ec35c5-dec-000439_response.json,run,.json,5609
run/prompts/decision_mock-44910-42ec35c5-dec-000439_system.txt,run,.txt,1912
run/prompts/decision_mock-44910-42ec35c5-dec-000439_tools.json,run,.json,2485
run/prompts/decision_mock-44910-42ec35c5-dec-000439_user.json,run,.json,10853
run/prompts/decision_mock-44910-42ec35c5-dec-000440_parsed.json,run,.json,1985
run/prompts/decision_mock-44910-42ec35c5-dec-000440_response.json,run,.json,4624
run/prompts/decision_mock-44910-42ec35c5-dec-000440_system.txt,run,.txt,1912
run/prompts/decision_mock-44910-42ec35c5-dec-000440_tools.json,run,.json,2485
run/prompts/decision_mock-44910-42ec35c5-dec-000440_user.json,run,.json,10800
run/prompts/decision_mock-44910-42ec35c5-dec-000441_parsed.json,run,.json,3189
run/prompts/decision_mock-44910-42ec35c5-dec-000441_response.json,run,.json,20053
run/prompts/decision_mock-44910-42ec35c5-dec-000441_system.txt,run,.txt,1912
run/prompts/decision_mock-44910-42ec35c5-dec-000441_tools.json,run,.json,2743
run/prompts/decision_mock-44910-42ec35c5-dec-000441_user.json,run,.json,12641
run/prompts/decision_mock-44910-42ec35c5-dec-000442_parsed.json,run,.json,1857
run/prompts/decision_mock-44910-42ec35c5-dec-000442_response.json,run,.json,6159
run/prompts/decision_mock-44910-42ec35c5-dec-000442_system.txt,run,.txt,1912
run/prompts/decision_mock-44910-42ec35c5-dec-000442_tools.json,run,.json,2485
run/prompts/decision_mock-44910-42ec35c5-dec-000442_user.json,run,.json,10958
run/prompts/decision_mock-44910-42ec35c5-dec-000443_parsed.json,run,.json,902
run/prompts/decision_mock-44910-42ec35c5-dec-000443_response.json,run,.json,5020
run/prompts/decision_mock-44910-42ec35c5-dec-000443_retry1_parsed.json,run,.json,1872
run/prompts/decision_mock-44910-42ec35c5-dec-000443_retry1_response.json,run,.json,3741
run/prompts/decision_mock-44910-42ec35c5-dec-000443_retry1_system.txt,run,.txt,1912
run/prompts/decision_mock-44910-42ec35c5-dec-000443_retry1_tools.json,run,.json,2485
run/prompts/decision_mock-44910-42ec35c5-dec-000443_retry1_user.json,run,.json,10948
run/prompts/decision_mock-44910-42ec35c5-dec-000443_system.txt,run,.txt,1912
run/prompts/decision_mock-44910-42ec35c5-dec-000443_tools.json,run,.json,2485
run/prompts/decision_mock-44910-42ec35c5-dec-000443_user.json,run,.json,10804
run/prompts/decision_mock-44910-42ec35c5-dec-000444_parsed.json,run,.json,1985
run/prompts/decision_mock-44910-42ec35c5-dec-000444_response.json,run,.json,4751
run/prompts/decision_mock-44910-42ec35c5-dec-000444_system.txt,run,.txt,1912
run/prompts/decision_mock-44910-42ec35c5-dec-000444_tools.json,run,.json,2485
run/prompts/decision_mock-44910-42ec35c5-dec-000444_user.json,run,.json,10680
run/prompts/decision_mock-44910-42ec35c5-dec-000445_parsed.json,run,.json,3153
run/prompts/decision_mock-44910-42ec35c5-dec-000445_response.json,run,.json,9369
run/prompts/decision_mock-44910-42ec35c5-dec-000445_system.txt,run,.txt,1912
run/prompts/decision_mock-44910-42ec35c5-dec-000445_tools.json,run,.json,3088
run/prompts/decision_mock-44910-42ec35c5-dec-000445_user.json,run,.json,12359
run/prompts/decision_mock-44910-42ec35c5-dec-000446_parsed.json,run,.json,2077
run/prompts/decision_mock-44910-42ec35c5-dec-000446_response.json,run,.json,4457
run/prompts/decision_mock-44910-42ec35c5-dec-000446_system.txt,run,.txt,1912
run/prompts/decision_mock-44910-42ec35c5-dec-000446_tools.json,run,.json,2485
run/prompts/decision_mock-44910-42ec35c5-dec-000446_user.json,run,.json,10274
run/prompts/decision_mock-44910-42ec35c5-dec-000447_parsed.json,run,.json,2049
run/prompts/decision_mock-44910-42ec35c5-dec-000447_response.json,run,.json,4705
run/prompts/decision_mock-44910-42ec35c5-dec-000447_system.txt,run,.txt,1912
run/prompts/decision_mock-44910-42ec35c5-dec-000447_tools.json,run,.json,2485
run/prompts/decision_mock-44910-42ec35c5-dec-000447_user.json,run,.json,10127
run/prompts/decision_mock-44910-42ec35c5-dec-000448_parsed.json,run,.json,3339
run/prompts/decision_mock-44910-42ec35c5-dec-000448_response.json,run,.json,15436
run/prompts/decision_mock-44910-42ec35c5-dec-000448_system.txt,run,.txt,1912
run/prompts/decision_mock-44910-42ec35c5-dec-000448_tools.json,run,.json,3088
run/prompts/decision_mock-44910-42ec35c5-dec-000448_user.json,run,.json,12184
run/prompts/decision_mock-44910-42ec35c5-dec-000449_parsed.json,run,.json,3153
run/prompts/decision_mock-44910-42ec35c5-dec-000449_response.json,run,.json,6305
run/prompts/decision_mock-44910-42ec35c5-dec-000449_system.txt,run,.txt,1912
run/prompts/decision_mock-44910-42ec35c5-dec-000449_tools.json,run,.json,3088
run/prompts/decision_mock-44910-42ec35c5-dec-000449_user.json,run,.json,12186
run/prompts/decision_mock-44910-42ec35c5-dec-000450_parsed.json,run,.json,2065
run/prompts/decision_mock-44910-42ec35c5-dec-000450_response.json,run,.json,3747
run/prompts/decision_mock-44910-42ec35c5-dec-000450_system.txt,run,.txt,1912
run/prompts/decision_mock-44910-42ec35c5-dec-000450_tools.json,run,.json,2485
run/prompts/decision_mock-44910-42ec35c5-dec-000450_user.json,run,.json,10190
run/prompts/decision_mock-44910-42ec35c5-dec-000451_parsed.json,run,.json,2109
run/prompts/decision_mock-44910-42ec35c5-dec-000451_response.json,run,.json,5627
run/prompts/decision_mock-44910-42ec35c5-dec-000451_system.txt,run,.txt,1912
run/prompts/decision_mock-44910-42ec35c5-dec-000451_tools.json,run,.json,2485
run/prompts/decision_mock-44910-42ec35c5-dec-000451_user.json,run,.json,10097
run/prompts/decision_mock-44910-42ec35c5-dec-000452_parsed.json,run,.json,2983
run/prompts/decision_mock-44910-42ec35c5-dec-000452_response.json,run,.json,6776
run/prompts/decision_mock-44910-42ec35c5-dec-000452_system.txt,run,.txt,1912
run/prompts/decision_mock-44910-42ec35c5-dec-000452_tools.json,run,.json,3088
run/prompts/decision_mock-44910-42ec35c5-dec-000452_user.json,run,.json,12310
run/prompts/decision_mock-44910-42ec35c5-dec-000453_parsed.json,run,.json,2671
run/prompts/decision_mock-44910-42ec35c5-dec-000453_response.json,run,.json,6264
run/prompts/decision_mock-44910-42ec35c5-dec-000453_system.txt,run,.txt,1912
run/prompts/decision_mock-44910-42ec35c5-dec-000453_tools.json,run,.json,3088
run/prompts/decision_mock-44910-42ec35c5-dec-000453_user.json,run,.json,12513
run/prompts/decision_mock-44910-42ec35c5-dec-000454_parsed.json,run,.json,3463
run/prompts/decision_mock-44910-42ec35c5-dec-000454_response.json,run,.json,4005
run/prompts/decision_mock-44910-42ec35c5-dec-000454_system.txt,run,.txt,1912
run/prompts/decision_mock-44910-42ec35c5-dec-000454_tools.json,run,.json,3088
run/prompts/decision_mock-44910-42ec35c5-dec-000454_user.json,run,.json,12590
run/prompts/decision_mock-44910-42ec35c5-dec-000455_parsed.json,run,.json,2813
run/prompts/decision_mock-44910-42ec35c5-dec-000455_response.json,run,.json,8954
run/prompts/decision_mock-44910-42ec35c5-dec-000455_system.txt,run,.txt,1912
run/prompts/decision_mock-44910-42ec35c5-dec-000455_tools.json,run,.json,2743
run/prompts/decision_mock-44910-42ec35c5-dec-000455_user.json,run,.json,12848
run/prompts/decision_mock-44910-42ec35c5-dec-000456_parsed.json,run,.json,1825
run/prompts/decision_mock-44910-42ec35c5-dec-000456_response.json,run,.json,6442
run/prompts/decision_mock-44910-42ec35c5-dec-000456_system.txt,run,.txt,1912
run/prompts/decision_mock-44910-42ec35c5-dec-000456_tools.json,run,.json,2485
run/prompts/decision_mock-44910-42ec35c5-dec-000456_user.json,run,.json,10492
run/prompts/decision_mock-44910-42ec35c5-dec-000457_parsed.json,run,.json,3593
run/prompts/decision_mock-44910-42ec35c5-dec-000457_response.json,run,.json,13160
run/prompts/decision_mock-44910-42ec35c5-dec-000457_system.txt,run,.txt,1912
run/prompts/decision_mock-44910-42ec35c5-dec-000457_tools.json,run,.json,2743
run/prompts/decision_mock-44910-42ec35c5-dec-000457_user.json,run,.json,12697
run/prompts/decision_mock-44910-42ec35c5-dec-000458_parsed.json,run,.json,3317
run/prompts/decision_mock-44910-42ec35c5-dec-000458_response.json,run,.json,12207
run/prompts/decision_mock-44910-42ec35c5-dec-000458_system.txt,run,.txt,1912
run/prompts/decision_mock-44910-42ec35c5-dec-000458_tools.json,run,.json,2743
run/prompts/decision_mock-44910-42ec35c5-dec-000458_user.json,run,.json,12781
run/prompts/decision_mock-44910-42ec35c5-dec-000459_parsed.json,run,.json,1777
run/prompts/decision_mock-44910-42ec35c5-dec-000459_response.json,run,.json,7017
run/prompts/decision_mock-44910-42ec35c5-dec-000459_system.txt,run,.txt,1912
run/prompts/decision_mock-44910-42ec35c5-dec-000459_tools.json,run,.json,2485
run/prompts/decision_mock-44910-42ec35c5-dec-000459_user.json,run,.json,10715
run/prompts/decision_mock-44910-42ec35c5-dec-000460_parsed.json,run,.json,3617
run/prompts/decision_mock-44910-42ec35c5-dec-000460_response.json,run,.json,11852
run/prompts/decision_mock-44910-42ec35c5-dec-000460_system.txt,run,.txt,1912
run/prompts/decision_mock-44910-42ec35c5-dec-000460_tools.json,run,.json,2743
run/prompts/decision_mock-44910-42ec35c5-dec-000460_user.json,run,.json,12574
run/prompts/decision_mock-44910-42ec35c5-dec-000461_parsed.json,run,.json,1849
run/prompts/decision_mock-44910-42ec35c5-dec-000461_response.json,run,.json,7351
run/prompts/decision_mock-44910-42ec35c5-dec-000461_system.txt,run,.txt,1912
run/prompts/decision_mock-44910-42ec35c5-dec-000461_tools.json,run,.json,612
run/prompts/decision_mock-44910-42ec35c5-dec-000461_user.json,run,.json,10137
run/prompts/decision_mock-44910-42ec35c5-dec-000462_parsed.json,run,.json,2941
run/prompts/decision_mock-44910-42ec35c5-dec-000462_response.json,run,.json,4242
run/prompts/decision_mock-44910-42ec35c5-dec-000462_system.txt,run,.txt,1912
run/prompts/decision_mock-44910-42ec35c5-dec-000462_tools.json,run,.json,2743
run/prompts/decision_mock-44910-42ec35c5-dec-000462_user.json,run,.json,12836
run/prompts/decision_mock-44910-42ec35c5-dec-000463_parsed.json,run,.json,2001
run/prompts/decision_mock-44910-42ec35c5-dec-000463_response.json,run,.json,4914
run/prompts/decision_mock-44910-42ec35c5-dec-000463_system.txt,run,.txt,1912
run/prompts/decision_mock-44910-42ec35c5-dec-000463_tools.json,run,.json,612
run/prompts/decision_mock-44910-42ec35c5-dec-000463_user.json,run,.json,10224
run/prompts/decision_mock-44910-42ec35c5-dec-000464_parsed.json,run,.json,3385
run/prompts/decision_mock-44910-42ec35c5-dec-000464_response.json,run,.json,6743
run/prompts/decision_mock-44910-42ec35c5-dec-000464_system.txt,run,.txt,1912
run/prompts/decision_mock-44910-42ec35c5-dec-000464_tools.json,run,.json,2743
run/prompts/decision_mock-44910-42ec35c5-dec-000464_user.json,run,.json,12637
run/prompts/decision_mock-44910-42ec35c5-dec-000465_parsed.json,run,.json,2093
run/prompts/decision_mock-44910-42ec35c5-dec-000465_response.json,run,.json,6463
run/prompts/decision_mock-44910-42ec35c5-dec-000465_system.txt,run,.txt,1912
run/prompts/decision_mock-44910-42ec35c5-dec-000465_tools.json,run,.json,612
run/prompts/decision_mock-44910-42ec35c5-dec-000465_user.json,run,.json,10131
run/prompts/decision_mock-44910-42ec35c5-dec-000466_parsed.json,run,.json,2025
run/prompts/decision_mock-44910-42ec35c5-dec-000466_response.json,run,.json,4657
run/prompts/decision_mock-44910-42ec35c5-dec-000466_system.txt,run,.txt,1912
run/prompts/decision_mock-44910-42ec35c5-dec-000466_tools.json,run,.json,300
run/prompts/decision_mock-44910-42ec35c5-dec-000466_user.json,run,.json,10138
run/prompts/decision_mock-44910-42ec35c5-dec-000467_parsed.json,run,.json,1865
run/prompts/decision_mock-44910-42ec35c5-dec-000467_response.json,run,.json,4776
run/prompts/decision_mock-44910-42ec35c5-dec-000467_system.txt,run,.txt,1912
run/prompts/decision_mock-44910-42ec35c5-dec-000467_tools.json,run,.json,2485
run/prompts/decision_mock-44910-42ec35c5-dec-000467_user.json,run,.json,10660
run/prompts/decision_mock-44910-42ec35c5-dec-000468_parsed.json,run,.json,1821
run/prompts/decision_mock-44910-42ec35c5-dec-000468_response.json,run,.json,4574
run/prompts/decision_mock-44910-42ec35c5-dec-000468_system.txt,run,.txt,1912
run/prompts/decision_mock-44910-42ec35c5-dec-000468_tools.json,run,.json,2485
run/prompts/decision_mock-44910-42ec35c5-dec-000468_user.json,run,.json,10313
run/prompts/decision_mock-44910-42ec35c5-dec-000469_parsed.json,run,.json,2973
run/prompts/decision_mock-44910-42ec35c5-dec-000469_response.json,run,.json,5972
run/prompts/decision_mock-44910-42ec35c5-dec-000469_system.txt,run,.txt,1912
run/prompts/decision_mock-44910-42ec35c5-dec-000469_tools.json,run,.json,612
run/prompts/decision_mock-44910-42ec35c5-dec-000469_user.json,run,.json,11686
run/prompts/decision_mock-44910-42ec35c5-dec-000470_parsed.json,run,.json,2081
run/prompts/decision_mock-44910-42ec35c5-dec-000470_response.json,run,.json,5600
run/prompts/decision_mock-44910-42ec35c5-dec-000470_system.txt,run,.txt,1912
run/prompts/decision_mock-44910-42ec35c5-dec-000470_tools.json,run,.json,2485
run/prompts/decision_mock-44910-42ec35c5-dec-000470_user.json,run,.json,10044
run/prompts/decision_mock-44910-42ec35c5-dec-000471_parsed.json,run,.json,1873
run/prompts/decision_mock-44910-42ec35c5-dec-000471_response.json,run,.json,4241
run/prompts/decision_mock-44910-42ec35c5-dec-000471_system.txt,run,.txt,1912
run/prompts/decision_mock-44910-42ec35c5-dec-000471_tools.json,run,.json,2485
run/prompts/decision_mock-44910-42ec35c5-dec-000471_user.json,run,.json,9871
run/prompts/decision_mock-44910-42ec35c5-dec-000472_parsed.json,run,.json,2681
run/prompts/decision_mock-44910-42ec35c5-dec-000472_response.json,run,.json,6545
run/prompts/decision_mock-44910-42ec35c5-dec-000472_system.txt,run,.txt,1912
run/prompts/decision_mock-44910-42ec35c5-dec-000472_tools.json,run,.json,612
run/prompts/decision_mock-44910-42ec35c5-dec-000472_user.json,run,.json,11488
run/prompts/decision_mock-44910-42ec35c5-dec-000473_parsed.json,run,.json,1933
run/prompts/decision_mock-44910-42ec35c5-dec-000473_response.json,run,.json,4909
run/prompts/decision_mock-44910-42ec35c5-dec-000473_system.txt,run,.txt,1912
run/prompts/decision_mock-44910-42ec35c5-dec-000473_tools.json,run,.json,2485
run/prompts/decision_mock-44910-42ec35c5-dec-000473_user.json,run,.json,9822
run/prompts/decision_mock-44910-42ec35c5-dec-000474_parsed.json,run,.json,2069
run/prompts/decision_mock-44910-42ec35c5-dec-000474_response.json,run,.json,5042
run/prompts/decision_mock-44910-42ec35c5-dec-000474_system.txt,run,.txt,1912
run/prompts/decision_mock-44910-42ec35c5-dec-000474_tools.json,run,.json,2485
run/prompts/decision_mock-44910-42ec35c5-dec-000474_user.json,run,.json,9871
run/prompts/decision_mock-44910-42ec35c5-dec-000475_parsed.json,run,.json,2953
run/prompts/decision_mock-44910-42ec35c5-dec-000475_response.json,run,.json,8072
run/prompts/decision_mock-44910-42ec35c5-dec-000475_system.txt,run,.txt,1912
run/prompts/decision_mock-44910-42ec35c5-dec-000475_tools.json,run,.json,612
run/prompts/decision_mock-44910-42ec35c5-dec-000475_user.json,run,.json,11521
run/prompts/decision_mock-44910-42ec35c5-dec-000476_parsed.json,run,.json,2689
run/prompts/decision_mock-44910-42ec35c5-dec-000476_response.json,run,.json,1914
run/prompts/decision_mock-44910-42ec35c5-dec-000476_system.txt,run,.txt,1912
run/prompts/decision_mock-44910-42ec35c5-dec-000476_tools.json,run,.json,300
run/prompts/decision_mock-44910-42ec35c5-dec-000476_user.json,run,.json,11658
run/prompts/decision_mock-44910-42ec35c5-dec-000477_parsed.json,run,.json,2913
run/prompts/decision_mock-44910-42ec35c5-dec-000477_response.json,run,.json,8670
run/prompts/decision_mock-44910-42ec35c5-dec-000477_system.txt,run,.txt,1912
run/prompts/decision_mock-44910-42ec35c5-dec-000477_tools.json,run,.json,2743
run/prompts/decision_mock-44910-42ec35c5-dec-000477_user.json,run,.json,12371
run/prompts/decision_mock-44910-42ec35c5-dec-000478_parsed.json,run,.json,2005
run/prompts/decision_mock-44910-42ec35c5-dec-000478_response.json,run,.json,5230
run/prompts/decision_mock-44910-42ec35c5-dec-000478_system.txt,run,.txt,1912
run/prompts/decision_mock-44910-42ec35c5-dec-000478_tools.json,run,.json,2485
run/prompts/decision_mock-44910-42ec35c5-dec-000478_user.json,run,.json,10018
run/prompts/decision_mock-44910-42ec35c5-dec-000479_parsed.json,run,.json,2957
run/prompts/decision_mock-44910-42ec35c5-dec-000479_response.json,run,.json,6906
run/prompts/decision_mock-44910-42ec35c5-dec-000479_system.txt,run,.txt,1912
run/prompts/decision_mock-44910-42ec35c5-dec-000479_tools.json,run,.json,2743
run/prompts/decision_mock-44910-42ec35c5-dec-000479_user.json,run,.json,12390
run/prompts/decision_mock-44910-42ec35c5-dec-000480_parsed.json,run,.json,2073
run/prompts/decision_mock-44910-42ec35c5-dec-000480_response.json,run,.json,6914
run/prompts/decision_mock-44910-42ec35c5-dec-000480_system.txt,run,.txt,1912
run/prompts/decision_mock-44910-42ec35c5-dec-000480_tools.json,run,.json,2485
run/prompts/decision_mock-44910-42ec35c5-dec-000480_user.json,run,.json,10139
run/prompts/decision_mock-44910-42ec35c5-dec-000481_parsed.json,run,.json,3417
run/prompts/decision_mock-44910-42ec35c5-dec-000481_response.json,run,.json,7243
run/prompts/decision_mock-44910-42ec35c5-dec-000481_system.txt,run,.txt,1912
run/prompts/decision_mock-44910-42ec35c5-dec-000481_tools.json,run,.json,2743
run/prompts/decision_mock-44910-42ec35c5-dec-000481_user.json,run,.json,12302
run/prompts/decision_mock-44910-42ec35c5-dec-000482_parsed.json,run,.json,1973
run/prompts/decision_mock-44910-42ec35c5-dec-000482_response.json,run,.json,6159
run/prompts/decision_mock-44910-42ec35c5-dec-000482_system.txt,run,.txt,1912
run/prompts/decision_mock-44910-42ec35c5-dec-000482_tools.json,run,.json,2485
run/prompts/decision_mock-44910-42ec35c5-dec-000482_user.json,run,.json,10021
run/prompts/decision_mock-44910-42ec35c5-dec-000483_parsed.json,run,.json,2749
run/prompts/decision_mock-44910-42ec35c5-dec-000483_response.json,run,.json,7503
run/prompts/decision_mock-44910-42ec35c5-dec-000483_system.txt,run,.txt,1912
run/prompts/decision_mock-44910-42ec35c5-dec-000483_tools.json,run,.json,2743
run/prompts/decision_mock-44910-42ec35c5-dec-000483_user.json,run,.json,12300
run/prompts/decision_mock-44910-42ec35c5-dec-000484_parsed.json,run,.json,2141
run/prompts/decision_mock-44910-42ec35c5-dec-000484_response.json,run,.json,6500
run/prompts/decision_mock-44910-42ec35c5-dec-000484_system.txt,run,.txt,1912
run/prompts/decision_mock-44910-42ec35c5-dec-000484_tools.json,run,.json,2485
run/prompts/decision_mock-44910-42ec35c5-dec-000484_user.json,run,.json,10037
run/prompts/decision_mock-44910-42ec35c5-dec-000485_parsed.json,run,.json,1965
run/prompts/decision_mock-44910-42ec35c5-dec-000485_response.json,run,.json,4982
run/prompts/decision_mock-44910-42ec35c5-dec-000485_system.txt,run,.txt,1912
run/prompts/decision_mock-44910-42ec35c5-dec-000485_tools.json,run,.json,2485
run/prompts/decision_mock-44910-42ec35c5-dec-000485_user.json,run,.json,10080
run/prompts/decision_mock-44910-42ec35c5-dec-000486_parsed.json,run,.json,3137
run/prompts/decision_mock-44910-42ec35c5-dec-000486_response.json,run,.json,7202
run/prompts/decision_mock-44910-42ec35c5-dec-000486_system.txt,run,.txt,1912
run/prompts/decision_mock-44910-42ec35c5-dec-000486_tools.json,run,.json,2743
run/prompts/decision_mock-44910-42ec35c5-dec-000486_user.json,run,.json,12122
run/prompts/decision_mock-44910-42ec35c5-dec-000487_parsed.json,run,.json,2093
run/prompts/decision_mock-44910-42ec35c5-dec-000487_response.json,run,.json,4987
run/prompts/decision_mock-44910-42ec35c5-dec-000487_system.txt,run,.txt,1912
run/prompts/decision_mock-44910-42ec35c5-dec-000487_tools.json,run,.json,2485
run/prompts/decision_mock-44910-42ec35c5-dec-000487_user.json,run,.json,10091
run/prompts/decision_mock-44910-42ec35c5-dec-000488_parsed.json,run,.json,1909
run/prompts/decision_mock-44910-42ec35c5-dec-000488_response.json,run,.json,4301
run/prompts/decision_mock-44910-42ec35c5-dec-000488_system.txt,run,.txt,1912
run/prompts/decision_mock-44910-42ec35c5-dec-000488_tools.json,run,.json,2485
run/prompts/decision_mock-44910-42ec35c5-dec-000488_user.json,run,.json,10157
run/prompts/decision_mock-44910-42ec35c5-dec-000489_parsed.json,run,.json,3069
run/prompts/decision_mock-44910-42ec35c5-dec-000489_response.json,run,.json,9362
run/prompts/decision_mock-44910-42ec35c5-dec-000489_system.txt,run,.txt,1912
run/prompts/decision_mock-44910-42ec35c5-dec-000489_tools.json,run,.json,2743
run/prompts/decision_mock-44910-42ec35c5-dec-000489_user.json,run,.json,12120
run/prompts/decision_mock-44910-42ec35c5-dec-000490_parsed.json,run,.json,1993
run/prompts/decision_mock-44910-42ec35c5-dec-000490_response.json,run,.json,4640
run/prompts/decision_mock-44910-42ec35c5-dec-000490_system.txt,run,.txt,1912
run/prompts/decision_mock-44910-42ec35c5-dec-000490_tools.json,run,.json,2485
run/prompts/decision_mock-44910-42ec35c5-dec-000490_user.json,run,.json,9849
run/prompts/decision_mock-44910-42ec35c5-dec-000491_parsed.json,run,.json,2829
run/prompts/decision_mock-44910-42ec35c5-dec-000491_response.json,run,.json,9166
run/prompts/decision_mock-44910-42ec35c5-dec-000491_system.txt,run,.txt,1912
run/prompts/decision_mock-44910-42ec35c5-dec-000491_tools.json,run,.json,2743
run/prompts/decision_mock-44910-42ec35c5-dec-000491_user.json,run,.json,11843
run/prompts/decision_mock-44910-42ec35c5-dec-000492_parsed.json,run,.json,1965
run/prompts/decision_mock-44910-42ec35c5-dec-000492_response.json,run,.json,5137
run/prompts/decision_mock-44910-42ec35c5-dec-000492_system.txt,run,.txt,1912
run/prompts/decision_mock-44910-42ec35c5-dec-000492_tools.json,run,.json,2485
run/prompts/decision_mock-44910-42ec35c5-dec-000492_user.json,run,.json,9768
run/prompts/decision_mock-44910-42ec35c5-dec-000493_parsed.json,run,.json,1965
run/prompts/decision_mock-44910-42ec35c5-dec-000493_response.json,run,.json,4392
run/prompts/decision_mock-44910-42ec35c5-dec-000493_system.txt,run,.txt,1912
run/prompts/decision_mock-44910-42ec35c5-dec-000493_tools.json,run,.json,2485
run/prompts/decision_mock-44910-42ec35c5-dec-000493_user.json,run,.json,9797
run/prompts/decision_mock-44910-42ec35c5-dec-000494_parsed.json,run,.json,2017
run/prompts/decision_mock-44910-42ec35c5-dec-000494_response.json,run,.json,6677
run/prompts/decision_mock-44910-42ec35c5-dec-000494_system.txt,run,.txt,1912
run/prompts/decision_mock-44910-42ec35c5-dec-000494_tools.json,run,.json,2485
run/prompts/decision_mock-44910-42ec35c5-dec-000494_user.json,run,.json,9791
run/prompts/decision_mock-44910-42ec35c5-dec-000495_parsed.json,run,.json,4061
run/prompts/decision_mock-44910-42ec35c5-dec-000495_response.json,run,.json,11975
run/prompts/decision_mock-44910-42ec35c5-dec-000495_system.txt,run,.txt,1912
run/prompts/decision_mock-44910-42ec35c5-dec-000495_tools.json,run,.json,2743
run/prompts/decision_mock-44910-42ec35c5-dec-000495_user.json,run,.json,11831
run/prompts/decision_mock-44910-42ec35c5-dec-000496_parsed.json,run,.json,3421
run/prompts/decision_mock-44910-42ec35c5-dec-000496_response.json,run,.json,6393
run/prompts/decision_mock-44910-42ec35c5-dec-000496_system.txt,run,.txt,1912
run/prompts/decision_mock-44910-42ec35c5-dec-000496_tools.json,run,.json,2743
run/prompts/decision_mock-44910-42ec35c5-dec-000496_user.json,run,.json,12230
run/prompts/decision_mock-44910-42ec35c5-dec-000497_parsed.json,run,.json,1965
run/prompts/decision_mock-44910-42ec35c5-dec-000497_response.json,run,.json,4317
run/prompts/decision_mock-44910-42ec35c5-dec-000497_system.txt,run,.txt,1912
run/prompts/decision_mock-44910-42ec35c5-dec-000497_tools.json,run,.json,2485
run/prompts/decision_mock-44910-42ec35c5-dec-000497_user.json,run,.json,9903
run/prompts/decision_mock-44910-42ec35c5-dec-000498_parsed.json,run,.json,2581
run/prompts/decision_mock-44910-42ec35c5-dec-000498_response.json,run,.json,7177
run/prompts/decision_mock-44910-42ec35c5-dec-000498_system.txt,run,.txt,1912
run/prompts/decision_mock-44910-42ec35c5-dec-000498_tools.json,run,.json,2743
run/prompts/decision_mock-44910-42ec35c5-dec-000498_user.json,run,.json,12481
run/prompts/decision_mock-44910-42ec35c5-dec-000499_parsed.json,run,.json,1933
run/prompts/decision_mock-44910-42ec35c5-dec-000499_response.json,run,.json,5044
run/prompts/decision_mock-44910-42ec35c5-dec-000499_system.txt,run,.txt,1912
run/prompts/decision_mock-44910-42ec35c5-dec-000499_tools.json,run,.json,2485
run/prompts/decision_mock-44910-42ec35c5-dec-000499_user.json,run,.json,9886
run/prompts/decision_mock-44910-42ec35c5-dec-000500_parsed.json,run,.json,2733
run/prompts/decision_mock-44910-42ec35c5-dec-000500_response.json,run,.json,11035
run/prompts/decision_mock-44910-42ec35c5-dec-000500_system.txt,run,.txt,1912
run/prompts/decision_mock-44910-42ec35c5-dec-000500_tools.json,run,.json,612
run/prompts/decision_mock-44910-42ec35c5-dec-000500_user.json,run,.json,11778
run/prompts/decision_mock-44910-42ec35c5-dec-000501_parsed.json,run,.json,1989
run/prompts/decision_mock-44910-42ec35c5-dec-000501_response.json,run,.json,4825
run/prompts/decision_mock-44910-42ec35c5-dec-000501_system.txt,run,.txt,1912
run/prompts/decision_mock-44910-42ec35c5-dec-000501_tools.json,run,.json,2485
run/prompts/decision_mock-44910-42ec35c5-dec-000501_user.json,run,.json,9936
run/prompts/decision_mock-44910-42ec35c5-dec-000502_parsed.json,run,.json,2925
run/prompts/decision_mock-44910-42ec35c5-dec-000502_response.json,run,.json,4418
run/prompts/decision_mock-44910-42ec35c5-dec-000502_system.txt,run,.txt,1912
run/prompts/decision_mock-44910-42ec35c5-dec-000502_tools.json,run,.json,612
run/prompts/decision_mock-44910-42ec35c5-dec-000502_user.json,run,.json,11708
run/prompts/decision_mock-44910-42ec35c5-dec-000503_parsed.json,run,.json,1873
run/prompts/decision_mock-44910-42ec35c5-dec-000503_response.json,run,.json,5384
run/prompts/decision_mock-44910-42ec35c5-dec-000503_system.txt,run,.txt,1912
run/prompts/decision_mock-44910-42ec35c5-dec-000503_tools.json,run,.json,2485
run/prompts/decision_mock-44910-42ec35c5-dec-000503_user.json,run,.json,9953
run/prompts/decision_mock-44910-42ec35c5-dec-000504_parsed.json,run,.json,3549
run/prompts/decision_mock-44910-42ec35c5-dec-000504_response.json,run,.json,8462
run/prompts/decision_mock-44910-42ec35c5-dec-000504_system.txt,run,.txt,1912
run/prompts/decision_mock-44910-42ec35c5-dec-000504_tools.json,run,.json,612
run/prompts/decision_mock-44910-42ec35c5-dec-000504_user.json,run,.json,11781
run/prompts/decision_mock-44910-42ec35c5-dec-000505_parsed.json,run,.json,3433
run/prompts/decision_mock-44910-42ec35c5-dec-000505_response.json,run,.json,2097
run/prompts/decision_mock-44910-42ec35c5-dec-000505_system.txt,run,.txt,1912
run/prompts/decision_mock-44910-42ec35c5-dec-000505_tools.json,run,.json,300
run/prompts/decision_mock-44910-42ec35c5-dec-000505_user.json,run,.json,11830
run/prompts/decision_mock-44910-42ec35c5-dec-000506_parsed.json,run,.json,3221
run/prompts/decision_mock-44910-42ec35c5-dec-000506_response.json,run,.json,9342
run/prompts/decision_mock-44910-42ec35c5-dec-000506_system.txt,run,.txt,1912
run/prompts/decision_mock-44910-42ec35c5-dec-000506_tools.json,run,.json,2743
run/prompts/decision_mock-44910-42ec35c5-dec-000506_user.json,run,.json,12739
run/prompts/decision_mock-44910-42ec35c5-dec-000507_parsed.json,run,.json,1973
run/prompts/decision_mock-44910-42ec35c5-dec-000507_response.json,run,.json,6375
run/prompts/decision_mock-44910-42ec35c5-dec-000507_system.txt,run,.txt,1912
run/prompts/decision_mock-44910-42ec35c5-dec-000507_tools.json,run,.json,2485
run/prompts/decision_mock-44910-42ec35c5-dec-000507_user.json,run,.json,10100
run/prompts/decision_mock-44910-42ec35c5-dec-000508_parsed.json,run,.json,1701
run/prompts/decision_mock-44910-42ec35c5-dec-000508_response.json,run,.json,4329
run/prompts/decision_mock-44910-42ec35c5-dec-000508_system.txt,run,.txt,1912
run/prompts/decision_mock-44910-42ec35c5-dec-000508_tools.json,run,.json,2485
run/prompts/decision_mock-44910-42ec35c5-dec-000508_user.json,run,.json,10069
run/prompts/decision_mock-44910-42ec35c5-dec-000509_parsed.json,run,.json,2669
run/prompts/decision_mock-44910-42ec35c5-dec-000509_response.json,run,.json,6650
run/prompts/decision_mock-44910-42ec35c5-dec-000509_system.txt,run,.txt,1912
run/prompts/decision_mock-44910-42ec35c5-dec-000509_tools.json,run,.json,2743
run/prompts/decision_mock-44910-42ec35c5-dec-000509_user.json,run,.json,12804
run/prompts/decision_mock-44910-42ec35c5-dec-000510_parsed.json,run,.json,1685
run/prompts/decision_mock-44910-42ec35c5-dec-000510_response.json,run,.json,4542
run/prompts/decision_mock-44910-42ec35c5-dec-000510_system.txt,run,.txt,1912
run/prompts/decision_mock-44910-42ec35c5-dec-000510_tools.json,run,.json,2485
run/prompts/decision_mock-44910-42ec35c5-dec-000510_user.json,run,.json,10017
run/prompts/decision_mock-44910-42ec35c5-dec-000511_parsed.json,run,.json,1985
run/prompts/decision_mock-44910-42ec35c5-dec-000511_response.json,run,.json,5670
run/prompts/decision_mock-44910-42ec35c5-dec-000511_system.txt,run,.txt,1912
run/prompts/decision_mock-44910-42ec35c5-dec-000511_tools.json,run,.json,2743
run/prompts/decision_mock-44910-42ec35c5-dec-000511_user.json,run,.json,12609
run/prompts/decision_mock-44910-42ec35c5-dec-000512_parsed.json,run,.json,1817
run/prompts/decision_mock-44910-42ec35c5-dec-000512_response.json,run,.json,4334
run/prompts/decision_mock-44910-42ec35c5-dec-000512_system.txt,run,.txt,1912
run/prompts/decision_mock-44910-42ec35c5-dec-000512_tools.json,run,.json,2485
run/prompts/decision_mock-44910-42ec35c5-dec-000512_user.json,run,.json,9897
run/prompts/decision_mock-44910-42ec35c5-dec-000513_parsed.json,run,.json,2545
run/prompts/decision_mock-44910-42ec35c5-dec-000513_response.json,run,.json,4397
run/prompts/decision_mock-44910-42ec35c5-dec-000513_system.txt,run,.txt,1912
run/prompts/decision_mock-44910-42ec35c5-dec-000513_tools.json,run,.json,2743
run/prompts/decision_mock-44910-42ec35c5-dec-000513_user.json,run,.json,12360
run/prompts/decision_mock-44910-42ec35c5-dec-000514_parsed.json,run,.json,2087
run/prompts/decision_mock-44910-42ec35c5-dec-000514_response.json,run,.json,7540
run/prompts/decision_mock-44910-42ec35c5-dec-000514_system.txt,run,.txt,1912
run/prompts/decision_mock-44910-42ec35c5-dec-000514_tools.json,run,.json,1254
run/prompts/decision_mock-44910-42ec35c5-dec-000514_user.json,run,.json,9707
run/prompts/decision_mock-44910-42ec35c5-dec-000515_parsed.json,run,.json,1845
run/prompts/decision_mock-44910-42ec35c5-dec-000515_response.json,run,.json,5817
run/prompts/decision_mock-44910-42ec35c5-dec-000515_system.txt,run,.txt,1912
run/prompts/decision_mock-44910-42ec35c5-dec-000515_tools.json,run,.json,2485
run/prompts/decision_mock-44910-42ec35c5-dec-000515_user.json,run,.json,9870
run/prompts/decision_mock-44910-42ec35c5-dec-000516_parsed.json,run,.json,2393
run/prompts/decision_mock-44910-42ec35c5-dec-000516_response.json,run,.json,4993
run/prompts/decision_mock-44910-42ec35c5-dec-000516_system.txt,run,.txt,1912
run/prompts/decision_mock-44910-42ec35c5-dec-000516_tools.json,run,.json,2743
run/prompts/decision_mock-44910-42ec35c5-dec-000516_user.json,run,.json,12038
run/prompts/decision_mock-44910-42ec35c5-dec-000517_parsed.json,run,.json,1757
run/prompts/decision_mock-44910-42ec35c5-dec-000517_response.json,run,.json,4788
run/prompts/decision_mock-44910-42ec35c5-dec-000517_system.txt,run,.txt,1912
run/prompts/decision_mock-44910-42ec35c5-dec-000517_tools.json,run,.json,2485
run/prompts/decision_mock-44910-42ec35c5-dec-000517_user.json,run,.json,9730
run/prompts/decision_mock-44910-42ec35c5-dec-000518_parsed.json,run,.json,2077
run/prompts/decision_mock-44910-42ec35c5-dec-000518_response.json,run,.json,6719
run/prompts/decision_mock-44910-42ec35c5-dec-000518_system.txt,run,.txt,1912
run/prompts/decision_mock-44910-42ec35c5-dec-000518_tools.json,run,.json,2743
run/prompts/decision_mock-44910-42ec35c5-dec-000518_user.json,run,.json,11774
run/prompts/decision_mock-44910-42ec35c5-dec-000519_parsed.json,run,.json,2047
run/prompts/decision_mock-44910-42ec35c5-dec-000519_response.json,run,.json,6612
run/prompts/decision_mock-44910-42ec35c5-dec-000519_system.txt,run,.txt,1912
run/prompts/decision_mock-44910-42ec35c5-dec-000519_tools.json,run,.json,1254
run/prompts/decision_mock-44910-42ec35c5-dec-000519_user.json,run,.json,9520
run/prompts/decision_mock-44910-42ec35c5-dec-000520_parsed.json,run,.json,2527
run/prompts/decision_mock-44910-42ec35c5-dec-000520_response.json,run,.json,5881
run/prompts/decision_mock-44910-42ec35c5-dec-000520_system.txt,run,.txt,1912
run/prompts/decision_mock-44910-42ec35c5-dec-000520_tools.json,run,.json,913
run/prompts/decision_mock-44910-42ec35c5-dec-000520_user.json,run,.json,9427
run/prompts/decision_mock-44910-42ec35c5-dec-000521_parsed.json,run,.json,1837
run/prompts/decision_mock-44910-42ec35c5-dec-000521_response.json,run,.json,6202
run/prompts/decision_mock-44910-42ec35c5-dec-000521_system.txt,run,.txt,1912
run/prompts/decision_mock-44910-42ec35c5-dec-000521_tools.json,run,.json,1799
run/prompts/decision_mock-44910-42ec35c5-dec-000521_user.json,run,.json,9344
run/prompts/decision_mock-44910-42ec35c5-dec-000522_parsed.json,run,.json,2995
run/prompts/decision_mock-44910-42ec35c5-dec-000522_response.json,run,.json,14004
run/prompts/decision_mock-44910-42ec35c5-dec-000522_system.txt,run,.txt,1912
run/prompts/decision_mock-44910-42ec35c5-dec-000522_tools.json,run,.json,2743
run/prompts/decision_mock-44910-42ec35c5-dec-000522_user.json,run,.json,11736
run/prompts/decision_mock-44910-42ec35c5-dec-000523_parsed.json,run,.json,2477
run/prompts/decision_mock-44910-42ec35c5-dec-000523_response.json,run,.json,6425
run/prompts/decision_mock-44910-42ec35c5-dec-000523_system.txt,run,.txt,1912
run/prompts/decision_mock-44910-42ec35c5-dec-000523_tools.json,run,.json,2743
run/prompts/decision_mock-44910-42ec35c5-dec-000523_user.json,run,.json,11733
run/prompts/decision_mock-44910-42ec35c5-dec-000524_parsed.json,run,.json,2207
run/prompts/decision_mock-44910-42ec35c5-dec-000524_response.json,run,.json,6309
run/prompts/decision_mock-44910-42ec35c5-dec-000524_system.txt,run,.txt,1912
run/prompts/decision_mock-44910-42ec35c5-dec-000524_tools.json,run,.json,913
run/prompts/decision_mock-44910-42ec35c5-dec-000524_user.json,run,.json,9487
run/prompts/decision_mock-44910-42ec35c5-dec-000525_parsed.json,run,.json,2299
run/prompts/decision_mock-44910-42ec35c5-dec-000525_response.json,run,.json,5303
run/prompts/decision_mock-44910-42ec35c5-dec-000525_system.txt,run,.txt,1912
run/prompts/decision_mock-44910-42ec35c5-dec-000525_tools.json,run,.json,913
run/prompts/decision_mock-44910-42ec35c5-dec-000525_user.json,run,.json,9426
run/prompts/decision_mock-44910-42ec35c5-dec-000526_parsed.json,run,.json,1833
run/prompts/decision_mock-44910-42ec35c5-dec-000526_response.json,run,.json,6261
run/prompts/decision_mock-44910-42ec35c5-dec-000526_system.txt,run,.txt,1912
run/prompts/decision_mock-44910-42ec35c5-dec-000526_tools.json,run,.json,2144
run/prompts/decision_mock-44910-42ec35c5-dec-000526_user.json,run,.json,9607
run/prompts/decision_mock-44910-42ec35c5-dec-000527_parsed.json,run,.json,2135
run/prompts/decision_mock-44910-42ec35c5-dec-000527_response.json,run,.json,4960
run/prompts/decision_mock-44910-42ec35c5-dec-000527_system.txt,run,.txt,1912
run/prompts/decision_mock-44910-42ec35c5-dec-000527_tools.json,run,.json,913
run/prompts/decision_mock-44910-42ec35c5-dec-000527_user.json,run,.json,9464
run/prompts/decision_mock-44910-42ec35c5-dec-000528_parsed.json,run,.json,1729
run/prompts/decision_mock-44910-42ec35c5-dec-000528_response.json,run,.json,4648
run/prompts/decision_mock-44910-42ec35c5-dec-000528_system.txt,run,.txt,1912
run/prompts/decision_mock-44910-42ec35c5-dec-000528_tools.json,run,.json,1799
run/prompts/decision_mock-44910-42ec35c5-dec-000528_user.json,run,.json,9578
run/prompts/decision_mock-44910-42ec35c5-dec-000529_parsed.json,run,.json,2159
run/prompts/decision_mock-44910-42ec35c5-dec-000529_response.json,run,.json,6194
run/prompts/decision_mock-44910-42ec35c5-dec-000529_system.txt,run,.txt,1912
run/prompts/decision_mock-44910-42ec35c5-dec-000529_tools.json,run,.json,913
run/prompts/decision_mock-44910-42ec35c5-dec-000529_user.json,run,.json,9479
run/prompts/decision_mock-44910-42ec35c5-dec-000530_parsed.json,run,.json,1637
run/prompts/decision_mock-44910-42ec35c5-dec-000530_response.json,run,.json,5555
run/prompts/decision_mock-44910-42ec35c5-dec-000530_system.txt,run,.txt,1912
run/prompts/decision_mock-44910-42ec35c5-dec-000530_tools.json,run,.json,1799
run/prompts/decision_mock-44910-42ec35c5-dec-000530_user.json,run,.json,9473
run/prompts/decision_mock-44910-42ec35c5-dec-000531_parsed.json,run,.json,4395
run/prompts/decision_mock-44910-42ec35c5-dec-000531_response.json,run,.json,22175
run/prompts/decision_mock-44910-42ec35c5-dec-000531_system.txt,run,.txt,1912
run/prompts/decision_mock-44910-42ec35c5-dec-000531_tools.json,run,.json,2743
run/prompts/decision_mock-44910-42ec35c5-dec-000531_user.json,run,.json,11824
run/prompts/decision_mock-44910-42ec35c5-dec-000532_parsed.json,run,.json,2497
run/prompts/decision_mock-44910-42ec35c5-dec-000532_response.json,run,.json,6926
run/prompts/decision_mock-44910-42ec35c5-dec-000532_system.txt,run,.txt,1912
run/prompts/decision_mock-44910-42ec35c5-dec-000532_tools.json,run,.json,2743
run/prompts/decision_mock-44910-42ec35c5-dec-000532_user.json,run,.json,11988
run/prompts/decision_mock-44910-42ec35c5-dec-000533_parsed.json,run,.json,1909
run/prompts/decision_mock-44910-42ec35c5-dec-000533_response.json,run,.json,5980
run/prompts/decision_mock-44910-42ec35c5-dec-000533_system.txt,run,.txt,1912
run/prompts/decision_mock-44910-42ec35c5-dec-000533_tools.json,run,.json,1799
run/prompts/decision_mock-44910-42ec35c5-dec-000533_user.json,run,.json,9655
run/prompts/decision_mock-44910-42ec35c5-dec-000534_parsed.json,run,.json,2817
run/prompts/decision_mock-44910-42ec35c5-dec-000534_response.json,run,.json,6171
run/prompts/decision_mock-44910-42ec35c5-dec-000534_system.txt,run,.txt,1912
run/prompts/decision_mock-44910-42ec35c5-dec-000534_tools.json,run,.json,2743
run/prompts/decision_mock-44910-42ec35c5-dec-000534_user.json,run,.json,11846
run/prompts/decision_mock-44910-42ec35c5-dec-000535_parsed.json,run,.json,2841
run/prompts/decision_mock-44910-42ec35c5-dec-000535_response.json,run,.json,4565
run/prompts/decision_mock-44910-42ec35c5-dec-000535_system.txt,run,.txt,1912
run/prompts/decision_mock-44910-42ec35c5-dec-000535_tools.json,run,.json,2743
run/prompts/decision_mock-44910-42ec35c5-dec-000535_user.json,run,.json,11806
run/prompts/decision_mock-44910-42ec35c5-dec-000536_parsed.json,run,.json,1825
run/prompts/decision_mock-44910-42ec35c5-dec-000536_response.json,run,.json,4790
run/prompts/decision_mock-44910-42ec35c5-dec-000536_system.txt,run,.txt,1912
run/prompts/decision_mock-44910-42ec35c5-dec-000536_tools.json,run,.json,2144
run/prompts/decision_mock-44910-42ec35c5-dec-000536_user.json,run,.json,9692
run/prompts/decision_mock-44910-42ec35c5-dec-000537_parsed.json,run,.json,2681
run/prompts/decision_mock-44910-42ec35c5-dec-000537_response.json,run,.json,5584
run/prompts/decision_mock-44910-42ec35c5-dec-000537_system.txt,run,.txt,1912
run/prompts/decision_mock-44910-42ec35c5-dec-000537_tools.json,run,.json,2743
run/prompts/decision_mock-44910-42ec35c5-dec-000537_user.json,run,.json,11777
run/prompts/decision_mock-44910-42ec35c5-dec-000538_parsed.json,run,.json,2593
run/prompts/decision_mock-44910-42ec35c5-dec-000538_response.json,run,.json,3830
run/prompts/decision_mock-44910-42ec35c5-dec-000538_system.txt,run,.txt,1912
run/prompts/decision_mock-44910-42ec35c5-dec-000538_tools.json,run,.json,2743
run/prompts/decision_mock-44910-42ec35c5-dec-000538_user.json,run,.json,11878
run/prompts/decision_mock-44910-42ec35c5-dec-000539_parsed.json,run,.json,1801
run/prompts/decision_mock-44910-42ec35c5-dec-000539_response.json,run,.json,4449
run/prompts/decision_mock-44910-42ec35c5-dec-000539_system.txt,run,.txt,1912
run/prompts/decision_mock-44910-42ec35c5-dec-000539_tools.json,run,.json,913
run/prompts/decision_mock-44910-42ec35c5-dec-000539_user.json,run,.json,9443
run/replay_diff.json,run,.json,553
run/replay_flags.jsonl,run,.jsonl,585560
run/replay_navigation.json,run,.json,85613
run/replay_report.json,run,.json,833
run/replay_steps.jsonl,run,.jsonl,2442131
run/review_cost_aggregate.json,run,.json,1398297
run/review_cost_calls.jsonl,run,.jsonl,662301
run/review_queue.jsonl,run,.jsonl,153666
run/run_config.json,run,.json,2374
run/scorecard.json,run,.json,1011835
run/scorecard_decisions.jsonl,run,.jsonl,253514
run/scorecard_events.jsonl,run,.jsonl,749117
run/scorecard_players.json,run,.json,9641
run/seat_assignment.json,run,.json,1017
run/state/turn_0000.json,run,.json,6667
run/state/turn_0000_decision_0001.json,run,.json,6675
run/state/turn_0000_decision_0002.json,run,.json,6692
run/state/turn_0001.json,run,.json,6682
run/state/turn_0001_decision_0001.json,run,.json,6689
run/state/turn_0001_decision_0002.json,run,.json,6703
run/state/turn_0002.json,run,.json,6696
run/state/turn_0002_decision_0001.json,run,.json,6704
run/state/turn_0003.json,run,.json,6703
run/state/turn_0003_decision_0001.json,run,.json,6710
run/state/turn_0004.json,run,.json,6689
run/state/turn_0004_decision_0001.json,run,.json,6696
run/state/turn_0005.json,run,.json,6700
run/state/turn_0005_decision_0001.json,run,.json,6707
run/state/turn_0006.json,run,.json,6697
run/state/turn_0006_decision_0001.json,run,.json,6704
run/state/turn_0007.json,run,.json,6703
run/state/turn_0007_decision_0001.json,run,.json,6710
run/state/turn_0007_decision_0002.json,run,.json,6730
run/state/turn_0008.json,run,.json,6709
run/state/turn_0008_decision_0001.json,run,.json,6717
run/state/turn_0008_decision_0002.json,run,.json,6723
run/state/turn_0009.json,run,.json,6727
run/state/turn_0009_decision_0001.json,run,.json,6734
run/state/turn_0009_decision_0002.json,run,.json,6751
run/state/turn_0010.json,run,.json,6742
run/state/turn_0010_decision_0001.json,run,.json,6749
run/state/turn_0010_decision_0002.json,run,.json,6763
run/state/turn_0011.json,run,.json,6762
run/state/turn_0011_decision_0001.json,run,.json,6770
run/state/turn_0011_decision_0002.json,run,.json,6790
run/state/turn_0012.json,run,.json,6769
run/state/turn_0012_decision_0001.json,run,.json,6776
run/state/turn_0012_decision_0002.json,run,.json,6782
run/state/turn_0013.json,run,.json,6786
run/state/turn_0013_decision_0001.json,run,.json,6793
run/state/turn_0013_decision_0002.json,run,.json,6809
run/state/turn_0014.json,run,.json,6799
run/state/turn_0014_decision_0001.json,run,.json,6806
run/state/turn_0014_decision_0002.json,run,.json,6820
run/state/turn_0015.json,run,.json,6813
run/state/turn_0015_decision_0001.json,run,.json,6819
run/state/turn_0015_decision_0002.json,run,.json,7149
run/state/turn_0015_decision_0003.json,run,.json,7221
run/state/turn_0015_decision_0004.json,run,.json,7287
run/state/turn_0015_decision_0005.json,run,.json,7355
run/state/turn_0015_decision_0006.json,run,.json,7411
run/state/turn_0015_decision_0007.json,run,.json,7488
run/state/turn_0015_decision_0008.json,run,.json,7568
run/state/turn_0015_decision_0009.json,run,.json,7645
run/state/turn_0015_decision_0010.json,run,.json,7725
run/state/turn_0015_decision_0011.json,run,.json,6836
run/state/turn_0016.json,run,.json,6835
run/state/turn_0016_decision_0001.json,run,.json,6842
run/state/turn_0017.json,run,.json,6821
run/state/turn_0017_decision_0001.json,run,.json,6828
run/state/turn_0017_decision_0002.json,run,.json,6833
run/state/turn_0018.json,run,.json,6826
run/state/turn_0018_decision_0001.json,run,.json,6833
run/state/turn_0018_decision_0002.json,run,.json,6839
run/state/turn_0019.json,run,.json,6832
run/state/turn_0020.json,run,.json,6842
run/state/turn_0020_decision_0001.json,run,.json,6849
run/state/turn_0021.json,run,.json,6842
run/state/turn_0021_decision_0001.json,run,.json,6848
run/state/turn_0022.json,run,.json,6838
run/state/turn_0022_decision_0001.json,run,.json,6846
run/state/turn_0022_decision_0002.json,run,.json,7172
run/state/turn_0022_decision_0003.json,run,.json,7244
run/state/turn_0022_decision_0004.json,run,.json,7310
run/state/turn_0022_decision_0005.json,run,.json,7378
run/state/turn_0022_decision_0006.json,run,.json,7434
run/state/turn_0022_decision_0007.json,run,.json,7511
run/state/turn_0022_decision_0008.json,run,.json,7591
run/state/turn_0022_decision_0009.json,run,.json,7670
run/state/turn_0022_decision_0010.json,run,.json,6866
run/state/turn_0022_decision_0011.json,run,.json,7178
run/state/turn_0022_decision_0012.json,run,.json,6866
run/state/turn_0022_decision_0013.json,run,.json,7178
run/state/turn_0022_decision_0014.json,run,.json,6866
run/state/turn_0022_decision_0015.json,run,.json,7178
run/state/turn_0022_decision_0016.json,run,.json,6866
run/state/turn_0023.json,run,.json,6865
run/state/turn_0024.json,run,.json,6850
run/state/turn_0024_decision_0001.json,run,.json,6857
run/state/turn_0025.json,run,.json,6861
run/state/turn_0025_decision_0001.json,run,.json,6868
run/state/turn_0026.json,run,.json,6861
run/state/turn_0026_decision_0001.json,run,.json,6868
run/state/turn_0026_decision_0002.json,run,.json,7176
run/state/turn_0026_decision_0003.json,run,.json,6868
run/state/turn_0026_decision_0004.json,run,.json,7176
run/state/turn_0026_decision_0005.json,run,.json,6868
run/state/turn_0026_decision_0006.json,run,.json,7198
run/state/turn_0026_decision_0007.json,run,.json,6868
run/state/turn_0026_decision_0008.json,run,.json,7217
run/state/turn_0026_decision_0009.json,run,.json,6868
run/state/turn_0027.json,run,.json,6858
run/state/turn_0027_decision_0001.json,run,.json,6865
run/state/turn_0028.json,run,.json,6864
run/state/turn_0028_decision_0001.json,run,.json,6871
run/state/turn_0028_decision_0002.json,run,.json,6872
run/state/turn_0028_decision_0003.json,run,.json,6891
run/state/turn_0029.json,run,.json,6870
run/state/turn_0029_decision_0001.json,run,.json,6877
run/state/turn_0030.json,run,.json,6881
run/state/turn_0030_decision_0001.json,run,.json,6889
run/state/turn_0031.json,run,.json,6879
run/state/turn_0032.json,run,.json,6884
run/state/turn_0032_decision_0001.json,run,.json,6891
run/state/turn_0033.json,run,.json,6870
run/state/turn_0033_decision_0001.json,run,.json,6877
run/state/turn_0033_decision_0002.json,run,.json,6877
run/state/turn_0033_decision_0003.json,run,.json,6878
run/state/turn_0034.json,run,.json,6882
run/state/turn_0034_decision_0001.json,run,.json,6889
run/state/turn_0034_decision_0002.json,run,.json,6906
run/state/turn_0035.json,run,.json,6899
run/state/turn_0035_decision_0001.json,run,.json,6906
run/state/turn_0036.json,run,.json,6896
run/state/turn_0036_decision_0001.json,run,.json,6903
run/state/turn_0036_decision_0002.json,run,.json,6904
run/state/turn_0037.json,run,.json,6903
run/state/turn_0037_decision_0001.json,run,.json,6910
run/state/turn_0037_decision_0002.json,run,.json,6930
run/state/turn_0038.json,run,.json,6909
run/state/turn_0038_decision_0001.json,run,.json,6916
run/state/turn_0039.json,run,.json,6920
run/state/turn_0039_decision_0001.json,run,.json,6926
run/state/turn_0039_decision_0002.json,run,.json,7257
run/state/turn_0039_decision_0003.json,run,.json,6926
run/state/turn_0040.json,run,.json,6916
run/state/turn_0040_decision_0001.json,run,.json,6923
run/state/turn_0040_decision_0002.json,run,.json,7248
run/state/turn_0040_decision_0003.json,run,.json,7322
run/state/turn_0040_decision_0004.json,run,.json,7397
run/state/turn_0040_decision_0005.json,run,.json,7480
run/state/turn_0040_decision_0006.json,run,.json,7536
run/state/turn_0040_decision_0007.json,run,.json,7592
run/state/turn_0040_decision_0008.json,run,.json,7667
run/state/turn_0040_decision_0009.json,run,.json,7717
run/state/turn_0040_decision_0010.json,run,.json,7784
run/state/turn_0040_decision_0011.json,run,.json,7865
run/state/turn_0040_decision_0012.json,run,.json,7934
run/state/turn_0040_decision_0013.json,run,.json,8016
run/state/turn_0040_decision_0014.json,run,.json,8084
run/state/turn_0040_decision_0015.json,run,.json,8166
run/state/turn_0040_decision_0016.json,run,.json,6929
run/state/turn_0041.json,run,.json,6928
run/state/turn_0041_decision_0001.json,run,.json,6935
run/state/turn_0042.json,run,.json,6914
run/state/turn_0042_decision_0001.json,run,.json,6921
run/state/turn_0043.json,run,.json,6925
run/state/turn_0043_decision_0001.json,run,.json,6933
run/state/turn_0044.json,run,.json,6923
run/state/turn_0044_decision_0001.json,run,.json,6930
run/state/turn_0044_decision_0002.json,run,.json,7242
run/state/turn_0044_decision_0003.json,run,.json,6930
run/state/turn_0045.json,run,.json,6929
run/state/turn_0045_decision_0001.json,run,.json,6935
run/state/turn_0046.json,run,.json,6928
run/state/turn_0046_decision_0001.json,run,.json,6936
run/state/turn_0047.json,run,.json,6915
run/state/turn_0047_decision_0001.json,run,.json,6922
run/state/turn_0047_decision_0002.json,run,.json,7236
run/state/turn_0047_decision_0003.json,run,.json,7324
run/state/turn_0047_decision_0004.json,run,.json,7380
run/state/turn_0047_decision_0005.json,run,.json,7437
run/state/turn_0047_decision_0006.json,run,.json,7512
run/state/turn_0047_decision_0007.json,run,.json,7562
run/state/turn_0047_decision_0008.json,run,.json,7629
run/state/turn_0047_decision_0009.json,run,.json,7710
run/state/turn_0047_decision_0010.json,run,.json,7777
run/state/turn_0047_decision_0011.json,run,.json,6942
run/state/turn_0048.json,run,.json,6946
run/state/turn_0048_decision_0001.json,run,.json,6953
run/state/turn_0048_decision_0002.json,run,.json,7266
run/state/turn_0048_decision_0003.json,run,.json,7321
run/state/turn_0048_decision_0004.json,run,.json,7394
run/state/turn_0048_decision_0005.json,run,.json,7460
run/state/turn_0048_decision_0006.json,run,.json,7540
run/state/turn_0048_decision_0007.json,run,.json,7619
run/state/turn_0048_decision_0008.json,run,.json,6973
run/state/turn_0048_decision_0009.json,run,.json,7303
run/state/turn_0048_decision_0010.json,run,.json,6973
run/state/turn_0048_decision_0011.json,run,.json,7303
run/state/turn_0048_decision_0012.json,run,.json,6973
run/state/turn_0048_decision_0013.json,run,.json,7299
run/state/turn_0048_decision_0014.json,run,.json,6973
run/state/turn_0048_decision_0015.json,run,.json,7322
run/state/turn_0048_decision_0016.json,run,.json,6973
run/state/turn_0049.json,run,.json,6963
run/state/turn_0049_decision_0001.json,run,.json,6970
run/state/turn_0050.json,run,.json,6969
run/state/turn_0050_decision_0001.json,run,.json,6976
run/state/turn_0050_decision_0002.json,run,.json,7299
run/state/turn_0050_decision_0003.json,run,.json,6976
run/state/turn_0051.json,run,.json,6955
run/state/turn_0051_decision_0001.json,run,.json,6961
run/state/turn_0051_decision_0002.json,run,.json,6967
run/state/turn_0052.json,run,.json,6971
run/state/turn_0052_decision_0001.json,run,.json,6978
run/state/turn_0052_decision_0002.json,run,.json,7292
run/state/turn_0052_decision_0003.json,run,.json,7347
run/state/turn_0052_decision_0004.json,run,.json,7422
run/state/turn_0052_decision_0005.json,run,.json,7488
run/state/turn_0052_decision_0006.json,run,.json,6998
run/state/turn_0053.json,run,.json,6988
run/state/turn_0053_decision_0001.json,run,.json,6994
run/state/turn_0054.json,run,.json,6993
run/state/turn_0054_decision_0001.json,run,.json,7000
run/state/turn_0054_decision_0002.json,run,.json,7323
run/state/turn_0054_decision_0003.json,run,.json,7000
run/state/turn_0054_decision_0004.json,run,.json,7312
run/state/turn_0054_decision_0005.json,run,.json,7684
run/state/turn_0054_decision_0006.json,run,.json,8030
run/state/turn_0054_decision_0007.json,run,.json,6985
run/state/turn_0055.json,run,.json,6964
run/state/turn_0055_decision_0001.json,run,.json,6971
run/state/turn_0055_decision_0002.json,run,.json,7289
run/state/turn_0055_decision_0003.json,run,.json,7375
run/state/turn_0055_decision_0004.json,run,.json,7431
run/state/turn_0055_decision_0005.json,run,.json,7487
run/state/turn_0055_decision_0006.json,run,.json,7553
run/state/turn_0055_decision_0007.json,run,.json,7633
run/state/turn_0055_decision_0008.json,run,.json,7710
run/state/turn_0055_decision_0009.json,run,.json,7790
run/state/turn_0055_decision_0010.json,run,.json,6988
run/state/turn_0056.json,run,.json,6992
run/state/turn_0056_decision_0001.json,run,.json,6999
run/state/turn_0057.json,run,.json,6989
run/state/turn_0057_decision_0001.json,run,.json,6997
run/state/turn_0058.json,run,.json,6996
run/state/turn_0058_decision_0001.json,run,.json,7004
run/state/turn_0059.json,run,.json,6983
run/state/turn_0059_decision_0001.json,run,.json,6991
run/state/turn_0060.json,run,.json,6995
run/state/turn_0060_decision_0001.json,run,.json,7001
run/state/turn_0060_decision_0002.json,run,.json,7000
run/state/turn_0060_decision_0003.json,run,.json,7000
run/state/turn_0061.json,run,.json,6990
run/state/turn_0061_decision_0001.json,run,.json,6997
run/state/turn_0061_decision_0002.json,run,.json,7010
run/state/turn_0062.json,run,.json,7009
run/state/turn_0062_decision_0001.json,run,.json,7015
run/state/turn_0062_decision_0002.json,run,.json,7373
run/state/turn_0062_decision_0003.json,run,.json,7015
run/state/turn_0062_decision_0004.json,run,.json,7337
run/state/turn_0062_decision_0005.json,run,.json,7018
run/state/turn_0062_decision_0006.json,run,.json,7375
run/state/turn_0062_decision_0007.json,run,.json,7018
run/state/turn_0063.json,run,.json,6997
run/state/turn_0063_decision_0001.json,run,.json,7004
run/state/turn_0063_decision_0002.json,run,.json,7002
run/state/turn_0064.json,run,.json,7006
run/state/turn_0064_decision_0001.json,run,.json,7013
run/state/turn_0065.json,run,.json,7003
run/state/turn_0065_decision_0001.json,run,.json,7010
run/state/turn_0066.json,run,.json,7009
run/state/turn_0066_decision_0001.json,run,.json,7017
run/state/turn_0066_decision_0002.json,run,.json,7037
run/state/turn_0066_decision_0003.json,run,.json,7361
run/state/turn_0066_decision_0004.json,run,.json,7735
run/state/turn_0066_decision_0005.json,run,.json,7038
run/state/turn_0066_decision_0006.json,run,.json,7039
run/state/turn_0066_decision_0007.json,run,.json,7038
run/state/turn_0066_decision_0008.json,run,.json,7037
run/state/turn_0067.json,run,.json,7016
run/state/turn_0067_decision_0001.json,run,.json,7023
run/state/turn_0068.json,run,.json,7027
run/state/turn_0068_decision_0001.json,run,.json,7035
run/state/turn_0068_decision_0002.json,run,.json,7343
run/state/turn_0068_decision_0003.json,run,.json,7035
run/state/turn_0068_decision_0004.json,run,.json,7343
run/state/turn_0068_decision_0005.json,run,.json,7035
run/state/turn_0068_decision_0006.json,run,.json,7343
run/state/turn_0068_decision_0007.json,run,.json,7035
run/state/turn_0068_decision_0008.json,run,.json,7343
run/state/turn_0068_decision_0009.json,run,.json,7035
run/state/turn_0068_decision_0010.json,run,.json,7366
run/state/turn_0068_decision_0011.json,run,.json,7035
run/state/turn_0068_decision_0012.json,run,.json,7343
run/state/turn_0068_decision_0013.json,run,.json,7035
run/state/turn_0069.json,run,.json,7025
run/state/turn_0069_decision_0001.json,run,.json,7032
run/state/turn_0070.json,run,.json,7031
run/state/turn_0070_decision_0001.json,run,.json,7038
run/state/turn_0070_decision_0002.json,run,.json,7410
run/state/turn_0070_decision_0003.json,run,.json,7038
run/state/turn_0070_decision_0004.json,run,.json,7038
run/state/turn_0070_decision_0005.json,run,.json,7037
run/state/turn_0071.json,run,.json,7016
run/state/turn_0071_decision_0001.json,run,.json,7023
run/state/turn_0072.json,run,.json,7027
run/state/turn_0072_decision_0001.json,run,.json,7034
run/state/turn_0073.json,run,.json,7024
run/state/turn_0073_decision_0001.json,run,.json,7032
run/state/turn_0074.json,run,.json,7031
run/state/turn_0074_decision_0001.json,run,.json,7037
run/state/turn_0075.json,run,.json,7016
run/state/turn_0075_decision_0001.json,run,.json,7023
run/state/turn_0075_decision_0002.json,run,.json,7022
run/state/turn_0076.json,run,.json,7026
run/state/turn_0076_decision_0001.json,run,.json,7033
run/state/turn_0076_decision_0002.json,run,.json,7032
run/state/turn_0076_decision_0003.json,run,.json,7386
run/state/turn_0076_decision_0004.json,run,.json,7032
run/state/turn_0076_decision_0005.json,run,.json,7340
run/state/turn_0076_decision_0006.json,run,.json,7032
run/state/turn_0076_decision_0007.json,run,.json,7031
run/state/turn_0076_decision_0008.json,run,.json,7339
run/state/turn_0076_decision_0009.json,run,.json,7031
run/state/turn_0076_decision_0010.json,run,.json,7370
run/state/turn_0076_decision_0011.json,run,.json,7768
run/state/turn_0076_decision_0012.json,run,.json,7032
run/state/turn_0076_decision_0013.json,run,.json,7033
run/state/turn_0077.json,run,.json,7023
run/state/turn_0077_decision_0001.json,run,.json,7031
run/state/turn_0078.json,run,.json,7030
run/state/turn_0078_decision_0001.json,run,.json,7037
run/state/turn_0078_decision_0002.json,run,.json,7394
run/state/turn_0078_decision_0003.json,run,.json,7037
run/state/turn_0078_decision_0004.json,run,.json,7394
run/state/turn_0078_decision_0005.json,run,.json,7037
run/state/turn_0078_decision_0006.json,run,.json,7037
run/state/turn_0079.json,run,.json,7016
run/state/turn_0079_decision_0001.json,run,.json,7024
run/state/turn_0079_decision_0002.json,run,.json,7023
run/state/turn_0080.json,run,.json,7027
run/state/turn_0080_decision_0001.json,run,.json,7034
run/state/turn_0081.json,run,.json,7027
run/state/turn_0081_decision_0001.json,run,.json,7033
run/state/turn_0082.json,run,.json,7023
run/state/turn_0082_decision_0001.json,run,.json,7030
run/state/turn_0083.json,run,.json,7029
run/state/turn_0083_decision_0001.json,run,.json,7037
run/state/turn_0083_decision_0002.json,run,.json,7036
run/state/turn_0084.json,run,.json,7015
run/state/turn_0084_decision_0001.json,run,.json,7022
run/state/turn_0084_decision_0002.json,run,.json,7022
run/state/turn_0085.json,run,.json,7026
run/state/turn_0085_decision_0001.json,run,.json,7034
run/state/turn_0086.json,run,.json,7024
run/state/turn_0086_decision_0001.json,run,.json,7031
run/state/turn_0087.json,run,.json,7030
run/state/turn_0087_decision_0001.json,run,.json,7037
run/state/turn_0087_decision_0002.json,run,.json,7037
run/state/turn_0088.json,run,.json,7016
run/state/turn_0088_decision_0001.json,run,.json,7023
run/state/turn_0089.json,run,.json,7027
run/state/turn_0089_decision_0001.json,run,.json,7034
run/state/turn_0090.json,run,.json,7024
run/state/turn_0090_decision_0001.json,run,.json,7031
run/state/turn_0091.json,run,.json,7024
run/state/turn_0091_decision_0001.json,run,.json,7030
run/state/turn_0092.json,run,.json,7029
run/state/turn_0092_decision_0001.json,run,.json,7037
run/state/turn_0093.json,run,.json,7016
run/state/turn_0093_decision_0001.json,run,.json,7023
run/state/turn_0093_decision_0002.json,run,.json,7022
run/state/turn_0094.json,run,.json,7015
run/state/turn_0094_decision_0001.json,run,.json,7022
run/state/turn_0095.json,run,.json,7026
run/state/turn_0095_decision_0001.json,run,.json,7034
run/state/turn_0096.json,run,.json,7024
run/state/turn_0096_decision_0001.json,run,.json,7032
run/state/turn_0097.json,run,.json,7031
run/state/turn_0097_decision_0001.json,run,.json,7038
run/state/turn_0098.json,run,.json,7017
run/state/turn_0098_decision_0001.json,run,.json,7025
run/state/turn_0098_decision_0002.json,run,.json,7024
run/state/turn_0098_decision_0003.json,run,.json,7023
run/state/turn_0098_decision_0004.json,run,.json,7022
run/state/turn_0098_decision_0005.json,run,.json,7021
run/state/turn_0099.json,run,.json,7025
run/state/turn_0099_decision_0001.json,run,.json,7032
run/state/turn_0100.json,run,.json,7023
run/state/turn_0100_decision_0001.json,run,.json,7030
run/state/turn_0101.json,run,.json,7023
run/state/turn_0101_decision_0001.json,run,.json,7030
run/state/turn_0102.json,run,.json,7029
run/state/turn_0102_decision_0001.json,run,.json,7036
run/state/turn_0102_decision_0002.json,run,.json,7036
run/state/turn_0103.json,run,.json,7015
run/state/turn_0103_decision_0001.json,run,.json,7022
run/state/turn_0103_decision_0002.json,run,.json,7022
run/state/turn_0104.json,run,.json,7026
run/state/turn_0104_decision_0001.json,run,.json,7032
run/state/turn_0105.json,run,.json,7022
run/state/turn_0105_decision_0001.json,run,.json,7029
run/state/turn_0106.json,run,.json,7028
run/state/turn_0107.json,run,.json,7013
run/state/turn_0107_decision_0001.json,run,.json,7019
run/state/turn_0108.json,run,.json,7023
run/state/turn_0108_decision_0001.json,run,.json,7030
run/state/turn_0108_decision_0002.json,run,.json,7047
run/state/turn_0108_decision_0003.json,run,.json,7048
run/state/turn_0108_decision_0004.json,run,.json,7047
run/state/turn_0108_decision_0005.json,run,.json,7045
run/state/turn_0108_decision_0006.json,run,.json,7045
run/state/turn_0109.json,run,.json,7038
run/state/turn_0109_decision_0001.json,run,.json,7046
run/state/turn_0109_decision_0002.json,run,.json,7047
run/state/turn_0109_decision_0003.json,run,.json,7048
run/state/turn_0110.json,run,.json,7070
run/state/turn_0110_decision_0001.json,run,.json,7076
run/state/turn_0111.json,run,.json,7075
run/state/turn_0111_decision_0001.json,run,.json,7082
run/state/turn_0112.json,run,.json,7061
run/state/turn_0112_decision_0001.json,run,.json,7068
run/state/turn_0112_decision_0002.json,run,.json,7068
run/state/turn_0113.json,run,.json,7069
run/state/turn_0113_decision_0001.json,run,.json,7077
run/state/turn_0114.json,run,.json,7070
run/state/turn_0114_decision_0001.json,run,.json,7077
run/state/turn_0115.json,run,.json,7076
run/state/turn_0115_decision_0001.json,run,.json,7083
run/state/turn_0115_decision_0002.json,run,.json,7084
run/state/turn_0116.json,run,.json,7063
run/state/turn_0116_decision_0001.json,run,.json,7070
run/state/turn_0117.json,run,.json,7063
run/state/turn_0117_decision_0001.json,run,.json,7071
run/state/turn_0118.json,run,.json,7072
run/state/turn_0118_decision_0001.json,run,.json,7079
run/state/turn_0119.json,run,.json,7078
run/state/turn_0119_decision_0001.json,run,.json,7085
run/state/turn_0119_decision_0002.json,run,.json,7481
run/state/turn_0119_decision_0003.json,run,.json,7085
run/state/turn_0119_decision_0004.json,run,.json,7422
run/state/turn_0119_decision_0005.json,run,.json,7113
run/state/turn_0119_decision_0006.json,run,.json,7550
run/state/turn_0119_decision_0007.json,run,.json,7113
run/state/turn_0120.json,run,.json,7092
run/state/turn_0120_decision_0001.json,run,.json,7099
run/state/turn_0120_decision_0002.json,run,.json,7098
run/state/turn_0121.json,run,.json,7099
run/state/turn_0121_decision_0001.json,run,.json,7106
run/state/turn_0121_decision_0002.json,run,.json,7405
run/state/turn_0121_decision_0003.json,run,.json,7477
run/state/turn_0121_decision_0004.json,run,.json,7537
run/state/turn_0121_decision_0005.json,run,.json,7126
run/state/turn_0122.json,run,.json,7119
run/state/turn_0122_decision_0001.json,run,.json,7126
run/state/turn_0123.json,run,.json,7119
run/state/turn_0123_decision_0001.json,run,.json,7125
run/state/turn_0124.json,run,.json,7124
run/state/turn_0124_decision_0001.json,run,.json,7131
run/state/turn_0124_decision_0002.json,run,.json,7150
run/state/turn_0124_decision_0003.json,run,.json,7587
run/state/turn_0124_decision_0004.json,run,.json,7150
run/state/turn_0124_decision_0005.json,run,.json,7150
run/state/turn_0124_decision_0006.json,run,.json,7149
run/state/turn_0124_decision_0007.json,run,.json,7148
run/state/turn_0124_decision_0008.json,run,.json,7147
run/state/turn_0124_decision_0009.json,run,.json,7146
run/state/turn_0124_decision_0010.json,run,.json,7145
run/state/turn_0125.json,run,.json,7124
run/state/turn_0125_decision_0001.json,run,.json,7131
run/state/turn_0126.json,run,.json,7132
run/state/turn_0126_decision_0001.json,run,.json,7139
run/state/turn_0127.json,run,.json,7132
run/state/turn_0127_decision_0001.json,run,.json,7140
run/state/turn_0128.json,run,.json,7139
run/state/turn_0129.json,run,.json,7124
run/state/turn_0129_decision_0001.json,run,.json,7131
run/state/turn_0130.json,run,.json,7132
run/state/turn_0130_decision_0001.json,run,.json,7140
run/state/turn_0131.json,run,.json,7139
run/state/turn_0131_decision_0001.json,run,.json,7146
run/state/turn_0132.json,run,.json,7125
run/state/turn_0132_decision_0001.json,run,.json,7131
run/state/turn_0132_decision_0002.json,run,.json,7131
run/state/turn_0133.json,run,.json,7132
run/state/turn_0133_decision_0001.json,run,.json,7139
run/state/turn_0134.json,run,.json,7138
run/state/turn_0134_decision_0001.json,run,.json,7145
run/state/turn_0135.json,run,.json,7124
run/state/turn_0135_decision_0001.json,run,.json,7132
run/state/turn_0136.json,run,.json,7133
run/state/turn_0136_decision_0001.json,run,.json,7139
run/state/turn_0137.json,run,.json,7138
run/state/turn_0137_decision_0001.json,run,.json,7145
run/state/turn_0137_decision_0002.json,run,.json,7146
run/state/turn_0138.json,run,.json,7125
run/state/turn_0138_decision_0001.json,run,.json,7132
run/state/turn_0139.json,run,.json,7133
run/state/turn_0139_decision_0001.json,run,.json,7140
run/state/turn_0140.json,run,.json,7139
run/state/turn_0140_decision_0001.json,run,.json,7146
run/state/turn_0140_decision_0002.json,run,.json,7508
run/state/turn_0140_decision_0003.json,run,.json,7146
run/state/turn_0140_decision_0004.json,run,.json,7547
run/state/turn_0140_decision_0005.json,run,.json,7146
run/state/turn_0141.json,run,.json,7125
run/state/turn_0141_decision_0001.json,run,.json,7133
run/state/turn_0142.json,run,.json,7134
run/state/turn_0142_decision_0001.json,run,.json,7142
run/state/turn_0142_decision_0002.json,run,.json,7141
run/state/turn_0142_decision_0003.json,run,.json,7140
run/state/turn_0143.json,run,.json,7139
run/state/turn_0143_decision_0001.json,run,.json,7146
run/state/turn_0143_decision_0002.json,run,.json,7585
run/state/turn_0143_decision_0003.json,run,.json,7146
run/state/turn_0143_decision_0004.json,run,.json,7513
run/state/turn_0143_decision_0005.json,run,.json,7145
run/state/turn_0143_decision_0006.json,run,.json,7146
run/state/turn_0143_decision_0007.json,run,.json,7147
run/state/turn_0143_decision_0008.json,run,.json,7148
run/state/turn_0143_decision_0009.json,run,.json,7149
run/state/turn_0144.json,run,.json,7128
run/state/turn_0144_decision_0001.json,run,.json,7135
run/state/turn_0145.json,run,.json,7136
run/state/turn_0145_decision_0001.json,run,.json,7143
run/state/turn_0146.json,run,.json,7142
run/state/turn_0146_decision_0001.json,run,.json,7149
run/state/turn_0147.json,run,.json,7142
run/state/turn_0147_decision_0001.json,run,.json,7148
run/state/turn_0148.json,run,.json,7127
run/state/turn_0148_decision_0001.json,run,.json,7134
run/state/turn_0149.json,run,.json,7135
run/state/turn_0149_decision_0001.json,run,.json,7142
run/state/turn_0150.json,run,.json,7141
run/state/turn_0150_decision_0001.json,run,.json,7148
run/state/turn_0151.json,run,.json,7127
run/state/turn_0151_decision_0001.json,run,.json,7134
run/state/turn_0152.json,run,.json,7135
run/state/turn_0152_decision_0001.json,run,.json,7142
run/state/turn_0153.json,run,.json,7141
run/state/turn_0153_decision_0001.json,run,.json,7149
run/state/turn_0154.json,run,.json,7128
run/state/turn_0154_decision_0001.json,run,.json,7134
run/state/turn_0155.json,run,.json,7135
run/state/turn_0155_decision_0001.json,run,.json,7142
run/state/turn_0156.json,run,.json,7141
run/state/turn_0156_decision_0001.json,run,.json,7148
run/state/turn_0157.json,run,.json,7127
run/state/turn_0157_decision_0001.json,run,.json,7134
run/state/turn_0158.json,run,.json,7135
run/state/turn_0158_decision_0001.json,run,.json,7141
run/state/turn_0158_decision_0002.json,run,.json,7140
run/state/turn_0159.json,run,.json,7139
run/state/turn_0159_decision_0001.json,run,.json,7146
run/state/turn_0160.json,run,.json,7125
run/state/turn_0160_decision_0001.json,run,.json,7133
run/state/turn_0161.json,run,.json,7126
run/state/turn_0161_decision_0001.json,run,.json,7133
run/state/turn_0162.json,run,.json,7126
run/state/turn_0162_decision_0001.json,run,.json,7133
run/state/turn_0163.json,run,.json,7134
run/state/turn_0163_decision_0001.json,run,.json,7143
run/state/turn_0164.json,run,.json,7142
run/state/turn_0164_decision_0001.json,run,.json,7149
run/state/turn_0164_decision_0002.json,run,.json,7469
run/state/turn_0164_decision_0003.json,run,.json,7149
run/state/turn_0164_decision_0004.json,run,.json,7469
run/state/turn_0164_decision_0005.json,run,.json,7149
run/state/turn_0164_decision_0006.json,run,.json,7150
run/state/turn_0164_decision_0007.json,run,.json,7151
run/state/turn_0165.json,run,.json,7130
run/state/turn_0165_decision_0001.json,run,.json,7137
run/state/turn_0166.json,run,.json,7138
run/state/turn_0166_decision_0001.json,run,.json,7145
run/state/turn_0167.json,run,.json,7114
run/state/turn_0167_decision_0001.json,run,.json,7120
run/state/turn_0167_decision_0002.json,run,.json,7461
run/state/turn_0167_decision_0003.json,run,.json,7105
run/state/turn_0167_decision_0004.json,run,.json,7104
run/state/turn_0167_decision_0005.json,run,.json,7105
run/state/turn_0167_decision_0006.json,run,.json,7104
run/state/turn_0167_decision_0007.json,run,.json,7103
run/state/turn_0167_decision_0008.json,run,.json,7102
run/state/turn_0167_decision_0009.json,run,.json,7101
run/state/turn_0167_decision_0010.json,run,.json,7099
run/state/turn_0168.json,run,.json,7078
run/state/turn_0168_decision_0001.json,run,.json,7084
run/state/turn_0168_decision_0002.json,run,.json,7085
run/state/turn_0168_decision_0003.json,run,.json,7086
run/state/turn_0169.json,run,.json,7093
run/state/turn_0169_decision_0001.json,run,.json,7101
run/state/turn_0170.json,run,.json,7080
run/state/turn_0170_decision_0001.json,run,.json,7089
run/state/turn_0171.json,run,.json,7096
run/state/turn_0171_decision_0001.json,run,.json,7103
run/state/turn_0171_decision_0002.json,run,.json,7102
run/state/turn_0171_decision_0003.json,run,.json,7101
run/state/turn_0172.json,run,.json,7080
run/state/turn_0172_decision_0001.json,run,.json,7088
run/state/turn_0173.json,run,.json,7095
run/state/turn_0173_decision_0001.json,run,.json,7102
run/state/turn_0173_decision_0002.json,run,.json,7101
run/state/turn_0174.json,run,.json,7080
run/state/turn_0174_decision_0001.json,run,.json,7087
run/state/turn_0175.json,run,.json,7080
run/state/turn_0175_decision_0001.json,run,.json,7087
run/state/turn_0176.json,run,.json,7094
run/state/turn_0176_decision_0001.json,run,.json,7101
run/state/turn_0177.json,run,.json,7080
run/state/turn_0177_decision_0001.json,run,.json,7087
run/state/turn_0178.json,run,.json,7094
run/state/turn_0178_decision_0001.json,run,.json,7101
run/state/turn_0179.json,run,.json,7080
run/state/turn_0179_decision_0001.json,run,.json,7086
run/state/turn_0180.json,run,.json,7093
run/state/turn_0180_decision_0001.json,run,.json,7100
run/state/turn_0180_decision_0002.json,run,.json,7099
run/state/turn_0181.json,run,.json,7078
run/state/turn_0181_decision_0001.json,run,.json,7087
run/state/turn_0182.json,run,.json,7080
run/state/turn_0182_decision_0001.json,run,.json,7088
run/state/turn_0183.json,run,.json,7095
run/state/turn_0183_decision_0001.json,run,.json,7102
run/state/turn_0183_decision_0002.json,run,.json,7103
run/state/turn_0183_decision_0003.json,run,.json,7104
run/state/turn_0183_decision_0004.json,run,.json,7105
run/state/turn_0183_decision_0005.json,run,.json,7106
run/state/turn_0183_decision_0006.json,run,.json,7107
run/state/turn_0183_decision_0007.json,run,.json,7108
run/state/turn_0183_decision_0008.json,run,.json,7108
run/state/turn_0183_decision_0009.json,run,.json,7109
run/state/turn_0184.json,run,.json,7088
run/state/turn_0184_decision_0001.json,run,.json,7095
run/state/turn_0185.json,run,.json,7102
run/state/turn_0185_decision_0001.json,run,.json,7110
run/state/turn_0186.json,run,.json,7089
run/state/turn_0186_decision_0001.json,run,.json,7096
run/state/turn_0187.json,run,.json,7103
run/state/turn_0187_decision_0001.json,run,.json,7110
run/state/turn_0188.json,run,.json,7089
run/state/turn_0188_decision_0001.json,run,.json,7095
run/state/turn_0189.json,run,.json,7088
run/state/turn_0189_decision_0001.json,run,.json,7095
run/state/turn_0190.json,run,.json,7102
run/state/turn_0190_decision_0001.json,run,.json,7109
run/state/turn_0191.json,run,.json,7088
run/state/turn_0191_decision_0001.json,run,.json,7096
run/state/turn_0192.json,run,.json,7089
run/state/turn_0192_decision_0001.json,run,.json,7096
run/state/turn_0193.json,run,.json,7089
run/state/turn_0193_decision_0001.json,run,.json,7096
run/state/turn_0194.json,run,.json,7103
run/state/turn_0194_decision_0001.json,run,.json,7109
run/state/turn_0195.json,run,.json,7088
run/state/turn_0195_decision_0001.json,run,.json,7096
run/state/turn_0196.json,run,.json,7089
run/state/turn_0196_decision_0001.json,run,.json,7095
run/state/turn_0197.json,run,.json,7102
run/state/turn_0197_decision_0001.json,run,.json,7110
run/state/turn_0197_decision_0002.json,run,.json,7110
run/state/turn_0198.json,run,.json,7089
run/state/turn_0198_decision_0001.json,run,.json,7096
run/state/turn_0199.json,run,.json,7089
run/state/turn_0199_decision_0001.json,run,.json,7098
run/state/turn_0200.json,run,.json,7105
run/state/turn_0200_decision_0001.json,run,.json,7112
run/state/turn_0200_decision_0002.json,run,.json,7113
run/state/turn_0200_decision_0003.json,run,.json,7114
run/state/turn_0200_decision_0004.json,run,.json,7114
run/state/turn_0201.json,run,.json,7093
run/state/turn_0201_decision_0001.json,run,.json,7100
run/state/turn_0202.json,run,.json,7107
run/state/turn_0202_decision_0001.json,run,.json,7114
run/state/turn_0203.json,run,.json,7107
run/state/turn_0203_decision_0001.json,run,.json,7114
run/state/turn_0204.json,run,.json,7093
run/state/turn_0204_decision_0001.json,run,.json,7100
run/state/turn_0205.json,run,.json,7093
run/state/turn_0206.json,run,.json,7106
run/state/turn_0206_decision_0001.json,run,.json,7112
run/state/turn_0207.json,run,.json,7091
run/state/turn_0207_decision_0001.json,run,.json,7098
run/state/turn_0208.json,run,.json,7105
run/state/turn_0208_decision_0001.json,run,.json,7113
run/state/turn_0209.json,run,.json,7092
run/state/turn_0209_decision_0001.json,run,.json,7099
run/state/turn_0210.json,run,.json,7106
run/state/turn_0210_decision_0001.json,run,.json,7113
run/state/turn_0211.json,run,.json,7092
run/state/turn_0211_decision_0001.json,run,.json,7099
run/state/turn_0211_decision_0002.json,run,.json,7099
run/state/turn_0211_decision_0003.json,run,.json,7100
run/state/turn_0212.json,run,.json,7107
run/state/turn_0213.json,run,.json,7092
run/state/turn_0213_decision_0001.json,run,.json,7099
run/state/turn_0214.json,run,.json,7106
run/state/turn_0214_decision_0001.json,run,.json,7113
run/state/turn_0215.json,run,.json,7092
run/state/turn_0215_decision_0001.json,run,.json,7100
run/state/turn_0216.json,run,.json,7093
run/state/turn_0216_decision_0001.json,run,.json,7099
run/state/turn_0217.json,run,.json,7106
run/state/turn_0217_decision_0001.json,run,.json,7113
run/state/turn_0218.json,run,.json,7092
run/state/turn_0218_decision_0001.json,run,.json,7099
run/state/turn_0219.json,run,.json,7092
run/state/turn_0219_decision_0001.json,run,.json,7099
run/state/turn_0220.json,run,.json,7106
run/state/turn_0220_decision_0001.json,run,.json,7113
run/state/turn_0220_decision_0002.json,run,.json,7113
run/state/turn_0220_decision_0003.json,run,.json,7114
run/state/turn_0221.json,run,.json,7093
run/state/turn_0221_decision_0001.json,run,.json,7100
run/state/turn_0222.json,run,.json,7107
run/state/turn_0222_decision_0001.json,run,.json,7114
run/state/turn_0223.json,run,.json,7093
run/state/turn_0223_decision_0001.json,run,.json,7100
run/state/turn_0224.json,run,.json,7107
run/state/turn_0224_decision_0001.json,run,.json,7114
run/state/turn_0225.json,run,.json,7093
run/state/turn_0225_decision_0001.json,run,.json,7100
run/state/turn_0226.json,run,.json,7107
run/state/turn_0226_decision_0001.json,run,.json,7114
run/state/turn_0227.json,run,.json,7093
run/state/turn_0227_decision_0001.json,run,.json,7101
run/state/turn_0228.json,run,.json,7094
run/state/turn_0228_decision_0001.json,run,.json,7101
run/state/turn_0229.json,run,.json,7108
run/state/turn_0229_decision_0001.json,run,.json,7114
run/state/turn_0230.json,run,.json,7093
run/state/turn_0230_decision_0001.json,run,.json,7099
run/state/turn_0231.json,run,.json,7092
run/state/turn_0231_decision_0001.json,run,.json,7099
run/state/turn_0232.json,run,.json,7106
run/state/turn_0232_decision_0001.json,run,.json,7114
run/state/turn_0233.json,run,.json,7093
run/state/turn_0233_decision_0001.json,run,.json,7100
run/state/turn_0234.json,run,.json,7107
run/state/turn_0234_decision_0001.json,run,.json,7114
run/state/turn_0235.json,run,.json,7093
run/state/turn_0235_decision_0001.json,run,.json,7100
run/state/turn_0236.json,run,.json,7093
run/state/turn_0236_decision_0001.json,run,.json,7100
run/state/turn_0237.json,run,.json,7093
run/state/turn_0237_decision_0001.json,run,.json,7100
run/state/turn_0238.json,run,.json,7107
run/state/turn_0238_decision_0001.json,run,.json,7113
run/state/turn_0239.json,run,.json,7106
run/state/turn_0239_decision_0001.json,run,.json,7114
run/state/turn_0240.json,run,.json,7093
run/state/turn_0240_decision_0001.json,run,.json,7100
run/state/turn_0241.json,run,.json,7107
run/state/turn_0241_decision_0001.json,run,.json,7114
run/state/turn_0242.json,run,.json,7107
run/state/turn_0243.json,run,.json,7092
run/state/turn_0243_decision_0001.json,run,.json,7099
run/state/turn_0244.json,run,.json,7106
run/state/turn_0244_decision_0001.json,run,.json,7113
run/state/turn_0245.json,run,.json,7092
run/state/turn_0245_decision_0001.json,run,.json,7099
run/state/turn_0246.json,run,.json,7106
run/state/turn_0246_decision_0001.json,run,.json,7113
run/state/turn_0247.json,run,.json,7092
run/state/turn_0247_decision_0001.json,run,.json,7098
run/state/turn_0248.json,run,.json,7105
run/state/turn_0248_decision_0001.json,run,.json,7112
run/state/turn_0248_decision_0002.json,run,.json,7112
run/state/turn_0248_decision_0003.json,run,.json,7113
run/state/turn_0249.json,run,.json,7092
run/state/turn_0249_decision_0001.json,run,.json,7100
run/state/turn_0250.json,run,.json,7093
run/state/turn_0250_decision_0001.json,run,.json,7100
run/state/turn_0251.json,run,.json,7107
run/state/turn_0251_decision_0001.json,run,.json,7114
run/state/turn_0252.json,run,.json,7093
run/state/turn_0252_decision_0001.json,run,.json,7100
run/state/turn_0253.json,run,.json,7107
run/state/turn_0253_decision_0001.json,run,.json,7114
run/state/turn_0254.json,run,.json,7093
run/state/turn_0254_decision_0001.json,run,.json,7099
run/state/turn_0255.json,run,.json,7106
run/state/turn_0255_decision_0001.json,run,.json,7113
run/state/turn_0256.json,run,.json,7092
run/state/turn_0256_decision_0001.json,run,.json,7099
run/state/turn_0256_decision_0002.json,run,.json,7098
run/state/turn_0257.json,run,.json,7105
run/state/turn_0257_decision_0001.json,run,.json,7111
run/state/turn_0258.json,run,.json,7090
run/state/turn_0258_decision_0001.json,run,.json,7097
run/state/turn_0259.json,run,.json,7104
run/state/turn_0259_decision_0001.json,run,.json,7112
run/state/turn_0260.json,run,.json,7091
run/state/turn_0260_decision_0001.json,run,.json,7099
run/state/turn_0260_decision_0002.json,run,.json,7098
run/state/turn_0260_decision_0003.json,run,.json,7097
run/state/turn_0261.json,run,.json,7104
run/state/turn_0261_decision_0001.json,run,.json,7111
run/state/turn_0261_decision_0002.json,run,.json,7111
run/state/turn_0262.json,run,.json,7090
run/state/turn_0262_decision_0001.json,run,.json,7097
run/state/turn_0262_decision_0002.json,run,.json,7098
run/state/turn_0262_decision_0003.json,run,.json,7097
run/state/turn_0263.json,run,.json,7090
run/state/turn_0263_decision_0001.json,run,.json,7097
run/state/turn_0263_decision_0002.json,run,.json,7097
run/state/turn_0264.json,run,.json,7090
run/state/turn_0264_decision_0001.json,run,.json,7097
run/state/turn_0264_decision_0002.json,run,.json,7097
run/state/turn_0265.json,run,.json,7104
run/state/turn_0265_decision_0001.json,run,.json,7111
run/state/turn_0265_decision_0002.json,run,.json,7111
run/state/turn_0266.json,run,.json,7090
run/state/turn_0266_decision_0001.json,run,.json,7097
run/state/turn_0267.json,run,.json,7104
run/state/turn_0267_decision_0001.json,run,.json,7110
run/state/turn_0268.json,run,.json,7103
run/state/turn_0268_decision_0001.json,run,.json,7111
run/state/turn_0269.json,run,.json,7090
run/state/turn_0269_decision_0001.json,run,.json,7096
run/state/turn_0270.json,run,.json,7103
run/state/turn_0270_decision_0001.json,run,.json,7110
run/state/turn_0271.json,run,.json,7103
run/state/turn_0271_decision_0001.json,run,.json,7110
run/state/turn_0272.json,run,.json,7089
run/state/turn_0272_decision_0001.json,run,.json,7096
run/state/turn_0273.json,run,.json,7047
run/summary.json,run,.json,5288
run/timeline.json,run,.json,976657
run/trace_findings.jsonl,run,.jsonl,489915
run/trace_summary.json,run,.json,1405
run/turn_index.json,run,.json,85788
run/usage.json,run,.json,3626
run/usage_attempts.jsonl,run,.jsonl,556893
run/usage_decisions.jsonl,run,.jsonl,420445
