relative_path,area,extension,size_bytes
quality_check/decision_mock-2413970733-53b199c1-dec-000000_request.txt,quality_check,.txt,4902
quality_check/decision_mock-2413970733-53b199c1-dec-000000_response.txt,quality_check,.txt,2028
quality_check/decision_mock-2413970733-53b199c1-dec-000001_request.txt,quality_check,.txt,6508
quality_check/decision_mock-2413970733-53b199c1-dec-000001_response.txt,quality_check,.txt,1705
quality_check/decision_mock-2413970733-53b199c1-dec-000002_request.txt,quality_check,.txt,5349
quality_check/decision_mock-2413970733-53b199c1-dec-000002_response.txt,quality_check,.txt,3451
quality_check/decision_mock-2413970733-53b199c1-dec-000003_request.txt,quality_check,.txt,6996
quality_check/decision_mock-2413970733-53b199c1-dec-000003_response.txt,quality_check,.txt,2741
quality_check/decision_mock-2413970733-53b199c1-dec-000004_request.txt,quality_check,.txt,5763
quality_check/decision_mock-2413970733-53b199c1-dec-000004_response.txt,quality_check,.txt,3727
quality_check/decision_mock-2413970733-53b199c1-dec-000005_request.txt,quality_check,.txt,7478
quality_check/decision_mock-2413970733-53b199c1-dec-000005_response.txt,quality_check,.txt,3020
quality_check/decision_mock-2413970733-53b199c1-dec-000006_request.txt,quality_check,.txt,7209
quality_check/decision_mock-2413970733-53b199c1-dec-000006_response.txt,quality_check,.txt,7295
quality_check/decision_mock-2413970733-53b199c1-dec-000007_request.txt,quality_check,.txt,8008
quality_check/decision_mock-2413970733-53b199c1-dec-000007_response.txt,quality_check,.txt,3676
quality_check/decision_mock-2413970733-53b199c1-dec-000008_request.txt,quality_check,.txt,8022
quality_check/decision_mock-2413970733-53b199c1-dec-000008_response.txt,quality_check,.txt,5259
quality_check/decision_mock-2413970733-53b199c1-dec-000009_request.txt,quality_check,.txt,8605
quality_check/decision_mock-2413970733-53b199c1-dec-000009_response.txt,quality_check,.txt,2221
quality_check/decision_mock-2413970733-53b199c1-dec-000010_request.txt,quality_check,.txt,8801
quality_check/decision_mock-2413970733-53b199c1-dec-000010_response.txt,quality_check,.txt,5658
quality_check/decision_mock-2413970733-53b199c1-dec-000011_request.txt,quality_check,.txt,9280
quality_check/decision_mock-2413970733-53b199c1-dec-000011_response.txt,quality_check,.txt,3942
quality_check/decision_mock-2413970733-53b199c1-dec-000012_request.txt,quality_check,.txt,9598
quality_check/decision_mock-2413970733-53b199c1-dec-000012_response.txt,quality_check,.txt,5008
quality_check/decision_mock-2413970733-53b199c1-dec-000013_request.txt,quality_check,.txt,8991
quality_check/decision_mock-2413970733-53b199c1-dec-000013_response.txt,quality_check,.txt,2364
quality_check/decision_mock-2413970733-53b199c1-dec-000014_request.txt,quality_check,.txt,10732
quality_check/decision_mock-2413970733-53b199c1-dec-000014_response.txt,quality_check,.txt,2247
quality_check/decision_mock-2413970733-53b199c1-dec-000015_request.txt,quality_check,.txt,10667
quality_check/decision_mock-2413970733-53b199c1-dec-000015_response.txt,quality_check,.txt,3338
quality_check/decision_mock-2413970733-53b199c1-dec-000016_request.txt,quality_check,.txt,9708
quality_check/decision_mock-2413970733-53b199c1-dec-000016_response.txt,quality_check,.txt,3395
quality_check/decision_mock-2413970733-53b199c1-dec-000017_request.txt,quality_check,.txt,11504
quality_check/decision_mock-2413970733-53b199c1-dec-000017_response.txt,quality_check,.txt,3347
quality_check/decision_mock-2413970733-53b199c1-dec-000018_request.txt,quality_check,.txt,11250
quality_check/decision_mock-2413970733-53b199c1-dec-000018_response.txt,quality_check,.txt,7499
quality_check/decision_mock-2413970733-53b199c1-dec-000019_request.txt,quality_check,.txt,11943
quality_check/decision_mock-2413970733-53b199c1-dec-000019_response.txt,quality_check,.txt,4193
quality_check/decision_mock-2413970733-53b199c1-dec-000020_request.txt,quality_check,.txt,11796
quality_check/decision_mock-2413970733-53b199c1-dec-000020_response.txt,quality_check,.txt,9501
quality_check/decision_mock-2413970733-53b199c1-dec-000021_request.txt,quality_check,.txt,12227
quality_check/decision_mock-2413970733-53b199c1-dec-000021_response.txt,quality_check,.txt,2512
quality_check/decision_mock-2413970733-53b199c1-dec-000022_request.txt,quality_check,.txt,12360
quality_check/decision_mock-2413970733-53b199c1-dec-000022_response.txt,quality_check,.txt,5623
quality_check/decision_mock-2413970733-53b199c1-dec-000023_request.txt,quality_check,.txt,12263
quality_check/decision_mock-2413970733-53b199c1-dec-000023_response.txt,quality_check,.txt,5388
quality_check/decision_mock-2413970733-53b199c1-dec-000024_request.txt,quality_check,.txt,12885
quality_check/decision_mock-2413970733-53b199c1-dec-000024_response.txt,quality_check,.txt,3318
quality_check/decision_mock-2413970733-53b199c1-dec-000025_request.txt,quality_check,.txt,12148
quality_check/decision_mock-2413970733-53b199c1-dec-000025_response.txt,quality_check,.txt,2674
quality_check/decision_mock-2413970733-53b199c1-dec-000026_request.txt,quality_check,.txt,13740
quality_check/decision_mock-2413970733-53b199c1-dec-000026_response.txt,quality_check,.txt,2948
quality_check/decision_mock-2413970733-53b199c1-dec-000027_request.txt,quality_check,.txt,11739
quality_check/decision_mock-2413970733-53b199c1-dec-000027_response.txt,quality_check,.txt,2878
quality_check/decision_mock-2413970733-53b199c1-dec-000028_request.txt,quality_check,.txt,13170
quality_check/decision_mock-2413970733-53b199c1-dec-000028_response.txt,quality_check,.txt,3268
quality_check/decision_mock-2413970733-53b199c1-dec-000029_request.txt,quality_check,.txt,13080
quality_check/decision_mock-2413970733-53b199c1-dec-000029_response.txt,quality_check,.txt,4859
quality_check/decision_mock-2413970733-53b199c1-dec-000030_request.txt,quality_check,.txt,12789
quality_check/decision_mock-2413970733-53b199c1-dec-000030_response.txt,quality_check,.txt,6414
quality_check/decision_mock-2413970733-53b199c1-dec-000031_request.txt,quality_check,.txt,12951
quality_check/decision_mock-2413970733-53b199c1-dec-000031_response.txt,quality_check,.txt,6137
quality_check/decision_mock-2413970733-53b199c1-dec-000032_request.txt,quality_check,.txt,13249
quality_check/decision_mock-2413970733-53b199c1-dec-000032_response.txt,quality_check,.txt,6520
quality_check/decision_mock-2413970733-53b199c1-dec-000033_request.txt,quality_check,.txt,13827
quality_check/decision_mock-2413970733-53b199c1-dec-000033_response.txt,quality_check,.txt,2369
quality_check/decision_mock-2413970733-53b199c1-dec-000034_request.txt,quality_check,.txt,13885
quality_check/decision_mock-2413970733-53b199c1-dec-000034_response.txt,quality_check,.txt,8480
quality_check/decision_mock-2413970733-53b199c1-dec-000035_request.txt,quality_check,.txt,13766
quality_check/decision_mock-2413970733-53b199c1-dec-000035_response.txt,quality_check,.txt,5071
quality_check/decision_mock-2413970733-53b199c1-dec-000036_request.txt,quality_check,.txt,14343
quality_check/decision_mock-2413970733-53b199c1-dec-000036_response.txt,quality_check,.txt,3822
quality_check/decision_mock-2413970733-53b199c1-dec-000037_request.txt,quality_check,.txt,14859
quality_check/decision_mock-2413970733-53b199c1-dec-000037_response.txt,quality_check,.txt,3014
quality_check/decision_mock-2413970733-53b199c1-dec-000038_request.txt,quality_check,.txt,13777
quality_check/decision_mock-2413970733-53b199c1-dec-000038_response.txt,quality_check,.txt,2576
quality_check/decision_mock-2413970733-53b199c1-dec-000039_request.txt,quality_check,.txt,15080
quality_check/decision_mock-2413970733-53b199c1-dec-000039_response.txt,quality_check,.txt,2762
quality_check/decision_mock-2413970733-53b199c1-dec-000040_request.txt,quality_check,.txt,12718
quality_check/decision_mock-2413970733-53b199c1-dec-000040_response.txt,quality_check,.txt,4315
quality_check/decision_mock-2413970733-53b199c1-dec-000041_request.txt,quality_check,.txt,14191
quality_check/decision_mock-2413970733-53b199c1-dec-000041_response.txt,quality_check,.txt,4003
quality_check/decision_mock-2413970733-53b199c1-dec-000042_request.txt,quality_check,.txt,12555
quality_check/decision_mock-2413970733-53b199c1-dec-000042_response.txt,quality_check,.txt,1278
quality_check/decision_mock-2413970733-53b199c1-dec-000042_retry1_request.txt,quality_check,.txt,12705
quality_check/decision_mock-2413970733-53b199c1-dec-000042_retry1_response.txt,quality_check,.txt,2774
quality_check/decision_mock-2413970733-53b199c1-dec-000043_request.txt,quality_check,.txt,14098
quality_check/decision_mock-2413970733-53b199c1-dec-000043_response.txt,quality_check,.txt,4106
quality_check/decision_mock-2413970733-53b199c1-dec-000044_request.txt,quality_check,.txt,13573
quality_check/decision_mock-2413970733-53b199c1-dec-000044_response.txt,quality_check,.txt,3594
quality_check/decision_mock-2413970733-53b199c1-dec-000045_request.txt,quality_check,.txt,15046
quality_check/decision_mock-2413970733-53b199c1-dec-000045_response.txt,quality_check,.txt,4050
quality_check/decision_mock-2413970733-53b199c1-dec-000046_request.txt,quality_check,.txt,14361
quality_check/decision_mock-2413970733-53b199c1-dec-000046_response.txt,quality_check,.txt,7256
quality_check/decision_mock-2413970733-53b199c1-dec-000047_request.txt,quality_check,.txt,14223
quality_check/decision_mock-2413970733-53b199c1-dec-000047_response.txt,quality_check,.txt,4486
quality_check/decision_mock-2413970733-53b199c1-dec-000048_request.txt,quality_check,.txt,12946
quality_check/decision_mock-2413970733-53b199c1-dec-000048_response.txt,quality_check,.txt,3304
quality_check/decision_mock-2413970733-53b199c1-dec-000049_request.txt,quality_check,.txt,13139
quality_check/decision_mock-2413970733-53b199c1-dec-000049_response.txt,quality_check,.txt,9507
quality_check/decision_mock-2413970733-53b199c1-dec-000050_request.txt,quality_check,.txt,14261
quality_check/decision_mock-2413970733-53b199c1-dec-000050_response.txt,quality_check,.txt,3531
quality_check/decision_mock-2413970733-53b199c1-dec-000051_request.txt,quality_check,.txt,13230
quality_check/decision_mock-2413970733-53b199c1-dec-000051_response.txt,quality_check,.txt,11341
quality_check/decision_mock-2413970733-53b199c1-dec-000052_request.txt,quality_check,.txt,13947
quality_check/decision_mock-2413970733-53b199c1-dec-000052_response.txt,quality_check,.txt,7024
quality_check/decision_mock-2413970733-53b199c1-dec-000053_request.txt,quality_check,.txt,13700
quality_check/decision_mock-2413970733-53b199c1-dec-000053_response.txt,quality_check,.txt,8112
quality_check/decision_mock-2413970733-53b199c1-dec-000054_request.txt,quality_check,.txt,14169
quality_check/decision_mock-2413970733-53b199c1-dec-000054_response.txt,quality_check,.txt,5211
quality_check/decision_mock-2413970733-53b199c1-dec-000055_request.txt,quality_check,.txt,14112
quality_check/decision_mock-2413970733-53b199c1-dec-000055_response.txt,quality_check,.txt,6360
quality_check/decision_mock-2413970733-53b199c1-dec-000056_request.txt,quality_check,.txt,15556
quality_check/decision_mock-2413970733-53b199c1-dec-000056_response.txt,quality_check,.txt,2810
quality_check/decision_mock-2413970733-53b199c1-dec-000057_request.txt,quality_check,.txt,14637
quality_check/decision_mock-2413970733-53b199c1-dec-000057_response.txt,quality_check,.txt,7603
quality_check/decision_mock-2413970733-53b199c1-dec-000058_request.txt,quality_check,.txt,15971
quality_check/decision_mock-2413970733-53b199c1-dec-000058_response.txt,quality_check,.txt,7141
quality_check/decision_mock-2413970733-53b199c1-dec-000058_retry1_request.txt,quality_check,.txt,17405
quality_check/decision_mock-2413970733-53b199c1-dec-000058_retry1_response.txt,quality_check,.txt,3590
quality_check/decision_mock-2413970733-53b199c1-dec-000059_request.txt,quality_check,.txt,15251
quality_check/decision_mock-2413970733-53b199c1-dec-000059_response.txt,quality_check,.txt,7111
quality_check/decision_mock-2413970733-53b199c1-dec-000060_request.txt,quality_check,.txt,16737
quality_check/decision_mock-2413970733-53b199c1-dec-000060_response.txt,quality_check,.txt,4200
quality_check/decision_mock-2413970733-53b199c1-dec-000061_request.txt,quality_check,.txt,15591
quality_check/decision_mock-2413970733-53b199c1-dec-000061_response.txt,quality_check,.txt,8843
quality_check/decision_mock-2413970733-53b199c1-dec-000062_request.txt,quality_check,.txt,16150
quality_check/decision_mock-2413970733-53b199c1-dec-000062_response.txt,quality_check,.txt,3883
quality_check/decision_mock-2413970733-53b199c1-dec-000063_request.txt,quality_check,.txt,15965
quality_check/decision_mock-2413970733-53b199c1-dec-000063_response.txt,quality_check,.txt,7219
quality_check/decision_mock-2413970733-53b199c1-dec-000064_request.txt,quality_check,.txt,16625
quality_check/decision_mock-2413970733-53b199c1-dec-000064_response.txt,quality_check,.txt,3986
quality_check/decision_mock-2413970733-53b199c1-dec-000065_request.txt,quality_check,.txt,16459
quality_check/decision_mock-2413970733-53b199c1-dec-000065_response.txt,quality_check,.txt,4775
quality_check/decision_mock-2413970733-53b199c1-dec-000066_request.txt,quality_check,.txt,16382
quality_check/decision_mock-2413970733-53b199c1-dec-000066_response.txt,quality_check,.txt,3313
quality_check/decision_mock-2413970733-53b199c1-dec-000067_request.txt,quality_check,.txt,17884
quality_check/decision_mock-2413970733-53b199c1-dec-000067_response.txt,quality_check,.txt,3070
quality_check/decision_mock-2413970733-53b199c1-dec-000068_request.txt,quality_check,.txt,16525
quality_check/decision_mock-2413970733-53b199c1-dec-000068_response.txt,quality_check,.txt,3179
quality_check/decision_mock-2413970733-53b199c1-dec-000069_request.txt,quality_check,.txt,18152
quality_check/decision_mock-2413970733-53b199c1-dec-000069_response.txt,quality_check,.txt,2573
quality_check/decision_mock-2413970733-53b199c1-dec-000070_request.txt,quality_check,.txt,16810
quality_check/decision_mock-2413970733-53b199c1-dec-000070_response.txt,quality_check,.txt,5788
quality_check/decision_mock-2413970733-53b199c1-dec-000071_request.txt,quality_check,.txt,14446
quality_check/decision_mock-2413970733-53b199c1-dec-000071_response.txt,quality_check,.txt,6048
quality_check/decision_mock-2413970733-53b199c1-dec-000071_retry1_request.txt,quality_check,.txt,14596
quality_check/decision_mock-2413970733-53b199c1-dec-000071_retry1_response.txt,quality_check,.txt,3863
quality_check/decision_mock-2413970733-53b199c1-dec-000072_request.txt,quality_check,.txt,14260
quality_check/decision_mock-2413970733-53b199c1-dec-000072_response.txt,quality_check,.txt,4854
quality_check/decision_mock-2413970733-53b199c1-dec-000073_request.txt,quality_check,.txt,15875
quality_check/decision_mock-2413970733-53b199c1-dec-000073_response.txt,quality_check,.txt,3528
quality_check/decision_mock-2413970733-53b199c1-dec-000074_request.txt,quality_check,.txt,14834
quality_check/decision_mock-2413970733-53b199c1-dec-000074_response.txt,quality_check,.txt,3775
quality_check/decision_mock-2413970733-53b199c1-dec-000075_request.txt,quality_check,.txt,14151
quality_check/decision_mock-2413970733-53b199c1-dec-000075_response.txt,quality_check,.txt,3457
quality_check/decision_mock-2413970733-53b199c1-dec-000076_request.txt,quality_check,.txt,13935
quality_check/decision_mock-2413970733-53b199c1-dec-000076_response.txt,quality_check,.txt,3125
quality_check/decision_mock-2413970733-53b199c1-dec-000077_request.txt,quality_check,.txt,14489
quality_check/decision_mock-2413970733-53b199c1-dec-000077_response.txt,quality_check,.txt,4225
quality_check/decision_mock-2413970733-53b199c1-dec-000078_request.txt,quality_check,.txt,14294
quality_check/decision_mock-2413970733-53b199c1-dec-000078_response.txt,quality_check,.txt,5447
quality_check/decision_mock-2413970733-53b199c1-dec-000079_request.txt,quality_check,.txt,13877
quality_check/decision_mock-2413970733-53b199c1-dec-000079_response.txt,quality_check,.txt,4083
quality_check/decision_mock-2413970733-53b199c1-dec-000080_request.txt,quality_check,.txt,13478
quality_check/decision_mock-2413970733-53b199c1-dec-000080_response.txt,quality_check,.txt,16772
quality_check/decision_mock-2413970733-53b199c1-dec-000081_request.txt,quality_check,.txt,15013
quality_check/decision_mock-2413970733-53b199c1-dec-000081_response.txt,quality_check,.txt,2830
quality_check/decision_mock-2413970733-53b199c1-dec-000082_request.txt,quality_check,.txt,13851
quality_check/decision_mock-2413970733-53b199c1-dec-000082_response.txt,quality_check,.txt,7226
quality_check/decision_mock-2413970733-53b199c1-dec-000083_request.txt,quality_check,.txt,14429
quality_check/decision_mock-2413970733-53b199c1-dec-000083_response.txt,quality_check,.txt,4413
quality_check/decision_mock-2413970733-53b199c1-dec-000084_request.txt,quality_check,.txt,14218
quality_check/decision_mock-2413970733-53b199c1-dec-000084_response.txt,quality_check,.txt,14503
quality_check/decision_mock-2413970733-53b199c1-dec-000085_request.txt,quality_check,.txt,14267
quality_check/decision_mock-2413970733-53b199c1-dec-000085_response.txt,quality_check,.txt,3597
quality_check/decision_mock-2413970733-53b199c1-dec-000086_request.txt,quality_check,.txt,14603
quality_check/decision_mock-2413970733-53b199c1-dec-000086_response.txt,quality_check,.txt,16524
quality_check/decision_mock-2413970733-53b199c1-dec-000087_request.txt,quality_check,.txt,15293
quality_check/decision_mock-2413970733-53b199c1-dec-000087_response.txt,quality_check,.txt,6275
quality_check/decision_mock-2413970733-53b199c1-dec-000088_request.txt,quality_check,.txt,15080
quality_check/decision_mock-2413970733-53b199c1-dec-000088_response.txt,quality_check,.txt,5382
quality_check/decision_mock-2413970733-53b199c1-dec-000089_request.txt,quality_check,.txt,16471
quality_check/decision_mock-2413970733-53b199c1-dec-000089_response.txt,quality_check,.txt,4180
quality_check/decision_mock-2413970733-53b199c1-dec-000090_request.txt,quality_check,.txt,15374
quality_check/decision_mock-2413970733-53b199c1-dec-000090_response.txt,quality_check,.txt,4019
quality_check/decision_mock-2413970733-53b199c1-dec-000091_request.txt,quality_check,.txt,15219
quality_check/decision_mock-2413970733-53b199c1-dec-000091_response.txt,quality_check,.txt,3274
quality_check/decision_mock-2413970733-53b199c1-dec-000092_request.txt,quality_check,.txt,14804
quality_check/decision_mock-2413970733-53b199c1-dec-000092_response.txt,quality_check,.txt,3845
quality_check/decision_mock-2413970733-53b199c1-dec-000093_request.txt,quality_check,.txt,13429
quality_check/decision_mock-2413970733-53b199c1-dec-000093_response.txt,quality_check,.txt,3615
quality_check/decision_mock-2413970733-53b199c1-dec-000094_request.txt,quality_check,.txt,14786
quality_check/decision_mock-2413970733-53b199c1-dec-000094_response.txt,quality_check,.txt,17174
quality_check/decision_mock-2413970733-53b199c1-dec-000095_request.txt,quality_check,.txt,16238
quality_check/decision_mock-2413970733-53b199c1-dec-000095_response.txt,quality_check,.txt,4621
quality_check/decision_mock-2413970733-53b199c1-dec-000096_request.txt,quality_check,.txt,15293
quality_check/decision_mock-2413970733-53b199c1-dec-000096_response.txt,quality_check,.txt,23122
quality_check/decision_mock-2413970733-53b199c1-dec-000097_request.txt,quality_check,.txt,15377
quality_check/decision_mock-2413970733-53b199c1-dec-000097_response.txt,quality_check,.txt,4291
quality_check/decision_mock-2413970733-53b199c1-dec-000098_request.txt,quality_check,.txt,15727
quality_check/decision_mock-2413970733-53b199c1-dec-000098_response.txt,quality_check,.txt,7512
quality_check/decision_mock-2413970733-53b199c1-dec-000099_request.txt,quality_check,.txt,15747
quality_check/decision_mock-2413970733-53b199c1-dec-000099_response.txt,quality_check,.txt,6513
quality_check/decision_mock-2413970733-53b199c1-dec-000100_request.txt,quality_check,.txt,15696
quality_check/decision_mock-2413970733-53b199c1-dec-000100_response.txt,quality_check,.txt,9241
quality_check/decision_mock-2413970733-53b199c1-dec-000101_request.txt,quality_check,.txt,15269
quality_check/decision_mock-2413970733-53b199c1-dec-000101_response.txt,quality_check,.txt,4693
quality_check/decision_mock-2413970733-53b199c1-dec-000102_request.txt,quality_check,.txt,16314
quality_check/decision_mock-2413970733-53b199c1-dec-000102_response.txt,quality_check,.txt,4534
quality_check/decision_mock-2413970733-53b199c1-dec-000103_request.txt,quality_check,.txt,13257
quality_check/decision_mock-2413970733-53b199c1-dec-000103_response.txt,quality_check,.txt,5742
quality_check/decision_mock-2413970733-53b199c1-dec-000104_request.txt,quality_check,.txt,13253
quality_check/decision_mock-2413970733-53b199c1-dec-000104_response.txt,quality_check,.txt,6579
quality_check/decision_mock-2413970733-53b199c1-dec-000105_request.txt,quality_check,.txt,14723
quality_check/decision_mock-2413970733-53b199c1-dec-000105_response.txt,quality_check,.txt,4924
quality_check/decision_mock-2413970733-53b199c1-dec-000106_request.txt,quality_check,.txt,13562
quality_check/decision_mock-2413970733-53b199c1-dec-000106_response.txt,quality_check,.txt,3756
quality_check/decision_mock-2413970733-53b199c1-dec-000107_request.txt,quality_check,.txt,13777
quality_check/decision_mock-2413970733-53b199c1-dec-000107_response.txt,quality_check,.txt,4298
quality_check/decision_mock-2413970733-53b199c1-dec-000108_request.txt,quality_check,.txt,13849
quality_check/decision_mock-2413970733-53b199c1-dec-000108_response.txt,quality_check,.txt,8486
quality_check/decision_mock-2413970733-53b199c1-dec-000109_request.txt,quality_check,.txt,15231
quality_check/decision_mock-2413970733-53b199c1-dec-000109_response.txt,quality_check,.txt,6087
quality_check/decision_mock-2413970733-53b199c1-dec-000110_request.txt,quality_check,.txt,14040
quality_check/decision_mock-2413970733-53b199c1-dec-000110_response.txt,quality_check,.txt,3623
quality_check/decision_mock-2413970733-53b199c1-dec-000111_request.txt,quality_check,.txt,14281
quality_check/decision_mock-2413970733-53b199c1-dec-000111_response.txt,quality_check,.txt,3116
quality_check/decision_mock-2413970733-53b199c1-dec-000112_request.txt,quality_check,.txt,15315
quality_check/decision_mock-2413970733-53b199c1-dec-000112_response.txt,quality_check,.txt,9911
quality_check/decision_mock-2413970733-53b199c1-dec-000113_request.txt,quality_check,.txt,14062
quality_check/decision_mock-2413970733-53b199c1-dec-000113_response.txt,quality_check,.txt,4173
quality_check/decision_mock-2413970733-53b199c1-dec-000114_request.txt,quality_check,.txt,14187
quality_check/decision_mock-2413970733-53b199c1-dec-000114_response.txt,quality_check,.txt,4019
quality_check/decision_mock-2413970733-53b199c1-dec-000115_request.txt,quality_check,.txt,13948
quality_check/decision_mock-2413970733-53b199c1-dec-000115_response.txt,quality_check,.txt,4982
quality_check/decision_mock-2413970733-53b199c1-dec-000116_request.txt,quality_check,.txt,13887
quality_check/decision_mock-2413970733-53b199c1-dec-000116_response.txt,quality_check,.txt,16664
quality_check/decision_mock-2413970733-53b199c1-dec-000117_request.txt,quality_check,.txt,13755
quality_check/decision_mock-2413970733-53b199c1-dec-000117_response.txt,quality_check,.txt,4696
quality_check/decision_mock-2413970733-53b199c1-dec-000118_request.txt,quality_check,.txt,14214
quality_check/decision_mock-2413970733-53b199c1-dec-000118_response.txt,quality_check,.txt,20184
quality_check/decision_mock-2413970733-53b199c1-dec-000119_request.txt,quality_check,.txt,14169
quality_check/decision_mock-2413970733-53b199c1-dec-000119_response.txt,quality_check,.txt,5231
quality_check/decision_mock-2413970733-53b199c1-dec-000120_request.txt,quality_check,.txt,14539
quality_check/decision_mock-2413970733-53b199c1-dec-000120_response.txt,quality_check,.txt,14437
quality_check/decision_mock-2413970733-53b199c1-dec-000121_request.txt,quality_check,.txt,14337
quality_check/decision_mock-2413970733-53b199c1-dec-000121_response.txt,quality_check,.txt,8525
quality_check/decision_mock-2413970733-53b199c1-dec-000122_request.txt,quality_check,.txt,14827
quality_check/decision_mock-2413970733-53b199c1-dec-000122_response.txt,quality_check,.txt,6780
quality_check/decision_mock-2413970733-53b199c1-dec-000123_request.txt,quality_check,.txt,14982
quality_check/decision_mock-2413970733-53b199c1-dec-000123_response.txt,quality_check,.txt,25834
quality_check/decision_mock-2413970733-53b199c1-dec-000124_request.txt,quality_check,.txt,15928
quality_check/decision_mock-2413970733-53b199c1-dec-000124_response.txt,quality_check,.txt,4885
quality_check/decision_mock-2413970733-53b199c1-dec-000125_request.txt,quality_check,.txt,15170
quality_check/decision_mock-2413970733-53b199c1-dec-000125_response.txt,quality_check,.txt,12451
quality_check/decision_mock-2413970733-53b199c1-dec-000126_request.txt,quality_check,.txt,15956
quality_check/decision_mock-2413970733-53b199c1-dec-000126_response.txt,quality_check,.txt,3472
quality_check/decision_mock-2413970733-53b199c1-dec-000127_request.txt,quality_check,.txt,15379
quality_check/decision_mock-2413970733-53b199c1-dec-000127_response.txt,quality_check,.txt,13046
quality_check/decision_mock-2413970733-53b199c1-dec-000128_request.txt,quality_check,.txt,14962
quality_check/decision_mock-2413970733-53b199c1-dec-000128_response.txt,quality_check,.txt,4944
quality_check/decision_mock-2413970733-53b199c1-dec-000129_request.txt,quality_check,.txt,13945
quality_check/decision_mock-2413970733-53b199c1-dec-000129_response.txt,quality_check,.txt,3076
quality_check/decision_mock-2413970733-53b199c1-dec-000130_request.txt,quality_check,.txt,13936
quality_check/decision_mock-2413970733-53b199c1-dec-000130_response.txt,quality_check,.txt,4420
quality_check/decision_mock-2413970733-53b199c1-dec-000131_request.txt,quality_check,.txt,14163
quality_check/decision_mock-2413970733-53b199c1-dec-000131_response.txt,quality_check,.txt,5802
quality_check/decision_mock-2413970733-53b199c1-dec-000132_request.txt,quality_check,.txt,15294
quality_check/decision_mock-2413970733-53b199c1-dec-000132_response.txt,quality_check,.txt,2919
quality_check/decision_mock-2413970733-53b199c1-dec-000133_request.txt,quality_check,.txt,14240
quality_check/decision_mock-2413970733-53b199c1-dec-000133_response.txt,quality_check,.txt,3225
quality_check/decision_mock-2413970733-53b199c1-dec-000134_request.txt,quality_check,.txt,14563
quality_check/decision_mock-2413970733-53b199c1-dec-000134_response.txt,quality_check,.txt,4112
quality_check/decision_mock-2413970733-53b199c1-dec-000135_request.txt,quality_check,.txt,14440
quality_check/decision_mock-2413970733-53b199c1-dec-000135_response.txt,quality_check,.txt,3366
quality_check/decision_mock-2413970733-53b199c1-dec-000136_request.txt,quality_check,.txt,16203
quality_check/decision_mock-2413970733-53b199c1-dec-000136_response.txt,quality_check,.txt,5127
quality_check/decision_mock-2413970733-53b199c1-dec-000137_request.txt,quality_check,.txt,13689
quality_check/decision_mock-2413970733-53b199c1-dec-000137_response.txt,quality_check,.txt,6833
quality_check/decision_mock-2413970733-53b199c1-dec-000138_request.txt,quality_check,.txt,14354
quality_check/decision_mock-2413970733-53b199c1-dec-000138_response.txt,quality_check,.txt,5702
quality_check/decision_mock-2413970733-53b199c1-dec-000139_request.txt,quality_check,.txt,14159
quality_check/decision_mock-2413970733-53b199c1-dec-000139_response.txt,quality_check,.txt,3287
quality_check/decision_mock-2413970733-53b199c1-dec-000140_request.txt,quality_check,.txt,14001
quality_check/decision_mock-2413970733-53b199c1-dec-000140_response.txt,quality_check,.txt,17342
quality_check/decision_mock-2413970733-53b199c1-dec-000141_request.txt,quality_check,.txt,13455
quality_check/decision_mock-2413970733-53b199c1-dec-000141_response.txt,quality_check,.txt,4534
quality_check/decision_mock-2413970733-53b199c1-dec-000142_request.txt,quality_check,.txt,13945
quality_check/decision_mock-2413970733-53b199c1-dec-000142_response.txt,quality_check,.txt,25271
quality_check/decision_mock-2413970733-53b199c1-dec-000143_request.txt,quality_check,.txt,13575
quality_check/decision_mock-2413970733-53b199c1-dec-000143_response.txt,quality_check,.txt,6724
quality_check/decision_mock-2413970733-53b199c1-dec-000144_request.txt,quality_check,.txt,14245
quality_check/decision_mock-2413970733-53b199c1-dec-000144_response.txt,quality_check,.txt,20750
quality_check/decision_mock-2413970733-53b199c1-dec-000145_request.txt,quality_check,.txt,15031
quality_check/decision_mock-2413970733-53b199c1-dec-000145_response.txt,quality_check,.txt,2964
quality_check/decision_mock-2413970733-53b199c1-dec-000146_request.txt,quality_check,.txt,14594
quality_check/decision_mock-2413970733-53b199c1-dec-000146_response.txt,quality_check,.txt,20537
quality_check/decision_mock-2413970733-53b199c1-dec-000147_request.txt,quality_check,.txt,15336
quality_check/decision_mock-2413970733-53b199c1-dec-000147_response.txt,quality_check,.txt,5858
quality_check/decision_mock-2413970733-53b199c1-dec-000148_request.txt,quality_check,.txt,14920
quality_check/decision_mock-2413970733-53b199c1-dec-000148_response.txt,quality_check,.txt,13305
quality_check/decision_mock-2413970733-53b199c1-dec-000149_request.txt,quality_check,.txt,13249
quality_check/decision_mock-2413970733-53b199c1-dec-000149_response.txt,quality_check,.txt,3657
quality_check/decision_mock-2413970733-53b199c1-dec-000150_request.txt,quality_check,.txt,14547
quality_check/decision_mock-2413970733-53b199c1-dec-000150_response.txt,quality_check,.txt,4232
quality_check/decision_mock-2413970733-53b199c1-dec-000151_request.txt,quality_check,.txt,14560
quality_check/decision_mock-2413970733-53b199c1-dec-000151_response.txt,quality_check,.txt,5078
quality_check/decision_mock-2413970733-53b199c1-dec-000152_request.txt,quality_check,.txt,14743
quality_check/decision_mock-2413970733-53b199c1-dec-000152_response.txt,quality_check,.txt,5979
quality_check/decision_mock-2413970733-53b199c1-dec-000153_request.txt,quality_check,.txt,14324
quality_check/decision_mock-2413970733-53b199c1-dec-000153_response.txt,quality_check,.txt,4822
quality_check/decision_mock-2413970733-53b199c1-dec-000154_request.txt,quality_check,.txt,13140
quality_check/decision_mock-2413970733-53b199c1-dec-000154_response.txt,quality_check,.txt,3669
quality_check/decision_mock-2413970733-53b199c1-dec-000155_request.txt,quality_check,.txt,14422
quality_check/decision_mock-2413970733-53b199c1-dec-000155_response.txt,quality_check,.txt,6388
quality_check/decision_mock-2413970733-53b199c1-dec-000156_request.txt,quality_check,.txt,14452
quality_check/decision_mock-2413970733-53b199c1-dec-000156_response.txt,quality_check,.txt,4068
quality_check/decision_mock-2413970733-53b199c1-dec-000157_request.txt,quality_check,.txt,13013
quality_check/decision_mock-2413970733-53b199c1-dec-000157_response.txt,quality_check,.txt,4940
quality_check/decision_mock-2413970733-53b199c1-dec-000157_retry1_request.txt,quality_check,.txt,13163
quality_check/decision_mock-2413970733-53b199c1-dec-000157_retry1_response.txt,quality_check,.txt,5865
quality_check/decision_mock-2413970733-53b199c1-dec-000158_request.txt,quality_check,.txt,13193
quality_check/decision_mock-2413970733-53b199c1-dec-000158_response.txt,quality_check,.txt,7024
quality_check/decision_mock-2413970733-53b199c1-dec-000159_request.txt,quality_check,.txt,14051
quality_check/decision_mock-2413970733-53b199c1-dec-000159_response.txt,quality_check,.txt,6635
quality_check/decision_mock-2413970733-53b199c1-dec-000159_retry1_request.txt,quality_check,.txt,14214
quality_check/decision_mock-2413970733-53b199c1-dec-000159_retry1_response.txt,quality_check,.txt,4899
quality_check/decision_mock-2413970733-53b199c1-dec-000160_request.txt,quality_check,.txt,12466
quality_check/decision_mock-2413970733-53b199c1-dec-000160_response.txt,quality_check,.txt,3968
quality_check/decision_mock-2413970733-53b199c1-dec-000161_request.txt,quality_check,.txt,12724
quality_check/decision_mock-2413970733-53b199c1-dec-000161_response.txt,quality_check,.txt,3828
quality_check/decision_mock-2413970733-53b199c1-dec-000162_request.txt,quality_check,.txt,13322
quality_check/decision_mock-2413970733-53b199c1-dec-000162_response.txt,quality_check,.txt,4325
quality_check/decision_mock-2413970733-53b199c1-dec-000163_request.txt,quality_check,.txt,13050
quality_check/decision_mock-2413970733-53b199c1-dec-000163_response.txt,quality_check,.txt,2932
quality_check/decision_mock-2413970733-53b199c1-dec-000164_request.txt,quality_check,.txt,12958
quality_check/decision_mock-2413970733-53b199c1-dec-000164_response.txt,quality_check,.txt,5535
quality_check/decision_mock-2413970733-53b199c1-dec-000165_request.txt,quality_check,.txt,12999
quality_check/decision_mock-2413970733-53b199c1-dec-000165_response.txt,quality_check,.txt,4324
quality_check/decision_mock-2413970733-53b199c1-dec-000166_request.txt,quality_check,.txt,13162
quality_check/decision_mock-2413970733-53b199c1-dec-000166_response.txt,quality_check,.txt,4131
quality_check/decision_mock-2413970733-53b199c1-dec-000167_request.txt,quality_check,.txt,12102
quality_check/decision_mock-2413970733-53b199c1-dec-000167_response.txt,quality_check,.txt,10364
quality_check/decision_mock-2413970733-53b199c1-dec-000168_request.txt,quality_check,.txt,12973
quality_check/decision_mock-2413970733-53b199c1-dec-000168_response.txt,quality_check,.txt,2805
quality_check/decision_mock-2413970733-53b199c1-dec-000169_request.txt,quality_check,.txt,12766
quality_check/decision_mock-2413970733-53b199c1-dec-000169_response.txt,quality_check,.txt,2573
quality_check/decision_mock-2413970733-53b199c1-dec-000170_request.txt,quality_check,.txt,14573
quality_check/decision_mock-2413970733-53b199c1-dec-000170_response.txt,quality_check,.txt,3577
quality_check/decision_mock-2413970733-53b199c1-dec-000171_request.txt,quality_check,.txt,13158
quality_check/decision_mock-2413970733-53b199c1-dec-000171_response.txt,quality_check,.txt,4428
quality_check/decision_mock-2413970733-53b199c1-dec-000172_request.txt,quality_check,.txt,14713
quality_check/decision_mock-2413970733-53b199c1-dec-000172_response.txt,quality_check,.txt,9576
quality_check/decision_mock-2413970733-53b199c1-dec-000173_request.txt,quality_check,.txt,12007
quality_check/decision_mock-2413970733-53b199c1-dec-000173_response.txt,quality_check,.txt,3755
quality_check/decision_mock-2413970733-53b199c1-dec-000174_request.txt,quality_check,.txt,13421
quality_check/decision_mock-2413970733-53b199c1-dec-000174_response.txt,quality_check,.txt,5464
quality_check/decision_mock-2413970733-53b199c1-dec-000175_request.txt,quality_check,.txt,13529
quality_check/decision_mock-2413970733-53b199c1-dec-000175_response.txt,quality_check,.txt,3453
quality_check/decision_mock-2413970733-53b199c1-dec-000176_request.txt,quality_check,.txt,12355
quality_check/decision_mock-2413970733-53b199c1-dec-000176_response.txt,quality_check,.txt,5089
quality_check/decision_mock-2413970733-53b199c1-dec-000177_request.txt,quality_check,.txt,13308
quality_check/decision_mock-2413970733-53b199c1-dec-000177_response.txt,quality_check,.txt,2669
quality_check/decision_mock-2413970733-53b199c1-dec-000178_request.txt,quality_check,.txt,12269
quality_check/decision_mock-2413970733-53b199c1-dec-000178_response.txt,quality_check,.txt,5690
quality_check/decision_mock-2413970733-53b199c1-dec-000179_request.txt,quality_check,.txt,12611
quality_check/decision_mock-2413970733-53b199c1-dec-000179_response.txt,quality_check,.txt,5758
quality_check/decision_mock-2413970733-53b199c1-dec-000180_request.txt,quality_check,.txt,13025
quality_check/decision_mock-2413970733-53b199c1-dec-000180_response.txt,quality_check,.txt,7814
quality_check/decision_mock-2413970733-53b199c1-dec-000181_request.txt,quality_check,.txt,14167
quality_check/decision_mock-2413970733-53b199c1-dec-000181_response.txt,quality_check,.txt,3990
quality_check/decision_mock-2413970733-53b199c1-dec-000182_request.txt,quality_check,.txt,12902
quality_check/decision_mock-2413970733-53b199c1-dec-000182_response.txt,quality_check,.txt,8463
quality_check/decision_mock-2413970733-53b199c1-dec-000183_request.txt,quality_check,.txt,13574
quality_check/decision_mock-2413970733-53b199c1-dec-000183_response.txt,quality_check,.txt,14159
quality_check/decision_mock-2413970733-53b199c1-dec-000183_retry1_request.txt,quality_check,.txt,13745
quality_check/decision_mock-2413970733-53b199c1-dec-000183_retry1_response.txt,quality_check,.txt,3852
quality_check/decision_mock-2413970733-53b199c1-dec-000184_request.txt,quality_check,.txt,15580
quality_check/decision_mock-2413970733-53b199c1-dec-000184_response.txt,quality_check,.txt,13897
quality_check/decision_mock-2413970733-53b199c1-dec-000185_request.txt,quality_check,.txt,14253
quality_check/decision_mock-2413970733-53b199c1-dec-000185_response.txt,quality_check,.txt,3985
quality_check/decision_mock-2413970733-53b199c1-dec-000186_request.txt,quality_check,.txt,13154
quality_check/decision_mock-2413970733-53b199c1-dec-000186_response.txt,quality_check,.txt,11671
quality_check/decision_mock-2413970733-53b199c1-dec-000187_request.txt,quality_check,.txt,12923
quality_check/decision_mock-2413970733-53b199c1-dec-000187_response.txt,quality_check,.txt,3680
quality_check/decision_mock-2413970733-53b199c1-dec-000188_request.txt,quality_check,.txt,14613
quality_check/decision_mock-2413970733-53b199c1-dec-000188_response.txt,quality_check,.txt,16045
quality_check/decision_mock-2413970733-53b199c1-dec-000189_request.txt,quality_check,.txt,13962
quality_check/decision_mock-2413970733-53b199c1-dec-000189_response.txt,quality_check,.txt,6512
quality_check/decision_mock-2413970733-53b199c1-dec-000190_request.txt,quality_check,.txt,14924
quality_check/decision_mock-2413970733-53b199c1-dec-000190_response.txt,quality_check,.txt,20763
quality_check/decision_mock-2413970733-53b199c1-dec-000191_request.txt,quality_check,.txt,14374
quality_check/decision_mock-2413970733-53b199c1-dec-000191_response.txt,quality_check,.txt,5804
quality_check/decision_mock-2413970733-53b199c1-dec-000192_request.txt,quality_check,.txt,15278
quality_check/decision_mock-2413970733-53b199c1-dec-000192_response.txt,quality_check,.txt,6762
quality_check/decision_mock-2413970733-53b199c1-dec-000193_request.txt,quality_check,.txt,15269
quality_check/decision_mock-2413970733-53b199c1-dec-000193_response.txt,quality_check,.txt,28625
quality_check/decision_mock-2413970733-53b199c1-dec-000194_request.txt,quality_check,.txt,14736
quality_check/decision_mock-2413970733-53b199c1-dec-000194_response.txt,quality_check,.txt,4177
quality_check/decision_mock-2413970733-53b199c1-dec-000195_request.txt,quality_check,.txt,15578
quality_check/decision_mock-2413970733-53b199c1-dec-000195_response.txt,quality_check,.txt,25005
quality_check/decision_mock-2413970733-53b199c1-dec-000196_request.txt,quality_check,.txt,16359
quality_check/decision_mock-2413970733-53b199c1-dec-000196_response.txt,quality_check,.txt,4487
quality_check/decision_mock-2413970733-53b199c1-dec-000197_request.txt,quality_check,.txt,16018
quality_check/decision_mock-2413970733-53b199c1-dec-000197_response.txt,quality_check,.txt,25401
quality_check/decision_mock-2413970733-53b199c1-dec-000198_request.txt,quality_check,.txt,15400
quality_check/decision_mock-2413970733-53b199c1-dec-000198_response.txt,quality_check,.txt,4188
quality_check/decision_mock-2413970733-53b199c1-dec-000199_request.txt,quality_check,.txt,16091
quality_check/decision_mock-2413970733-53b199c1-dec-000199_response.txt,quality_check,.txt,25591
quality_check/decision_mock-2413970733-53b199c1-dec-000200_request.txt,quality_check,.txt,17010
quality_check/decision_mock-2413970733-53b199c1-dec-000200_response.txt,quality_check,.txt,5828
quality_check/decision_mock-2413970733-53b199c1-dec-000201_request.txt,quality_check,.txt,16597
quality_check/decision_mock-2413970733-53b199c1-dec-000201_response.txt,quality_check,.txt,18587
quality_check/decision_mock-2413970733-53b199c1-dec-000202_request.txt,quality_check,.txt,16228
quality_check/decision_mock-2413970733-53b199c1-dec-000202_response.txt,quality_check,.txt,7397
quality_check/decision_mock-2413970733-53b199c1-dec-000203_request.txt,quality_check,.txt,17046
quality_check/decision_mock-2413970733-53b199c1-dec-000203_response.txt,quality_check,.txt,9534
quality_check/decision_mock-2413970733-53b199c1-dec-000204_request.txt,quality_check,.txt,16841
quality_check/decision_mock-2413970733-53b199c1-dec-000204_response.txt,quality_check,.txt,10157
quality_check/decision_mock-2413970733-53b199c1-dec-000205_request.txt,quality_check,.txt,17501
quality_check/decision_mock-2413970733-53b199c1-dec-000205_response.txt,quality_check,.txt,5851
quality_check/decision_mock-2413970733-53b199c1-dec-000206_request.txt,quality_check,.txt,18296
quality_check/decision_mock-2413970733-53b199c1-dec-000206_response.txt,quality_check,.txt,8427
quality_check/decision_mock-2413970733-53b199c1-dec-000207_request.txt,quality_check,.txt,18135
quality_check/decision_mock-2413970733-53b199c1-dec-000207_response.txt,quality_check,.txt,7872
quality_check/decision_mock-2413970733-53b199c1-dec-000208_request.txt,quality_check,.txt,16762
quality_check/decision_mock-2413970733-53b199c1-dec-000208_response.txt,quality_check,.txt,2612
quality_check/decision_mock-2413970733-53b199c1-dec-000209_request.txt,quality_check,.txt,18067
quality_check/decision_mock-2413970733-53b199c1-dec-000209_response.txt,quality_check,.txt,8499
quality_check/decision_mock-2413970733-53b199c1-dec-000210_request.txt,quality_check,.txt,15065
quality_check/decision_mock-2413970733-53b199c1-dec-000210_response.txt,quality_check,.txt,12626
quality_check/decision_mock-2413970733-53b199c1-dec-000211_request.txt,quality_check,.txt,16296
quality_check/decision_mock-2413970733-53b199c1-dec-000211_response.txt,quality_check,.txt,3823
quality_check/decision_mock-2413970733-53b199c1-dec-000212_request.txt,quality_check,.txt,15820
quality_check/decision_mock-2413970733-53b199c1-dec-000212_response.txt,quality_check,.txt,4180
quality_check/decision_mock-2413970733-53b199c1-dec-000212_retry1_request.txt,quality_check,.txt,15970
quality_check/decision_mock-2413970733-53b199c1-dec-000212_retry1_response.txt,quality_check,.txt,3625
quality_check/decision_mock-2413970733-53b199c1-dec-000213_request.txt,quality_check,.txt,15577
quality_check/decision_mock-2413970733-53b199c1-dec-000213_response.txt,quality_check,.txt,21057
quality_check/decision_mock-2413970733-53b199c1-dec-000214_request.txt,quality_check,.txt,15487
quality_check/decision_mock-2413970733-53b199c1-dec-000214_response.txt,quality_check,.txt,8585
quality_check/decision_mock-2413970733-53b199c1-dec-000215_request.txt,quality_check,.txt,15692
quality_check/decision_mock-2413970733-53b199c1-dec-000215_response.txt,quality_check,.txt,18577
quality_check/decision_mock-2413970733-53b199c1-dec-000216_request.txt,quality_check,.txt,15914
quality_check/decision_mock-2413970733-53b199c1-dec-000216_response.txt,quality_check,.txt,23867
quality_check/decision_mock-2413970733-53b199c1-dec-000217_request.txt,quality_check,.txt,15792
quality_check/decision_mock-2413970733-53b199c1-dec-000217_response.txt,quality_check,.txt,34538
quality_check/decision_mock-2413970733-53b199c1-dec-000218_request.txt,quality_check,.txt,15453
quality_check/decision_mock-2413970733-53b199c1-dec-000218_response.txt,quality_check,.txt,5931
quality_check/decision_mock-2413970733-53b199c1-dec-000219_request.txt,quality_check,.txt,15893
quality_check/decision_mock-2413970733-53b199c1-dec-000219_response.txt,quality_check,.txt,17672
quality_check/decision_mock-2413970733-53b199c1-dec-000220_request.txt,quality_check,.txt,15763
quality_check/decision_mock-2413970733-53b199c1-dec-000220_response.txt,quality_check,.txt,19201
quality_check/decision_mock-2413970733-53b199c1-dec-000221_request.txt,quality_check,.txt,16819
quality_check/decision_mock-2413970733-53b199c1-dec-000221_response.txt,quality_check,.txt,2710
quality_check/decision_mock-2413970733-53b199c1-dec-000222_request.txt,quality_check,.txt,15921
quality_check/decision_mock-2413970733-53b199c1-dec-000222_response.txt,quality_check,.txt,20081
quality_check/decision_mock-2413970733-53b199c1-dec-000223_request.txt,quality_check,.txt,16984
quality_check/decision_mock-2413970733-53b199c1-dec-000223_response.txt,quality_check,.txt,3626
quality_check/decision_mock-2413970733-53b199c1-dec-000224_request.txt,quality_check,.txt,16474
quality_check/decision_mock-2413970733-53b199c1-dec-000224_response.txt,quality_check,.txt,13325
quality_check/decision_mock-2413970733-53b199c1-dec-000225_request.txt,quality_check,.txt,16363
quality_check/decision_mock-2413970733-53b199c1-dec-000225_response.txt,quality_check,.txt,6043
quality_check/decision_mock-2413970733-53b199c1-dec-000226_request.txt,quality_check,.txt,17037
quality_check/decision_mock-2413970733-53b199c1-dec-000226_response.txt,quality_check,.txt,9517
quality_check/decision_mock-2413970733-53b199c1-dec-000227_request.txt,quality_check,.txt,18164
quality_check/decision_mock-2413970733-53b199c1-dec-000227_response.txt,quality_check,.txt,6096
quality_check/decision_mock-2413970733-53b199c1-dec-000228_request.txt,quality_check,.txt,17039
quality_check/decision_mock-2413970733-53b199c1-dec-000228_response.txt,quality_check,.txt,5770
quality_check/decision_mock-2413970733-53b199c1-dec-000229_request.txt,quality_check,.txt,16142
quality_check/decision_mock-2413970733-53b199c1-dec-000229_response.txt,quality_check,.txt,5683
quality_check/decision_mock-2413970733-53b199c1-dec-000230_request.txt,quality_check,.txt,16941
quality_check/decision_mock-2413970733-53b199c1-dec-000230_response.txt,quality_check,.txt,31885
quality_check/decision_mock-2413970733-53b199c1-dec-000231_request.txt,quality_check,.txt,18112
quality_check/decision_mock-2413970733-53b199c1-dec-000231_response.txt,quality_check,.txt,3348
quality_check/decision_mock-2413970733-53b199c1-dec-000232_request.txt,quality_check,.txt,17123
quality_check/decision_mock-2413970733-53b199c1-dec-000232_response.txt,quality_check,.txt,30917
quality_check/decision_mock-2413970733-53b199c1-dec-000233_request.txt,quality_check,.txt,17010
quality_check/decision_mock-2413970733-53b199c1-dec-000233_response.txt,quality_check,.txt,6632
quality_check/decision_mock-2413970733-53b199c1-dec-000234_request.txt,quality_check,.txt,17421
quality_check/decision_mock-2413970733-53b199c1-dec-000234_response.txt,quality_check,.txt,8736
quality_check/decision_mock-2413970733-53b199c1-dec-000235_request.txt,quality_check,.txt,17367
quality_check/decision_mock-2413970733-53b199c1-dec-000235_response.txt,quality_check,.txt,37216
quality_check/decision_mock-2413970733-53b199c1-dec-000236_request.txt,quality_check,.txt,18047
quality_check/decision_mock-2413970733-53b199c1-dec-000236_response.txt,quality_check,.txt,4539
quality_check/decision_mock-2413970733-53b199c1-dec-000237_request.txt,quality_check,.txt,17357
quality_check/decision_mock-2413970733-53b199c1-dec-000237_response.txt,quality_check,.txt,38759
quality_check/decision_mock-2413970733-53b199c1-dec-000238_request.txt,quality_check,.txt,18254
quality_check/decision_mock-2413970733-53b199c1-dec-000238_response.txt,quality_check,.txt,22472
quality_check/decision_mock-2413970733-53b199c1-dec-000239_request.txt,quality_check,.txt,17431
quality_check/decision_mock-2413970733-53b199c1-dec-000239_response.txt,quality_check,.txt,22699
quality_check/decision_mock-2413970733-53b199c1-dec-000240_request.txt,quality_check,.txt,19527
quality_check/decision_mock-2413970733-53b199c1-dec-000240_response.txt,quality_check,.txt,6733
quality_check/decision_mock-2413970733-53b199c1-dec-000241_request.txt,quality_check,.txt,18307
quality_check/decision_mock-2413970733-53b199c1-dec-000241_response.txt,quality_check,.txt,19053
quality_check/decision_mock-2413970733-53b199c1-dec-000242_request.txt,quality_check,.txt,18864
quality_check/decision_mock-2413970733-53b199c1-dec-000242_response.txt,quality_check,.txt,14858
quality_check/decision_mock-2413970733-53b199c1-dec-000243_request.txt,quality_check,.txt,18151
quality_check/decision_mock-2413970733-53b199c1-dec-000243_response.txt,quality_check,.txt,5980
quality_check/decision_mock-2413970733-53b199c1-dec-000244_request.txt,quality_check,.txt,19053
quality_check/decision_mock-2413970733-53b199c1-dec-000244_response.txt,quality_check,.txt,9245
quality_check/decision_mock-2413970733-53b199c1-dec-000245_request.txt,quality_check,.txt,18024
quality_check/decision_mock-2413970733-53b199c1-dec-000245_response.txt,quality_check,.txt,4285
quality_check/decision_mock-2413970733-53b199c1-dec-000246_request.txt,quality_check,.txt,17764
quality_check/decision_mock-2413970733-53b199c1-dec-000246_response.txt,quality_check,.txt,10939
quality_check/decision_mock-2413970733-53b199c1-dec-000247_request.txt,quality_check,.txt,18112
quality_check/decision_mock-2413970733-53b199c1-dec-000247_response.txt,quality_check,.txt,6732
quality_check/decision_mock-2413970733-53b199c1-dec-000248_request.txt,quality_check,.txt,18109
quality_check/decision_mock-2413970733-53b199c1-dec-000248_response.txt,quality_check,.txt,12851
quality_check/decision_mock-2413970733-53b199c1-dec-000249_request.txt,quality_check,.txt,17520
quality_check/decision_mock-2413970733-53b199c1-dec-000249_response.txt,quality_check,.txt,5429
quality_check/decision_mock-2413970733-53b199c1-dec-000250_request.txt,quality_check,.txt,18411
quality_check/decision_mock-2413970733-53b199c1-dec-000250_response.txt,quality_check,.txt,14937
quality_check/decision_mock-2413970733-53b199c1-dec-000251_request.txt,quality_check,.txt,18687
quality_check/decision_mock-2413970733-53b199c1-dec-000251_response.txt,quality_check,.txt,12156
quality_check/decision_mock-2413970733-53b199c1-dec-000252_request.txt,quality_check,.txt,18294
quality_check/decision_mock-2413970733-53b199c1-dec-000252_response.txt,quality_check,.txt,12140
quality_check/decision_mock-2413970733-53b199c1-dec-000253_request.txt,quality_check,.txt,20694
quality_check/decision_mock-2413970733-53b199c1-dec-000253_response.txt,quality_check,.txt,8329
quality_check/decision_mock-2413970733-53b199c1-dec-000254_request.txt,quality_check,.txt,20039
quality_check/decision_mock-2413970733-53b199c1-dec-000254_response.txt,quality_check,.txt,2621
quality_check/decision_mock-2413970733-53b199c1-dec-000255_request.txt,quality_check,.txt,19744
quality_check/decision_mock-2413970733-53b199c1-dec-000255_response.txt,quality_check,.txt,11300
quality_check/decision_mock-2413970733-53b199c1-dec-000256_request.txt,quality_check,.txt,19672
quality_check/decision_mock-2413970733-53b199c1-dec-000256_response.txt,quality_check,.txt,7487
quality_check/decision_mock-2413970733-53b199c1-dec-000257_request.txt,quality_check,.txt,20201
quality_check/decision_mock-2413970733-53b199c1-dec-000257_response.txt,quality_check,.txt,4629
quality_check/decision_mock-2413970733-53b199c1-dec-000258_request.txt,quality_check,.txt,18822
quality_check/decision_mock-2413970733-53b199c1-dec-000258_response.txt,quality_check,.txt,5950
quality_check/decision_mock-2413970733-53b199c1-dec-000259_request.txt,quality_check,.txt,17215
quality_check/decision_mock-2413970733-53b199c1-dec-000259_response.txt,quality_check,.txt,6256
quality_check/decision_mock-2413970733-53b199c1-dec-000260_request.txt,quality_check,.txt,15664
quality_check/decision_mock-2413970733-53b199c1-dec-000260_response.txt,quality_check,.txt,4324
quality_check/decision_mock-2413970733-53b199c1-dec-000261_request.txt,quality_check,.txt,16767
quality_check/decision_mock-2413970733-53b199c1-dec-000261_response.txt,quality_check,.txt,8384
quality_check/decision_mock-2413970733-53b199c1-dec-000262_request.txt,quality_check,.txt,15568
quality_check/decision_mock-2413970733-53b199c1-dec-000262_response.txt,quality_check,.txt,13041
quality_check/decision_mock-2413970733-53b199c1-dec-000263_request.txt,quality_check,.txt,15957
quality_check/decision_mock-2413970733-53b199c1-dec-000263_response.txt,quality_check,.txt,5531
quality_check/decision_mock-2413970733-53b199c1-dec-000264_request.txt,quality_check,.txt,15557
quality_check/decision_mock-2413970733-53b199c1-dec-000264_response.txt,quality_check,.txt,4807
quality_check/decision_mock-2413970733-53b199c1-dec-000265_request.txt,quality_check,.txt,15404
quality_check/decision_mock-2413970733-53b199c1-dec-000265_response.txt,quality_check,.txt,18517
quality_check/decision_mock-2413970733-53b199c1-dec-000266_request.txt,quality_check,.txt,15700
quality_check/decision_mock-2413970733-53b199c1-dec-000266_response.txt,quality_check,.txt,5859
quality_check/decision_mock-2413970733-53b199c1-dec-000267_request.txt,quality_check,.txt,15542
quality_check/decision_mock-2413970733-53b199c1-dec-000267_response.txt,quality_check,.txt,14117
quality_check/decision_mock-2413970733-53b199c1-dec-000268_request.txt,quality_check,.txt,14810
quality_check/decision_mock-2413970733-53b199c1-dec-000268_response.txt,quality_check,.txt,3540
quality_check/decision_mock-2413970733-53b199c1-dec-000269_request.txt,quality_check,.txt,15436
quality_check/decision_mock-2413970733-53b199c1-dec-000269_response.txt,quality_check,.txt,7170
quality_check/decision_mock-2413970733-53b199c1-dec-000270_request.txt,quality_check,.txt,16733
quality_check/decision_mock-2413970733-53b199c1-dec-000270_response.txt,quality_check,.txt,2396
quality_check/decision_mock-2413970733-53b199c1-dec-000271_request.txt,quality_check,.txt,15637
quality_check/decision_mock-2413970733-53b199c1-dec-000271_response.txt,quality_check,.txt,15486
quality_check/decision_mock-2413970733-53b199c1-dec-000272_request.txt,quality_check,.txt,15926
quality_check/decision_mock-2413970733-53b199c1-dec-000272_response.txt,quality_check,.txt,6555
quality_check/decision_mock-2413970733-53b199c1-dec-000273_request.txt,quality_check,.txt,15937
quality_check/decision_mock-2413970733-53b199c1-dec-000273_response.txt,quality_check,.txt,3112
quality_check/decision_mock-2413970733-53b199c1-dec-000274_request.txt,quality_check,.txt,18689
quality_check/decision_mock-2413970733-53b199c1-dec-000274_response.txt,quality_check,.txt,3436
quality_check/decision_mock-2413970733-53b199c1-dec-000275_request.txt,quality_check,.txt,18705
quality_check/decision_mock-2413970733-53b199c1-dec-000275_response.txt,quality_check,.txt,2451
quality_check/decision_mock-2413970733-53b199c1-dec-000276_request.txt,quality_check,.txt,16371
quality_check/decision_mock-2413970733-53b199c1-dec-000276_response.txt,quality_check,.txt,5999
quality_check/decision_mock-2413970733-53b199c1-dec-000277_request.txt,quality_check,.txt,15987
quality_check/decision_mock-2413970733-53b199c1-dec-000277_response.txt,quality_check,.txt,4428
quality_check/decision_mock-2413970733-53b199c1-dec-000278_request.txt,quality_check,.txt,13946
quality_check/decision_mock-2413970733-53b199c1-dec-000278_response.txt,quality_check,.txt,3355
quality_check/decision_mock-2413970733-53b199c1-dec-000279_request.txt,quality_check,.txt,14142
quality_check/decision_mock-2413970733-53b199c1-dec-000279_response.txt,quality_check,.txt,4427
quality_check/decision_mock-2413970733-53b199c1-dec-000280_request.txt,quality_check,.txt,15294
quality_check/decision_mock-2413970733-53b199c1-dec-000280_response.txt,quality_check,.txt,5297
quality_check/decision_mock-2413970733-53b199c1-dec-000281_request.txt,quality_check,.txt,14432
quality_check/decision_mock-2413970733-53b199c1-dec-000281_response.txt,quality_check,.txt,4110
quality_check/decision_mock-2413970733-53b199c1-dec-000282_request.txt,quality_check,.txt,13847
quality_check/decision_mock-2413970733-53b199c1-dec-000282_response.txt,quality_check,.txt,3728
quality_check/decision_mock-2413970733-53b199c1-dec-000283_request.txt,quality_check,.txt,14005
quality_check/decision_mock-2413970733-53b199c1-dec-000283_response.txt,quality_check,.txt,6372
quality_check/decision_mock-2413970733-53b199c1-dec-000284_request.txt,quality_check,.txt,14115
quality_check/decision_mock-2413970733-53b199c1-dec-000284_response.txt,quality_check,.txt,3640
quality_check/decision_mock-2413970733-53b199c1-dec-000285_request.txt,quality_check,.txt,13971
quality_check/decision_mock-2413970733-53b199c1-dec-000285_response.txt,quality_check,.txt,6131
quality_check/decision_mock-2413970733-53b199c1-dec-000286_request.txt,quality_check,.txt,13961
quality_check/decision_mock-2413970733-53b199c1-dec-000286_response.txt,quality_check,.txt,5033
quality_check/decision_mock-2413970733-53b199c1-dec-000287_request.txt,quality_check,.txt,13936
quality_check/decision_mock-2413970733-53b199c1-dec-000287_response.txt,quality_check,.txt,3723
quality_check/decision_mock-2413970733-53b199c1-dec-000288_request.txt,quality_check,.txt,13924
quality_check/decision_mock-2413970733-53b199c1-dec-000288_response.txt,quality_check,.txt,3354
quality_check/decision_mock-2413970733-53b199c1-dec-000289_request.txt,quality_check,.txt,14406
quality_check/decision_mock-2413970733-53b199c1-dec-000289_response.txt,quality_check,.txt,8259
quality_check/decision_mock-2413970733-53b199c1-dec-000290_request.txt,quality_check,.txt,17152
quality_check/decision_mock-2413970733-53b199c1-dec-000290_response.txt,quality_check,.txt,6385
quality_check/decision_mock-2413970733-53b199c1-dec-000291_request.txt,quality_check,.txt,16961
quality_check/decision_mock-2413970733-53b199c1-dec-000291_response.txt,quality_check,.txt,5781
quality_check/decision_mock-2413970733-53b199c1-dec-000292_request.txt,quality_check,.txt,16596
quality_check/decision_mock-2413970733-53b199c1-dec-000292_response.txt,quality_check,.txt,3532
quality_check/decision_mock-2413970733-53b199c1-dec-000293_request.txt,quality_check,.txt,16036
quality_check/decision_mock-2413970733-53b199c1-dec-000293_response.txt,quality_check,.txt,2581
quality_check/decision_mock-2413970733-53b199c1-dec-000294_request.txt,quality_check,.txt,15108
quality_check/decision_mock-2413970733-53b199c1-dec-000294_response.txt,quality_check,.txt,5852
quality_check/decision_mock-2413970733-53b199c1-dec-000295_request.txt,quality_check,.txt,14046
quality_check/decision_mock-2413970733-53b199c1-dec-000295_response.txt,quality_check,.txt,4040
quality_check/decision_mock-2413970733-53b199c1-dec-000296_request.txt,quality_check,.txt,12718
quality_check/decision_mock-2413970733-53b199c1-dec-000296_response.txt,quality_check,.txt,4306
quality_check/decision_mock-2413970733-53b199c1-dec-000297_request.txt,quality_check,.txt,14044
quality_check/decision_mock-2413970733-53b199c1-dec-000297_response.txt,quality_check,.txt,4094
quality_check/decision_mock-2413970733-53b199c1-dec-000298_request.txt,quality_check,.txt,13204
quality_check/decision_mock-2413970733-53b199c1-dec-000298_response.txt,quality_check,.txt,6084
quality_check/decision_mock-2413970733-53b199c1-dec-000299_request.txt,quality_check,.txt,12904
quality_check/decision_mock-2413970733-53b199c1-dec-000299_response.txt,quality_check,.txt,3716
quality_check/decision_mock-2413970733-53b199c1-dec-000300_request.txt,quality_check,.txt,13198
quality_check/decision_mock-2413970733-53b199c1-dec-000300_response.txt,quality_check,.txt,8621
quality_check/decision_mock-2413970733-53b199c1-dec-000301_request.txt,quality_check,.txt,13390
quality_check/decision_mock-2413970733-53b199c1-dec-000301_response.txt,quality_check,.txt,4008
quality_check/decision_mock-2413970733-53b199c1-dec-000302_request.txt,quality_check,.txt,13412
quality_check/decision_mock-2413970733-53b199c1-dec-000302_response.txt,quality_check,.txt,6802
quality_check/decision_mock-2413970733-53b199c1-dec-000302_retry1_request.txt,quality_check,.txt,13583
quality_check/decision_mock-2413970733-53b199c1-dec-000302_retry1_response.txt,quality_check,.txt,2792
quality_check/decision_mock-2413970733-53b199c1-dec-000303_request.txt,quality_check,.txt,14887
quality_check/decision_mock-2413970733-53b199c1-dec-000303_response.txt,quality_check,.txt,11103
quality_check/decision_mock-2413970733-53b199c1-dec-000304_request.txt,quality_check,.txt,13843
quality_check/decision_mock-2413970733-53b199c1-dec-000304_response.txt,quality_check,.txt,3584
quality_check/decision_mock-2413970733-53b199c1-dec-000305_request.txt,quality_check,.txt,15138
quality_check/decision_mock-2413970733-53b199c1-dec-000305_response.txt,quality_check,.txt,30359
quality_check/decision_mock-2413970733-53b199c1-dec-000306_request.txt,quality_check,.txt,14587
quality_check/decision_mock-2413970733-53b199c1-dec-000306_response.txt,quality_check,.txt,8571
quality_check/decision_mock-2413970733-53b199c1-dec-000307_request.txt,quality_check,.txt,14884
quality_check/decision_mock-2413970733-53b199c1-dec-000307_response.txt,quality_check,.txt,14078
quality_check/decision_mock-2413970733-53b199c1-dec-000308_request.txt,quality_check,.txt,15417
quality_check/decision_mock-2413970733-53b199c1-dec-000308_response.txt,quality_check,.txt,3438
quality_check/decision_mock-2413970733-53b199c1-dec-000309_request.txt,quality_check,.txt,15864
quality_check/decision_mock-2413970733-53b199c1-dec-000309_response.txt,quality_check,.txt,49671
quality_check/decision_mock-2413970733-53b199c1-dec-000310_request.txt,quality_check,.txt,16143
quality_check/decision_mock-2413970733-53b199c1-dec-000310_response.txt,quality_check,.txt,3456
quality_check/decision_mock-2413970733-53b199c1-dec-000311_request.txt,quality_check,.txt,16328
quality_check/decision_mock-2413970733-53b199c1-dec-000311_response.txt,quality_check,.txt,23919
quality_check/decision_mock-2413970733-53b199c1-dec-000312_request.txt,quality_check,.txt,15746
quality_check/decision_mock-2413970733-53b199c1-dec-000312_response.txt,quality_check,.txt,8935
quality_check/decision_mock-2413970733-53b199c1-dec-000313_request.txt,quality_check,.txt,16127
quality_check/decision_mock-2413970733-53b199c1-dec-000313_response.txt,quality_check,.txt,7657
quality_check/decision_mock-2413970733-53b199c1-dec-000314_request.txt,quality_check,.txt,16594
quality_check/decision_mock-2413970733-53b199c1-dec-000314_response.txt,quality_check,.txt,6159
quality_check/decision_mock-2413970733-53b199c1-dec-000314_retry1_request.txt,quality_check,.txt,17405
quality_check/decision_mock-2413970733-53b199c1-dec-000314_retry1_response.txt,quality_check,.txt,7303
quality_check/decision_mock-2413970733-53b199c1-dec-000315_request.txt,quality_check,.txt,16991
quality_check/decision_mock-2413970733-53b199c1-dec-000315_response.txt,quality_check,.txt,20437
quality_check/decision_mock-2413970733-53b199c1-dec-000316_request.txt,quality_check,.txt,17332
quality_check/decision_mock-2413970733-53b199c1-dec-000316_response.txt,quality_check,.txt,5876
quality_check/decision_mock-2413970733-53b199c1-dec-000317_request.txt,quality_check,.txt,17703
quality_check/decision_mock-2413970733-53b199c1-dec-000317_response.txt,quality_check,.txt,7331
quality_check/decision_mock-2413970733-53b199c1-dec-000318_request.txt,quality_check,.txt,17138
quality_check/decision_mock-2413970733-53b199c1-dec-000318_response.txt,quality_check,.txt,7665
quality_check/decision_mock-2413970733-53b199c1-dec-000319_request.txt,quality_check,.txt,17750
quality_check/decision_mock-2413970733-53b199c1-dec-000319_response.txt,quality_check,.txt,2809
quality_check/decision_mock-2413970733-53b199c1-dec-000320_request.txt,quality_check,.txt,16751
quality_check/decision_mock-2413970733-53b199c1-dec-000320_response.txt,quality_check,.txt,4661
quality_check/decision_mock-2413970733-53b199c1-dec-000320_retry1_request.txt,quality_check,.txt,16914
quality_check/decision_mock-2413970733-53b199c1-dec-000320_retry1_response.txt,quality_check,.txt,3636
quality_check/decision_mock-2413970733-53b199c1-dec-000321_request.txt,quality_check,.txt,17641
quality_check/decision_mock-2413970733-53b199c1-dec-000321_response.txt,quality_check,.txt,12128
quality_check/decision_mock-2413970733-53b199c1-dec-000322_request.txt,quality_check,.txt,17682
quality_check/decision_mock-2413970733-53b199c1-dec-000322_response.txt,quality_check,.txt,4305
quality_check/decision_mock-2413970733-53b199c1-dec-000323_request.txt,quality_check,.txt,17577
quality_check/decision_mock-2413970733-53b199c1-dec-000323_response.txt,quality_check,.txt,3197
quality_check/decision_mock-2413970733-53b199c1-dec-000324_request.txt,quality_check,.txt,17043
quality_check/decision_mock-2413970733-53b199c1-dec-000324_response.txt,quality_check,.txt,9092
quality_check/decision_mock-2413970733-53b199c1-dec-000325_request.txt,quality_check,.txt,16829
quality_check/decision_mock-2413970733-53b199c1-dec-000325_response.txt,quality_check,.txt,3891
quality_check/decision_mock-2413970733-53b199c1-dec-000326_request.txt,quality_check,.txt,15352
quality_check/decision_mock-2413970733-53b199c1-dec-000326_response.txt,quality_check,.txt,3637
quality_check/decision_mock-2413970733-53b199c1-dec-000327_request.txt,quality_check,.txt,14894
quality_check/decision_mock-2413970733-53b199c1-dec-000327_response.txt,quality_check,.txt,3448
quality_check/decision_mock-2413970733-53b199c1-dec-000328_request.txt,quality_check,.txt,15196
quality_check/decision_mock-2413970733-53b199c1-dec-000328_response.txt,quality_check,.txt,10596
quality_check/decision_mock-2413970733-53b199c1-dec-000329_request.txt,quality_check,.txt,17112
quality_check/decision_mock-2413970733-53b199c1-dec-000329_response.txt,quality_check,.txt,9351
quality_check/decision_mock-2413970733-53b199c1-dec-000330_request.txt,quality_check,.txt,15904
quality_check/decision_mock-2413970733-53b199c1-dec-000330_response.txt,quality_check,.txt,2400
quality_check/decision_mock-2413970733-53b199c1-dec-000331_request.txt,quality_check,.txt,14984
quality_check/decision_mock-2413970733-53b199c1-dec-000331_response.txt,quality_check,.txt,5847
quality_check/decision_mock-2413970733-53b199c1-dec-000332_request.txt,quality_check,.txt,14197
quality_check/decision_mock-2413970733-53b199c1-dec-000332_response.txt,quality_check,.txt,7903
quality_check/decision_mock-2413970733-53b199c1-dec-000333_request.txt,quality_check,.txt,15111
quality_check/decision_mock-2413970733-53b199c1-dec-000333_response.txt,quality_check,.txt,3879
quality_check/decision_mock-2413970733-53b199c1-dec-000334_request.txt,quality_check,.txt,15201
quality_check/decision_mock-2413970733-53b199c1-dec-000334_response.txt,quality_check,.txt,3906
quality_check/decision_mock-2413970733-53b199c1-dec-000335_request.txt,quality_check,.txt,11951
quality_check/decision_mock-2413970733-53b199c1-dec-000335_response.txt,quality_check,.txt,7249
quality_check/decision_mock-2413970733-53b199c1-dec-000336_request.txt,quality_check,.txt,14514
quality_check/decision_mock-2413970733-53b199c1-dec-000336_response.txt,quality_check,.txt,8063
quality_check/decision_mock-2413970733-53b199c1-dec-000337_request.txt,quality_check,.txt,13831
quality_check/decision_mock-2413970733-53b199c1-dec-000337_response.txt,quality_check,.txt,9734
quality_check/decision_mock-2413970733-53b199c1-dec-000338_request.txt,quality_check,.txt,13827
quality_check/decision_mock-2413970733-53b199c1-dec-000338_response.txt,quality_check,.txt,5064
quality_check/decision_mock-2413970733-53b199c1-dec-000339_request.txt,quality_check,.txt,15072
quality_check/decision_mock-2413970733-53b199c1-dec-000339_response.txt,quality_check,.txt,2851
quality_check/decision_mock-2413970733-53b199c1-dec-000340_request.txt,quality_check,.txt,15063
quality_check/decision_mock-2413970733-53b199c1-dec-000340_response.txt,quality_check,.txt,2491
quality_check/decision_mock-2413970733-53b199c1-dec-000341_request.txt,quality_check,.txt,15212
quality_check/decision_mock-2413970733-53b199c1-dec-000341_response.txt,quality_check,.txt,2436
quality_check/decision_mock-2413970733-53b199c1-dec-000342_request.txt,quality_check,.txt,14962
quality_check/decision_mock-2413970733-53b199c1-dec-000342_response.txt,quality_check,.txt,8992
quality_check/decision_mock-2413970733-53b199c1-dec-000343_request.txt,quality_check,.txt,15083
quality_check/decision_mock-2413970733-53b199c1-dec-000343_response.txt,quality_check,.txt,11719
quality_check/decision_mock-2413970733-53b199c1-dec-000344_request.txt,quality_check,.txt,15158
quality_check/decision_mock-2413970733-53b199c1-dec-000344_response.txt,quality_check,.txt,6015
quality_check/decision_mock-2413970733-53b199c1-dec-000345_request.txt,quality_check,.txt,12024
quality_check/decision_mock-2413970733-53b199c1-dec-000345_response.txt,quality_check,.txt,3394
quality_check/decision_mock-2413970733-53b199c1-dec-000346_request.txt,quality_check,.txt,12285
quality_check/decision_mock-2413970733-53b199c1-dec-000346_response.txt,quality_check,.txt,3635
quality_check/decision_mock-2413970733-53b199c1-dec-000347_request.txt,quality_check,.txt,13811
quality_check/decision_mock-2413970733-53b199c1-dec-000347_response.txt,quality_check,.txt,2755
quality_check/decision_mock-2413970733-53b199c1-dec-000348_request.txt,quality_check,.txt,12637
quality_check/decision_mock-2413970733-53b199c1-dec-000348_response.txt,quality_check,.txt,4203
quality_check/decision_mock-2413970733-53b199c1-dec-000349_request.txt,quality_check,.txt,12401
quality_check/decision_mock-2413970733-53b199c1-dec-000349_response.txt,quality_check,.txt,4550
quality_check/decision_mock-2413970733-53b199c1-dec-000350_request.txt,quality_check,.txt,13062
quality_check/decision_mock-2413970733-53b199c1-dec-000350_response.txt,quality_check,.txt,7699
quality_check/decision_mock-2413970733-53b199c1-dec-000350_retry1_request.txt,quality_check,.txt,13233
quality_check/decision_mock-2413970733-53b199c1-dec-000350_retry1_response.txt,quality_check,.txt,3657
quality_check/decision_mock-2413970733-53b199c1-dec-000351_request.txt,quality_check,.txt,14739
quality_check/decision_mock-2413970733-53b199c1-dec-000351_response.txt,quality_check,.txt,3110
quality_check/decision_mock-2413970733-53b199c1-dec-000352_request.txt,quality_check,.txt,16036
quality_check/decision_mock-2413970733-53b199c1-dec-000352_response.txt,quality_check,.txt,2663
quality_check/decision_mock-2413970733-53b199c1-dec-000353_request.txt,quality_check,.txt,15544
quality_check/decision_mock-2413970733-53b199c1-dec-000353_response.txt,quality_check,.txt,3332
quality_check/decision_mock-2413970733-53b199c1-dec-000354_request.txt,quality_check,.txt,12455
quality_check/decision_mock-2413970733-53b199c1-dec-000354_response.txt,quality_check,.txt,3460
quality_check/decision_mock-2413970733-53b199c1-dec-000355_request.txt,quality_check,.txt,12075
quality_check/decision_mock-2413970733-53b199c1-dec-000355_response.txt,quality_check,.txt,4050
quality_check/decision_mock-2413970733-53b199c1-dec-000356_request.txt,quality_check,.txt,13706
quality_check/decision_mock-2413970733-53b199c1-dec-000356_response.txt,quality_check,.txt,3699
quality_check/decision_mock-2413970733-53b199c1-dec-000357_request.txt,quality_check,.txt,13734
quality_check/decision_mock-2413970733-53b199c1-dec-000357_response.txt,quality_check,.txt,3172
quality_check/decision_mock-2413970733-53b199c1-dec-000358_request.txt,quality_check,.txt,13767
quality_check/decision_mock-2413970733-53b199c1-dec-000358_response.txt,quality_check,.txt,4053
quality_check/decision_mock-2413970733-53b199c1-dec-000359_request.txt,quality_check,.txt,12666
quality_check/decision_mock-2413970733-53b199c1-dec-000359_response.txt,quality_check,.txt,7599
quality_check/decision_mock-2413970733-53b199c1-dec-000360_request.txt,quality_check,.txt,17010
quality_check/decision_mock-2413970733-53b199c1-dec-000360_response.txt,quality_check,.txt,4798
quality_check/decision_mock-2413970733-53b199c1-dec-000361_request.txt,quality_check,.txt,15730
quality_check/decision_mock-2413970733-53b199c1-dec-000361_response.txt,quality_check,.txt,2440
quality_check/decision_mock-2413970733-53b199c1-dec-000362_request.txt,quality_check,.txt,15286
quality_check/decision_mock-2413970733-53b199c1-dec-000362_response.txt,quality_check,.txt,4681
quality_check/decision_mock-2413970733-53b199c1-dec-000363_request.txt,quality_check,.txt,13371
quality_check/decision_mock-2413970733-53b199c1-dec-000363_response.txt,quality_check,.txt,3599
quality_check/decision_mock-2413970733-53b199c1-dec-000364_request.txt,quality_check,.txt,12412
quality_check/decision_mock-2413970733-53b199c1-dec-000364_response.txt,quality_check,.txt,7253
quality_check/decision_mock-2413970733-53b199c1-dec-000365_request.txt,quality_check,.txt,12185
quality_check/decision_mock-2413970733-53b199c1-dec-000365_response.txt,quality_check,.txt,2509
quality_check/decision_mock-2413970733-53b199c1-dec-000366_request.txt,quality_check,.txt,14074
quality_check/decision_mock-2413970733-53b199c1-dec-000366_response.txt,quality_check,.txt,4722
quality_check/decision_mock-2413970733-53b199c1-dec-000367_request.txt,quality_check,.txt,14605
quality_check/decision_mock-2413970733-53b199c1-dec-000367_response.txt,quality_check,.txt,4698
quality_check/decision_mock-2413970733-53b199c1-dec-000367_retry1_request.txt,quality_check,.txt,14768
quality_check/decision_mock-2413970733-53b199c1-dec-000367_retry1_response.txt,quality_check,.txt,4388
quality_check/decision_mock-2413970733-53b199c1-dec-000368_request.txt,quality_check,.txt,15496
quality_check/decision_mock-2413970733-53b199c1-dec-000368_response.txt,quality_check,.txt,2382
quality_check/decision_mock-2413970733-53b199c1-dec-000369_request.txt,quality_check,.txt,15299
quality_check/decision_mock-2413970733-53b199c1-dec-000369_response.txt,quality_check,.txt,5582
quality_check/decision_mock-2413970733-53b199c1-dec-000370_request.txt,quality_check,.txt,13448
quality_check/decision_mock-2413970733-53b199c1-dec-000370_response.txt,quality_check,.txt,3730
quality_check/decision_mock-2413970733-53b199c1-dec-000371_request.txt,quality_check,.txt,13029
quality_check/decision_mock-2413970733-53b199c1-dec-000371_response.txt,quality_check,.txt,4927
quality_check/decision_mock-2413970733-53b199c1-dec-000372_request.txt,quality_check,.txt,13098
quality_check/decision_mock-2413970733-53b199c1-dec-000372_response.txt,quality_check,.txt,10135
quality_check/decision_mock-2413970733-53b199c1-dec-000373_request.txt,quality_check,.txt,14080
quality_check/decision_mock-2413970733-53b199c1-dec-000373_response.txt,quality_check,.txt,9324
quality_check/decision_mock-2413970733-53b199c1-dec-000374_request.txt,quality_check,.txt,13176
quality_check/decision_mock-2413970733-53b199c1-dec-000374_response.txt,quality_check,.txt,3510
quality_check/decision_mock-2413970733-53b199c1-dec-000375_request.txt,quality_check,.txt,13001
quality_check/decision_mock-2413970733-53b199c1-dec-000375_response.txt,quality_check,.txt,3799
quality_check/decision_mock-2413970733-53b199c1-dec-000376_request.txt,quality_check,.txt,13055
quality_check/decision_mock-2413970733-53b199c1-dec-000376_response.txt,quality_check,.txt,3918
quality_check/decision_mock-2413970733-53b199c1-dec-000377_request.txt,quality_check,.txt,13130
quality_check/decision_mock-2413970733-53b199c1-dec-000377_response.txt,quality_check,.txt,2669
quality_check/decision_mock-2413970733-53b199c1-dec-000378_request.txt,quality_check,.txt,13804
quality_check/decision_mock-2413970733-53b199c1-dec-000378_response.txt,quality_check,.txt,6064
quality_check/decision_mock-2413970733-53b199c1-dec-000379_request.txt,quality_check,.txt,13975
quality_check/decision_mock-2413970733-53b199c1-dec-000379_response.txt,quality_check,.txt,4214
quality_check/decision_mock-2413970733-53b199c1-dec-000380_request.txt,quality_check,.txt,14119
quality_check/decision_mock-2413970733-53b199c1-dec-000380_response.txt,quality_check,.txt,6162
quality_check/decision_mock-2413970733-53b199c1-dec-000381_request.txt,quality_check,.txt,16050
quality_check/decision_mock-2413970733-53b199c1-dec-000381_response.txt,quality_check,.txt,6073
quality_check/decision_mock-2413970733-53b199c1-dec-000382_request.txt,quality_check,.txt,15146
quality_check/decision_mock-2413970733-53b199c1-dec-000382_response.txt,quality_check,.txt,5931
quality_check/decision_mock-2413970733-53b199c1-dec-000383_request.txt,quality_check,.txt,17069
quality_check/decision_mock-2413970733-53b199c1-dec-000383_response.txt,quality_check,.txt,7007
quality_check/decision_mock-2413970733-53b199c1-dec-000383_retry1_request.txt,quality_check,.txt,17232
quality_check/decision_mock-2413970733-53b199c1-dec-000383_retry1_response.txt,quality_check,.txt,7209
quality_check/decision_mock-2413970733-53b199c1-dec-000384_request.txt,quality_check,.txt,14973
quality_check/decision_mock-2413970733-53b199c1-dec-000384_response.txt,quality_check,.txt,5333
quality_check/decision_mock-2413970733-53b199c1-dec-000385_request.txt,quality_check,.txt,15269
quality_check/decision_mock-2413970733-53b199c1-dec-000385_response.txt,quality_check,.txt,6500
quality_check/decision_mock-2413970733-53b199c1-dec-000386_request.txt,quality_check,.txt,15389
quality_check/decision_mock-2413970733-53b199c1-dec-000386_response.txt,quality_check,.txt,16577
quality_check/decision_mock-2413970733-53b199c1-dec-000387_request.txt,quality_check,.txt,15745
quality_check/decision_mock-2413970733-53b199c1-dec-000387_response.txt,quality_check,.txt,8248
quality_check/decision_mock-2413970733-53b199c1-dec-000388_request.txt,quality_check,.txt,16918
quality_check/decision_mock-2413970733-53b199c1-dec-000388_response.txt,quality_check,.txt,6432
quality_check/decision_mock-2413970733-53b199c1-dec-000389_request.txt,quality_check,.txt,16543
quality_check/decision_mock-2413970733-53b199c1-dec-000389_response.txt,quality_check,.txt,8608
quality_check/decision_mock-2413970733-53b199c1-dec-000390_request.txt,quality_check,.txt,18649
quality_check/decision_mock-2413970733-53b199c1-dec-000390_response.txt,quality_check,.txt,9455
quality_check/decision_mock-2413970733-53b199c1-dec-000391_request.txt,quality_check,.txt,18627
quality_check/decision_mock-2413970733-53b199c1-dec-000391_response.txt,quality_check,.txt,9019
quality_check/decision_mock-2413970733-53b199c1-dec-000392_request.txt,quality_check,.txt,18617
quality_check/decision_mock-2413970733-53b199c1-dec-000392_response.txt,quality_check,.txt,5780
quality_check/decision_mock-2413970733-53b199c1-dec-000393_request.txt,quality_check,.txt,17996
quality_check/decision_mock-2413970733-53b199c1-dec-000393_response.txt,quality_check,.txt,4099
quality_check/decision_mock-2413970733-53b199c1-dec-000394_request.txt,quality_check,.txt,17262
quality_check/decision_mock-2413970733-53b199c1-dec-000394_response.txt,quality_check,.txt,7158
quality_check/decision_mock-2413970733-53b199c1-dec-000395_request.txt,quality_check,.txt,17270
quality_check/decision_mock-2413970733-53b199c1-dec-000395_response.txt,quality_check,.txt,6332
quality_check/decision_mock-2413970733-53b199c1-dec-000396_request.txt,quality_check,.txt,15612
quality_check/decision_mock-2413970733-53b199c1-dec-000396_response.txt,quality_check,.txt,3942
quality_check/decision_mock-2413970733-53b199c1-dec-000397_request.txt,quality_check,.txt,14323
quality_check/decision_mock-2413970733-53b199c1-dec-000397_response.txt,quality_check,.txt,3355
quality_check/decision_mock-2413970733-53b199c1-dec-000398_request.txt,quality_check,.txt,15618
quality_check/decision_mock-2413970733-53b199c1-dec-000398_response.txt,quality_check,.txt,8051
quality_check/decision_mock-2413970733-53b199c1-dec-000399_request.txt,quality_check,.txt,14822
quality_check/decision_mock-2413970733-53b199c1-dec-000399_response.txt,quality_check,.txt,3667
quality_check/decision_mock-2413970733-53b199c1-dec-000400_request.txt,quality_check,.txt,14356
quality_check/decision_mock-2413970733-53b199c1-dec-000400_response.txt,quality_check,.txt,7239
quality_check/decision_mock-2413970733-53b199c1-dec-000401_request.txt,quality_check,.txt,14568
quality_check/decision_mock-2413970733-53b199c1-dec-000401_response.txt,quality_check,.txt,5465
quality_check/decision_mock-2413970733-53b199c1-dec-000402_request.txt,quality_check,.txt,15611
quality_check/decision_mock-2413970733-53b199c1-dec-000402_response.txt,quality_check,.txt,2655
quality_check/decision_mock-2413970733-53b199c1-dec-000403_request.txt,quality_check,.txt,15418
quality_check/decision_mock-2413970733-53b199c1-dec-000403_response.txt,quality_check,.txt,21108
quality_check/decision_mock-2413970733-53b199c1-dec-000403_retry1_request.txt,quality_check,.txt,15601
quality_check/decision_mock-2413970733-53b199c1-dec-000403_retry1_response.txt,quality_check,.txt,6761
quality_check/decision_mock-2413970733-53b199c1-dec-000404_request.txt,quality_check,.txt,15009
quality_check/decision_mock-2413970733-53b199c1-dec-000404_response.txt,quality_check,.txt,26627
quality_check/decision_mock-2413970733-53b199c1-dec-000405_request.txt,quality_check,.txt,14513
quality_check/decision_mock-2413970733-53b199c1-dec-000405_response.txt,quality_check,.txt,6984
quality_check/decision_mock-2413970733-53b199c1-dec-000406_request.txt,quality_check,.txt,14813
quality_check/decision_mock-2413970733-53b199c1-dec-000406_response.txt,quality_check,.txt,23926
quality_check/decision_mock-2413970733-53b199c1-dec-000407_request.txt,quality_check,.txt,15170
quality_check/decision_mock-2413970733-53b199c1-dec-000407_response.txt,quality_check,.txt,5584
quality_check/decision_mock-2413970733-53b199c1-dec-000408_request.txt,quality_check,.txt,15182
quality_check/decision_mock-2413970733-53b199c1-dec-000408_response.txt,quality_check,.txt,15927
quality_check/decision_mock-2413970733-53b199c1-dec-000409_request.txt,quality_check,.txt,15530
quality_check/decision_mock-2413970733-53b199c1-dec-000409_response.txt,quality_check,.txt,6314
quality_check/decision_mock-2413970733-53b199c1-dec-000410_request.txt,quality_check,.txt,15532
quality_check/decision_mock-2413970733-53b199c1-dec-000410_response.txt,quality_check,.txt,16709
quality_check/decision_mock-2413970733-53b199c1-dec-000411_request.txt,quality_check,.txt,16955
quality_check/decision_mock-2413970733-53b199c1-dec-000411_response.txt,quality_check,.txt,9401
quality_check/decision_mock-2413970733-53b199c1-dec-000412_request.txt,quality_check,.txt,16178
quality_check/decision_mock-2413970733-53b199c1-dec-000412_response.txt,quality_check,.txt,20596
quality_check/decision_mock-2413970733-53b199c1-dec-000413_request.txt,quality_check,.txt,16526
quality_check/decision_mock-2413970733-53b199c1-dec-000413_response.txt,quality_check,.txt,9208
quality_check/decision_mock-2413970733-53b199c1-dec-000414_request.txt,quality_check,.txt,16625
quality_check/decision_mock-2413970733-53b199c1-dec-000414_response.txt,quality_check,.txt,34587
quality_check/decision_mock-2413970733-53b199c1-dec-000415_request.txt,quality_check,.txt,18118
quality_check/decision_mock-2413970733-53b199c1-dec-000415_response.txt,quality_check,.txt,7245
quality_check/decision_mock-2413970733-53b199c1-dec-000416_request.txt,quality_check,.txt,17136
quality_check/decision_mock-2413970733-53b199c1-dec-000416_response.txt,quality_check,.txt,26689
quality_check/decision_mock-2413970733-53b199c1-dec-000417_request.txt,quality_check,.txt,17143
quality_check/decision_mock-2413970733-53b199c1-dec-000417_response.txt,quality_check,.txt,4711
quality_check/decision_mock-2413970733-53b199c1-dec-000418_request.txt,quality_check,.txt,17349
quality_check/decision_mock-2413970733-53b199c1-dec-000418_response.txt,quality_check,.txt,6190
quality_check/decision_mock-2413970733-53b199c1-dec-000419_request.txt,quality_check,.txt,18764
quality_check/decision_mock-2413970733-53b199c1-dec-000419_response.txt,quality_check,.txt,12196
quality_check/decision_mock-2413970733-53b199c1-dec-000420_request.txt,quality_check,.txt,18133
quality_check/decision_mock-2413970733-53b199c1-dec-000420_response.txt,quality_check,.txt,16316
quality_check/decision_mock-2413970733-53b199c1-dec-000421_request.txt,quality_check,.txt,19733
quality_check/decision_mock-2413970733-53b199c1-dec-000421_response.txt,quality_check,.txt,4286
quality_check/decision_mock-2413970733-53b199c1-dec-000422_request.txt,quality_check,.txt,18954
quality_check/decision_mock-2413970733-53b199c1-dec-000422_response.txt,quality_check,.txt,7644
quality_check/decision_mock-2413970733-53b199c1-dec-000423_request.txt,quality_check,.txt,18697
quality_check/decision_mock-2413970733-53b199c1-dec-000423_response.txt,quality_check,.txt,11603
quality_check/decision_mock-2413970733-53b199c1-dec-000424_request.txt,quality_check,.txt,19229
quality_check/decision_mock-2413970733-53b199c1-dec-000424_response.txt,quality_check,.txt,5139
quality_check/decision_mock-2413970733-53b199c1-dec-000425_request.txt,quality_check,.txt,21201
quality_check/decision_mock-2413970733-53b199c1-dec-000425_response.txt,quality_check,.txt,4481
quality_check/decision_mock-2413970733-53b199c1-dec-000426_request.txt,quality_check,.txt,21010
quality_check/decision_mock-2413970733-53b199c1-dec-000426_response.txt,quality_check,.txt,3578
quality_check/decision_mock-2413970733-53b199c1-dec-000427_request.txt,quality_check,.txt,18673
quality_check/decision_mock-2413970733-53b199c1-dec-000427_response.txt,quality_check,.txt,5707
quality_check/decision_mock-2413970733-53b199c1-dec-000428_request.txt,quality_check,.txt,17613
quality_check/decision_mock-2413970733-53b199c1-dec-000428_response.txt,quality_check,.txt,5721
quality_check/decision_mock-2413970733-53b199c1-dec-000429_request.txt,quality_check,.txt,18156
quality_check/decision_mock-2413970733-53b199c1-dec-000429_response.txt,quality_check,.txt,6753
quality_check/decision_mock-2413970733-53b199c1-dec-000430_request.txt,quality_check,.txt,17571
quality_check/decision_mock-2413970733-53b199c1-dec-000430_response.txt,quality_check,.txt,4006
quality_check/decision_mock-2413970733-53b199c1-dec-000431_request.txt,quality_check,.txt,17386
quality_check/decision_mock-2413970733-53b199c1-dec-000431_response.txt,quality_check,.txt,4317
quality_check/decision_mock-2413970733-53b199c1-dec-000432_request.txt,quality_check,.txt,16004
quality_check/decision_mock-2413970733-53b199c1-dec-000432_response.txt,quality_check,.txt,21691
quality_check/decision_mock-2413970733-53b199c1-dec-000433_request.txt,quality_check,.txt,16120
quality_check/decision_mock-2413970733-53b199c1-dec-000433_response.txt,quality_check,.txt,3760
quality_check/decision_mock-2413970733-53b199c1-dec-000434_request.txt,quality_check,.txt,15789
quality_check/decision_mock-2413970733-53b199c1-dec-000434_response.txt,quality_check,.txt,7348
quality_check/decision_mock-2413970733-53b199c1-dec-000435_request.txt,quality_check,.txt,16124
quality_check/decision_mock-2413970733-53b199c1-dec-000435_response.txt,quality_check,.txt,3375
quality_check/decision_mock-2413970733-53b199c1-dec-000436_request.txt,quality_check,.txt,15757
quality_check/decision_mock-2413970733-53b199c1-dec-000436_response.txt,quality_check,.txt,23381
quality_check/decision_mock-2413970733-53b199c1-dec-000437_request.txt,quality_check,.txt,16035
quality_check/decision_mock-2413970733-53b199c1-dec-000437_response.txt,quality_check,.txt,9862
quality_check/decision_mock-2413970733-53b199c1-dec-000438_request.txt,quality_check,.txt,16065
quality_check/decision_mock-2413970733-53b199c1-dec-000438_response.txt,quality_check,.txt,6900
quality_check/decision_mock-2413970733-53b199c1-dec-000439_request.txt,quality_check,.txt,16533
quality_check/decision_mock-2413970733-53b199c1-dec-000439_response.txt,quality_check,.txt,6286
quality_check/decision_mock-2413970733-53b199c1-dec-000439_retry1_request.txt,quality_check,.txt,17419
quality_check/decision_mock-2413970733-53b199c1-dec-000439_retry1_response.txt,quality_check,.txt,6573
quality_check/decision_mock-2413970733-53b199c1-dec-000440_request.txt,quality_check,.txt,16508
quality_check/decision_mock-2413970733-53b199c1-dec-000440_response.txt,quality_check,.txt,30687
quality_check/decision_mock-2413970733-53b199c1-dec-000441_request.txt,quality_check,.txt,17018
quality_check/decision_mock-2413970733-53b199c1-dec-000441_response.txt,quality_check,.txt,5569
quality_check/decision_mock-2413970733-53b199c1-dec-000442_request.txt,quality_check,.txt,16081
quality_check/decision_mock-2413970733-53b199c1-dec-000442_response.txt,quality_check,.txt,13029
quality_check/decision_mock-2413970733-53b199c1-dec-000443_request.txt,quality_check,.txt,18263
quality_check/decision_mock-2413970733-53b199c1-dec-000443_response.txt,quality_check,.txt,8423
quality_check/decision_mock-2413970733-53b199c1-dec-000444_request.txt,quality_check,.txt,16661
quality_check/decision_mock-2413970733-53b199c1-dec-000444_response.txt,quality_check,.txt,35058
quality_check/decision_mock-2413970733-53b199c1-dec-000445_request.txt,quality_check,.txt,18851
quality_check/decision_mock-2413970733-53b199c1-dec-000445_response.txt,quality_check,.txt,5753
quality_check/decision_mock-2413970733-53b199c1-dec-000446_request.txt,quality_check,.txt,17147
quality_check/decision_mock-2413970733-53b199c1-dec-000446_response.txt,quality_check,.txt,19773
quality_check/decision_mock-2413970733-53b199c1-dec-000447_request.txt,quality_check,.txt,17788
quality_check/decision_mock-2413970733-53b199c1-dec-000447_response.txt,quality_check,.txt,6274
quality_check/decision_mock-2413970733-53b199c1-dec-000448_request.txt,quality_check,.txt,17619
quality_check/decision_mock-2413970733-53b199c1-dec-000448_response.txt,quality_check,.txt,14624
quality_check/decision_mock-2413970733-53b199c1-dec-000449_request.txt,quality_check,.txt,18189
quality_check/decision_mock-2413970733-53b199c1-dec-000449_response.txt,quality_check,.txt,3814
quality_check/decision_mock-2413970733-53b199c1-dec-000450_request.txt,quality_check,.txt,17906
quality_check/decision_mock-2413970733-53b199c1-dec-000450_response.txt,quality_check,.txt,32941
quality_check/decision_mock-2413970733-53b199c1-dec-000451_request.txt,quality_check,.txt,18298
quality_check/decision_mock-2413970733-53b199c1-dec-000451_response.txt,quality_check,.txt,5705
quality_check/decision_mock-2413970733-53b199c1-dec-000452_request.txt,quality_check,.txt,18419
quality_check/decision_mock-2413970733-53b199c1-dec-000452_response.txt,quality_check,.txt,29252
quality_check/decision_mock-2413970733-53b199c1-dec-000453_request.txt,quality_check,.txt,18817
quality_check/decision_mock-2413970733-53b199c1-dec-000453_response.txt,quality_check,.txt,6907
quality_check/decision_mock-2413970733-53b199c1-dec-000454_request.txt,quality_check,.txt,18380
quality_check/decision_mock-2413970733-53b199c1-dec-000454_response.txt,quality_check,.txt,31228
quality_check/decision_mock-2413970733-53b199c1-dec-000454_retry1_request.txt,quality_check,.txt,18530
quality_check/decision_mock-2413970733-53b199c1-dec-000454_retry1_response.txt,quality_check,.txt,17000
quality_check/decision_mock-2413970733-53b199c1-dec-000455_request.txt,quality_check,.txt,20330
quality_check/decision_mock-2413970733-53b199c1-dec-000455_response.txt,quality_check,.txt,5323
quality_check/decision_mock-2413970733-53b199c1-dec-000456_request.txt,quality_check,.txt,18586
quality_check/decision_mock-2413970733-53b199c1-dec-000456_response.txt,quality_check,.txt,30071
quality_check/decision_mock-2413970733-53b199c1-dec-000457_request.txt,quality_check,.txt,18660
quality_check/decision_mock-2413970733-53b199c1-dec-000457_response.txt,quality_check,.txt,4745
quality_check/decision_mock-2413970733-53b199c1-dec-000458_request.txt,quality_check,.txt,18414
quality_check/decision_mock-2413970733-53b199c1-dec-000458_response.txt,quality_check,.txt,46181
quality_check/decision_mock-2413970733-53b199c1-dec-000459_request.txt,quality_check,.txt,18986
quality_check/decision_mock-2413970733-53b199c1-dec-000459_response.txt,quality_check,.txt,4045
quality_check/decision_mock-2413970733-53b199c1-dec-000460_request.txt,quality_check,.txt,18545
quality_check/decision_mock-2413970733-53b199c1-dec-000460_response.txt,quality_check,.txt,6471
quality_check/decision_mock-2413970733-53b199c1-dec-000461_request.txt,quality_check,.txt,18972
quality_check/decision_mock-2413970733-53b199c1-dec-000461_response.txt,quality_check,.txt,3707
quality_check/decision_mock-2413970733-53b199c1-dec-000462_request.txt,quality_check,.txt,18627
quality_check/decision_mock-2413970733-53b199c1-dec-000462_response.txt,quality_check,.txt,26029
quality_check/decision_mock-2413970733-53b199c1-dec-000463_request.txt,quality_check,.txt,18713
quality_check/decision_mock-2413970733-53b199c1-dec-000463_response.txt,quality_check,.txt,4458
quality_check/decision_mock-2413970733-53b199c1-dec-000464_request.txt,quality_check,.txt,18389
quality_check/decision_mock-2413970733-53b199c1-dec-000464_response.txt,quality_check,.txt,15429
quality_check/decision_mock-2413970733-53b199c1-dec-000465_request.txt,quality_check,.txt,20453
quality_check/decision_mock-2413970733-53b199c1-dec-000465_response.txt,quality_check,.txt,4671
quality_check/decision_mock-2413970733-53b199c1-dec-000466_request.txt,quality_check,.txt,18183
quality_check/decision_mock-2413970733-53b199c1-dec-000466_response.txt,quality_check,.txt,28987
quality_check/decision_mock-2413970733-53b199c1-dec-000467_request.txt,quality_check,.txt,18288
quality_check/decision_mock-2413970733-53b199c1-dec-000467_response.txt,quality_check,.txt,5453
quality_check/decision_mock-2413970733-53b199c1-dec-000468_request.txt,quality_check,.txt,18050
quality_check/decision_mock-2413970733-53b199c1-dec-000468_response.txt,quality_check,.txt,25697
quality_check/decision_mock-2413970733-53b199c1-dec-000469_request.txt,quality_check,.txt,17954
quality_check/decision_mock-2413970733-53b199c1-dec-000469_response.txt,quality_check,.txt,5529
quality_check/decision_mock-2413970733-53b199c1-dec-000470_request.txt,quality_check,.txt,17875
quality_check/decision_mock-2413970733-53b199c1-dec-000470_response.txt,quality_check,.txt,25581
quality_check/decision_mock-2413970733-53b199c1-dec-000471_request.txt,quality_check,.txt,17946
quality_check/decision_mock-2413970733-53b199c1-dec-000471_response.txt,quality_check,.txt,3655
quality_check/decision_mock-2413970733-53b199c1-dec-000472_request.txt,quality_check,.txt,17709
quality_check/decision_mock-2413970733-53b199c1-dec-000472_response.txt,quality_check,.txt,11183
quality_check/decision_mock-2413970733-53b199c1-dec-000473_request.txt,quality_check,.txt,17952
quality_check/decision_mock-2413970733-53b199c1-dec-000473_response.txt,quality_check,.txt,6713
quality_check/decision_mock-2413970733-53b199c1-dec-000474_request.txt,quality_check,.txt,17706
quality_check/decision_mock-2413970733-53b199c1-dec-000474_response.txt,quality_check,.txt,6041
quality_check/decision_mock-2413970733-53b199c1-dec-000475_request.txt,quality_check,.txt,19699
quality_check/decision_mock-2413970733-53b199c1-dec-000475_response.txt,quality_check,.txt,5302
quality_check/decision_mock-2413970733-53b199c1-dec-000476_request.txt,quality_check,.txt,17529
quality_check/decision_mock-2413970733-53b199c1-dec-000476_response.txt,quality_check,.txt,18174
quality_check/decision_mock-2413970733-53b199c1-dec-000477_request.txt,quality_check,.txt,17730
quality_check/decision_mock-2413970733-53b199c1-dec-000477_response.txt,quality_check,.txt,4076
quality_check/decision_mock-2413970733-53b199c1-dec-000478_request.txt,quality_check,.txt,17452
quality_check/decision_mock-2413970733-53b199c1-dec-000478_response.txt,quality_check,.txt,19125
quality_check/decision_mock-2413970733-53b199c1-dec-000479_request.txt,quality_check,.txt,17578
quality_check/decision_mock-2413970733-53b199c1-dec-000479_response.txt,quality_check,.txt,3196
quality_check/decision_mock-2413970733-53b199c1-dec-000480_request.txt,quality_check,.txt,17248
quality_check/decision_mock-2413970733-53b199c1-dec-000480_response.txt,quality_check,.txt,29431
quality_check/decision_mock-2413970733-53b199c1-dec-000481_request.txt,quality_check,.txt,19427
quality_check/decision_mock-2413970733-53b199c1-dec-000481_response.txt,quality_check,.txt,3707
quality_check/decision_mock-2413970733-53b199c1-dec-000482_request.txt,quality_check,.txt,17252
quality_check/decision_mock-2413970733-53b199c1-dec-000482_response.txt,quality_check,.txt,10093
quality_check/decision_mock-2413970733-53b199c1-dec-000483_request.txt,quality_check,.txt,20543
quality_check/decision_mock-2413970733-53b199c1-dec-000483_response.txt,quality_check,.txt,6670
quality_check/decision_mock-2413970733-53b199c1-dec-000484_request.txt,quality_check,.txt,19299
quality_check/decision_mock-2413970733-53b199c1-dec-000484_response.txt,quality_check,.txt,2509
quality_check/decision_mock-2413970733-53b199c1-dec-000485_request.txt,quality_check,.txt,19286
quality_check/decision_mock-2413970733-53b199c1-dec-000485_response.txt,quality_check,.txt,5619
quality_check/decision_mock-2413970733-53b199c1-dec-000486_request.txt,quality_check,.txt,17693
quality_check/decision_mock-2413970733-53b199c1-dec-000486_response.txt,quality_check,.txt,3855
quality_check/decision_mock-2413970733-53b199c1-dec-000487_request.txt,quality_check,.txt,17375
quality_check/decision_mock-2413970733-53b199c1-dec-000487_response.txt,quality_check,.txt,3866
quality_check/decision_mock-2413970733-53b199c1-dec-000488_request.txt,quality_check,.txt,15600
quality_check/decision_mock-2413970733-53b199c1-dec-000488_response.txt,quality_check,.txt,19397
quality_check/decision_mock-2413970733-53b199c1-dec-000489_request.txt,quality_check,.txt,16012
quality_check/decision_mock-2413970733-53b199c1-dec-000489_response.txt,quality_check,.txt,5514
quality_check/decision_mock-2413970733-53b199c1-dec-000490_request.txt,quality_check,.txt,15666
quality_check/decision_mock-2413970733-53b199c1-dec-000490_response.txt,quality_check,.txt,6254
quality_check/decision_mock-2413970733-53b199c1-dec-000491_request.txt,quality_check,.txt,17630
quality_check/decision_mock-2413970733-53b199c1-dec-000491_response.txt,quality_check,.txt,2558
quality_check/decision_mock-2413970733-53b199c1-dec-000492_request.txt,quality_check,.txt,15753
quality_check/decision_mock-2413970733-53b199c1-dec-000492_response.txt,quality_check,.txt,16523
quality_check/decision_mock-2413970733-53b199c1-dec-000493_request.txt,quality_check,.txt,17603
quality_check/decision_mock-2413970733-53b199c1-dec-000493_response.txt,quality_check,.txt,2282
quality_check/decision_mock-2413970733-53b199c1-dec-000494_request.txt,quality_check,.txt,15835
quality_check/decision_mock-2413970733-53b199c1-dec-000494_response.txt,quality_check,.txt,5967
quality_check/decision_mock-2413970733-53b199c1-dec-000495_request.txt,quality_check,.txt,16392
quality_check/decision_mock-2413970733-53b199c1-dec-000495_response.txt,quality_check,.txt,3902
quality_check/decision_mock-2413970733-53b199c1-dec-000496_request.txt,quality_check,.txt,15907
quality_check/decision_mock-2413970733-53b199c1-dec-000496_response.txt,quality_check,.txt,5706
quality_check/decision_mock-2413970733-53b199c1-dec-000497_request.txt,quality_check,.txt,16248
quality_check/decision_mock-2413970733-53b199c1-dec-000497_response.txt,quality_check,.txt,3504
quality_check/decision_mock-2413970733-53b199c1-dec-000498_request.txt,quality_check,.txt,15748
quality_check/decision_mock-2413970733-53b199c1-dec-000498_response.txt,quality_check,.txt,10427
quality_check/decision_mock-2413970733-53b199c1-dec-000499_request.txt,quality_check,.txt,16375
quality_check/decision_mock-2413970733-53b199c1-dec-000499_response.txt,quality_check,.txt,3744
quality_check/decision_mock-2413970733-53b199c1-dec-000500_request.txt,quality_check,.txt,16102
quality_check/decision_mock-2413970733-53b199c1-dec-000500_response.txt,quality_check,.txt,15499
quality_check/decision_mock-2413970733-53b199c1-dec-000501_request.txt,quality_check,.txt,18291
quality_check/decision_mock-2413970733-53b199c1-dec-000501_response.txt,quality_check,.txt,2792
quality_check/decision_mock-2413970733-53b199c1-dec-000502_request.txt,quality_check,.txt,18656
quality_check/decision_mock-2413970733-53b199c1-dec-000502_response.txt,quality_check,.txt,6606
quality_check/decision_mock-2413970733-53b199c1-dec-000503_request.txt,quality_check,.txt,18700
quality_check/decision_mock-2413970733-53b199c1-dec-000503_response.txt,quality_check,.txt,3296
quality_check/decision_mock-2413970733-53b199c1-dec-000504_request.txt,quality_check,.txt,18587
quality_check/decision_mock-2413970733-53b199c1-dec-000504_response.txt,quality_check,.txt,4319
quality_check/decision_mock-2413970733-53b199c1-dec-000505_request.txt,quality_check,.txt,18551
quality_check/decision_mock-2413970733-53b199c1-dec-000505_response.txt,quality_check,.txt,3788
quality_check/decision_mock-2413970733-53b199c1-dec-000506_request.txt,quality_check,.txt,17477
quality_check/decision_mock-2413970733-53b199c1-dec-000506_response.txt,quality_check,.txt,4421
quality_check/decision_mock-2413970733-53b199c1-dec-000507_request.txt,quality_check,.txt,15987
quality_check/decision_mock-2413970733-53b199c1-dec-000507_response.txt,quality_check,.txt,25454
quality_check/decision_mock-2413970733-53b199c1-dec-000508_request.txt,quality_check,.txt,15821
quality_check/decision_mock-2413970733-53b199c1-dec-000508_response.txt,quality_check,.txt,8805
quality_check/decision_mock-2413970733-53b199c1-dec-000509_request.txt,quality_check,.txt,17181
quality_check/decision_mock-2413970733-53b199c1-dec-000509_response.txt,quality_check,.txt,4523
quality_check/decision_mock-2413970733-53b199c1-dec-000510_request.txt,quality_check,.txt,15810
quality_check/decision_mock-2413970733-53b199c1-dec-000510_response.txt,quality_check,.txt,27820
quality_check/decision_mock-2413970733-53b199c1-dec-000511_request.txt,quality_check,.txt,17195
quality_check/decision_mock-2413970733-53b199c1-dec-000511_response.txt,quality_check,.txt,4434
quality_check/decision_mock-2413970733-53b199c1-dec-000512_request.txt,quality_check,.txt,15814
quality_check/decision_mock-2413970733-53b199c1-dec-000512_response.txt,quality_check,.txt,35026
quality_check/decision_mock-2413970733-53b199c1-dec-000513_request.txt,quality_check,.txt,16096
quality_check/decision_mock-2413970733-53b199c1-dec-000513_response.txt,quality_check,.txt,3811
quality_check/decision_mock-2413970733-53b199c1-dec-000514_request.txt,quality_check,.txt,15966
quality_check/decision_mock-2413970733-53b199c1-dec-000514_response.txt,quality_check,.txt,13540
quality_check/decision_mock-2413970733-53b199c1-dec-000515_request.txt,quality_check,.txt,17102
quality_check/decision_mock-2413970733-53b199c1-dec-000515_response.txt,quality_check,.txt,10136
quality_check/decision_mock-2413970733-53b199c1-dec-000516_request.txt,quality_check,.txt,16504
quality_check/decision_mock-2413970733-53b199c1-dec-000516_response.txt,quality_check,.txt,17940
quality_check/decision_mock-2413970733-53b199c1-dec-000517_request.txt,quality_check,.txt,16484
quality_check/decision_mock-2413970733-53b199c1-dec-000517_response.txt,quality_check,.txt,21544
quality_check/decision_mock-2413970733-53b199c1-dec-000518_request.txt,quality_check,.txt,16451
quality_check/decision_mock-2413970733-53b199c1-dec-000518_response.txt,quality_check,.txt,5983
quality_check/decision_mock-2413970733-53b199c1-dec-000519_request.txt,quality_check,.txt,16678
quality_check/decision_mock-2413970733-53b199c1-dec-000519_response.txt,quality_check,.txt,8562
quality_check/decision_mock-2413970733-53b199c1-dec-000520_request.txt,quality_check,.txt,16806
quality_check/decision_mock-2413970733-53b199c1-dec-000520_response.txt,quality_check,.txt,5169
quality_check/decision_mock-2413970733-53b199c1-dec-000521_request.txt,quality_check,.txt,17051
quality_check/decision_mock-2413970733-53b199c1-dec-000521_response.txt,quality_check,.txt,5913
quality_check/decision_mock-2413970733-53b199c1-dec-000522_request.txt,quality_check,.txt,17180
quality_check/decision_mock-2413970733-53b199c1-dec-000522_response.txt,quality_check,.txt,4656
quality_check/decision_mock-2413970733-53b199c1-dec-000523_request.txt,quality_check,.txt,17335
quality_check/decision_mock-2413970733-53b199c1-dec-000523_response.txt,quality_check,.txt,12273
quality_check/decision_mock-2413970733-53b199c1-dec-000524_request.txt,quality_check,.txt,19757
quality_check/decision_mock-2413970733-53b199c1-dec-000524_response.txt,quality_check,.txt,5415
quality_check/decision_mock-2413970733-53b199c1-dec-000525_request.txt,quality_check,.txt,19316
quality_check/decision_mock-2413970733-53b199c1-dec-000525_response.txt,quality_check,.txt,3812
quality_check/decision_mock-2413970733-53b199c1-dec-000526_request.txt,quality_check,.txt,17985
quality_check/decision_mock-2413970733-53b199c1-dec-000526_response.txt,quality_check,.txt,5601
quality_check/decision_mock-2413970733-53b199c1-dec-000527_request.txt,quality_check,.txt,16468
quality_check/decision_mock-2413970733-53b199c1-dec-000527_response.txt,quality_check,.txt,21086
quality_check/decision_mock-2413970733-53b199c1-dec-000528_request.txt,quality_check,.txt,16285
quality_check/decision_mock-2413970733-53b199c1-dec-000528_response.txt,quality_check,.txt,3676
quality_check/decision_mock-2413970733-53b199c1-dec-000529_request.txt,quality_check,.txt,16335
quality_check/decision_mock-2413970733-53b199c1-dec-000529_response.txt,quality_check,.txt,6210
quality_check/decision_mock-2413970733-53b199c1-dec-000530_request.txt,quality_check,.txt,16047
quality_check/decision_mock-2413970733-53b199c1-dec-000530_response.txt,quality_check,.txt,8438
quality_check/decision_mock-2413970733-53b199c1-dec-000531_request.txt,quality_check,.txt,16409
quality_check/decision_mock-2413970733-53b199c1-dec-000531_response.txt,quality_check,.txt,6940
quality_check/decision_mock-2413970733-53b199c1-dec-000532_request.txt,quality_check,.txt,16219
quality_check/decision_mock-2413970733-53b199c1-dec-000532_response.txt,quality_check,.txt,4324
quality_check/decision_mock-2413970733-53b199c1-dec-000533_request.txt,quality_check,.txt,16181
quality_check/decision_mock-2413970733-53b199c1-dec-000533_response.txt,quality_check,.txt,14498
quality_check/decision_mock-2413970733-53b199c1-dec-000534_request.txt,quality_check,.txt,17041
quality_check/decision_mock-2413970733-53b199c1-dec-000534_response.txt,quality_check,.txt,5038
quality_check/decision_mock-2413970733-53b199c1-dec-000535_request.txt,quality_check,.txt,16284
quality_check/decision_mock-2413970733-53b199c1-dec-000535_response.txt,quality_check,.txt,8054
quality_check/decision_mock-2413970733-53b199c1-dec-000536_request.txt,quality_check,.txt,15997
quality_check/decision_mock-2413970733-53b199c1-dec-000536_response.txt,quality_check,.txt,6278
quality_check/decision_mock-2413970733-53b199c1-dec-000537_request.txt,quality_check,.txt,16257
quality_check/decision_mock-2413970733-53b199c1-dec-000537_response.txt,quality_check,.txt,14407
quality_check/decision_mock-2413970733-53b199c1-dec-000538_request.txt,quality_check,.txt,16339
quality_check/decision_mock-2413970733-53b199c1-dec-000538_response.txt,quality_check,.txt,6714
quality_check/decision_mock-2413970733-53b199c1-dec-000538_retry1_request.txt,quality_check,.txt,17251
quality_check/decision_mock-2413970733-53b199c1-dec-000538_retry1_response.txt,quality_check,.txt,7206
quality_check/decision_mock-2413970733-53b199c1-dec-000539_request.txt,quality_check,.txt,16619
quality_check/decision_mock-2413970733-53b199c1-dec-000539_response.txt,quality_check,.txt,25042
quality_check/decision_mock-2413970733-53b199c1-dec-000540_request.txt,quality_check,.txt,16871
quality_check/decision_mock-2413970733-53b199c1-dec-000540_response.txt,quality_check,.txt,7742
quality_check/decision_mock-2413970733-53b199c1-dec-000541_request.txt,quality_check,.txt,16221
quality_check/decision_mock-2413970733-53b199c1-dec-000541_response.txt,quality_check,.txt,21944
quality_check/decision_mock-2413970733-53b199c1-dec-000542_request.txt,quality_check,.txt,17048
quality_check/decision_mock-2413970733-53b199c1-dec-000542_response.txt,quality_check,.txt,10338
quality_check/decision_mock-2413970733-53b199c1-dec-000543_request.txt,quality_check,.txt,16707
quality_check/decision_mock-2413970733-53b199c1-dec-000543_response.txt,quality_check,.txt,45368
quality_check/decision_mock-2413970733-53b199c1-dec-000544_request.txt,quality_check,.txt,17192
quality_check/decision_mock-2413970733-53b199c1-dec-000544_response.txt,quality_check,.txt,6501
quality_check/decision_mock-2413970733-53b199c1-dec-000545_request.txt,quality_check,.txt,17274
quality_check/decision_mock-2413970733-53b199c1-dec-000545_response.txt,quality_check,.txt,19183
quality_check/decision_mock-2413970733-53b199c1-dec-000546_request.txt,quality_check,.txt,18630
quality_check/decision_mock-2413970733-53b199c1-dec-000546_response.txt,quality_check,.txt,14694
quality_check/decision_mock-2413970733-53b199c1-dec-000547_request.txt,quality_check,.txt,18153
quality_check/decision_mock-2413970733-53b199c1-dec-000547_response.txt,quality_check,.txt,20889
quality_check/decision_mock-2413970733-53b199c1-dec-000548_request.txt,quality_check,.txt,19602
quality_check/decision_mock-2413970733-53b199c1-dec-000548_response.txt,quality_check,.txt,3411
quality_check/decision_mock-2413970733-53b199c1-dec-000549_request.txt,quality_check,.txt,18192
quality_check/decision_mock-2413970733-53b199c1-dec-000549_response.txt,quality_check,.txt,16938
quality_check/decision_mock-2413970733-53b199c1-dec-000550_request.txt,quality_check,.txt,18330
quality_check/decision_mock-2413970733-53b199c1-dec-000550_response.txt,quality_check,.txt,4751
quality_check/decision_mock-2413970733-53b199c1-dec-000551_request.txt,quality_check,.txt,17933
quality_check/decision_mock-2413970733-53b199c1-dec-000551_response.txt,quality_check,.txt,21292
quality_check/decision_mock-2413970733-53b199c1-dec-000552_request.txt,quality_check,.txt,17942
quality_check/decision_mock-2413970733-53b199c1-dec-000552_response.txt,quality_check,.txt,7533
quality_check/decision_mock-2413970733-53b199c1-dec-000553_request.txt,quality_check,.txt,18125
quality_check/decision_mock-2413970733-53b199c1-dec-000553_response.txt,quality_check,.txt,8951
quality_check/decision_mock-2413970733-53b199c1-dec-000554_request.txt,quality_check,.txt,18472
quality_check/decision_mock-2413970733-53b199c1-dec-000554_response.txt,quality_check,.txt,6475
quality_check/decision_mock-2413970733-53b199c1-dec-000555_request.txt,quality_check,.txt,18399
quality_check/decision_mock-2413970733-53b199c1-dec-000555_response.txt,quality_check,.txt,11302
quality_check/decision_mock-2413970733-53b199c1-dec-000556_request.txt,quality_check,.txt,18852
quality_check/decision_mock-2413970733-53b199c1-dec-000556_response.txt,quality_check,.txt,3814
quality_check/decision_mock-2413970733-53b199c1-dec-000557_request.txt,quality_check,.txt,17975
quality_check/decision_mock-2413970733-53b199c1-dec-000557_response.txt,quality_check,.txt,15436
quality_check/decision_mock-2413970733-53b199c1-dec-000558_request.txt,quality_check,.txt,20054
quality_check/decision_mock-2413970733-53b199c1-dec-000558_response.txt,quality_check,.txt,5563
quality_check/decision_mock-2413970733-53b199c1-dec-000559_request.txt,quality_check,.txt,20040
quality_check/decision_mock-2413970733-53b199c1-dec-000559_response.txt,quality_check,.txt,6229
quality_check/decision_mock-2413970733-53b199c1-dec-000560_request.txt,quality_check,.txt,19656
quality_check/decision_mock-2413970733-53b199c1-dec-000560_response.txt,quality_check,.txt,10770
quality_check/decision_mock-2413970733-53b199c1-dec-000561_request.txt,quality_check,.txt,18423
quality_check/decision_mock-2413970733-53b199c1-dec-000561_response.txt,quality_check,.txt,5315
quality_check/decision_mock-2413970733-53b199c1-dec-000562_request.txt,quality_check,.txt,16560
quality_check/decision_mock-2413970733-53b199c1-dec-000562_response.txt,quality_check,.txt,38088
quality_check/decision_mock-2413970733-53b199c1-dec-000563_request.txt,quality_check,.txt,16600
quality_check/decision_mock-2413970733-53b199c1-dec-000563_response.txt,quality_check,.txt,4496
quality_check/decision_mock-2413970733-53b199c1-dec-000564_request.txt,quality_check,.txt,16321
quality_check/decision_mock-2413970733-53b199c1-dec-000564_response.txt,quality_check,.txt,7773
quality_check/decision_mock-2413970733-53b199c1-dec-000565_request.txt,quality_check,.txt,16314
quality_check/decision_mock-2413970733-53b199c1-dec-000565_response.txt,quality_check,.txt,19929
quality_check/decision_mock-2413970733-53b199c1-dec-000566_request.txt,quality_check,.txt,17783
quality_check/decision_mock-2413970733-53b199c1-dec-000566_response.txt,quality_check,.txt,3544
quality_check/decision_mock-2413970733-53b199c1-dec-000567_request.txt,quality_check,.txt,16274
quality_check/decision_mock-2413970733-53b199c1-dec-000567_response.txt,quality_check,.txt,33378
quality_check/decision_mock-2413970733-53b199c1-dec-000568_request.txt,quality_check,.txt,16664
quality_check/decision_mock-2413970733-53b199c1-dec-000568_response.txt,quality_check,.txt,4577
quality_check/decision_mock-2413970733-53b199c1-dec-000569_request.txt,quality_check,.txt,16288
quality_check/decision_mock-2413970733-53b199c1-dec-000569_response.txt,quality_check,.txt,18607
quality_check/decision_mock-2413970733-53b199c1-dec-000570_request.txt,quality_check,.txt,16356
quality_check/decision_mock-2413970733-53b199c1-dec-000570_response.txt,quality_check,.txt,5702
quality_check/decision_mock-2413970733-53b199c1-dec-000571_request.txt,quality_check,.txt,16185
quality_check/decision_mock-2413970733-53b199c1-dec-000571_response.txt,quality_check,.txt,28050
quality_check/decision_mock-2413970733-53b199c1-dec-000572_request.txt,quality_check,.txt,16635
quality_check/decision_mock-2413970733-53b199c1-dec-000572_response.txt,quality_check,.txt,6459
quality_check/decision_mock-2413970733-53b199c1-dec-000573_request.txt,quality_check,.txt,16230
quality_check/decision_mock-2413970733-53b199c1-dec-000573_response.txt,quality_check,.txt,21598
quality_check/decision_mock-2413970733-53b199c1-dec-000574_request.txt,quality_check,.txt,17651
quality_check/decision_mock-2413970733-53b199c1-dec-000574_response.txt,quality_check,.txt,2337
quality_check/decision_mock-2413970733-53b199c1-dec-000575_request.txt,quality_check,.txt,16239
quality_check/decision_mock-2413970733-53b199c1-dec-000575_response.txt,quality_check,.txt,9673
quality_check/decision_mock-2413970733-53b199c1-dec-000576_request.txt,quality_check,.txt,17741
quality_check/decision_mock-2413970733-53b199c1-dec-000576_response.txt,quality_check,.txt,5095
quality_check/decision_mock-2413970733-53b199c1-dec-000577_request.txt,quality_check,.txt,16706
quality_check/decision_mock-2413970733-53b199c1-dec-000577_response.txt,quality_check,.txt,12666
quality_check/decision_mock-2413970733-53b199c1-dec-000578_request.txt,quality_check,.txt,16804
quality_check/decision_mock-2413970733-53b199c1-dec-000578_response.txt,quality_check,.txt,6538
quality_check/decision_mock-2413970733-53b199c1-dec-000579_request.txt,quality_check,.txt,16824
quality_check/decision_mock-2413970733-53b199c1-dec-000579_response.txt,quality_check,.txt,18245
quality_check/decision_mock-2413970733-53b199c1-dec-000580_request.txt,quality_check,.txt,18477
quality_check/decision_mock-2413970733-53b199c1-dec-000580_response.txt,quality_check,.txt,2953
quality_check/decision_mock-2413970733-53b199c1-dec-000581_request.txt,quality_check,.txt,17353
quality_check/decision_mock-2413970733-53b199c1-dec-000581_response.txt,quality_check,.txt,11651
quality_check/decision_mock-2413970733-53b199c1-dec-000582_request.txt,quality_check,.txt,18268
quality_check/decision_mock-2413970733-53b199c1-dec-000582_response.txt,quality_check,.txt,6517
quality_check/decision_mock-2413970733-53b199c1-dec-000582_retry1_request.txt,quality_check,.txt,18431
quality_check/decision_mock-2413970733-53b199c1-dec-000582_retry1_response.txt,quality_check,.txt,5511
quality_check/decision_mock-2413970733-53b199c1-dec-000583_request.txt,quality_check,.txt,17779
quality_check/decision_mock-2413970733-53b199c1-dec-000583_response.txt,quality_check,.txt,5685
quality_check/decision_mock-2413970733-53b199c1-dec-000584_request.txt,quality_check,.txt,16070
quality_check/decision_mock-2413970733-53b199c1-dec-000584_response.txt,quality_check,.txt,12718
quality_check/decision_mock-2413970733-53b199c1-dec-000585_request.txt,quality_check,.txt,16119
quality_check/decision_mock-2413970733-53b199c1-dec-000585_response.txt,quality_check,.txt,6446
quality_check/decision_mock-2413970733-53b199c1-dec-000586_request.txt,quality_check,.txt,15595
quality_check/decision_mock-2413970733-53b199c1-dec-000586_response.txt,quality_check,.txt,5942
quality_check/decision_mock-2413970733-53b199c1-dec-000587_request.txt,quality_check,.txt,16449
quality_check/decision_mock-2413970733-53b199c1-dec-000587_response.txt,quality_check,.txt,4972
quality_check/decision_mock-2413970733-53b199c1-dec-000588_request.txt,quality_check,.txt,15509
quality_check/decision_mock-2413970733-53b199c1-dec-000588_response.txt,quality_check,.txt,6188
quality_check/decision_mock-2413970733-53b199c1-dec-000589_request.txt,quality_check,.txt,15979
quality_check/decision_mock-2413970733-53b199c1-dec-000589_response.txt,quality_check,.txt,4381
quality_check/decision_mock-2413970733-53b199c1-dec-000590_request.txt,quality_check,.txt,15511
quality_check/decision_mock-2413970733-53b199c1-dec-000590_response.txt,quality_check,.txt,8876
quality_check/decision_mock-2413970733-53b199c1-dec-000591_request.txt,quality_check,.txt,15775
quality_check/decision_mock-2413970733-53b199c1-dec-000591_response.txt,quality_check,.txt,6637
quality_check/decision_mock-2413970733-53b199c1-dec-000592_request.txt,quality_check,.txt,15385
quality_check/decision_mock-2413970733-53b199c1-dec-000592_response.txt,quality_check,.txt,5915
quality_check/decision_mock-2413970733-53b199c1-dec-000593_request.txt,quality_check,.txt,16218
quality_check/decision_mock-2413970733-53b199c1-dec-000593_response.txt,quality_check,.txt,4949
quality_check/decision_mock-2413970733-53b199c1-dec-000594_request.txt,quality_check,.txt,15292
quality_check/decision_mock-2413970733-53b199c1-dec-000594_response.txt,quality_check,.txt,14934
quality_check/decision_mock-2413970733-53b199c1-dec-000595_request.txt,quality_check,.txt,14351
quality_check/decision_mock-2413970733-53b199c1-dec-000595_response.txt,quality_check,.txt,4387
quality_check/decision_mock-2413970733-53b199c1-dec-000596_request.txt,quality_check,.txt,17689
quality_check/decision_mock-2413970733-53b199c1-dec-000596_response.txt,quality_check,.txt,15055
quality_check/decision_mock-2413970733-53b199c1-dec-000597_request.txt,quality_check,.txt,17821
quality_check/decision_mock-2413970733-53b199c1-dec-000597_response.txt,quality_check,.txt,6441
quality_check/decision_mock-2413970733-53b199c1-dec-000598_request.txt,quality_check,.txt,16996
quality_check/decision_mock-2413970733-53b199c1-dec-000598_response.txt,quality_check,.txt,4349
quality_check/decision_mock-2413970733-53b199c1-dec-000599_request.txt,quality_check,.txt,15236
quality_check/decision_mock-2413970733-53b199c1-dec-000599_response.txt,quality_check,.txt,6059
quality_check/decision_mock-2413970733-53b199c1-dec-000600_request.txt,quality_check,.txt,15738
quality_check/decision_mock-2413970733-53b199c1-dec-000600_response.txt,quality_check,.txt,3612
quality_check/decision_mock-2413970733-53b199c1-dec-000601_request.txt,quality_check,.txt,15576
quality_check/decision_mock-2413970733-53b199c1-dec-000601_response.txt,quality_check,.txt,5176
quality_check/decision_mock-2413970733-53b199c1-dec-000602_request.txt,quality_check,.txt,14694
quality_check/decision_mock-2413970733-53b199c1-dec-000602_response.txt,quality_check,.txt,1383
quality_check/decision_mock-2413970733-53b199c1-dec-000603_request.txt,quality_check,.txt,18142
quality_check/decision_mock-2413970733-53b199c1-dec-000603_response.txt,quality_check,.txt,14194
quality_check/decision_mock-2413970733-53b199c1-dec-000604_request.txt,quality_check,.txt,16858
quality_check/decision_mock-2413970733-53b199c1-dec-000604_response.txt,quality_check,.txt,5097
quality_check/decision_mock-2413970733-53b199c1-dec-000605_request.txt,quality_check,.txt,17836
quality_check/decision_mock-2413970733-53b199c1-dec-000605_response.txt,quality_check,.txt,5670
quality_check/decision_mock-2413970733-53b199c1-dec-000606_request.txt,quality_check,.txt,16300
quality_check/decision_mock-2413970733-53b199c1-dec-000606_response.txt,quality_check,.txt,6865
quality_check/decision_mock-2413970733-53b199c1-dec-000607_request.txt,quality_check,.txt,16962
quality_check/decision_mock-2413970733-53b199c1-dec-000607_response.txt,quality_check,.txt,9954
quality_check/decision_mock-2413970733-53b199c1-dec-000608_request.txt,quality_check,.txt,17027
quality_check/decision_mock-2413970733-53b199c1-dec-000608_response.txt,quality_check,.txt,6772
quality_check/decision_mock-2413970733-53b199c1-dec-000609_request.txt,quality_check,.txt,15422
quality_check/decision_mock-2413970733-53b199c1-dec-000609_response.txt,quality_check,.txt,4372
quality_check/decision_mock-2413970733-53b199c1-dec-000610_request.txt,quality_check,.txt,16922
quality_check/decision_mock-2413970733-53b199c1-dec-000610_response.txt,quality_check,.txt,5668
quality_check/decision_mock-2413970733-53b199c1-dec-000611_request.txt,quality_check,.txt,14356
quality_check/decision_mock-2413970733-53b199c1-dec-000611_response.txt,quality_check,.txt,17669
quality_check/decision_mock-2413970733-53b199c1-dec-000612_request.txt,quality_check,.txt,14347
quality_check/decision_mock-2413970733-53b199c1-dec-000612_response.txt,quality_check,.txt,7761
run/actions.jsonl,run,.jsonl,457789
run/artifact_manifest.json,run,.json,12992
run/artifact_replay_report.json,run,.json,1118
run/asset_flow.jsonl,run,.jsonl,39517
run/auction_threads.jsonl,run,.jsonl,13405
run/behavioral_flags.jsonl,run,.jsonl,102933
run/cash_flow.jsonl,run,.jsonl,76109
run/cost_report.json,run,.json,3288
run/decision_index.json,run,.json,228200
run/decisions.jsonl,run,.jsonl,30781879
run/event_hashes.json,run,.json,764006
run/events.jsonl,run,.jsonl,1614742
run/experiment_manifest.json,run,.json,3597
run/failure_findings.jsonl,run,.jsonl,57169
run/failure_summary.json,run,.json,608
run/negotiation_threads.jsonl,run,.jsonl,50479
run/player_timelines.json,run,.json,960424
run/players.json,run,.json,1095
run/pricing_snapshot.json,run,.json,522674
run/prompts/decision_mock-2413970733-53b199c1-dec-000000_parsed.json,run,.json,1558
run/prompts/decision_mock-2413970733-53b199c1-dec-000000_response.json,run,.json,2193
run/prompts/decision_mock-2413970733-53b199c1-dec-000000_system.txt,run,.txt,1912
run/prompts/decision_mock-2413970733-53b199c1-dec-000000_tools.json,run,.json,632
run/prompts/decision_mock-2413970733-53b199c1-dec-000000_user.json,run,.json,1859
run/prompts/decision_mock-2413970733-53b199c1-dec-000001_parsed.json,run,.json,1450
run/prompts/decision_mock-2413970733-53b199c1-dec-000001_response.json,run,.json,1903
run/prompts/decision_mock-2413970733-53b199c1-dec-000001_system.txt,run,.txt,1912
run/prompts/decision_mock-2413970733-53b199c1-dec-000001_tools.json,run,.json,1539
run/prompts/decision_mock-2413970733-53b199c1-dec-000001_user.json,run,.json,2522
run/prompts/decision_mock-2413970733-53b199c1-dec-000002_parsed.json,run,.json,1704
run/prompts/decision_mock-2413970733-53b199c1-dec-000002_response.json,run,.json,3636
run/prompts/decision_mock-2413970733-53b199c1-dec-000002_system.txt,run,.txt,1912
run/prompts/decision_mock-2413970733-53b199c1-dec-000002_tools.json,run,.json,632
run/prompts/decision_mock-2413970733-53b199c1-dec-000002_user.json,run,.json,2251
run/prompts/decision_mock-2413970733-53b199c1-dec-000003_parsed.json,run,.json,1508
run/prompts/decision_mock-2413970733-53b199c1-dec-000003_response.json,run,.json,2939
run/prompts/decision_mock-2413970733-53b199c1-dec-000003_system.txt,run,.txt,1912
run/prompts/decision_mock-2413970733-53b199c1-dec-000003_tools.json,run,.json,1539
run/prompts/decision_mock-2413970733-53b199c1-dec-000003_user.json,run,.json,2955
run/prompts/decision_mock-2413970733-53b199c1-dec-000004_parsed.json,run,.json,1944
run/prompts/decision_mock-2413970733-53b199c1-dec-000004_response.json,run,.json,3821
run/prompts/decision_mock-2413970733-53b199c1-dec-000004_system.txt,run,.txt,1912
run/prompts/decision_mock-2413970733-53b199c1-dec-000004_tools.json,run,.json,632
run/prompts/decision_mock-2413970733-53b199c1-dec-000004_user.json,run,.json,2650
run/prompts/decision_mock-2413970733-53b199c1-dec-000005_parsed.json,run,.json,1628
run/prompts/decision_mock-2413970733-53b199c1-dec-000005_response.json,run,.json,3153
run/prompts/decision_mock-2413970733-53b199c1-dec-000005_system.txt,run,.txt,1912
run/prompts/decision_mock-2413970733-53b199c1-dec-000005_tools.json,run,.json,1539
run/prompts/decision_mock-2413970733-53b199c1-dec-000005_user.json,run,.json,3422
run/prompts/decision_mock-2413970733-53b199c1-dec-000006_parsed.json,run,.json,2738
run/prompts/decision_mock-2413970733-53b199c1-dec-000006_response.json,run,.json,7165
run/prompts/decision_mock-2413970733-53b199c1-dec-000006_system.txt,run,.txt,1912
run/prompts/decision_mock-2413970733-53b199c1-dec-000006_tools.json,run,.json,1198
run/prompts/decision_mock-2413970733-53b199c1-dec-000006_user.json,run,.json,3466
run/prompts/decision_mock-2413970733-53b199c1-dec-000007_parsed.json,run,.json,2220
run/prompts/decision_mock-2413970733-53b199c1-dec-000007_response.json,run,.json,3809
run/prompts/decision_mock-2413970733-53b199c1-dec-000007_system.txt,run,.txt,1912
run/prompts/decision_mock-2413970733-53b199c1-dec-000007_tools.json,run,.json,1466
run/prompts/decision_mock-2413970733-53b199c1-dec-000007_user.json,run,.json,3928
run/prompts/decision_mock-2413970733-53b199c1-dec-000008_parsed.json,run,.json,2734
run/prompts/decision_mock-2413970733-53b199c1-dec-000008_response.json,run,.json,5183
run/prompts/decision_mock-2413970733-53b199c1-dec-000008_system.txt,run,.txt,1912
run/prompts/decision_mock-2413970733-53b199c1-dec-000008_tools.json,run,.json,1198
run/prompts/decision_mock-2413970733-53b199c1-dec-000008_user.json,run,.json,4237
run/prompts/decision_mock-2413970733-53b199c1-dec-000009_parsed.json,run,.json,2142
run/prompts/decision_mock-2413970733-53b199c1-dec-000009_response.json,run,.json,2376
run/prompts/decision_mock-2413970733-53b199c1-dec-000009_system.txt,run,.txt,1912
run/prompts/decision_mock-2413970733-53b199c1-dec-000009_tools.json,run,.json,1466
run/prompts/decision_mock-2413970733-53b199c1-dec-000009_user.json,run,.json,4498
run/prompts/decision_mock-2413970733-53b199c1-dec-000010_parsed.json,run,.json,2774
run/prompts/decision_mock-2413970733-53b199c1-dec-000010_response.json,run,.json,5568
run/prompts/decision_mock-2413970733-53b199c1-dec-000010_system.txt,run,.txt,1912
run/prompts/decision_mock-2413970733-53b199c1-dec-000010_tools.json,run,.json,1198
run/prompts/decision_mock-2413970733-53b199c1-dec-000010_user.json,run,.json,4972
run/prompts/decision_mock-2413970733-53b199c1-dec-000011_parsed.json,run,.json,2280
run/prompts/decision_mock-2413970733-53b199c1-dec-000011_response.json,run,.json,4000
run/prompts/decision_mock-2413970733-53b199c1-dec-000011_system.txt,run,.txt,1912
run/prompts/decision_mock-2413970733-53b199c1-dec-000011_tools.json,run,.json,1466
run/prompts/decision_mock-2413970733-53b199c1-dec-000011_user.json,run,.json,5153
run/prompts/decision_mock-2413970733-53b199c1-dec-000012_parsed.json,run,.json,1908
run/prompts/decision_mock-2413970733-53b199c1-dec-000012_response.json,run,.json,5042
run/prompts/decision_mock-2413970733-53b199c1-dec-000012_system.txt,run,.txt,1912
run/prompts/decision_mock-2413970733-53b199c1-dec-000012_tools.json,run,.json,1198
run/prompts/decision_mock-2413970733-53b199c1-dec-000012_user.json,run,.json,5724
run/prompts/decision_mock-2413970733-53b199c1-dec-000013_parsed.json,run,.json,1990
run/prompts/decision_mock-2413970733-53b199c1-dec-000013_response.json,run,.json,2458
run/prompts/decision_mock-2413970733-53b199c1-dec-000013_system.txt,run,.txt,1912
run/prompts/decision_mock-2413970733-53b199c1-dec-000013_tools.json,run,.json,632
run/prompts/decision_mock-2413970733-53b199c1-dec-000013_user.json,run,.json,5647
run/prompts/decision_mock-2413970733-53b199c1-dec-000014_parsed.json,run,.json,2190
run/prompts/decision_mock-2413970733-53b199c1-dec-000014_response.json,run,.json,2412
run/prompts/decision_mock-2413970733-53b199c1-dec-000014_system.txt,run,.txt,1912
run/prompts/decision_mock-2413970733-53b199c1-dec-000014_tools.json,run,.json,1539
run/prompts/decision_mock-2413970733-53b199c1-dec-000014_user.json,run,.json,6443
run/prompts/decision_mock-2413970733-53b199c1-dec-000015_parsed.json,run,.json,1696
run/prompts/decision_mock-2413970733-53b199c1-dec-000015_response.json,run,.json,3510
run/prompts/decision_mock-2413970733-53b199c1-dec-000015_system.txt,run,.txt,1912
run/prompts/decision_mock-2413970733-53b199c1-dec-000015_tools.json,run,.json,1539
run/prompts/decision_mock-2413970733-53b199c1-dec-000015_user.json,run,.json,6357
run/prompts/decision_mock-2413970733-53b199c1-dec-000016_parsed.json,run,.json,2152
run/prompts/decision_mock-2413970733-53b199c1-dec-000016_response.json,run,.json,3466
run/prompts/decision_mock-2413970733-53b199c1-dec-000016_system.txt,run,.txt,1912
run/prompts/decision_mock-2413970733-53b199c1-dec-000016_tools.json,run,.json,632
run/prompts/decision_mock-2413970733-53b199c1-dec-000016_user.json,run,.json,6320
run/prompts/decision_mock-2413970733-53b199c1-dec-000017_parsed.json,run,.json,1680
run/prompts/decision_mock-2413970733-53b199c1-dec-000017_response.json,run,.json,3467
run/prompts/decision_mock-2413970733-53b199c1-dec-000017_system.txt,run,.txt,1912
run/prompts/decision_mock-2413970733-53b199c1-dec-000017_tools.json,run,.json,1539
run/prompts/decision_mock-2413970733-53b199c1-dec-000017_user.json,run,.json,7170
run/prompts/decision_mock-2413970733-53b199c1-dec-000018_parsed.json,run,.json,3042
run/prompts/decision_mock-2413970733-53b199c1-dec-000018_response.json,run,.json,7160
run/prompts/decision_mock-2413970733-53b199c1-dec-000018_system.txt,run,.txt,1912
run/prompts/decision_mock-2413970733-53b199c1-dec-000018_tools.json,run,.json,1198
run/prompts/decision_mock-2413970733-53b199c1-dec-000018_user.json,run,.json,7224
run/prompts/decision_mock-2413970733-53b199c1-dec-000019_parsed.json,run,.json,2320
run/prompts/decision_mock-2413970733-53b199c1-dec-000019_response.json,run,.json,4222
run/prompts/decision_mock-2413970733-53b199c1-dec-000019_system.txt,run,.txt,1912
run/prompts/decision_mock-2413970733-53b199c1-dec-000019_tools.json,run,.json,1466
run/prompts/decision_mock-2413970733-53b199c1-dec-000019_user.json,run,.json,7632
run/prompts/decision_mock-2413970733-53b199c1-dec-000020_parsed.json,run,.json,3146
run/prompts/decision_mock-2413970733-53b199c1-dec-000020_response.json,run,.json,9118
run/prompts/decision_mock-2413970733-53b199c1-dec-000020_system.txt,run,.txt,1912
run/prompts/decision_mock-2413970733-53b199c1-dec-000020_tools.json,run,.json,1198
run/prompts/decision_mock-2413970733-53b199c1-dec-000020_user.json,run,.json,7763
run/prompts/decision_mock-2413970733-53b199c1-dec-000021_parsed.json,run,.json,2714
run/prompts/decision_mock-2413970733-53b199c1-dec-000021_response.json,run,.json,2651
run/prompts/decision_mock-2413970733-53b199c1-dec-000021_system.txt,run,.txt,1912
run/prompts/decision_mock-2413970733-53b199c1-dec-000021_tools.json,run,.json,1466
run/prompts/decision_mock-2413970733-53b199c1-dec-000021_user.json,run,.json,7895
run/prompts/decision_mock-2413970733-53b199c1-dec-000022_parsed.json,run,.json,3114
run/prompts/decision_mock-2413970733-53b199c1-dec-000022_response.json,run,.json,5559
run/prompts/decision_mock-2413970733-53b199c1-dec-000022_system.txt,run,.txt,1912
run/prompts/decision_mock-2413970733-53b199c1-dec-000022_tools.json,run,.json,1198
run/prompts/decision_mock-2413970733-53b199c1-dec-000022_user.json,run,.json,8318
run/prompts/decision_mock-2413970733-53b199c1-dec-000023_parsed.json,run,.json,2600
run/prompts/decision_mock-2413970733-53b199c1-dec-000023_response.json,run,.json,5482
run/prompts/decision_mock-2413970733-53b199c1-dec-000023_system.txt,run,.txt,1912
run/prompts/decision_mock-2413970733-53b199c1-dec-000023_tools.json,run,.json,1466
run/prompts/decision_mock-2413970733-53b199c1-dec-000023_user.json,run,.json,7927
run/prompts/decision_mock-2413970733-53b199c1-dec-000024_parsed.json,run,.json,2192
run/prompts/decision_mock-2413970733-53b199c1-dec-000024_response.json,run,.json,3405
run/prompts/decision_mock-2413970733-53b199c1-dec-000024_system.txt,run,.txt,1912
run/prompts/decision_mock-2413970733-53b199c1-dec-000024_tools.json,run,.json,1198
run/prompts/decision_mock-2413970733-53b199c1-dec-000024_user.json,run,.json,8835
run/prompts/decision_mock-2413970733-53b199c1-dec-000025_parsed.json,run,.json,2494
run/prompts/decision_mock-2413970733-53b199c1-dec-000025_response.json,run,.json,2790
run/prompts/decision_mock-2413970733-53b199c1-dec-000025_system.txt,run,.txt,1912
run/prompts/decision_mock-2413970733-53b199c1-dec-000025_tools.json,run,.json,632
run/prompts/decision_mock-2413970733-53b199c1-dec-000025_user.json,run,.json,8652
run/prompts/decision_mock-2413970733-53b199c1-dec-000026_parsed.json,run,.json,2378
run/prompts/decision_mock-2413970733-53b199c1-dec-000026_response.json,run,.json,3024
run/prompts/decision_mock-2413970733-53b199c1-dec-000026_system.txt,run,.txt,1912
run/prompts/decision_mock-2413970733-53b199c1-dec-000026_tools.json,run,.json,1539
run/prompts/decision_mock-2413970733-53b199c1-dec-000026_user.json,run,.json,9312
run/prompts/decision_mock-2413970733-53b199c1-dec-000027_parsed.json,run,.json,1944
run/prompts/decision_mock-2413970733-53b199c1-dec-000027_response.json,run,.json,3050
run/prompts/decision_mock-2413970733-53b199c1-dec-000027_system.txt,run,.txt,1912
run/prompts/decision_mock-2413970733-53b199c1-dec-000027_tools.json,run,.json,632
run/prompts/decision_mock-2413970733-53b199c1-dec-000027_user.json,run,.json,8231
run/prompts/decision_mock-2413970733-53b199c1-dec-000028_parsed.json,run,.json,1744
run/prompts/decision_mock-2413970733-53b199c1-dec-000028_response.json,run,.json,3440
run/prompts/decision_mock-2413970733-53b199c1-dec-000028_system.txt,run,.txt,1912
run/prompts/decision_mock-2413970733-53b199c1-dec-000028_tools.json,run,.json,1539
run/prompts/decision_mock-2413970733-53b199c1-dec-000028_user.json,run,.json,8737
run/prompts/decision_mock-2413970733-53b199c1-dec-000029_parsed.json,run,.json,1684
run/prompts/decision_mock-2413970733-53b199c1-dec-000029_response.json,run,.json,4836
run/prompts/decision_mock-2413970733-53b199c1-dec-000029_system.txt,run,.txt,1912
run/prompts/decision_mock-2413970733-53b199c1-dec-000029_tools.json,run,.json,1539
run/prompts/decision_mock-2413970733-53b199c1-dec-000029_user.json,run,.json,8676
run/prompts/decision_mock-2413970733-53b199c1-dec-000030_parsed.json,run,.json,3118
run/prompts/decision_mock-2413970733-53b199c1-dec-000030_response.json,run,.json,5975
run/prompts/decision_mock-2413970733-53b199c1-dec-000030_system.txt,run,.txt,1912
run/prompts/decision_mock-2413970733-53b199c1-dec-000030_tools.json,run,.json,1198
run/prompts/decision_mock-2413970733-53b199c1-dec-000030_user.json,run,.json,8715
run/prompts/decision_mock-2413970733-53b199c1-dec-000031_parsed.json,run,.json,2588
run/prompts/decision_mock-2413970733-53b199c1-dec-000031_response.json,run,.json,6244
run/prompts/decision_mock-2413970733-53b199c1-dec-000031_system.txt,run,.txt,1912
run/prompts/decision_mock-2413970733-53b199c1-dec-000031_tools.json,run,.json,1466
run/prompts/decision_mock-2413970733-53b199c1-dec-000031_user.json,run,.json,8580
run/prompts/decision_mock-2413970733-53b199c1-dec-000032_parsed.json,run,.json,3238
run/prompts/decision_mock-2413970733-53b199c1-dec-000032_response.json,run,.json,6110
run/prompts/decision_mock-2413970733-53b199c1-dec-000032_system.txt,run,.txt,1912
run/prompts/decision_mock-2413970733-53b199c1-dec-000032_tools.json,run,.json,1198
run/prompts/decision_mock-2413970733-53b199c1-dec-000032_user.json,run,.json,9173
run/prompts/decision_mock-2413970733-53b199c1-dec-000033_parsed.json,run,.json,2582
run/prompts/decision_mock-2413970733-53b199c1-dec-000033_response.json,run,.json,2485
run/prompts/decision_mock-2413970733-53b199c1-dec-000033_system.txt,run,.txt,1912
run/prompts/decision_mock-2413970733-53b199c1-dec-000033_tools.json,run,.json,1466
run/prompts/decision_mock-2413970733-53b199c1-dec-000033_user.json,run,.json,9457
run/prompts/decision_mock-2413970733-53b199c1-dec-000034_parsed.json,run,.json,3254
run/prompts/decision_mock-2413970733-53b199c1-dec-000034_response.json,run,.json,8059
run/prompts/decision_mock-2413970733-53b199c1-dec-000034_system.txt,run,.txt,1912
run/prompts/decision_mock-2413970733-53b199c1-dec-000034_tools.json,run,.json,1198
run/prompts/decision_mock-2413970733-53b199c1-dec-000034_user.json,run,.json,9802
run/prompts/decision_mock-2413970733-53b199c1-dec-000035_parsed.json,run,.json,2640
run/prompts/decision_mock-2413970733-53b199c1-dec-000035_response.json,run,.json,5048
run/prompts/decision_mock-2413970733-53b199c1-dec-000035_system.txt,run,.txt,1912
run/prompts/decision_mock-2413970733-53b199c1-dec-000035_tools.json,run,.json,1466
run/prompts/decision_mock-2413970733-53b199c1-dec-000035_user.json,run,.json,9424
run/prompts/decision_mock-2413970733-53b199c1-dec-000036_parsed.json,run,.json,2044
run/prompts/decision_mock-2413970733-53b199c1-dec-000036_response.json,run,.json,3799
run/prompts/decision_mock-2413970733-53b199c1-dec-000036_system.txt,run,.txt,1912
run/prompts/decision_mock-2413970733-53b199c1-dec-000036_tools.json,run,.json,1198
run/prompts/decision_mock-2413970733-53b199c1-dec-000036_user.json,run,.json,10259
run/prompts/decision_mock-2413970733-53b199c1-dec-000037_parsed.json,run,.json,2254
run/prompts/decision_mock-2413970733-53b199c1-dec-000037_response.json,run,.json,3126
run/prompts/decision_mock-2413970733-53b199c1-dec-000037_system.txt,run,.txt,1912
run/prompts/decision_mock-2413970733-53b199c1-dec-000037_tools.json,run,.json,1539
run/prompts/decision_mock-2413970733-53b199c1-dec-000037_user.json,run,.json,10418
run/prompts/decision_mock-2413970733-53b199c1-dec-000038_parsed.json,run,.json,2150
run/prompts/decision_mock-2413970733-53b199c1-dec-000038_response.json,run,.json,2721
run/prompts/decision_mock-2413970733-53b199c1-dec-000038_system.txt,run,.txt,1912
run/prompts/decision_mock-2413970733-53b199c1-dec-000038_tools.json,run,.json,632
run/prompts/decision_mock-2413970733-53b199c1-dec-000038_user.json,run,.json,10243
run/prompts/decision_mock-2413970733-53b199c1-dec-000039_parsed.json,run,.json,2010
run/prompts/decision_mock-2413970733-53b199c1-dec-000039_response.json,run,.json,2881
run/prompts/decision_mock-2413970733-53b199c1-dec-000039_system.txt,run,.txt,1912
run/prompts/decision_mock-2413970733-53b199c1-dec-000039_tools.json,run,.json,1539
run/prompts/decision_mock-2413970733-53b199c1-dec-000039_user.json,run,.json,10620
run/prompts/decision_mock-2413970733-53b199c1-dec-000040_parsed.json,run,.json,2276
run/prompts/decision_mock-2413970733-53b199c1-dec-000040_response.json,run,.json,4461
run/prompts/decision_mock-2413970733-53b199c1-dec-000040_system.txt,run,.txt,1912
run/prompts/decision_mock-2413970733-53b199c1-dec-000040_tools.json,run,.json,632
run/prompts/decision_mock-2413970733-53b199c1-dec-000040_user.json,run,.json,9185
run/prompts/decision_mock-2413970733-53b199c1-dec-000041_parsed.json,run,.json,1968
run/prompts/decision_mock-2413970733-53b199c1-dec-000041_response.json,run,.json,4136
run/prompts/decision_mock-2413970733-53b199c1-dec-000041_system.txt,run,.txt,1912
run/prompts/decision_mock-2413970733-53b199c1-dec-000041_tools.json,run,.json,1539
run/prompts/decision_mock-2413970733-53b199c1-dec-000041_user.json,run,.json,9731
run/prompts/decision_mock-2413970733-53b199c1-dec-000042_parsed.json,run,.json,957
run/prompts/decision_mock-2413970733-53b199c1-dec-000042_response.json,run,.json,1293
run/prompts/decision_mock-2413970733-53b199c1-dec-000042_retry1_parsed.json,run,.json,2067
run/prompts/decision_mock-2413970733-53b199c1-dec-000042_retry1_response.json,run,.json,2923
run/prompts/decision_mock-2413970733-53b199c1-dec-000042_retry1_system.txt,run,.txt,1912
run/prompts/decision_mock-2413970733-53b199c1-dec-000042_retry1_tools.json,run,.json,632
run/prompts/decision_mock-2413970733-53b199c1-dec-000042_retry1_user.json,run,.json,9189
run/prompts/decision_mock-2413970733-53b199c1-dec-000042_system.txt,run,.txt,1912
run/prompts/decision_mock-2413970733-53b199c1-dec-000042_tools.json,run,.json,632
run/prompts/decision_mock-2413970733-53b199c1-dec-000042_user.json,run,.json,9045
run/prompts/decision_mock-2413970733-53b199c1-dec-000043_parsed.json,run,.json,2168
run/prompts/decision_mock-2413970733-53b199c1-dec-000043_response.json,run,.json,4177
run/prompts/decision_mock-2413970733-53b199c1-dec-000043_system.txt,run,.txt,1912
run/prompts/decision_mock-2413970733-53b199c1-dec-000043_tools.json,run,.json,1539
run/prompts/decision_mock-2413970733-53b199c1-dec-000043_user.json,run,.json,9660
run/prompts/decision_mock-2413970733-53b199c1-dec-000044_parsed.json,run,.json,2546
run/prompts/decision_mock-2413970733-53b199c1-dec-000044_response.json,run,.json,3603
run/prompts/decision_mock-2413970733-53b199c1-dec-000044_system.txt,run,.txt,1912
run/prompts/decision_mock-2413970733-53b199c1-dec-000044_tools.json,run,.json,632
run/prompts/decision_mock-2413970733-53b199c1-dec-000044_user.json,run,.json,10021
run/prompts/decision_mock-2413970733-53b199c1-dec-000045_parsed.json,run,.json,2762
run/prompts/decision_mock-2413970733-53b199c1-dec-000045_response.json,run,.json,4120
run/prompts/decision_mock-2413970733-53b199c1-dec-000045_system.txt,run,.txt,1912
run/prompts/decision_mock-2413970733-53b199c1-dec-000045_tools.json,run,.json,1539
run/prompts/decision_mock-2413970733-53b199c1-dec-000045_user.json,run,.json,10566
run/prompts/decision_mock-2413970733-53b199c1-dec-000046_parsed.json,run,.json,2824
run/prompts/decision_mock-2413970733-53b199c1-dec-000046_response.json,run,.json,7298
run/prompts/decision_mock-2413970733-53b199c1-dec-000046_system.txt,run,.txt,1912
run/prompts/decision_mock-2413970733-53b199c1-dec-000046_tools.json,run,.json,1539
run/prompts/decision_mock-2413970733-53b199c1-dec-000046_user.json,run,.json,9885
run/prompts/decision_mock-2413970733-53b199c1-dec-000047_parsed.json,run,.json,1920
run/prompts/decision_mock-2413970733-53b199c1-dec-000047_response.json,run,.json,4541
run/prompts/decision_mock-2413970733-53b199c1-dec-000047_system.txt,run,.txt,1912
run/prompts/decision_mock-2413970733-53b199c1-dec-000047_tools.json,run,.json,1539
run/prompts/decision_mock-2413970733-53b199c1-dec-000047_user.json,run,.json,9774
run/prompts/decision_mock-2413970733-53b199c1-dec-000048_parsed.json,run,.json,2040
run/prompts/decision_mock-2413970733-53b199c1-dec-000048_response.json,run,.json,3414
run/prompts/decision_mock-2413970733-53b199c1-dec-000048_system.txt,run,.txt,1912
run/prompts/decision_mock-2413970733-53b199c1-dec-000048_tools.json,run,.json,922
run/prompts/decision_mock-2413970733-53b199c1-dec-000048_user.json,run,.json,9123
run/prompts/decision_mock-2413970733-53b199c1-dec-000049_parsed.json,run,.json,3214
run/prompts/decision_mock-2413970733-53b199c1-dec-000049_response.json,run,.json,9139
run/prompts/decision_mock-2413970733-53b199c1-dec-000049_system.txt,run,.txt,1912
run/prompts/decision_mock-2413970733-53b199c1-dec-000049_tools.json,run,.json,1198
run/prompts/decision_mock-2413970733-53b199c1-dec-000049_user.json,run,.json,9034
run/prompts/decision_mock-2413970733-53b199c1-dec-000050_parsed.json,run,.json,3390
run/prompts/decision_mock-2413970733-53b199c1-dec-000050_response.json,run,.json,3439
run/prompts/decision_mock-2413970733-53b199c1-dec-000050_system.txt,run,.txt,1912
run/prompts/decision_mock-2413970733-53b199c1-dec-000050_tools.json,run,.json,1466
run/prompts/decision_mock-2413970733-53b199c1-dec-000050_user.json,run,.json,9853
run/prompts/decision_mock-2413970733-53b199c1-dec-000051_parsed.json,run,.json,3274
run/prompts/decision_mock-2413970733-53b199c1-dec-000051_response.json,run,.json,10411
run/prompts/decision_mock-2413970733-53b199c1-dec-000051_system.txt,run,.txt,1912
run/prompts/decision_mock-2413970733-53b199c1-dec-000051_tools.json,run,.json,1198
run/prompts/decision_mock-2413970733-53b199c1-dec-000051_user.json,run,.json,9125
run/prompts/decision_mock-2413970733-53b199c1-dec-000052_parsed.json,run,.json,2904
run/prompts/decision_mock-2413970733-53b199c1-dec-000052_response.json,run,.json,7066
run/prompts/decision_mock-2413970733-53b199c1-dec-000052_system.txt,run,.txt,1912
run/prompts/decision_mock-2413970733-53b199c1-dec-000052_tools.json,run,.json,1466
run/prompts/decision_mock-2413970733-53b199c1-dec-000052_user.json,run,.json,9539
run/prompts/decision_mock-2413970733-53b199c1-dec-000053_parsed.json,run,.json,3126
run/prompts/decision_mock-2413970733-53b199c1-dec-000053_response.json,run,.json,7786
run/prompts/decision_mock-2413970733-53b199c1-dec-000053_system.txt,run,.txt,1912
run/prompts/decision_mock-2413970733-53b199c1-dec-000053_tools.json,run,.json,1198
run/prompts/decision_mock-2413970733-53b199c1-dec-000053_user.json,run,.json,9593
run/prompts/decision_mock-2413970733-53b199c1-dec-000054_parsed.json,run,.json,2264
run/prompts/decision_mock-2413970733-53b199c1-dec-000054_response.json,run,.json,5282
run/prompts/decision_mock-2413970733-53b199c1-dec-000054_system.txt,run,.txt,1912
run/prompts/decision_mock-2413970733-53b199c1-dec-000054_tools.json,run,.json,1466
run/prompts/decision_mock-2413970733-53b199c1-dec-000054_user.json,run,.json,9781
run/prompts/decision_mock-2413970733-53b199c1-dec-000055_parsed.json,run,.json,3290
run/prompts/decision_mock-2413970733-53b199c1-dec-000055_response.json,run,.json,5999
run/prompts/decision_mock-2413970733-53b199c1-dec-000055_system.txt,run,.txt,1912
run/prompts/decision_mock-2413970733-53b199c1-dec-000055_tools.json,run,.json,1198
run/prompts/decision_mock-2413970733-53b199c1-dec-000055_user.json,run,.json,10003
run/prompts/decision_mock-2413970733-53b199c1-dec-000056_parsed.json,run,.json,3314
run/prompts/decision_mock-2413970733-53b199c1-dec-000056_response.json,run,.json,2858
run/prompts/decision_mock-2413970733-53b199c1-dec-000056_system.txt,run,.txt,1912
run/prompts/decision_mock-2413970733-53b199c1-dec-000056_tools.json,run,.json,1466
run/prompts/decision_mock-2413970733-53b199c1-dec-000056_user.json,run,.json,11142
run/prompts/decision_mock-2413970733-53b199c1-dec-000057_parsed.json,run,.json,3042
run/prompts/decision_mock-2413970733-53b199c1-dec-000057_response.json,run,.json,7195
run/prompts/decision_mock-2413970733-53b199c1-dec-000057_system.txt,run,.txt,1912
run/prompts/decision_mock-2413970733-53b199c1-dec-000057_tools.json,run,.json,1198
run/prompts/decision_mock-2413970733-53b199c1-dec-000057_user.json,run,.json,10529
run/prompts/decision_mock-2413970733-53b199c1-dec-000058_parsed.json,run,.json,5950
run/prompts/decision_mock-2413970733-53b199c1-dec-000058_response.json,run,.json,6870
run/prompts/decision_mock-2413970733-53b199c1-dec-000058_retry1_parsed.json,run,.json,3711
run/prompts/decision_mock-2413970733-53b199c1-dec-000058_retry1_response.json,run,.json,3670
run/prompts/decision_mock-2413970733-53b199c1-dec-000058_retry1_system.txt,run,.txt,1912
run/prompts/decision_mock-2413970733-53b199c1-dec-000058_retry1_tools.json,run,.json,1466
run/prompts/decision_mock-2413970733-53b199c1-dec-000058_retry1_user.json,run,.json,12937
run/prompts/decision_mock-2413970733-53b199c1-dec-000058_system.txt,run,.txt,1912
run/prompts/decision_mock-2413970733-53b199c1-dec-000058_tools.json,run,.json,1466
run/prompts/decision_mock-2413970733-53b199c1-dec-000058_user.json,run,.json,11557
run/prompts/decision_mock-2413970733-53b199c1-dec-000059_parsed.json,run,.json,3014
run/prompts/decision_mock-2413970733-53b199c1-dec-000059_response.json,run,.json,7018
run/prompts/decision_mock-2413970733-53b199c1-dec-000059_system.txt,run,.txt,1912
run/prompts/decision_mock-2413970733-53b199c1-dec-000059_tools.json,run,.json,1466
run/prompts/decision_mock-2413970733-53b199c1-dec-000059_user.json,run,.json,10836
run/prompts/decision_mock-2413970733-53b199c1-dec-000060_parsed.json,run,.json,2938
run/prompts/decision_mock-2413970733-53b199c1-dec-000060_response.json,run,.json,4189
run/prompts/decision_mock-2413970733-53b199c1-dec-000060_system.txt,run,.txt,1912
run/prompts/decision_mock-2413970733-53b199c1-dec-000060_tools.json,run,.json,1466
run/prompts/decision_mock-2413970733-53b199c1-dec-000060_user.json,run,.json,12277
run/prompts/decision_mock-2413970733-53b199c1-dec-000061_parsed.json,run,.json,3314
run/prompts/decision_mock-2413970733-53b199c1-dec-000061_response.json,run,.json,8582
run/prompts/decision_mock-2413970733-53b199c1-dec-000061_system.txt,run,.txt,1912
run/prompts/decision_mock-2413970733-53b199c1-dec-000061_tools.json,run,.json,1539
run/prompts/decision_mock-2413970733-53b199c1-dec-000061_user.json,run,.json,11131
run/prompts/decision_mock-2413970733-53b199c1-dec-000062_parsed.json,run,.json,2948
run/prompts/decision_mock-2413970733-53b199c1-dec-000062_response.json,run,.json,4003
run/prompts/decision_mock-2413970733-53b199c1-dec-000062_system.txt,run,.txt,1912
run/prompts/decision_mock-2413970733-53b199c1-dec-000062_tools.json,run,.json,1466
run/prompts/decision_mock-2413970733-53b199c1-dec-000062_user.json,run,.json,11730
run/prompts/decision_mock-2413970733-53b199c1-dec-000063_parsed.json,run,.json,3238
run/prompts/decision_mock-2413970733-53b199c1-dec-000063_response.json,run,.json,6902
run/prompts/decision_mock-2413970733-53b199c1-dec-000063_system.txt,run,.txt,1912
run/prompts/decision_mock-2413970733-53b199c1-dec-000063_tools.json,run,.json,1539
run/prompts/decision_mock-2413970733-53b199c1-dec-000063_user.json,run,.json,11504
run/prompts/decision_mock-2413970733-53b199c1-dec-000064_parsed.json,run,.json,2412
run/prompts/decision_mock-2413970733-53b199c1-dec-000064_response.json,run,.json,4119
run/prompts/decision_mock-2413970733-53b199c1-dec-000064_system.txt,run,.txt,1912
run/prompts/decision_mock-2413970733-53b199c1-dec-000064_tools.json,run,.json,1466
run/prompts/decision_mock-2413970733-53b199c1-dec-000064_user.json,run,.json,12205
run/prompts/decision_mock-2413970733-53b199c1-dec-000065_parsed.json,run,.json,1940
run/prompts/decision_mock-2413970733-53b199c1-dec-000065_response.json,run,.json,4625
run/prompts/decision_mock-2413970733-53b199c1-dec-000065_system.txt,run,.txt,1912
run/prompts/decision_mock-2413970733-53b199c1-dec-000065_tools.json,run,.json,1539
run/prompts/decision_mock-2413970733-53b199c1-dec-000065_user.json,run,.json,11996
run/prompts/decision_mock-2413970733-53b199c1-dec-000066_parsed.json,run,.json,2854
run/prompts/decision_mock-2413970733-53b199c1-dec-000066_response.json,run,.json,3400
run/prompts/decision_mock-2413970733-53b199c1-dec-000066_system.txt,run,.txt,1912
run/prompts/decision_mock-2413970733-53b199c1-dec-000066_tools.json,run,.json,632
run/prompts/decision_mock-2413970733-53b199c1-dec-000066_user.json,run,.json,12808
run/prompts/decision_mock-2413970733-53b199c1-dec-000067_parsed.json,run,.json,2294
run/prompts/decision_mock-2413970733-53b199c1-dec-000067_response.json,run,.json,3073
run/prompts/decision_mock-2413970733-53b199c1-dec-000067_system.txt,run,.txt,1912
run/prompts/decision_mock-2413970733-53b199c1-dec-000067_tools.json,run,.json,1539
run/prompts/decision_mock-2413970733-53b199c1-dec-000067_user.json,run,.json,13381
run/prompts/decision_mock-2413970733-53b199c1-dec-000068_parsed.json,run,.json,2886
run/prompts/decision_mock-2413970733-53b199c1-dec-000068_response.json,run,.json,3227
run/prompts/decision_mock-2413970733-53b199c1-dec-000068_system.txt,run,.txt,1912
run/prompts/decision_mock-2413970733-53b199c1-dec-000068_tools.json,run,.json,632
run/prompts/decision_mock-2413970733-53b199c1-dec-000068_user.json,run,.json,12943
run/prompts/decision_mock-2413970733-53b199c1-dec-000069_parsed.json,run,.json,2366
run/prompts/decision_mock-2413970733-53b199c1-dec-000069_response.json,run,.json,2683
run/prompts/decision_mock-2413970733-53b199c1-dec-000069_system.txt,run,.txt,1912
run/prompts/decision_mock-2413970733-53b199c1-dec-000069_tools.json,run,.json,1539
run/prompts/decision_mock-2413970733-53b199c1-dec-000069_user.json,run,.json,13638
run/prompts/decision_mock-2413970733-53b199c1-dec-000070_parsed.json,run,.json,2128
run/prompts/decision_mock-2413970733-53b199c1-dec-000070_response.json,run,.json,5856
run/prompts/decision_mock-2413970733-53b199c1-dec-000070_system.txt,run,.txt,1912
run/prompts/decision_mock-2413970733-53b199c1-dec-000070_tools.json,run,.json,1539
run/prompts/decision_mock-2413970733-53b199c1-dec-000070_user.json,run,.json,12304
run/prompts/decision_mock-2413970733-53b199c1-dec-000071_parsed.json,run,.json,1055
run/prompts/decision_mock-2413970733-53b199c1-dec-000071_response.json,run,.json,6015
run/prompts/decision_mock-2413970733-53b199c1-dec-000071_retry1_parsed.json,run,.json,2459
run/prompts/decision_mock-2413970733-53b199c1-dec-000071_retry1_response.json,run,.json,3895
run/prompts/decision_mock-2413970733-53b199c1-dec-000071_retry1_system.txt,run,.txt,1912
run/prompts/decision_mock-2413970733-53b199c1-dec-000071_retry1_tools.json,run,.json,632
run/prompts/decision_mock-2413970733-53b199c1-dec-000071_retry1_user.json,run,.json,11028
run/prompts/decision_mock-2413970733-53b199c1-dec-000071_system.txt,run,.txt,1912
run/prompts/decision_mock-2413970733-53b199c1-dec-000071_tools.json,run,.json,632
run/prompts/decision_mock-2413970733-53b199c1-dec-000071_user.json,run,.json,10884
run/prompts/decision_mock-2413970733-53b199c1-dec-000072_parsed.json,run,.json,2150
run/prompts/decision_mock-2413970733-53b199c1-dec-000072_response.json,run,.json,4911
run/prompts/decision_mock-2413970733-53b199c1-dec-000072_system.txt,run,.txt,1912
run/prompts/decision_mock-2413970733-53b199c1-dec-000072_tools.json,run,.json,652
run/prompts/decision_mock-2413970733-53b199c1-dec-000072_user.json,run,.json,10670
run/prompts/decision_mock-2413970733-53b199c1-dec-000073_parsed.json,run,.json,2378
run/prompts/decision_mock-2413970733-53b199c1-dec-000073_response.json,run,.json,3573
run/prompts/decision_mock-2413970733-53b199c1-dec-000073_system.txt,run,.txt,1912
run/prompts/decision_mock-2413970733-53b199c1-dec-000073_tools.json,run,.json,652
run/prompts/decision_mock-2413970733-53b199c1-dec-000073_user.json,run,.json,12247
run/prompts/decision_mock-2413970733-53b199c1-dec-000074_parsed.json,run,.json,1754
run/prompts/decision_mock-2413970733-53b199c1-dec-000074_response.json,run,.json,3908
run/prompts/decision_mock-2413970733-53b199c1-dec-000074_system.txt,run,.txt,1912
run/prompts/decision_mock-2413970733-53b199c1-dec-000074_tools.json,run,.json,652
run/prompts/decision_mock-2413970733-53b199c1-dec-000074_user.json,run,.json,11196
run/prompts/decision_mock-2413970733-53b199c1-dec-000075_parsed.json,run,.json,1568
run/prompts/decision_mock-2413970733-53b199c1-dec-000075_response.json,run,.json,3554
run/prompts/decision_mock-2413970733-53b199c1-dec-000075_system.txt,run,.txt,1912
run/prompts/decision_mock-2413970733-53b199c1-dec-000075_tools.json,run,.json,652
run/prompts/decision_mock-2413970733-53b199c1-dec-000075_user.json,run,.json,10528
run/prompts/decision_mock-2413970733-53b199c1-dec-000076_parsed.json,run,.json,2098
run/prompts/decision_mock-2413970733-53b199c1-dec-000076_response.json,run,.json,3277
run/prompts/decision_mock-2413970733-53b199c1-dec-000076_system.txt,run,.txt,1912
run/prompts/decision_mock-2413970733-53b199c1-dec-000076_tools.json,run,.json,652
run/prompts/decision_mock-2413970733-53b199c1-dec-000076_user.json,run,.json,10301
run/prompts/decision_mock-2413970733-53b199c1-dec-000077_parsed.json,run,.json,2068
run/prompts/decision_mock-2413970733-53b199c1-dec-000077_response.json,run,.json,4319
run/prompts/decision_mock-2413970733-53b199c1-dec-000077_system.txt,run,.txt,1912
run/prompts/decision_mock-2413970733-53b199c1-dec-000077_tools.json,run,.json,652
run/prompts/decision_mock-2413970733-53b199c1-dec-000077_user.json,run,.json,10820
run/prompts/decision_mock-2413970733-53b199c1-dec-000078_parsed.json,run,.json,2060
run/prompts/decision_mock-2413970733-53b199c1-dec-000078_response.json,run,.json,5427
run/prompts/decision_mock-2413970733-53b199c1-dec-000078_system.txt,run,.txt,1912
run/prompts/decision_mock-2413970733-53b199c1-dec-000078_tools.json,run,.json,1539
run/prompts/decision_mock-2413970733-53b199c1-dec-000078_user.json,run,.json,9814
run/prompts/decision_mock-2413970733-53b199c1-dec-000079_parsed.json,run,.json,2124
run/prompts/decision_mock-2413970733-53b199c1-dec-000079_response.json,run,.json,4154
run/prompts/decision_mock-2413970733-53b199c1-dec-000079_system.txt,run,.txt,1912
run/prompts/decision_mock-2413970733-53b199c1-dec-000079_tools.json,run,.json,1539
run/prompts/decision_mock-2413970733-53b199c1-dec-000079_user.json,run,.json,9400
run/prompts/decision_mock-2413970733-53b199c1-dec-000080_parsed.json,run,.json,3210
run/prompts/decision_mock-2413970733-53b199c1-dec-000080_response.json,run,.json,15767
run/prompts/decision_mock-2413970733-53b199c1-dec-000080_system.txt,run,.txt,1912
run/prompts/decision_mock-2413970733-53b199c1-dec-000080_tools.json,run,.json,1539
run/prompts/decision_mock-2413970733-53b199c1-dec-000080_user.json,run,.json,9002
run/prompts/decision_mock-2413970733-53b199c1-dec-000081_parsed.json,run,.json,2854
run/prompts/decision_mock-2413970733-53b199c1-dec-000081_response.json,run,.json,2933
run/prompts/decision_mock-2413970733-53b199c1-dec-000081_system.txt,run,.txt,1912
run/prompts/decision_mock-2413970733-53b199c1-dec-000081_tools.json,run,.json,1466
run/prompts/decision_mock-2413970733-53b199c1-dec-000081_user.json,run,.json,10578
run/prompts/decision_mock-2413970733-53b199c1-dec-000082_parsed.json,run,.json,3310
run/prompts/decision_mock-2413970733-53b199c1-dec-000082_response.json,run,.json,7052
run/prompts/decision_mock-2413970733-53b199c1-dec-000082_system.txt,run,.txt,1912
run/prompts/decision_mock-2413970733-53b199c1-dec-000082_tools.json,run,.json,1539
run/prompts/decision_mock-2413970733-53b199c1-dec-000082_user.json,run,.json,9374
run/prompts/decision_mock-2413970733-53b199c1-dec-000083_parsed.json,run,.json,2304
run/prompts/decision_mock-2413970733-53b199c1-dec-000083_response.json,run,.json,4520
run/prompts/decision_mock-2413970733-53b199c1-dec-000083_system.txt,run,.txt,1912
run/prompts/decision_mock-2413970733-53b199c1-dec-000083_tools.json,run,.json,1466
run/prompts/decision_mock-2413970733-53b199c1-dec-000083_user.json,run,.json,9991
run/prompts/decision_mock-2413970733-53b199c1-dec-000084_parsed.json,run,.json,3106
run/prompts/decision_mock-2413970733-53b199c1-dec-000084_response.json,run,.json,13328
run/prompts/decision_mock-2413970733-53b199c1-dec-000084_system.txt,run,.txt,1912
run/prompts/decision_mock-2413970733-53b199c1-dec-000084_tools.json,run,.json,1539
run/prompts/decision_mock-2413970733-53b199c1-dec-000084_user.json,run,.json,9741
run/prompts/decision_mock-2413970733-53b199c1-dec-000085_parsed.json,run,.json,2544
run/prompts/decision_mock-2413970733-53b199c1-dec-000085_response.json,run,.json,3694
run/prompts/decision_mock-2413970733-53b199c1-dec-000085_system.txt,run,.txt,1912
run/prompts/decision_mock-2413970733-53b199c1-dec-000085_tools.json,run,.json,1466
run/prompts/decision_mock-2413970733-53b199c1-dec-000085_user.json,run,.json,9852
run/prompts/decision_mock-2413970733-53b199c1-dec-000086_parsed.json,run,.json,3622
run/prompts/decision_mock-2413970733-53b199c1-dec-000086_response.json,run,.json,15550
run/prompts/decision_mock-2413970733-53b199c1-dec-000086_system.txt,run,.txt,1912
run/prompts/decision_mock-2413970733-53b199c1-dec-000086_tools.json,run,.json,1539
run/prompts/decision_mock-2413970733-53b199c1-dec-000086_user.json,run,.json,10121
run/prompts/decision_mock-2413970733-53b199c1-dec-000087_parsed.json,run,.json,2176
run/prompts/decision_mock-2413970733-53b199c1-dec-000087_response.json,run,.json,6356
run/prompts/decision_mock-2413970733-53b199c1-dec-000087_system.txt,run,.txt,1912
run/prompts/decision_mock-2413970733-53b199c1-dec-000087_tools.json,run,.json,1466
run/prompts/decision_mock-2413970733-53b199c1-dec-000087_user.json,run,.json,10847
run/prompts/decision_mock-2413970733-53b199c1-dec-000088_parsed.json,run,.json,2140
run/prompts/decision_mock-2413970733-53b199c1-dec-000088_response.json,run,.json,5248
run/prompts/decision_mock-2413970733-53b199c1-dec-000088_system.txt,run,.txt,1912
run/prompts/decision_mock-2413970733-53b199c1-dec-000088_tools.json,run,.json,1539
run/prompts/decision_mock-2413970733-53b199c1-dec-000088_user.json,run,.json,10595
run/prompts/decision_mock-2413970733-53b199c1-dec-000089_parsed.json,run,.json,2482
run/prompts/decision_mock-2413970733-53b199c1-dec-000089_response.json,run,.json,4251
run/prompts/decision_mock-2413970733-53b199c1-dec-000089_system.txt,run,.txt,1912
run/prompts/decision_mock-2413970733-53b199c1-dec-000089_tools.json,run,.json,1539
run/prompts/decision_mock-2413970733-53b199c1-dec-000089_user.json,run,.json,11963
run/prompts/decision_mock-2413970733-53b199c1-dec-000090_parsed.json,run,.json,1680
run/prompts/decision_mock-2413970733-53b199c1-dec-000090_response.json,run,.json,4152
run/prompts/decision_mock-2413970733-53b199c1-dec-000090_system.txt,run,.txt,1912
run/prompts/decision_mock-2413970733-53b199c1-dec-000090_tools.json,run,.json,1539
run/prompts/decision_mock-2413970733-53b199c1-dec-000090_user.json,run,.json,10872
run/prompts/decision_mock-2413970733-53b199c1-dec-000091_parsed.json,run,.json,1528
run/prompts/decision_mock-2413970733-53b199c1-dec-000091_response.json,run,.json,3446
run/prompts/decision_mock-2413970733-53b199c1-dec-000091_system.txt,run,.txt,1912
run/prompts/decision_mock-2413970733-53b199c1-dec-000091_tools.json,run,.json,1539
run/prompts/decision_mock-2413970733-53b199c1-dec-000091_user.json,run,.json,10719
run/prompts/decision_mock-2413970733-53b199c1-dec-000092_parsed.json,run,.json,2176
run/prompts/decision_mock-2413970733-53b199c1-dec-000092_response.json,run,.json,3916
run/prompts/decision_mock-2413970733-53b199c1-dec-000092_system.txt,run,.txt,1912
run/prompts/decision_mock-2413970733-53b199c1-dec-000092_tools.json,run,.json,1539
run/prompts/decision_mock-2413970733-53b199c1-dec-000092_user.json,run,.json,10330
run/prompts/decision_mock-2413970733-53b199c1-dec-000093_parsed.json,run,.json,2076
run/prompts/decision_mock-2413970733-53b199c1-dec-000093_response.json,run,.json,3819
run/prompts/decision_mock-2413970733-53b199c1-dec-000093_system.txt,run,.txt,1912
run/prompts/decision_mock-2413970733-53b199c1-dec-000093_tools.json,run,.json,632
run/prompts/decision_mock-2413970733-53b199c1-dec-000093_user.json,run,.json,9864
run/prompts/decision_mock-2413970733-53b199c1-dec-000094_parsed.json,run,.json,3350
run/prompts/decision_mock-2413970733-53b199c1-dec-000094_response.json,run,.json,16221
run/prompts/decision_mock-2413970733-53b199c1-dec-000094_system.txt,run,.txt,1912
run/prompts/decision_mock-2413970733-53b199c1-dec-000094_tools.json,run,.json,1539
run/prompts/decision_mock-2413970733-53b199c1-dec-000094_user.json,run,.json,10294
run/prompts/decision_mock-2413970733-53b199c1-dec-000095_parsed.json,run,.json,2954
run/prompts/decision_mock-2413970733-53b199c1-dec-000095_response.json,run,.json,4649
run/prompts/decision_mock-2413970733-53b199c1-dec-000095_system.txt,run,.txt,1912
run/prompts/decision_mock-2413970733-53b199c1-dec-000095_tools.json,run,.json,1466
run/prompts/decision_mock-2413970733-53b199c1-dec-000095_user.json,run,.json,11791
run/prompts/decision_mock-2413970733-53b199c1-dec-000096_parsed.json,run,.json,3262
run/prompts/decision_mock-2413970733-53b199c1-dec-000096_response.json,run,.json,21519
run/prompts/decision_mock-2413970733-53b199c1-dec-000096_system.txt,run,.txt,1912
run/prompts/decision_mock-2413970733-53b199c1-dec-000096_tools.json,run,.json,1539
run/prompts/decision_mock-2413970733-53b199c1-dec-000096_user.json,run,.json,10799
run/prompts/decision_mock-2413970733-53b199c1-dec-000097_parsed.json,run,.json,2560
run/prompts/decision_mock-2413970733-53b199c1-dec-000097_response.json,run,.json,4362
run/prompts/decision_mock-2413970733-53b199c1-dec-000097_system.txt,run,.txt,1912
run/prompts/decision_mock-2413970733-53b199c1-dec-000097_tools.json,run,.json,1466
run/prompts/decision_mock-2413970733-53b199c1-dec-000097_user.json,run,.json,10954
run/prompts/decision_mock-2413970733-53b199c1-dec-000098_parsed.json,run,.json,3506
run/prompts/decision_mock-2413970733-53b199c1-dec-000098_response.json,run,.json,7300
run/prompts/decision_mock-2413970733-53b199c1-dec-000098_system.txt,run,.txt,1912
run/prompts/decision_mock-2413970733-53b199c1-dec-000098_tools.json,run,.json,1539
run/prompts/decision_mock-2413970733-53b199c1-dec-000098_user.json,run,.json,11230
run/prompts/decision_mock-2413970733-53b199c1-dec-000099_parsed.json,run,.json,1796
run/prompts/decision_mock-2413970733-53b199c1-dec-000099_response.json,run,.json,6594
run/prompts/decision_mock-2413970733-53b199c1-dec-000099_system.txt,run,.txt,1912
run/prompts/decision_mock-2413970733-53b199c1-dec-000099_tools.json,run,.json,1466
run/prompts/decision_mock-2413970733-53b199c1-dec-000099_user.json,run,.json,11297
run/prompts/decision_mock-2413970733-53b199c1-dec-000100_parsed.json,run,.json,1952
run/prompts/decision_mock-2413970733-53b199c1-dec-000100_response.json,run,.json,9089
run/prompts/decision_mock-2413970733-53b199c1-dec-000100_system.txt,run,.txt,1912
run/prompts/decision_mock-2413970733-53b199c1-dec-000100_tools.json,run,.json,1539
run/prompts/decision_mock-2413970733-53b199c1-dec-000100_user.json,run,.json,11199
run/prompts/decision_mock-2413970733-53b199c1-dec-000101_parsed.json,run,.json,2100
run/prompts/decision_mock-2413970733-53b199c1-dec-000101_response.json,run,.json,4836
run/prompts/decision_mock-2413970733-53b199c1-dec-000101_system.txt,run,.txt,1912
run/prompts/decision_mock-2413970733-53b199c1-dec-000101_tools.json,run,.json,1539
run/prompts/decision_mock-2413970733-53b199c1-dec-000101_user.json,run,.json,10775
run/prompts/decision_mock-2413970733-53b199c1-dec-000102_parsed.json,run,.json,2386
run/prompts/decision_mock-2413970733-53b199c1-dec-000102_response.json,run,.json,4579
run/prompts/decision_mock-2413970733-53b199c1-dec-000102_system.txt,run,.txt,1912
run/prompts/decision_mock-2413970733-53b199c1-dec-000102_tools.json,run,.json,1539
run/prompts/decision_mock-2413970733-53b199c1-dec-000102_user.json,run,.json,11803
run/prompts/decision_mock-2413970733-53b199c1-dec-000103_parsed.json,run,.json,2032
run/prompts/decision_mock-2413970733-53b199c1-dec-000103_response.json,run,.json,5696
run/prompts/decision_mock-2413970733-53b199c1-dec-000103_system.txt,run,.txt,1912
run/prompts/decision_mock-2413970733-53b199c1-dec-000103_tools.json,run,.json,632
run/prompts/decision_mock-2413970733-53b199c1-dec-000103_user.json,run,.json,9694
run/prompts/decision_mock-2413970733-53b199c1-dec-000104_parsed.json,run,.json,2002
run/prompts/decision_mock-2413970733-53b199c1-dec-000104_response.json,run,.json,6590
run/prompts/decision_mock-2413970733-53b199c1-dec-000104_system.txt,run,.txt,1912
run/prompts/decision_mock-2413970733-53b199c1-dec-000104_tools.json,run,.json,652
run/prompts/decision_mock-2413970733-53b199c1-dec-000104_user.json,run,.json,9656
run/prompts/decision_mock-2413970733-53b199c1-dec-000105_parsed.json,run,.json,2484
run/prompts/decision_mock-2413970733-53b199c1-dec-000105_response.json,run,.json,4887
run/prompts/decision_mock-2413970733-53b199c1-dec-000105_system.txt,run,.txt,1912
run/prompts/decision_mock-2413970733-53b199c1-dec-000105_tools.json,run,.json,652
run/prompts/decision_mock-2413970733-53b199c1-dec-000105_user.json,run,.json,11096
run/prompts/decision_mock-2413970733-53b199c1-dec-000106_parsed.json,run,.json,2094
run/prompts/decision_mock-2413970733-53b199c1-dec-000106_response.json,run,.json,3889
run/prompts/decision_mock-2413970733-53b199c1-dec-000106_system.txt,run,.txt,1912
run/prompts/decision_mock-2413970733-53b199c1-dec-000106_tools.json,run,.json,652
run/prompts/decision_mock-2413970733-53b199c1-dec-000106_user.json,run,.json,9918
run/prompts/decision_mock-2413970733-53b199c1-dec-000107_parsed.json,run,.json,1748
run/prompts/decision_mock-2413970733-53b199c1-dec-000107_response.json,run,.json,4385
run/prompts/decision_mock-2413970733-53b199c1-dec-000107_system.txt,run,.txt,1912
run/prompts/decision_mock-2413970733-53b199c1-dec-000107_tools.json,run,.json,652
run/prompts/decision_mock-2413970733-53b199c1-dec-000107_user.json,run,.json,10147
run/prompts/decision_mock-2413970733-53b199c1-dec-000108_parsed.json,run,.json,2170
run/prompts/decision_mock-2413970733-53b199c1-dec-000108_response.json,run,.json,8355
run/prompts/decision_mock-2413970733-53b199c1-dec-000108_system.txt,run,.txt,1912
run/prompts/decision_mock-2413970733-53b199c1-dec-000108_tools.json,run,.json,652
run/prompts/decision_mock-2413970733-53b199c1-dec-000108_user.json,run,.json,10197
run/prompts/decision_mock-2413970733-53b199c1-dec-000109_parsed.json,run,.json,2756
run/prompts/decision_mock-2413970733-53b199c1-dec-000109_response.json,run,.json,5907
run/prompts/decision_mock-2413970733-53b199c1-dec-000109_system.txt,run,.txt,1912
run/prompts/decision_mock-2413970733-53b199c1-dec-000109_tools.json,run,.json,652
run/prompts/decision_mock-2413970733-53b199c1-dec-000109_user.json,run,.json,11555
run/prompts/decision_mock-2413970733-53b199c1-dec-000110_parsed.json,run,.json,2282
run/prompts/decision_mock-2413970733-53b199c1-dec-000110_response.json,run,.json,3782
run/prompts/decision_mock-2413970733-53b199c1-dec-000110_system.txt,run,.txt,1912
run/prompts/decision_mock-2413970733-53b199c1-dec-000110_tools.json,run,.json,652
run/prompts/decision_mock-2413970733-53b199c1-dec-000110_user.json,run,.json,10348
run/prompts/decision_mock-2413970733-53b199c1-dec-000111_parsed.json,run,.json,2212
run/prompts/decision_mock-2413970733-53b199c1-dec-000111_response.json,run,.json,3265
run/prompts/decision_mock-2413970733-53b199c1-dec-000111_system.txt,run,.txt,1912
run/prompts/decision_mock-2413970733-53b199c1-dec-000111_tools.json,run,.json,652
run/prompts/decision_mock-2413970733-53b199c1-dec-000111_user.json,run,.json,10593
run/prompts/decision_mock-2413970733-53b199c1-dec-000112_parsed.json,run,.json,3048
run/prompts/decision_mock-2413970733-53b199c1-dec-000112_response.json,run,.json,9217
run/prompts/decision_mock-2413970733-53b199c1-dec-000112_system.txt,run,.txt,1912
run/prompts/decision_mock-2413970733-53b199c1-dec-000112_tools.json,run,.json,652
run/prompts/decision_mock-2413970733-53b199c1-dec-000112_user.json,run,.json,11607
run/prompts/decision_mock-2413970733-53b199c1-dec-000113_parsed.json,run,.json,2560
run/prompts/decision_mock-2413970733-53b199c1-dec-000113_response.json,run,.json,4306
run/prompts/decision_mock-2413970733-53b199c1-dec-000113_system.txt,run,.txt,1912
run/prompts/decision_mock-2413970733-53b199c1-dec-000113_tools.json,run,.json,652
run/prompts/decision_mock-2413970733-53b199c1-dec-000113_user.json,run,.json,10337
run/prompts/decision_mock-2413970733-53b199c1-dec-000114_parsed.json,run,.json,1732
run/prompts/decision_mock-2413970733-53b199c1-dec-000114_response.json,run,.json,4074
run/prompts/decision_mock-2413970733-53b199c1-dec-000114_system.txt,run,.txt,1912
run/prompts/decision_mock-2413970733-53b199c1-dec-000114_tools.json,run,.json,1539
run/prompts/decision_mock-2413970733-53b199c1-dec-000114_user.json,run,.json,9698
run/prompts/decision_mock-2413970733-53b199c1-dec-000115_parsed.json,run,.json,1996
run/prompts/decision_mock-2413970733-53b199c1-dec-000115_response.json,run,.json,4988
run/prompts/decision_mock-2413970733-53b199c1-dec-000115_system.txt,run,.txt,1912
run/prompts/decision_mock-2413970733-53b199c1-dec-000115_tools.json,run,.json,1539
run/prompts/decision_mock-2413970733-53b199c1-dec-000115_user.json,run,.json,9463
run/prompts/decision_mock-2413970733-53b199c1-dec-000116_parsed.json,run,.json,3146
run/prompts/decision_mock-2413970733-53b199c1-dec-000116_response.json,run,.json,15777
run/prompts/decision_mock-2413970733-53b199c1-dec-000116_system.txt,run,.txt,1912
run/prompts/decision_mock-2413970733-53b199c1-dec-000116_tools.json,run,.json,1539
run/prompts/decision_mock-2413970733-53b199c1-dec-000116_user.json,run,.json,9389
run/prompts/decision_mock-2413970733-53b199c1-dec-000117_parsed.json,run,.json,2004
run/prompts/decision_mock-2413970733-53b199c1-dec-000117_response.json,run,.json,4751
run/prompts/decision_mock-2413970733-53b199c1-dec-000117_system.txt,run,.txt,1912
run/prompts/decision_mock-2413970733-53b199c1-dec-000117_tools.json,run,.json,1466
run/prompts/decision_mock-2413970733-53b199c1-dec-000117_user.json,run,.json,9331
run/prompts/decision_mock-2413970733-53b199c1-dec-000118_parsed.json,run,.json,3254
run/prompts/decision_mock-2413970733-53b199c1-dec-000118_response.json,run,.json,18870
run/prompts/decision_mock-2413970733-53b199c1-dec-000118_system.txt,run,.txt,1912
run/prompts/decision_mock-2413970733-53b199c1-dec-000118_tools.json,run,.json,1539
run/prompts/decision_mock-2413970733-53b199c1-dec-000118_user.json,run,.json,9712
run/prompts/decision_mock-2413970733-53b199c1-dec-000119_parsed.json,run,.json,2004
run/prompts/decision_mock-2413970733-53b199c1-dec-000119_response.json,run,.json,5325
run/prompts/decision_mock-2413970733-53b199c1-dec-000119_system.txt,run,.txt,1912
run/prompts/decision_mock-2413970733-53b199c1-dec-000119_tools.json,run,.json,1466
run/prompts/decision_mock-2413970733-53b199c1-dec-000119_user.json,run,.json,9743
run/prompts/decision_mock-2413970733-53b199c1-dec-000120_parsed.json,run,.json,3234
run/prompts/decision_mock-2413970733-53b199c1-dec-000120_response.json,run,.json,13678
run/prompts/decision_mock-2413970733-53b199c1-dec-000120_system.txt,run,.txt,1912
run/prompts/decision_mock-2413970733-53b199c1-dec-000120_tools.json,run,.json,1539
run/prompts/decision_mock-2413970733-53b199c1-dec-000120_user.json,run,.json,10036
run/prompts/decision_mock-2413970733-53b199c1-dec-000121_parsed.json,run,.json,2850
run/prompts/decision_mock-2413970733-53b199c1-dec-000121_response.json,run,.json,8541
run/prompts/decision_mock-2413970733-53b199c1-dec-000121_system.txt,run,.txt,1912
run/prompts/decision_mock-2413970733-53b199c1-dec-000121_tools.json,run,.json,1466
run/prompts/decision_mock-2413970733-53b199c1-dec-000121_user.json,run,.json,9885
run/prompts/decision_mock-2413970733-53b199c1-dec-000122_parsed.json,run,.json,2228
run/prompts/decision_mock-2413970733-53b199c1-dec-000122_response.json,run,.json,6745
run/prompts/decision_mock-2413970733-53b199c1-dec-000122_system.txt,run,.txt,1912
run/prompts/decision_mock-2413970733-53b199c1-dec-000122_tools.json,run,.json,1466
run/prompts/decision_mock-2413970733-53b199c1-dec-000122_user.json,run,.json,10368
run/prompts/decision_mock-2413970733-53b199c1-dec-000123_parsed.json,run,.json,3198
run/prompts/decision_mock-2413970733-53b199c1-dec-000123_response.json,run,.json,23782
run/prompts/decision_mock-2413970733-53b199c1-dec-000123_system.txt,run,.txt,1912
run/prompts/decision_mock-2413970733-53b199c1-dec-000123_tools.json,run,.json,1539
run/prompts/decision_mock-2413970733-53b199c1-dec-000123_user.json,run,.json,10480
run/prompts/decision_mock-2413970733-53b199c1-dec-000124_parsed.json,run,.json,2466
run/prompts/decision_mock-2413970733-53b199c1-dec-000124_response.json,run,.json,4845
run/prompts/decision_mock-2413970733-53b199c1-dec-000124_system.txt,run,.txt,1912
run/prompts/decision_mock-2413970733-53b199c1-dec-000124_tools.json,run,.json,1466
run/prompts/decision_mock-2413970733-53b199c1-dec-000124_user.json,run,.json,11481
run/prompts/decision_mock-2413970733-53b199c1-dec-000125_parsed.json,run,.json,3186
run/prompts/decision_mock-2413970733-53b199c1-dec-000125_response.json,run,.json,11841
run/prompts/decision_mock-2413970733-53b199c1-dec-000125_system.txt,run,.txt,1912
run/prompts/decision_mock-2413970733-53b199c1-dec-000125_tools.json,run,.json,1539
run/prompts/decision_mock-2413970733-53b199c1-dec-000125_user.json,run,.json,10669
run/prompts/decision_mock-2413970733-53b199c1-dec-000126_parsed.json,run,.json,2898
run/prompts/decision_mock-2413970733-53b199c1-dec-000126_response.json,run,.json,3507
run/prompts/decision_mock-2413970733-53b199c1-dec-000126_system.txt,run,.txt,1912
run/prompts/decision_mock-2413970733-53b199c1-dec-000126_tools.json,run,.json,1466
run/prompts/decision_mock-2413970733-53b199c1-dec-000126_user.json,run,.json,11509
run/prompts/decision_mock-2413970733-53b199c1-dec-000127_parsed.json,run,.json,1916
run/prompts/decision_mock-2413970733-53b199c1-dec-000127_response.json,run,.json,12384
run/prompts/decision_mock-2413970733-53b199c1-dec-000127_system.txt,run,.txt,1912
run/prompts/decision_mock-2413970733-53b199c1-dec-000127_tools.json,run,.json,1539
run/prompts/decision_mock-2413970733-53b199c1-dec-000127_user.json,run,.json,10876
run/prompts/decision_mock-2413970733-53b199c1-dec-000128_parsed.json,run,.json,2842
run/prompts/decision_mock-2413970733-53b199c1-dec-000128_response.json,run,.json,4842
run/prompts/decision_mock-2413970733-53b199c1-dec-000128_system.txt,run,.txt,1912
run/prompts/decision_mock-2413970733-53b199c1-dec-000128_tools.json,run,.json,632
run/prompts/decision_mock-2413970733-53b199c1-dec-000128_user.json,run,.json,11363
run/prompts/decision_mock-2413970733-53b199c1-dec-000129_parsed.json,run,.json,1550
run/prompts/decision_mock-2413970733-53b199c1-dec-000129_response.json,run,.json,3248
run/prompts/decision_mock-2413970733-53b199c1-dec-000129_system.txt,run,.txt,1912
run/prompts/decision_mock-2413970733-53b199c1-dec-000129_tools.json,run,.json,652
run/prompts/decision_mock-2413970733-53b199c1-dec-000129_user.json,run,.json,10318
run/prompts/decision_mock-2413970733-53b199c1-dec-000130_parsed.json,run,.json,1488
run/prompts/decision_mock-2413970733-53b199c1-dec-000130_response.json,run,.json,4449
run/prompts/decision_mock-2413970733-53b199c1-dec-000130_system.txt,run,.txt,1912
run/prompts/decision_mock-2413970733-53b199c1-dec-000130_tools.json,run,.json,652
run/prompts/decision_mock-2413970733-53b199c1-dec-000130_user.json,run,.json,10323
run/prompts/decision_mock-2413970733-53b199c1-dec-000131_parsed.json,run,.json,1986
run/prompts/decision_mock-2413970733-53b199c1-dec-000131_response.json,run,.json,5736
run/prompts/decision_mock-2413970733-53b199c1-dec-000131_system.txt,run,.txt,1912
run/prompts/decision_mock-2413970733-53b199c1-dec-000131_tools.json,run,.json,652
run/prompts/decision_mock-2413970733-53b199c1-dec-000131_user.json,run,.json,10527
run/prompts/decision_mock-2413970733-53b199c1-dec-000132_parsed.json,run,.json,2154
run/prompts/decision_mock-2413970733-53b199c1-dec-000132_response.json,run,.json,2853
run/prompts/decision_mock-2413970733-53b199c1-dec-000132_system.txt,run,.txt,1912
run/prompts/decision_mock-2413970733-53b199c1-dec-000132_tools.json,run,.json,652
run/prompts/decision_mock-2413970733-53b199c1-dec-000132_user.json,run,.json,11630
run/prompts/decision_mock-2413970733-53b199c1-dec-000133_parsed.json,run,.json,1630
run/prompts/decision_mock-2413970733-53b199c1-dec-000133_response.json,run,.json,3397
run/prompts/decision_mock-2413970733-53b199c1-dec-000133_system.txt,run,.txt,1912
run/prompts/decision_mock-2413970733-53b199c1-dec-000133_tools.json,run,.json,652
run/prompts/decision_mock-2413970733-53b199c1-dec-000133_user.json,run,.json,10564
run/prompts/decision_mock-2413970733-53b199c1-dec-000134_parsed.json,run,.json,2058
run/prompts/decision_mock-2413970733-53b199c1-dec-000134_response.json,run,.json,4270
run/prompts/decision_mock-2413970733-53b199c1-dec-000134_system.txt,run,.txt,1912
run/prompts/decision_mock-2413970733-53b199c1-dec-000134_tools.json,run,.json,652
run/prompts/decision_mock-2413970733-53b199c1-dec-000134_user.json,run,.json,10888
run/prompts/decision_mock-2413970733-53b199c1-dec-000135_parsed.json,run,.json,1504
run/prompts/decision_mock-2413970733-53b199c1-dec-000135_response.json,run,.json,3525
run/prompts/decision_mock-2413970733-53b199c1-dec-000135_system.txt,run,.txt,1912
run/prompts/decision_mock-2413970733-53b199c1-dec-000135_tools.json,run,.json,652
run/prompts/decision_mock-2413970733-53b199c1-dec-000135_user.json,run,.json,10737
run/prompts/decision_mock-2413970733-53b199c1-dec-000136_parsed.json,run,.json,2338
run/prompts/decision_mock-2413970733-53b199c1-dec-000136_response.json,run,.json,5161
run/prompts/decision_mock-2413970733-53b199c1-dec-000136_system.txt,run,.txt,1912
run/prompts/decision_mock-2413970733-53b199c1-dec-000136_tools.json,run,.json,1539
run/prompts/decision_mock-2413970733-53b199c1-dec-000136_user.json,run,.json,11667
run/prompts/decision_mock-2413970733-53b199c1-dec-000137_parsed.json,run,.json,1872
run/prompts/decision_mock-2413970733-53b199c1-dec-000137_response.json,run,.json,6848
run/prompts/decision_mock-2413970733-53b199c1-dec-000137_system.txt,run,.txt,1912
run/prompts/decision_mock-2413970733-53b199c1-dec-000137_tools.json,run,.json,922
run/prompts/decision_mock-2413970733-53b199c1-dec-000137_user.json,run,.json,9789
run/prompts/decision_mock-2413970733-53b199c1-dec-000138_parsed.json,run,.json,1640
run/prompts/decision_mock-2413970733-53b199c1-dec-000138_response.json,run,.json,5809
run/prompts/decision_mock-2413970733-53b199c1-dec-000138_system.txt,run,.txt,1912
run/prompts/decision_mock-2413970733-53b199c1-dec-000138_tools.json,run,.json,1539
run/prompts/decision_mock-2413970733-53b199c1-dec-000138_user.json,run,.json,9823
run/prompts/decision_mock-2413970733-53b199c1-dec-000139_parsed.json,run,.json,1804
run/prompts/decision_mock-2413970733-53b199c1-dec-000139_response.json,run,.json,3368
run/prompts/decision_mock-2413970733-53b199c1-dec-000139_system.txt,run,.txt,1912
run/prompts/decision_mock-2413970733-53b199c1-dec-000139_tools.json,run,.json,1539
run/prompts/decision_mock-2413970733-53b199c1-dec-000139_user.json,run,.json,9659
run/prompts/decision_mock-2413970733-53b199c1-dec-000140_parsed.json,run,.json,3090
run/prompts/decision_mock-2413970733-53b199c1-dec-000140_response.json,run,.json,16314
run/prompts/decision_mock-2413970733-53b199c1-dec-000140_system.txt,run,.txt,1912
run/prompts/decision_mock-2413970733-53b199c1-dec-000140_tools.json,run,.json,1539
run/prompts/decision_mock-2413970733-53b199c1-dec-000140_user.json,run,.json,9490
run/prompts/decision_mock-2413970733-53b199c1-dec-000141_parsed.json,run,.json,2432
run/prompts/decision_mock-2413970733-53b199c1-dec-000141_response.json,run,.json,4579
run/prompts/decision_mock-2413970733-53b199c1-dec-000141_system.txt,run,.txt,1912
run/prompts/decision_mock-2413970733-53b199c1-dec-000141_tools.json,run,.json,1466
run/prompts/decision_mock-2413970733-53b199c1-dec-000141_user.json,run,.json,9026
run/prompts/decision_mock-2413970733-53b199c1-dec-000142_parsed.json,run,.json,3442
run/prompts/decision_mock-2413970733-53b199c1-dec-000142_response.json,run,.json,23775
run/prompts/decision_mock-2413970733-53b199c1-dec-000142_system.txt,run,.txt,1912
run/prompts/decision_mock-2413970733-53b199c1-dec-000142_tools.json,run,.json,1539
run/prompts/decision_mock-2413970733-53b199c1-dec-000142_user.json,run,.json,9434
run/prompts/decision_mock-2413970733-53b199c1-dec-000143_parsed.json,run,.json,2088
run/prompts/decision_mock-2413970733-53b199c1-dec-000143_response.json,run,.json,6792
run/prompts/decision_mock-2413970733-53b199c1-dec-000143_system.txt,run,.txt,1912
run/prompts/decision_mock-2413970733-53b199c1-dec-000143_tools.json,run,.json,1466
run/prompts/decision_mock-2413970733-53b199c1-dec-000143_user.json,run,.json,9117
run/prompts/decision_mock-2413970733-53b199c1-dec-000144_parsed.json,run,.json,3222
run/prompts/decision_mock-2413970733-53b199c1-dec-000144_response.json,run,.json,19663
run/prompts/decision_mock-2413970733-53b199c1-dec-000144_system.txt,run,.txt,1912
run/prompts/decision_mock-2413970733-53b199c1-dec-000144_tools.json,run,.json,1539
run/prompts/decision_mock-2413970733-53b199c1-dec-000144_user.json,run,.json,9733
run/prompts/decision_mock-2413970733-53b199c1-dec-000145_parsed.json,run,.json,2654
run/prompts/decision_mock-2413970733-53b199c1-dec-000145_response.json,run,.json,3109
run/prompts/decision_mock-2413970733-53b199c1-dec-000145_system.txt,run,.txt,1912
run/prompts/decision_mock-2413970733-53b199c1-dec-000145_tools.json,run,.json,1466
run/prompts/decision_mock-2413970733-53b199c1-dec-000145_user.json,run,.json,10577
run/prompts/decision_mock-2413970733-53b199c1-dec-000146_parsed.json,run,.json,3310
run/prompts/decision_mock-2413970733-53b199c1-dec-000146_response.json,run,.json,19619
run/prompts/decision_mock-2413970733-53b199c1-dec-000146_system.txt,run,.txt,1912
run/prompts/decision_mock-2413970733-53b199c1-dec-000146_tools.json,run,.json,1539
run/prompts/decision_mock-2413970733-53b199c1-dec-000146_user.json,run,.json,10080
run/prompts/decision_mock-2413970733-53b199c1-dec-000147_parsed.json,run,.json,2930
run/prompts/decision_mock-2413970733-53b199c1-dec-000147_response.json,run,.json,5743
run/prompts/decision_mock-2413970733-53b199c1-dec-000147_system.txt,run,.txt,1912
run/prompts/decision_mock-2413970733-53b199c1-dec-000147_tools.json,run,.json,1466
run/prompts/decision_mock-2413970733-53b199c1-dec-000147_user.json,run,.json,10882
run/prompts/decision_mock-2413970733-53b199c1-dec-000148_parsed.json,run,.json,1944
run/prompts/decision_mock-2413970733-53b199c1-dec-000148_response.json,run,.json,9414
run/prompts/decision_mock-2413970733-53b199c1-dec-000148_system.txt,run,.txt,1912
run/prompts/decision_mock-2413970733-53b199c1-dec-000148_tools.json,run,.json,1539
run/prompts/decision_mock-2413970733-53b199c1-dec-000148_user.json,run,.json,10408
run/prompts/decision_mock-2413970733-53b199c1-dec-000149_parsed.json,run,.json,1884
run/prompts/decision_mock-2413970733-53b199c1-dec-000149_response.json,run,.json,3829
run/prompts/decision_mock-2413970733-53b199c1-dec-000149_system.txt,run,.txt,1912
run/prompts/decision_mock-2413970733-53b199c1-dec-000149_tools.json,run,.json,632
run/prompts/decision_mock-2413970733-53b199c1-dec-000149_user.json,run,.json,9644
run/prompts/decision_mock-2413970733-53b199c1-dec-000150_parsed.json,run,.json,1576
run/prompts/decision_mock-2413970733-53b199c1-dec-000150_response.json,run,.json,4378
run/prompts/decision_mock-2413970733-53b199c1-dec-000150_system.txt,run,.txt,1912
run/prompts/decision_mock-2413970733-53b199c1-dec-000150_tools.json,run,.json,1539
run/prompts/decision_mock-2413970733-53b199c1-dec-000150_user.json,run,.json,10017
run/prompts/decision_mock-2413970733-53b199c1-dec-000151_parsed.json,run,.json,1764
run/prompts/decision_mock-2413970733-53b199c1-dec-000151_response.json,run,.json,5120
run/prompts/decision_mock-2413970733-53b199c1-dec-000151_system.txt,run,.txt,1912
run/prompts/decision_mock-2413970733-53b199c1-dec-000151_tools.json,run,.json,1539
run/prompts/decision_mock-2413970733-53b199c1-dec-000151_user.json,run,.json,10061
run/prompts/decision_mock-2413970733-53b199c1-dec-000152_parsed.json,run,.json,2072
run/prompts/decision_mock-2413970733-53b199c1-dec-000152_response.json,run,.json,5790
run/prompts/decision_mock-2413970733-53b199c1-dec-000152_system.txt,run,.txt,1912
run/prompts/decision_mock-2413970733-53b199c1-dec-000152_tools.json,run,.json,1539
run/prompts/decision_mock-2413970733-53b199c1-dec-000152_user.json,run,.json,10227
run/prompts/decision_mock-2413970733-53b199c1-dec-000153_parsed.json,run,.json,2602
run/prompts/decision_mock-2413970733-53b199c1-dec-000153_response.json,run,.json,4746
run/prompts/decision_mock-2413970733-53b199c1-dec-000153_system.txt,run,.txt,1912
run/prompts/decision_mock-2413970733-53b199c1-dec-000153_tools.json,run,.json,612
run/prompts/decision_mock-2413970733-53b199c1-dec-000153_user.json,run,.json,10745
run/prompts/decision_mock-2413970733-53b199c1-dec-000154_parsed.json,run,.json,1732
run/prompts/decision_mock-2413970733-53b199c1-dec-000154_response.json,run,.json,3815
run/prompts/decision_mock-2413970733-53b199c1-dec-000154_system.txt,run,.txt,1912
run/prompts/decision_mock-2413970733-53b199c1-dec-000154_tools.json,run,.json,632
run/prompts/decision_mock-2413970733-53b199c1-dec-000154_user.json,run,.json,9525
run/prompts/decision_mock-2413970733-53b199c1-dec-000155_parsed.json,run,.json,1496
run/prompts/decision_mock-2413970733-53b199c1-dec-000155_response.json,run,.json,6378
run/prompts/decision_mock-2413970733-53b199c1-dec-000155_system.txt,run,.txt,1912
run/prompts/decision_mock-2413970733-53b199c1-dec-000155_tools.json,run,.json,1539
run/prompts/decision_mock-2413970733-53b199c1-dec-000155_user.json,run,.json,9880
run/prompts/decision_mock-2413970733-53b199c1-dec-000156_parsed.json,run,.json,1848
run/prompts/decision_mock-2413970733-53b199c1-dec-000156_response.json,run,.json,4162
run/prompts/decision_mock-2413970733-53b199c1-dec-000156_system.txt,run,.txt,1912
run/prompts/decision_mock-2413970733-53b199c1-dec-000156_tools.json,run,.json,1539
run/prompts/decision_mock-2413970733-53b199c1-dec-000156_user.json,run,.json,9942
run/prompts/decision_mock-2413970733-53b199c1-dec-000157_parsed.json,run,.json,945
run/prompts/decision_mock-2413970733-53b199c1-dec-000157_response.json,run,.json,4813
run/prompts/decision_mock-2413970733-53b199c1-dec-000157_retry1_parsed.json,run,.json,2019
run/prompts/decision_mock-2413970733-53b199c1-dec-000157_retry1_response.json,run,.json,5832
run/prompts/decision_mock-2413970733-53b199c1-dec-000157_retry1_system.txt,run,.txt,1912
run/prompts/decision_mock-2413970733-53b199c1-dec-000157_retry1_tools.json,run,.json,632
run/prompts/decision_mock-2413970733-53b199c1-dec-000157_retry1_user.json,run,.json,9563
run/prompts/decision_mock-2413970733-53b199c1-dec-000157_system.txt,run,.txt,1912
run/prompts/decision_mock-2413970733-53b199c1-dec-000157_tools.json,run,.json,632
run/prompts/decision_mock-2413970733-53b199c1-dec-000157_user.json,run,.json,9419
run/prompts/decision_mock-2413970733-53b199c1-dec-000158_parsed.json,run,.json,2078
run/prompts/decision_mock-2413970733-53b199c1-dec-000158_response.json,run,.json,7020
run/prompts/decision_mock-2413970733-53b199c1-dec-000158_system.txt,run,.txt,1912
run/prompts/decision_mock-2413970733-53b199c1-dec-000158_tools.json,run,.json,652
run/prompts/decision_mock-2413970733-53b199c1-dec-000158_user.json,run,.json,9560
run/prompts/decision_mock-2413970733-53b199c1-dec-000159_parsed.json,run,.json,2686
run/prompts/decision_mock-2413970733-53b199c1-dec-000159_response.json,run,.json,6409
run/prompts/decision_mock-2413970733-53b199c1-dec-000159_retry1_parsed.json,run,.json,2325
run/prompts/decision_mock-2413970733-53b199c1-dec-000159_retry1_response.json,run,.json,4895
run/prompts/decision_mock-2413970733-53b199c1-dec-000159_retry1_system.txt,run,.txt,1912
run/prompts/decision_mock-2413970733-53b199c1-dec-000159_retry1_tools.json,run,.json,652
run/prompts/decision_mock-2413970733-53b199c1-dec-000159_retry1_user.json,run,.json,10550
run/prompts/decision_mock-2413970733-53b199c1-dec-000159_system.txt,run,.txt,1912
run/prompts/decision_mock-2413970733-53b199c1-dec-000159_tools.json,run,.json,652
run/prompts/decision_mock-2413970733-53b199c1-dec-000159_user.json,run,.json,10393
run/prompts/decision_mock-2413970733-53b199c1-dec-000160_parsed.json,run,.json,1736
run/prompts/decision_mock-2413970733-53b199c1-dec-000160_response.json,run,.json,4088
run/prompts/decision_mock-2413970733-53b199c1-dec-000160_system.txt,run,.txt,1912
run/prompts/decision_mock-2413970733-53b199c1-dec-000160_tools.json,run,.json,652
run/prompts/decision_mock-2413970733-53b199c1-dec-000160_user.json,run,.json,8798
run/prompts/decision_mock-2413970733-53b199c1-dec-000161_parsed.json,run,.json,1852
run/prompts/decision_mock-2413970733-53b199c1-dec-000161_response.json,run,.json,3938
run/prompts/decision_mock-2413970733-53b199c1-dec-000161_system.txt,run,.txt,1912
run/prompts/decision_mock-2413970733-53b199c1-dec-000161_tools.json,run,.json,652
run/prompts/decision_mock-2413970733-53b199c1-dec-000161_user.json,run,.json,9077
run/prompts/decision_mock-2413970733-53b199c1-dec-000162_parsed.json,run,.json,1776
run/prompts/decision_mock-2413970733-53b199c1-dec-000162_response.json,run,.json,4360
run/prompts/decision_mock-2413970733-53b199c1-dec-000162_system.txt,run,.txt,1912
run/prompts/decision_mock-2413970733-53b199c1-dec-000162_tools.json,run,.json,1539
run/prompts/decision_mock-2413970733-53b199c1-dec-000162_user.json,run,.json,8811
run/prompts/decision_mock-2413970733-53b199c1-dec-000163_parsed.json,run,.json,2262
run/prompts/decision_mock-2413970733-53b199c1-dec-000163_response.json,run,.json,3064
run/prompts/decision_mock-2413970733-53b199c1-dec-000163_system.txt,run,.txt,1912
run/prompts/decision_mock-2413970733-53b199c1-dec-000163_tools.json,run,.json,612
run/prompts/decision_mock-2413970733-53b199c1-dec-000163_user.json,run,.json,9460
run/prompts/decision_mock-2413970733-53b199c1-dec-000164_parsed.json,run,.json,1672
run/prompts/decision_mock-2413970733-53b199c1-dec-000164_response.json,run,.json,5642
run/prompts/decision_mock-2413970733-53b199c1-dec-000164_system.txt,run,.txt,1912
run/prompts/decision_mock-2413970733-53b199c1-dec-000164_tools.json,run,.json,1539
run/prompts/decision_mock-2413970733-53b199c1-dec-000164_user.json,run,.json,8414
run/prompts/decision_mock-2413970733-53b199c1-dec-000165_parsed.json,run,.json,1764
run/prompts/decision_mock-2413970733-53b199c1-dec-000165_response.json,run,.json,4431
run/prompts/decision_mock-2413970733-53b199c1-dec-000165_system.txt,run,.txt,1912
run/prompts/decision_mock-2413970733-53b199c1-dec-000165_tools.json,run,.json,1539
run/prompts/decision_mock-2413970733-53b199c1-dec-000165_user.json,run,.json,8455
run/prompts/decision_mock-2413970733-53b199c1-dec-000166_parsed.json,run,.json,2176
run/prompts/decision_mock-2413970733-53b199c1-dec-000166_response.json,run,.json,4186
run/prompts/decision_mock-2413970733-53b199c1-dec-000166_system.txt,run,.txt,1912
run/prompts/decision_mock-2413970733-53b199c1-dec-000166_tools.json,run,.json,1539
run/prompts/decision_mock-2413970733-53b199c1-dec-000166_user.json,run,.json,8650
run/prompts/decision_mock-2413970733-53b199c1-dec-000167_parsed.json,run,.json,1988
run/prompts/decision_mock-2413970733-53b199c1-dec-000167_response.json,run,.json,10176
run/prompts/decision_mock-2413970733-53b199c1-dec-000167_system.txt,run,.txt,1912
run/prompts/decision_mock-2413970733-53b199c1-dec-000167_tools.json,run,.json,612
run/prompts/decision_mock-2413970733-53b199c1-dec-000167_user.json,run,.json,8520
run/prompts/decision_mock-2413970733-53b199c1-dec-000168_parsed.json,run,.json,2574
run/prompts/decision_mock-2413970733-53b199c1-dec-000168_response.json,run,.json,2934
run/prompts/decision_mock-2413970733-53b199c1-dec-000168_system.txt,run,.txt,1912
run/prompts/decision_mock-2413970733-53b199c1-dec-000168_tools.json,run,.json,612
run/prompts/decision_mock-2413970733-53b199c1-dec-000168_user.json,run,.json,9381
run/prompts/decision_mock-2413970733-53b199c1-dec-000169_parsed.json,run,.json,2634
run/prompts/decision_mock-2413970733-53b199c1-dec-000169_response.json,run,.json,2699
run/prompts/decision_mock-2413970733-53b199c1-dec-000169_system.txt,run,.txt,1912
run/prompts/decision_mock-2413970733-53b199c1-dec-000169_tools.json,run,.json,300
run/prompts/decision_mock-2413970733-53b199c1-dec-000169_user.json,run,.json,9487
run/prompts/decision_mock-2413970733-53b199c1-dec-000170_parsed.json,run,.json,2142
run/prompts/decision_mock-2413970733-53b199c1-dec-000170_response.json,run,.json,3676
run/prompts/decision_mock-2413970733-53b199c1-dec-000170_system.txt,run,.txt,1912
run/prompts/decision_mock-2413970733-53b199c1-dec-000170_tools.json,run,.json,1539
run/prompts/decision_mock-2413970733-53b199c1-dec-000170_user.json,run,.json,10024
run/prompts/decision_mock-2413970733-53b199c1-dec-000171_parsed.json,run,.json,2550
run/prompts/decision_mock-2413970733-53b199c1-dec-000171_response.json,run,.json,4407
run/prompts/decision_mock-2413970733-53b199c1-dec-000171_system.txt,run,.txt,1912
run/prompts/decision_mock-2413970733-53b199c1-dec-000171_tools.json,run,.json,632
run/prompts/decision_mock-2413970733-53b199c1-dec-000171_user.json,run,.json,9531
run/prompts/decision_mock-2413970733-53b199c1-dec-000172_parsed.json,run,.json,2998
run/prompts/decision_mock-2413970733-53b199c1-dec-000172_response.json,run,.json,9128
run/prompts/decision_mock-2413970733-53b199c1-dec-000172_system.txt,run,.txt,1912
run/prompts/decision_mock-2413970733-53b199c1-dec-000172_tools.json,run,.json,1539
run/prompts/decision_mock-2413970733-53b199c1-dec-000172_user.json,run,.json,10151
run/prompts/decision_mock-2413970733-53b199c1-dec-000173_parsed.json,run,.json,1996
run/prompts/decision_mock-2413970733-53b199c1-dec-000173_response.json,run,.json,3901
run/prompts/decision_mock-2413970733-53b199c1-dec-000173_system.txt,run,.txt,1912
run/prompts/decision_mock-2413970733-53b199c1-dec-000173_tools.json,run,.json,632
run/prompts/decision_mock-2413970733-53b199c1-dec-000173_user.json,run,.json,8368
run/prompts/decision_mock-2413970733-53b199c1-dec-000174_parsed.json,run,.json,1780
run/prompts/decision_mock-2413970733-53b199c1-dec-000174_response.json,run,.json,5571
run/prompts/decision_mock-2413970733-53b199c1-dec-000174_system.txt,run,.txt,1912
run/prompts/decision_mock-2413970733-53b199c1-dec-000174_tools.json,run,.json,1539
run/prompts/decision_mock-2413970733-53b199c1-dec-000174_user.json,run,.json,8853
run/prompts/decision_mock-2413970733-53b199c1-dec-000175_parsed.json,run,.json,1920
run/prompts/decision_mock-2413970733-53b199c1-dec-000175_response.json,run,.json,3534
run/prompts/decision_mock-2413970733-53b199c1-dec-000175_system.txt,run,.txt,1912
run/prompts/decision_mock-2413970733-53b199c1-dec-000175_tools.json,run,.json,1539
run/prompts/decision_mock-2413970733-53b199c1-dec-000175_user.json,run,.json,8995
run/prompts/decision_mock-2413970733-53b199c1-dec-000176_parsed.json,run,.json,2524
run/prompts/decision_mock-2413970733-53b199c1-dec-000176_response.json,run,.json,4958
run/prompts/decision_mock-2413970733-53b199c1-dec-000176_system.txt,run,.txt,1912
run/prompts/decision_mock-2413970733-53b199c1-dec-000176_tools.json,run,.json,612
run/prompts/decision_mock-2413970733-53b199c1-dec-000176_user.json,run,.json,8753
run/prompts/decision_mock-2413970733-53b199c1-dec-000177_parsed.json,run,.json,2106
run/prompts/decision_mock-2413970733-53b199c1-dec-000177_response.json,run,.json,2795
run/prompts/decision_mock-2413970733-53b199c1-dec-000177_system.txt,run,.txt,1912
run/prompts/decision_mock-2413970733-53b199c1-dec-000177_tools.json,run,.json,328
run/prompts/decision_mock-2413970733-53b199c1-dec-000177_user.json,run,.json,9968
run/prompts/decision_mock-2413970733-53b199c1-dec-000178_parsed.json,run,.json,1998
run/prompts/decision_mock-2413970733-53b199c1-dec-000178_response.json,run,.json,5771
run/prompts/decision_mock-2413970733-53b199c1-dec-000178_system.txt,run,.txt,1912
run/prompts/decision_mock-2413970733-53b199c1-dec-000178_tools.json,run,.json,652
run/prompts/decision_mock-2413970733-53b199c1-dec-000178_user.json,run,.json,8594
run/prompts/decision_mock-2413970733-53b199c1-dec-000179_parsed.json,run,.json,1892
run/prompts/decision_mock-2413970733-53b199c1-dec-000179_response.json,run,.json,5686
run/prompts/decision_mock-2413970733-53b199c1-dec-000179_system.txt,run,.txt,1912
run/prompts/decision_mock-2413970733-53b199c1-dec-000179_tools.json,run,.json,652
run/prompts/decision_mock-2413970733-53b199c1-dec-000179_user.json,run,.json,8950
run/prompts/decision_mock-2413970733-53b199c1-dec-000180_parsed.json,run,.json,2318
run/prompts/decision_mock-2413970733-53b199c1-dec-000180_response.json,run,.json,7679
run/prompts/decision_mock-2413970733-53b199c1-dec-000180_system.txt,run,.txt,1912
run/prompts/decision_mock-2413970733-53b199c1-dec-000180_tools.json,run,.json,652
run/prompts/decision_mock-2413970733-53b199c1-dec-000180_user.json,run,.json,9338
run/prompts/decision_mock-2413970733-53b199c1-dec-000181_parsed.json,run,.json,2066
run/prompts/decision_mock-2413970733-53b199c1-dec-000181_response.json,run,.json,4002
run/prompts/decision_mock-2413970733-53b199c1-dec-000181_system.txt,run,.txt,1912
run/prompts/decision_mock-2413970733-53b199c1-dec-000181_tools.json,run,.json,652
run/prompts/decision_mock-2413970733-53b199c1-dec-000181_user.json,run,.json,10457
run/prompts/decision_mock-2413970733-53b199c1-dec-000182_parsed.json,run,.json,2226
run/prompts/decision_mock-2413970733-53b199c1-dec-000182_response.json,run,.json,8479
run/prompts/decision_mock-2413970733-53b199c1-dec-000182_system.txt,run,.txt,1912
run/prompts/decision_mock-2413970733-53b199c1-dec-000182_tools.json,run,.json,652
run/prompts/decision_mock-2413970733-53b199c1-dec-000182_user.json,run,.json,9179
run/prompts/decision_mock-2413970733-53b199c1-dec-000183_parsed.json,run,.json,2127
run/prompts/decision_mock-2413970733-53b199c1-dec-000183_response.json,run,.json,13761
run/prompts/decision_mock-2413970733-53b199c1-dec-000183_retry1_parsed.json,run,.json,2423
run/prompts/decision_mock-2413970733-53b199c1-dec-000183_retry1_response.json,run,.json,4014
run/prompts/decision_mock-2413970733-53b199c1-dec-000183_retry1_system.txt,run,.txt,1912
run/prompts/decision_mock-2413970733-53b199c1-dec-000183_retry1_tools.json,run,.json,652
run/prompts/decision_mock-2413970733-53b199c1-dec-000183_retry1_user.json,run,.json,10017
run/prompts/decision_mock-2413970733-53b199c1-dec-000183_system.txt,run,.txt,1912
run/prompts/decision_mock-2413970733-53b199c1-dec-000183_tools.json,run,.json,652
run/prompts/decision_mock-2413970733-53b199c1-dec-000183_user.json,run,.json,9852
run/prompts/decision_mock-2413970733-53b199c1-dec-000184_parsed.json,run,.json,2930
run/prompts/decision_mock-2413970733-53b199c1-dec-000184_response.json,run,.json,13267
run/prompts/decision_mock-2413970733-53b199c1-dec-000184_system.txt,run,.txt,1912
run/prompts/decision_mock-2413970733-53b199c1-dec-000184_tools.json,run,.json,1539
run/prompts/decision_mock-2413970733-53b199c1-dec-000184_user.json,run,.json,10992
run/prompts/decision_mock-2413970733-53b199c1-dec-000185_parsed.json,run,.json,1964
run/prompts/decision_mock-2413970733-53b199c1-dec-000185_response.json,run,.json,4066
run/prompts/decision_mock-2413970733-53b199c1-dec-000185_system.txt,run,.txt,1912
run/prompts/decision_mock-2413970733-53b199c1-dec-000185_tools.json,run,.json,1539
run/prompts/decision_mock-2413970733-53b199c1-dec-000185_user.json,run,.json,9706
run/prompts/decision_mock-2413970733-53b199c1-dec-000186_parsed.json,run,.json,2556
run/prompts/decision_mock-2413970733-53b199c1-dec-000186_response.json,run,.json,11121
run/prompts/decision_mock-2413970733-53b199c1-dec-000186_system.txt,run,.txt,1912
run/prompts/decision_mock-2413970733-53b199c1-dec-000186_tools.json,run,.json,612
run/prompts/decision_mock-2413970733-53b199c1-dec-000186_user.json,run,.json,9540
run/prompts/decision_mock-2413970733-53b199c1-dec-000187_parsed.json,run,.json,2312
run/prompts/decision_mock-2413970733-53b199c1-dec-000187_response.json,run,.json,3858
run/prompts/decision_mock-2413970733-53b199c1-dec-000187_system.txt,run,.txt,1912
run/prompts/decision_mock-2413970733-53b199c1-dec-000187_tools.json,run,.json,300
run/prompts/decision_mock-2413970733-53b199c1-dec-000187_user.json,run,.json,9624
run/prompts/decision_mock-2413970733-53b199c1-dec-000188_parsed.json,run,.json,3422
run/prompts/decision_mock-2413970733-53b199c1-dec-000188_response.json,run,.json,14919
run/prompts/decision_mock-2413970733-53b199c1-dec-000188_system.txt,run,.txt,1912
run/prompts/decision_mock-2413970733-53b199c1-dec-000188_tools.json,run,.json,1539
run/prompts/decision_mock-2413970733-53b199c1-dec-000188_user.json,run,.json,10054
run/prompts/decision_mock-2413970733-53b199c1-dec-000189_parsed.json,run,.json,1948
run/prompts/decision_mock-2413970733-53b199c1-dec-000189_response.json,run,.json,6593
run/prompts/decision_mock-2413970733-53b199c1-dec-000189_system.txt,run,.txt,1912
run/prompts/decision_mock-2413970733-53b199c1-dec-000189_tools.json,run,.json,1466
run/prompts/decision_mock-2413970733-53b199c1-dec-000189_user.json,run,.json,9454
run/prompts/decision_mock-2413970733-53b199c1-dec-000190_parsed.json,run,.json,3478
run/prompts/decision_mock-2413970733-53b199c1-dec-000190_response.json,run,.json,19676
run/prompts/decision_mock-2413970733-53b199c1-dec-000190_system.txt,run,.txt,1912
run/prompts/decision_mock-2413970733-53b199c1-dec-000190_tools.json,run,.json,1539
run/prompts/decision_mock-2413970733-53b199c1-dec-000190_user.json,run,.json,10364
run/prompts/decision_mock-2413970733-53b199c1-dec-000191_parsed.json,run,.json,2216
run/prompts/decision_mock-2413970733-53b199c1-dec-000191_response.json,run,.json,5898
run/prompts/decision_mock-2413970733-53b199c1-dec-000191_system.txt,run,.txt,1912
run/prompts/decision_mock-2413970733-53b199c1-dec-000191_tools.json,run,.json,1466
run/prompts/decision_mock-2413970733-53b199c1-dec-000191_user.json,run,.json,9865
run/prompts/decision_mock-2413970733-53b199c1-dec-000192_parsed.json,run,.json,2196
run/prompts/decision_mock-2413970733-53b199c1-dec-000192_response.json,run,.json,6572
run/prompts/decision_mock-2413970733-53b199c1-dec-000192_system.txt,run,.txt,1912
run/prompts/decision_mock-2413970733-53b199c1-dec-000192_tools.json,run,.json,1539
run/prompts/decision_mock-2413970733-53b199c1-dec-000192_user.json,run,.json,10718
run/prompts/decision_mock-2413970733-53b199c1-dec-000193_parsed.json,run,.json,3422
run/prompts/decision_mock-2413970733-53b199c1-dec-000193_response.json,run,.json,26964
run/prompts/decision_mock-2413970733-53b199c1-dec-000193_system.txt,run,.txt,1912
run/prompts/decision_mock-2413970733-53b199c1-dec-000193_tools.json,run,.json,1539
run/prompts/decision_mock-2413970733-53b199c1-dec-000193_user.json,run,.json,10708
run/prompts/decision_mock-2413970733-53b199c1-dec-000194_parsed.json,run,.json,2124
run/prompts/decision_mock-2413970733-53b199c1-dec-000194_response.json,run,.json,4310
run/prompts/decision_mock-2413970733-53b199c1-dec-000194_system.txt,run,.txt,1912
run/prompts/decision_mock-2413970733-53b199c1-dec-000194_tools.json,run,.json,1466
run/prompts/decision_mock-2413970733-53b199c1-dec-000194_user.json,run,.json,10226
run/prompts/decision_mock-2413970733-53b199c1-dec-000195_parsed.json,run,.json,3586
run/prompts/decision_mock-2413970733-53b199c1-dec-000195_response.json,run,.json,23641
run/prompts/decision_mock-2413970733-53b199c1-dec-000195_system.txt,run,.txt,1912
run/prompts/decision_mock-2413970733-53b199c1-dec-000195_tools.json,run,.json,1539
run/prompts/decision_mock-2413970733-53b199c1-dec-000195_user.json,run,.json,11019
run/prompts/decision_mock-2413970733-53b199c1-dec-000196_parsed.json,run,.json,3262
run/prompts/decision_mock-2413970733-53b199c1-dec-000196_response.json,run,.json,4476
run/prompts/decision_mock-2413970733-53b199c1-dec-000196_system.txt,run,.txt,1912
run/prompts/decision_mock-2413970733-53b199c1-dec-000196_tools.json,run,.json,1466
run/prompts/decision_mock-2413970733-53b199c1-dec-000196_user.json,run,.json,11850
run/prompts/decision_mock-2413970733-53b199c1-dec-000197_parsed.json,run,.json,3214
run/prompts/decision_mock-2413970733-53b199c1-dec-000197_response.json,run,.json,23672
run/prompts/decision_mock-2413970733-53b199c1-dec-000197_system.txt,run,.txt,1912
run/prompts/decision_mock-2413970733-53b199c1-dec-000197_tools.json,run,.json,1539
run/prompts/decision_mock-2413970733-53b199c1-dec-000197_user.json,run,.json,11459
run/prompts/decision_mock-2413970733-53b199c1-dec-000198_parsed.json,run,.json,2012
run/prompts/decision_mock-2413970733-53b199c1-dec-000198_response.json,run,.json,4321
run/prompts/decision_mock-2413970733-53b199c1-dec-000198_system.txt,run,.txt,1912
run/prompts/decision_mock-2413970733-53b199c1-dec-000198_tools.json,run,.json,1466
run/prompts/decision_mock-2413970733-53b199c1-dec-000198_user.json,run,.json,10892
run/prompts/decision_mock-2413970733-53b199c1-dec-000199_parsed.json,run,.json,3322
run/prompts/decision_mock-2413970733-53b199c1-dec-000199_response.json,run,.json,23865
run/prompts/decision_mock-2413970733-53b199c1-dec-000199_system.txt,run,.txt,1912
run/prompts/decision_mock-2413970733-53b199c1-dec-000199_tools.json,run,.json,1539
run/prompts/decision_mock-2413970733-53b199c1-dec-000199_user.json,run,.json,11536
run/prompts/decision_mock-2413970733-53b199c1-dec-000200_parsed.json,run,.json,3030
run/prompts/decision_mock-2413970733-53b199c1-dec-000200_response.json,run,.json,5719
run/prompts/decision_mock-2413970733-53b199c1-dec-000200_system.txt,run,.txt,1912
run/prompts/decision_mock-2413970733-53b199c1-dec-000200_tools.json,run,.json,1466
run/prompts/decision_mock-2413970733-53b199c1-dec-000200_user.json,run,.json,12500
run/prompts/decision_mock-2413970733-53b199c1-dec-000201_parsed.json,run,.json,3670
run/prompts/decision_mock-2413970733-53b199c1-dec-000201_response.json,run,.json,17597
run/prompts/decision_mock-2413970733-53b199c1-dec-000201_system.txt,run,.txt,1912
run/prompts/decision_mock-2413970733-53b199c1-dec-000201_tools.json,run,.json,1539
run/prompts/decision_mock-2413970733-53b199c1-dec-000201_user.json,run,.json,12037
run/prompts/decision_mock-2413970733-53b199c1-dec-000202_parsed.json,run,.json,2612
run/prompts/decision_mock-2413970733-53b199c1-dec-000202_response.json,run,.json,7244
run/prompts/decision_mock-2413970733-53b199c1-dec-000202_system.txt,run,.txt,1912
run/prompts/decision_mock-2413970733-53b199c1-dec-000202_tools.json,run,.json,1466
run/prompts/decision_mock-2413970733-53b199c1-dec-000202_user.json,run,.json,11713
run/prompts/decision_mock-2413970733-53b199c1-dec-000203_parsed.json,run,.json,3714
run/prompts/decision_mock-2413970733-53b199c1-dec-000203_response.json,run,.json,9377
run/prompts/decision_mock-2413970733-53b199c1-dec-000203_system.txt,run,.txt,1912
run/prompts/decision_mock-2413970733-53b199c1-dec-000203_tools.json,run,.json,1539
run/prompts/decision_mock-2413970733-53b199c1-dec-000203_user.json,run,.json,12483
run/prompts/decision_mock-2413970733-53b199c1-dec-000204_parsed.json,run,.json,2732
run/prompts/decision_mock-2413970733-53b199c1-dec-000204_response.json,run,.json,9939
run/prompts/decision_mock-2413970733-53b199c1-dec-000204_system.txt,run,.txt,1912
run/prompts/decision_mock-2413970733-53b199c1-dec-000204_tools.json,run,.json,1466
run/prompts/decision_mock-2413970733-53b199c1-dec-000204_user.json,run,.json,12320
run/prompts/decision_mock-2413970733-53b199c1-dec-000205_parsed.json,run,.json,2108
run/prompts/decision_mock-2413970733-53b199c1-dec-000205_response.json,run,.json,5691
run/prompts/decision_mock-2413970733-53b199c1-dec-000205_system.txt,run,.txt,1912
run/prompts/decision_mock-2413970733-53b199c1-dec-000205_tools.json,run,.json,1539
run/prompts/decision_mock-2413970733-53b199c1-dec-000205_user.json,run,.json,12932
run/prompts/decision_mock-2413970733-53b199c1-dec-000206_parsed.json,run,.json,3094
run/prompts/decision_mock-2413970733-53b199c1-dec-000206_response.json,run,.json,8104
run/prompts/decision_mock-2413970733-53b199c1-dec-000206_system.txt,run,.txt,1912
run/prompts/decision_mock-2413970733-53b199c1-dec-000206_tools.json,run,.json,1539
run/prompts/decision_mock-2413970733-53b199c1-dec-000206_user.json,run,.json,13709
run/prompts/decision_mock-2413970733-53b199c1-dec-000207_parsed.json,run,.json,3198
run/prompts/decision_mock-2413970733-53b199c1-dec-000207_response.json,run,.json,7601
run/prompts/decision_mock-2413970733-53b199c1-dec-000207_system.txt,run,.txt,1912
run/prompts/decision_mock-2413970733-53b199c1-dec-000207_tools.json,run,.json,1539
run/prompts/decision_mock-2413970733-53b199c1-dec-000207_user.json,run,.json,13550
run/prompts/decision_mock-2413970733-53b199c1-dec-000208_parsed.json,run,.json,2170
run/prompts/decision_mock-2413970733-53b199c1-dec-000208_response.json,run,.json,2767
run/prompts/decision_mock-2413970733-53b199c1-dec-000208_system.txt,run,.txt,1912
run/prompts/decision_mock-2413970733-53b199c1-dec-000208_tools.json,run,.json,632
run/prompts/decision_mock-2413970733-53b199c1-dec-000208_user.json,run,.json,13104
run/prompts/decision_mock-2413970733-53b199c1-dec-000209_parsed.json,run,.json,3186
run/prompts/decision_mock-2413970733-53b199c1-dec-000209_response.json,run,.json,8098
run/prompts/decision_mock-2413970733-53b199c1-dec-000209_system.txt,run,.txt,1912
run/prompts/decision_mock-2413970733-53b199c1-dec-000209_tools.json,run,.json,1539
run/prompts/decision_mock-2413970733-53b199c1-dec-000209_user.json,run,.json,13474
run/prompts/decision_mock-2413970733-53b199c1-dec-000210_parsed.json,run,.json,2132
run/prompts/decision_mock-2413970733-53b199c1-dec-000210_response.json,run,.json,12408
run/prompts/decision_mock-2413970733-53b199c1-dec-000210_system.txt,run,.txt,1912
run/prompts/decision_mock-2413970733-53b199c1-dec-000210_tools.json,run,.json,612
run/prompts/decision_mock-2413970733-53b199c1-dec-000210_user.json,run,.json,11428
run/prompts/decision_mock-2413970733-53b199c1-dec-000211_parsed.json,run,.json,2280
run/prompts/decision_mock-2413970733-53b199c1-dec-000211_response.json,run,.json,3956
run/prompts/decision_mock-2413970733-53b199c1-dec-000211_system.txt,run,.txt,1912
run/prompts/decision_mock-2413970733-53b199c1-dec-000211_tools.json,run,.json,1539
run/prompts/decision_mock-2413970733-53b199c1-dec-000211_user.json,run,.json,11706
run/prompts/decision_mock-2413970733-53b199c1-dec-000212_parsed.json,run,.json,904
run/prompts/decision_mock-2413970733-53b199c1-dec-000212_response.json,run,.json,4212
run/prompts/decision_mock-2413970733-53b199c1-dec-000212_retry1_parsed.json,run,.json,1855
run/prompts/decision_mock-2413970733-53b199c1-dec-000212_retry1_response.json,run,.json,3654
run/prompts/decision_mock-2413970733-53b199c1-dec-000212_retry1_system.txt,run,.txt,1912
run/prompts/decision_mock-2413970733-53b199c1-dec-000212_retry1_tools.json,run,.json,1539
run/prompts/decision_mock-2413970733-53b199c1-dec-000212_retry1_user.json,run,.json,11410
run/prompts/decision_mock-2413970733-53b199c1-dec-000212_system.txt,run,.txt,1912
run/prompts/decision_mock-2413970733-53b199c1-dec-000212_tools.json,run,.json,1539
run/prompts/decision_mock-2413970733-53b199c1-dec-000212_user.json,run,.json,11266
run/prompts/decision_mock-2413970733-53b199c1-dec-000213_parsed.json,run,.json,3630
run/prompts/decision_mock-2413970733-53b199c1-dec-000213_response.json,run,.json,19288
run/prompts/decision_mock-2413970733-53b199c1-dec-000213_system.txt,run,.txt,1912
run/prompts/decision_mock-2413970733-53b199c1-dec-000213_tools.json,run,.json,1539
run/prompts/decision_mock-2413970733-53b199c1-dec-000213_user.json,run,.json,11012
run/prompts/decision_mock-2413970733-53b199c1-dec-000214_parsed.json,run,.json,3048
run/prompts/decision_mock-2413970733-53b199c1-dec-000214_response.json,run,.json,8510
run/prompts/decision_mock-2413970733-53b199c1-dec-000214_system.txt,run,.txt,1912
run/prompts/decision_mock-2413970733-53b199c1-dec-000214_tools.json,run,.json,1466
run/prompts/decision_mock-2413970733-53b199c1-dec-000214_user.json,run,.json,10971
run/prompts/decision_mock-2413970733-53b199c1-dec-000215_parsed.json,run,.json,2162
run/prompts/decision_mock-2413970733-53b199c1-dec-000215_response.json,run,.json,16267
run/prompts/decision_mock-2413970733-53b199c1-dec-000215_system.txt,run,.txt,1912
run/prompts/decision_mock-2413970733-53b199c1-dec-000215_tools.json,run,.json,1539
run/prompts/decision_mock-2413970733-53b199c1-dec-000215_user.json,run,.json,11128
run/prompts/decision_mock-2413970733-53b199c1-dec-000216_parsed.json,run,.json,2638
run/prompts/decision_mock-2413970733-53b199c1-dec-000216_response.json,run,.json,21428
run/prompts/decision_mock-2413970733-53b199c1-dec-000216_system.txt,run,.txt,1912
run/prompts/decision_mock-2413970733-53b199c1-dec-000216_tools.json,run,.json,1884
run/prompts/decision_mock-2413970733-53b199c1-dec-000216_user.json,run,.json,10999
run/prompts/decision_mock-2413970733-53b199c1-dec-000217_parsed.json,run,.json,3822
run/prompts/decision_mock-2413970733-53b199c1-dec-000217_response.json,run,.json,30617
run/prompts/decision_mock-2413970733-53b199c1-dec-000217_system.txt,run,.txt,1912
run/prompts/decision_mock-2413970733-53b199c1-dec-000217_tools.json,run,.json,1884
run/prompts/decision_mock-2413970733-53b199c1-dec-000217_user.json,run,.json,10873
run/prompts/decision_mock-2413970733-53b199c1-dec-000218_parsed.json,run,.json,2424
run/prompts/decision_mock-2413970733-53b199c1-dec-000218_response.json,run,.json,5791
run/prompts/decision_mock-2413970733-53b199c1-dec-000218_system.txt,run,.txt,1912
run/prompts/decision_mock-2413970733-53b199c1-dec-000218_tools.json,run,.json,1466
run/prompts/decision_mock-2413970733-53b199c1-dec-000218_user.json,run,.json,10929
run/prompts/decision_mock-2413970733-53b199c1-dec-000219_parsed.json,run,.json,2426
run/prompts/decision_mock-2413970733-53b199c1-dec-000219_response.json,run,.json,16210
run/prompts/decision_mock-2413970733-53b199c1-dec-000219_system.txt,run,.txt,1912
run/prompts/decision_mock-2413970733-53b199c1-dec-000219_tools.json,run,.json,1884
run/prompts/decision_mock-2413970733-53b199c1-dec-000219_user.json,run,.json,10973
run/prompts/decision_mock-2413970733-53b199c1-dec-000220_parsed.json,run,.json,3338
run/prompts/decision_mock-2413970733-53b199c1-dec-000220_response.json,run,.json,17132
run/prompts/decision_mock-2413970733-53b199c1-dec-000220_system.txt,run,.txt,1912
run/prompts/decision_mock-2413970733-53b199c1-dec-000220_tools.json,run,.json,1884
run/prompts/decision_mock-2413970733-53b199c1-dec-000220_user.json,run,.json,10840
run/prompts/decision_mock-2413970733-53b199c1-dec-000221_parsed.json,run,.json,2570
run/prompts/decision_mock-2413970733-53b199c1-dec-000221_response.json,run,.json,2823
run/prompts/decision_mock-2413970733-53b199c1-dec-000221_system.txt,run,.txt,1912
run/prompts/decision_mock-2413970733-53b199c1-dec-000221_tools.json,run,.json,1466
run/prompts/decision_mock-2413970733-53b199c1-dec-000221_user.json,run,.json,12296
run/prompts/decision_mock-2413970733-53b199c1-dec-000222_parsed.json,run,.json,3522
run/prompts/decision_mock-2413970733-53b199c1-dec-000222_response.json,run,.json,17993
run/prompts/decision_mock-2413970733-53b199c1-dec-000222_system.txt,run,.txt,1912
run/prompts/decision_mock-2413970733-53b199c1-dec-000222_tools.json,run,.json,1884
run/prompts/decision_mock-2413970733-53b199c1-dec-000222_user.json,run,.json,10996
run/prompts/decision_mock-2413970733-53b199c1-dec-000223_parsed.json,run,.json,2478
run/prompts/decision_mock-2413970733-53b199c1-dec-000223_response.json,run,.json,3716
run/prompts/decision_mock-2413970733-53b199c1-dec-000223_system.txt,run,.txt,1912
run/prompts/decision_mock-2413970733-53b199c1-dec-000223_tools.json,run,.json,1466
run/prompts/decision_mock-2413970733-53b199c1-dec-000223_user.json,run,.json,12459
run/prompts/decision_mock-2413970733-53b199c1-dec-000224_parsed.json,run,.json,3810
run/prompts/decision_mock-2413970733-53b199c1-dec-000224_response.json,run,.json,11934
run/prompts/decision_mock-2413970733-53b199c1-dec-000224_system.txt,run,.txt,1912
run/prompts/decision_mock-2413970733-53b199c1-dec-000224_tools.json,run,.json,1884
run/prompts/decision_mock-2413970733-53b199c1-dec-000224_user.json,run,.json,11543
run/prompts/decision_mock-2413970733-53b199c1-dec-000225_parsed.json,run,.json,2928
run/prompts/decision_mock-2413970733-53b199c1-dec-000225_response.json,run,.json,6111
run/prompts/decision_mock-2413970733-53b199c1-dec-000225_system.txt,run,.txt,1912
run/prompts/decision_mock-2413970733-53b199c1-dec-000225_tools.json,run,.json,1466
run/prompts/decision_mock-2413970733-53b199c1-dec-000225_user.json,run,.json,11829
run/prompts/decision_mock-2413970733-53b199c1-dec-000226_parsed.json,run,.json,2036
run/prompts/decision_mock-2413970733-53b199c1-dec-000226_response.json,run,.json,8834
run/prompts/decision_mock-2413970733-53b199c1-dec-000226_system.txt,run,.txt,1912
run/prompts/decision_mock-2413970733-53b199c1-dec-000226_tools.json,run,.json,1884
run/prompts/decision_mock-2413970733-53b199c1-dec-000226_user.json,run,.json,12103
run/prompts/decision_mock-2413970733-53b199c1-dec-000227_parsed.json,run,.json,2678
run/prompts/decision_mock-2413970733-53b199c1-dec-000227_response.json,run,.json,6020
run/prompts/decision_mock-2413970733-53b199c1-dec-000227_system.txt,run,.txt,1912
run/prompts/decision_mock-2413970733-53b199c1-dec-000227_tools.json,run,.json,1539
run/prompts/decision_mock-2413970733-53b199c1-dec-000227_user.json,run,.json,13559
run/prompts/decision_mock-2413970733-53b199c1-dec-000228_parsed.json,run,.json,2048
run/prompts/decision_mock-2413970733-53b199c1-dec-000228_response.json,run,.json,5890
run/prompts/decision_mock-2413970733-53b199c1-dec-000228_system.txt,run,.txt,1912
run/prompts/decision_mock-2413970733-53b199c1-dec-000228_tools.json,run,.json,1539
run/prompts/decision_mock-2413970733-53b199c1-dec-000228_user.json,run,.json,12436
run/prompts/decision_mock-2413970733-53b199c1-dec-000229_parsed.json,run,.json,1864
run/prompts/decision_mock-2413970733-53b199c1-dec-000229_response.json,run,.json,5634
run/prompts/decision_mock-2413970733-53b199c1-dec-000229_system.txt,run,.txt,1912
run/prompts/decision_mock-2413970733-53b199c1-dec-000229_tools.json,run,.json,1539
run/prompts/decision_mock-2413970733-53b199c1-dec-000229_user.json,run,.json,11575
run/prompts/decision_mock-2413970733-53b199c1-dec-000230_parsed.json,run,.json,3262
run/prompts/decision_mock-2413970733-53b199c1-dec-000230_response.json,run,.json,29126
run/prompts/decision_mock-2413970733-53b199c1-dec-000230_system.txt,run,.txt,1912
run/prompts/decision_mock-2413970733-53b199c1-dec-000230_tools.json,run,.json,1884
run/prompts/decision_mock-2413970733-53b199c1-dec-000230_user.json,run,.json,12012
run/prompts/decision_mock-2413970733-53b199c1-dec-000231_parsed.json,run,.json,2930
run/prompts/decision_mock-2413970733-53b199c1-dec-000231_response.json,run,.json,3425
run/prompts/decision_mock-2413970733-53b199c1-dec-000231_system.txt,run,.txt,1912
run/prompts/decision_mock-2413970733-53b199c1-dec-000231_tools.json,run,.json,1466
run/prompts/decision_mock-2413970733-53b199c1-dec-000231_user.json,run,.json,13586
run/prompts/decision_mock-2413970733-53b199c1-dec-000232_parsed.json,run,.json,3798
run/prompts/decision_mock-2413970733-53b199c1-dec-000232_response.json,run,.json,28382
run/prompts/decision_mock-2413970733-53b199c1-dec-000232_system.txt,run,.txt,1912
run/prompts/decision_mock-2413970733-53b199c1-dec-000232_tools.json,run,.json,1884
run/prompts/decision_mock-2413970733-53b199c1-dec-000232_user.json,run,.json,12192
run/prompts/decision_mock-2413970733-53b199c1-dec-000233_parsed.json,run,.json,3048
run/prompts/decision_mock-2413970733-53b199c1-dec-000233_response.json,run,.json,6700
run/prompts/decision_mock-2413970733-53b199c1-dec-000233_system.txt,run,.txt,1912
run/prompts/decision_mock-2413970733-53b199c1-dec-000233_tools.json,run,.json,1466
run/prompts/decision_mock-2413970733-53b199c1-dec-000233_user.json,run,.json,12473
run/prompts/decision_mock-2413970733-53b199c1-dec-000234_parsed.json,run,.json,2362
run/prompts/decision_mock-2413970733-53b199c1-dec-000234_response.json,run,.json,8403
run/prompts/decision_mock-2413970733-53b199c1-dec-000234_system.txt,run,.txt,1912
run/prompts/decision_mock-2413970733-53b199c1-dec-000234_tools.json,run,.json,1884
run/prompts/decision_mock-2413970733-53b199c1-dec-000234_user.json,run,.json,12488
run/prompts/decision_mock-2413970733-53b199c1-dec-000235_parsed.json,run,.json,3478
run/prompts/decision_mock-2413970733-53b199c1-dec-000235_response.json,run,.json,34036
run/prompts/decision_mock-2413970733-53b199c1-dec-000235_system.txt,run,.txt,1912
run/prompts/decision_mock-2413970733-53b199c1-dec-000235_tools.json,run,.json,1884
run/prompts/decision_mock-2413970733-53b199c1-dec-000235_user.json,run,.json,12439
run/prompts/decision_mock-2413970733-53b199c1-dec-000236_parsed.json,run,.json,2970
run/prompts/decision_mock-2413970733-53b199c1-dec-000236_response.json,run,.json,4554
run/prompts/decision_mock-2413970733-53b199c1-dec-000236_system.txt,run,.txt,1912
run/prompts/decision_mock-2413970733-53b199c1-dec-000236_tools.json,run,.json,1466
run/prompts/decision_mock-2413970733-53b199c1-dec-000236_user.json,run,.json,13523
run/prompts/decision_mock-2413970733-53b199c1-dec-000237_parsed.json,run,.json,3726
run/prompts/decision_mock-2413970733-53b199c1-dec-000237_response.json,run,.json,35696
run/prompts/decision_mock-2413970733-53b199c1-dec-000237_system.txt,run,.txt,1912
run/prompts/decision_mock-2413970733-53b199c1-dec-000237_tools.json,run,.json,1884
run/prompts/decision_mock-2413970733-53b199c1-dec-000237_user.json,run,.json,12428
run/prompts/decision_mock-2413970733-53b199c1-dec-000238_parsed.json,run,.json,5856
run/prompts/decision_mock-2413970733-53b199c1-dec-000238_response.json,run,.json,21067
run/prompts/decision_mock-2413970733-53b199c1-dec-000238_system.txt,run,.txt,1912
run/prompts/decision_mock-2413970733-53b199c1-dec-000238_tools.json,run,.json,1466
run/prompts/decision_mock-2413970733-53b199c1-dec-000238_user.json,run,.json,13724
run/prompts/decision_mock-2413970733-53b199c1-dec-000239_parsed.json,run,.json,3578
run/prompts/decision_mock-2413970733-53b199c1-dec-000239_response.json,run,.json,21347
run/prompts/decision_mock-2413970733-53b199c1-dec-000239_system.txt,run,.txt,1912
run/prompts/decision_mock-2413970733-53b199c1-dec-000239_tools.json,run,.json,1466
run/prompts/decision_mock-2413970733-53b199c1-dec-000239_user.json,run,.json,12883
run/prompts/decision_mock-2413970733-53b199c1-dec-000240_parsed.json,run,.json,4748
run/prompts/decision_mock-2413970733-53b199c1-dec-000240_response.json,run,.json,6523
run/prompts/decision_mock-2413970733-53b199c1-dec-000240_system.txt,run,.txt,1912
run/prompts/decision_mock-2413970733-53b199c1-dec-000240_tools.json,run,.json,1466
run/prompts/decision_mock-2413970733-53b199c1-dec-000240_user.json,run,.json,14937
run/prompts/decision_mock-2413970733-53b199c1-dec-000241_parsed.json,run,.json,2464
run/prompts/decision_mock-2413970733-53b199c1-dec-000241_response.json,run,.json,18108
run/prompts/decision_mock-2413970733-53b199c1-dec-000241_system.txt,run,.txt,1912
run/prompts/decision_mock-2413970733-53b199c1-dec-000241_tools.json,run,.json,1466
run/prompts/decision_mock-2413970733-53b199c1-dec-000241_user.json,run,.json,13698
run/prompts/decision_mock-2413970733-53b199c1-dec-000242_parsed.json,run,.json,2770
run/prompts/decision_mock-2413970733-53b199c1-dec-000242_response.json,run,.json,14300
run/prompts/decision_mock-2413970733-53b199c1-dec-000242_system.txt,run,.txt,1912
run/prompts/decision_mock-2413970733-53b199c1-dec-000242_tools.json,run,.json,2487
run/prompts/decision_mock-2413970733-53b199c1-dec-000242_user.json,run,.json,13322
run/prompts/decision_mock-2413970733-53b199c1-dec-000243_parsed.json,run,.json,2366
run/prompts/decision_mock-2413970733-53b199c1-dec-000243_response.json,run,.json,5778
run/prompts/decision_mock-2413970733-53b199c1-dec-000243_system.txt,run,.txt,1912
run/prompts/decision_mock-2413970733-53b199c1-dec-000243_tools.json,run,.json,2140
run/prompts/decision_mock-2413970733-53b199c1-dec-000243_user.json,run,.json,12967
run/prompts/decision_mock-2413970733-53b199c1-dec-000244_parsed.json,run,.json,2342
run/prompts/decision_mock-2413970733-53b199c1-dec-000244_response.json,run,.json,8905
run/prompts/decision_mock-2413970733-53b199c1-dec-000244_system.txt,run,.txt,1912
run/prompts/decision_mock-2413970733-53b199c1-dec-000244_tools.json,run,.json,3088
run/prompts/decision_mock-2413970733-53b199c1-dec-000244_user.json,run,.json,12909
run/prompts/decision_mock-2413970733-53b199c1-dec-000245_parsed.json,run,.json,2258
run/prompts/decision_mock-2413970733-53b199c1-dec-000245_response.json,run,.json,4378
run/prompts/decision_mock-2413970733-53b199c1-dec-000245_system.txt,run,.txt,1912
run/prompts/decision_mock-2413970733-53b199c1-dec-000245_tools.json,run,.json,2140
run/prompts/decision_mock-2413970733-53b199c1-dec-000245_user.json,run,.json,12836
run/prompts/decision_mock-2413970733-53b199c1-dec-000246_parsed.json,run,.json,3214
run/prompts/decision_mock-2413970733-53b199c1-dec-000246_response.json,run,.json,10318
run/prompts/decision_mock-2413970733-53b199c1-dec-000246_system.txt,run,.txt,1912
run/prompts/decision_mock-2413970733-53b199c1-dec-000246_tools.json,run,.json,1799
run/prompts/decision_mock-2413970733-53b199c1-dec-000246_user.json,run,.json,12915
run/prompts/decision_mock-2413970733-53b199c1-dec-000247_parsed.json,run,.json,2528
run/prompts/decision_mock-2413970733-53b199c1-dec-000247_response.json,run,.json,6787
run/prompts/decision_mock-2413970733-53b199c1-dec-000247_system.txt,run,.txt,1912
run/prompts/decision_mock-2413970733-53b199c1-dec-000247_tools.json,run,.json,1466
run/prompts/decision_mock-2413970733-53b199c1-dec-000247_user.json,run,.json,13571
run/prompts/decision_mock-2413970733-53b199c1-dec-000248_parsed.json,run,.json,3138
run/prompts/decision_mock-2413970733-53b199c1-dec-000248_response.json,run,.json,11762
run/prompts/decision_mock-2413970733-53b199c1-dec-000248_system.txt,run,.txt,1912
run/prompts/decision_mock-2413970733-53b199c1-dec-000248_tools.json,run,.json,1799
run/prompts/decision_mock-2413970733-53b199c1-dec-000248_user.json,run,.json,13258
run/prompts/decision_mock-2413970733-53b199c1-dec-000249_parsed.json,run,.json,1676
run/prompts/decision_mock-2413970733-53b199c1-dec-000249_response.json,run,.json,5445
run/prompts/decision_mock-2413970733-53b199c1-dec-000249_system.txt,run,.txt,1912
run/prompts/decision_mock-2413970733-53b199c1-dec-000249_tools.json,run,.json,1466
run/prompts/decision_mock-2413970733-53b199c1-dec-000249_user.json,run,.json,13005
run/prompts/decision_mock-2413970733-53b199c1-dec-000250_parsed.json,run,.json,3210
run/prompts/decision_mock-2413970733-53b199c1-dec-000250_response.json,run,.json,13878
run/prompts/decision_mock-2413970733-53b199c1-dec-000250_system.txt,run,.txt,1912
run/prompts/decision_mock-2413970733-53b199c1-dec-000250_tools.json,run,.json,1799
run/prompts/decision_mock-2413970733-53b199c1-dec-000250_user.json,run,.json,13560
run/prompts/decision_mock-2413970733-53b199c1-dec-000251_parsed.json,run,.json,2388
run/prompts/decision_mock-2413970733-53b199c1-dec-000251_response.json,run,.json,12003
run/prompts/decision_mock-2413970733-53b199c1-dec-000251_system.txt,run,.txt,1912
run/prompts/decision_mock-2413970733-53b199c1-dec-000251_tools.json,run,.json,1466
run/prompts/decision_mock-2413970733-53b199c1-dec-000251_user.json,run,.json,14144
run/prompts/decision_mock-2413970733-53b199c1-dec-000252_parsed.json,run,.json,2004
run/prompts/decision_mock-2413970733-53b199c1-dec-000252_response.json,run,.json,11340
run/prompts/decision_mock-2413970733-53b199c1-dec-000252_system.txt,run,.txt,1912
run/prompts/decision_mock-2413970733-53b199c1-dec-000252_tools.json,run,.json,1799
run/prompts/decision_mock-2413970733-53b199c1-dec-000252_user.json,run,.json,13447
run/prompts/decision_mock-2413970733-53b199c1-dec-000253_parsed.json,run,.json,3964
run/prompts/decision_mock-2413970733-53b199c1-dec-000253_response.json,run,.json,7895
run/prompts/decision_mock-2413970733-53b199c1-dec-000253_system.txt,run,.txt,1912
run/prompts/decision_mock-2413970733-53b199c1-dec-000253_tools.json,run,.json,2487
run/prompts/decision_mock-2413970733-53b199c1-dec-000253_user.json,run,.json,15121
run/prompts/decision_mock-2413970733-53b199c1-dec-000254_parsed.json,run,.json,2298
run/prompts/decision_mock-2413970733-53b199c1-dec-000254_response.json,run,.json,2760
run/prompts/decision_mock-2413970733-53b199c1-dec-000254_system.txt,run,.txt,1912
run/prompts/decision_mock-2413970733-53b199c1-dec-000254_tools.json,run,.json,2140
run/prompts/decision_mock-2413970733-53b199c1-dec-000254_user.json,run,.json,14820
run/prompts/decision_mock-2413970733-53b199c1-dec-000255_parsed.json,run,.json,2340
run/prompts/decision_mock-2413970733-53b199c1-dec-000255_response.json,run,.json,10696
run/prompts/decision_mock-2413970733-53b199c1-dec-000255_system.txt,run,.txt,1912
run/prompts/decision_mock-2413970733-53b199c1-dec-000255_tools.json,run,.json,2140
run/prompts/decision_mock-2413970733-53b199c1-dec-000255_user.json,run,.json,14527
run/prompts/decision_mock-2413970733-53b199c1-dec-000256_parsed.json,run,.json,2600
run/prompts/decision_mock-2413970733-53b199c1-dec-000256_response.json,run,.json,7284
run/prompts/decision_mock-2413970733-53b199c1-dec-000256_system.txt,run,.txt,1912
run/prompts/decision_mock-2413970733-53b199c1-dec-000256_tools.json,run,.json,2485
run/prompts/decision_mock-2413970733-53b199c1-dec-000256_user.json,run,.json,14105
run/prompts/decision_mock-2413970733-53b199c1-dec-000257_parsed.json,run,.json,2908
run/prompts/decision_mock-2413970733-53b199c1-dec-000257_response.json,run,.json,4566
run/prompts/decision_mock-2413970733-53b199c1-dec-000257_system.txt,run,.txt,1912
run/prompts/decision_mock-2413970733-53b199c1-dec-000257_tools.json,run,.json,3088
run/prompts/decision_mock-2413970733-53b199c1-dec-000257_user.json,run,.json,14019
run/prompts/decision_mock-2413970733-53b199c1-dec-000258_parsed.json,run,.json,2894
run/prompts/decision_mock-2413970733-53b199c1-dec-000258_response.json,run,.json,5754
run/prompts/decision_mock-2413970733-53b199c1-dec-000258_system.txt,run,.txt,1912
run/prompts/decision_mock-2413970733-53b199c1-dec-000258_tools.json,run,.json,2140
run/prompts/decision_mock-2413970733-53b199c1-dec-000258_user.json,run,.json,13599
run/prompts/decision_mock-2413970733-53b199c1-dec-000259_parsed.json,run,.json,2156
run/prompts/decision_mock-2413970733-53b199c1-dec-000259_response.json,run,.json,6337
run/prompts/decision_mock-2413970733-53b199c1-dec-000259_system.txt,run,.txt,1912
run/prompts/decision_mock-2413970733-53b199c1-dec-000259_tools.json,run,.json,1539
run/prompts/decision_mock-2413970733-53b199c1-dec-000259_user.json,run,.json,12593
run/prompts/decision_mock-2413970733-53b199c1-dec-000260_parsed.json,run,.json,1892
run/prompts/decision_mock-2413970733-53b199c1-dec-000260_response.json,run,.json,4392
run/prompts/decision_mock-2413970733-53b199c1-dec-000260_system.txt,run,.txt,1912
run/prompts/decision_mock-2413970733-53b199c1-dec-000260_tools.json,run,.json,1539
run/prompts/decision_mock-2413970733-53b199c1-dec-000260_user.json,run,.json,11079
run/prompts/decision_mock-2413970733-53b199c1-dec-000261_parsed.json,run,.json,2398
run/prompts/decision_mock-2413970733-53b199c1-dec-000261_response.json,run,.json,8197
run/prompts/decision_mock-2413970733-53b199c1-dec-000261_system.txt,run,.txt,1912
run/prompts/decision_mock-2413970733-53b199c1-dec-000261_tools.json,run,.json,2747
run/prompts/decision_mock-2413970733-53b199c1-dec-000261_user.json,run,.json,10960
run/prompts/decision_mock-2413970733-53b199c1-dec-000262_parsed.json,run,.json,3338
run/prompts/decision_mock-2413970733-53b199c1-dec-000262_response.json,run,.json,12412
run/prompts/decision_mock-2413970733-53b199c1-dec-000262_system.txt,run,.txt,1912
run/prompts/decision_mock-2413970733-53b199c1-dec-000262_tools.json,run,.json,1799
run/prompts/decision_mock-2413970733-53b199c1-dec-000262_user.json,run,.json,10731
run/prompts/decision_mock-2413970733-53b199c1-dec-000263_parsed.json,run,.json,1796
run/prompts/decision_mock-2413970733-53b199c1-dec-000263_response.json,run,.json,5599
run/prompts/decision_mock-2413970733-53b199c1-dec-000263_system.txt,run,.txt,1912
run/prompts/decision_mock-2413970733-53b199c1-dec-000263_tools.json,run,.json,1466
run/prompts/decision_mock-2413970733-53b199c1-dec-000263_user.json,run,.json,11420
run/prompts/decision_mock-2413970733-53b199c1-dec-000264_parsed.json,run,.json,2000
run/prompts/decision_mock-2413970733-53b199c1-dec-000264_response.json,run,.json,4660
run/prompts/decision_mock-2413970733-53b199c1-dec-000264_system.txt,run,.txt,1912
run/prompts/decision_mock-2413970733-53b199c1-dec-000264_tools.json,run,.json,1799
run/prompts/decision_mock-2413970733-53b199c1-dec-000264_user.json,run,.json,10719
run/prompts/decision_mock-2413970733-53b199c1-dec-000265_parsed.json,run,.json,3390
run/prompts/decision_mock-2413970733-53b199c1-dec-000265_response.json,run,.json,16891
run/prompts/decision_mock-2413970733-53b199c1-dec-000265_system.txt,run,.txt,1912
run/prompts/decision_mock-2413970733-53b199c1-dec-000265_tools.json,run,.json,1799
run/prompts/decision_mock-2413970733-53b199c1-dec-000265_user.json,run,.json,10565
run/prompts/decision_mock-2413970733-53b199c1-dec-000266_parsed.json,run,.json,2432
run/prompts/decision_mock-2413970733-53b199c1-dec-000266_response.json,run,.json,5940
run/prompts/decision_mock-2413970733-53b199c1-dec-000266_system.txt,run,.txt,1912
run/prompts/decision_mock-2413970733-53b199c1-dec-000266_tools.json,run,.json,1466
run/prompts/decision_mock-2413970733-53b199c1-dec-000266_user.json,run,.json,11161
run/prompts/decision_mock-2413970733-53b199c1-dec-000267_parsed.json,run,.json,3022
run/prompts/decision_mock-2413970733-53b199c1-dec-000267_response.json,run,.json,13594
run/prompts/decision_mock-2413970733-53b199c1-dec-000267_system.txt,run,.txt,1912
run/prompts/decision_mock-2413970733-53b199c1-dec-000267_tools.json,run,.json,1799
run/prompts/decision_mock-2413970733-53b199c1-dec-000267_user.json,run,.json,10704
run/prompts/decision_mock-2413970733-53b199c1-dec-000268_parsed.json,run,.json,1668
run/prompts/decision_mock-2413970733-53b199c1-dec-000268_response.json,run,.json,3660
run/prompts/decision_mock-2413970733-53b199c1-dec-000268_system.txt,run,.txt,1912
run/prompts/decision_mock-2413970733-53b199c1-dec-000268_tools.json,run,.json,1466
run/prompts/decision_mock-2413970733-53b199c1-dec-000268_user.json,run,.json,10298
run/prompts/decision_mock-2413970733-53b199c1-dec-000269_parsed.json,run,.json,3034
run/prompts/decision_mock-2413970733-53b199c1-dec-000269_response.json,run,.json,6903
run/prompts/decision_mock-2413970733-53b199c1-dec-000269_system.txt,run,.txt,1912
run/prompts/decision_mock-2413970733-53b199c1-dec-000269_tools.json,run,.json,1799
run/prompts/decision_mock-2413970733-53b199c1-dec-000269_user.json,run,.json,10596
run/prompts/decision_mock-2413970733-53b199c1-dec-000270_parsed.json,run,.json,2122
run/prompts/decision_mock-2413970733-53b199c1-dec-000270_response.json,run,.json,2538
run/prompts/decision_mock-2413970733-53b199c1-dec-000270_system.txt,run,.txt,1912
run/prompts/decision_mock-2413970733-53b199c1-dec-000270_tools.json,run,.json,1466
run/prompts/decision_mock-2413970733-53b199c1-dec-000270_user.json,run,.json,12189
run/prompts/decision_mock-2413970733-53b199c1-dec-000271_parsed.json,run,.json,3142
run/prompts/decision_mock-2413970733-53b199c1-dec-000271_response.json,run,.json,14299
run/prompts/decision_mock-2413970733-53b199c1-dec-000271_system.txt,run,.txt,1912
run/prompts/decision_mock-2413970733-53b199c1-dec-000271_tools.json,run,.json,1799
run/prompts/decision_mock-2413970733-53b199c1-dec-000271_user.json,run,.json,10797
run/prompts/decision_mock-2413970733-53b199c1-dec-000272_parsed.json,run,.json,1992
run/prompts/decision_mock-2413970733-53b199c1-dec-000272_response.json,run,.json,6636
run/prompts/decision_mock-2413970733-53b199c1-dec-000272_system.txt,run,.txt,1912
run/prompts/decision_mock-2413970733-53b199c1-dec-000272_tools.json,run,.json,1466
run/prompts/decision_mock-2413970733-53b199c1-dec-000272_user.json,run,.json,11386
run/prompts/decision_mock-2413970733-53b199c1-dec-000273_parsed.json,run,.json,1996
run/prompts/decision_mock-2413970733-53b199c1-dec-000273_response.json,run,.json,3251
run/prompts/decision_mock-2413970733-53b199c1-dec-000273_system.txt,run,.txt,1912
run/prompts/decision_mock-2413970733-53b199c1-dec-000273_tools.json,run,.json,1799
run/prompts/decision_mock-2413970733-53b199c1-dec-000273_user.json,run,.json,11094
run/prompts/decision_mock-2413970733-53b199c1-dec-000274_parsed.json,run,.json,2640
run/prompts/decision_mock-2413970733-53b199c1-dec-000274_response.json,run,.json,3526
run/prompts/decision_mock-2413970733-53b199c1-dec-000274_system.txt,run,.txt,1912
run/prompts/decision_mock-2413970733-53b199c1-dec-000274_tools.json,run,.json,3088
run/prompts/decision_mock-2413970733-53b199c1-dec-000274_user.json,run,.json,12516
run/prompts/decision_mock-2413970733-53b199c1-dec-000275_parsed.json,run,.json,2214
run/prompts/decision_mock-2413970733-53b199c1-dec-000275_response.json,run,.json,2606
run/prompts/decision_mock-2413970733-53b199c1-dec-000275_system.txt,run,.txt,1912
run/prompts/decision_mock-2413970733-53b199c1-dec-000275_tools.json,run,.json,3088
run/prompts/decision_mock-2413970733-53b199c1-dec-000275_user.json,run,.json,12528
run/prompts/decision_mock-2413970733-53b199c1-dec-000276_parsed.json,run,.json,2010
run/prompts/decision_mock-2413970733-53b199c1-dec-000276_response.json,run,.json,6067
run/prompts/decision_mock-2413970733-53b199c1-dec-000276_system.txt,run,.txt,1912
run/prompts/decision_mock-2413970733-53b199c1-dec-000276_tools.json,run,.json,1884
run/prompts/decision_mock-2413970733-53b199c1-dec-000276_user.json,run,.json,11411
run/prompts/decision_mock-2413970733-53b199c1-dec-000277_parsed.json,run,.json,1800
run/prompts/decision_mock-2413970733-53b199c1-dec-000277_response.json,run,.json,4522
run/prompts/decision_mock-2413970733-53b199c1-dec-000277_system.txt,run,.txt,1912
run/prompts/decision_mock-2413970733-53b199c1-dec-000277_tools.json,run,.json,1539
run/prompts/decision_mock-2413970733-53b199c1-dec-000277_user.json,run,.json,11376
run/prompts/decision_mock-2413970733-53b199c1-dec-000278_parsed.json,run,.json,1684
run/prompts/decision_mock-2413970733-53b199c1-dec-000278_response.json,run,.json,3475
run/prompts/decision_mock-2413970733-53b199c1-dec-000278_system.txt,run,.txt,1912
run/prompts/decision_mock-2413970733-53b199c1-dec-000278_tools.json,run,.json,632
run/prompts/decision_mock-2413970733-53b199c1-dec-000278_user.json,run,.json,10288
run/prompts/decision_mock-2413970733-53b199c1-dec-000279_parsed.json,run,.json,1946
run/prompts/decision_mock-2413970733-53b199c1-dec-000279_response.json,run,.json,4527
run/prompts/decision_mock-2413970733-53b199c1-dec-000279_system.txt,run,.txt,1912
run/prompts/decision_mock-2413970733-53b199c1-dec-000279_tools.json,run,.json,652
run/prompts/decision_mock-2413970733-53b199c1-dec-000279_user.json,run,.json,10453
run/prompts/decision_mock-2413970733-53b199c1-dec-000280_parsed.json,run,.json,2422
run/prompts/decision_mock-2413970733-53b199c1-dec-000280_response.json,run,.json,5192
run/prompts/decision_mock-2413970733-53b199c1-dec-000280_system.txt,run,.txt,1912
run/prompts/decision_mock-2413970733-53b199c1-dec-000280_tools.json,run,.json,652
run/prompts/decision_mock-2413970733-53b199c1-dec-000280_user.json,run,.json,11566
run/prompts/decision_mock-2413970733-53b199c1-dec-000281_parsed.json,run,.json,1898
run/prompts/decision_mock-2413970733-53b199c1-dec-000281_response.json,run,.json,4243
run/prompts/decision_mock-2413970733-53b199c1-dec-000281_system.txt,run,.txt,1912
run/prompts/decision_mock-2413970733-53b199c1-dec-000281_tools.json,run,.json,652
run/prompts/decision_mock-2413970733-53b199c1-dec-000281_user.json,run,.json,10700
run/prompts/decision_mock-2413970733-53b199c1-dec-000282_parsed.json,run,.json,1760
run/prompts/decision_mock-2413970733-53b199c1-dec-000282_response.json,run,.json,3822
run/prompts/decision_mock-2413970733-53b199c1-dec-000282_system.txt,run,.txt,1912
run/prompts/decision_mock-2413970733-53b199c1-dec-000282_tools.json,run,.json,652
run/prompts/decision_mock-2413970733-53b199c1-dec-000282_user.json,run,.json,10132
run/prompts/decision_mock-2413970733-53b199c1-dec-000283_parsed.json,run,.json,1950
run/prompts/decision_mock-2413970733-53b199c1-dec-000283_response.json,run,.json,6325
run/prompts/decision_mock-2413970733-53b199c1-dec-000283_system.txt,run,.txt,1912
run/prompts/decision_mock-2413970733-53b199c1-dec-000283_tools.json,run,.json,652
run/prompts/decision_mock-2413970733-53b199c1-dec-000283_user.json,run,.json,10273
run/prompts/decision_mock-2413970733-53b199c1-dec-000284_parsed.json,run,.json,1762
run/prompts/decision_mock-2413970733-53b199c1-dec-000284_response.json,run,.json,3799
run/prompts/decision_mock-2413970733-53b199c1-dec-000284_system.txt,run,.txt,1912
run/prompts/decision_mock-2413970733-53b199c1-dec-000284_tools.json,run,.json,652
run/prompts/decision_mock-2413970733-53b199c1-dec-000284_user.json,run,.json,10351
run/prompts/decision_mock-2413970733-53b199c1-dec-000285_parsed.json,run,.json,2118
run/prompts/decision_mock-2413970733-53b199c1-dec-000285_response.json,run,.json,6191
run/prompts/decision_mock-2413970733-53b199c1-dec-000285_system.txt,run,.txt,1912
run/prompts/decision_mock-2413970733-53b199c1-dec-000285_tools.json,run,.json,652
run/prompts/decision_mock-2413970733-53b199c1-dec-000285_user.json,run,.json,10215
run/prompts/decision_mock-2413970733-53b199c1-dec-000286_parsed.json,run,.json,1914
run/prompts/decision_mock-2413970733-53b199c1-dec-000286_response.json,run,.json,5114
run/prompts/decision_mock-2413970733-53b199c1-dec-000286_system.txt,run,.txt,1912
run/prompts/decision_mock-2413970733-53b199c1-dec-000286_tools.json,run,.json,652
run/prompts/decision_mock-2413970733-53b199c1-dec-000286_user.json,run,.json,10173
run/prompts/decision_mock-2413970733-53b199c1-dec-000287_parsed.json,run,.json,1956
run/prompts/decision_mock-2413970733-53b199c1-dec-000287_response.json,run,.json,3910
run/prompts/decision_mock-2413970733-53b199c1-dec-000287_system.txt,run,.txt,1912
run/prompts/decision_mock-2413970733-53b199c1-dec-000287_tools.json,run,.json,652
run/prompts/decision_mock-2413970733-53b199c1-dec-000287_user.json,run,.json,10156
run/prompts/decision_mock-2413970733-53b199c1-dec-000288_parsed.json,run,.json,1712
run/prompts/decision_mock-2413970733-53b199c1-dec-000288_response.json,run,.json,3487
run/prompts/decision_mock-2413970733-53b199c1-dec-000288_system.txt,run,.txt,1912
run/prompts/decision_mock-2413970733-53b199c1-dec-000288_tools.json,run,.json,1539
run/prompts/decision_mock-2413970733-53b199c1-dec-000288_user.json,run,.json,9349
run/prompts/decision_mock-2413970733-53b199c1-dec-000289_parsed.json,run,.json,2052
run/prompts/decision_mock-2413970733-53b199c1-dec-000289_response.json,run,.json,8102
run/prompts/decision_mock-2413970733-53b199c1-dec-000289_system.txt,run,.txt,1912
run/prompts/decision_mock-2413970733-53b199c1-dec-000289_tools.json,run,.json,1799
run/prompts/decision_mock-2413970733-53b199c1-dec-000289_user.json,run,.json,9563
run/prompts/decision_mock-2413970733-53b199c1-dec-000290_parsed.json,run,.json,2432
run/prompts/decision_mock-2413970733-53b199c1-dec-000290_response.json,run,.json,6185
run/prompts/decision_mock-2413970733-53b199c1-dec-000290_system.txt,run,.txt,1912
run/prompts/decision_mock-2413970733-53b199c1-dec-000290_tools.json,run,.json,3088
run/prompts/decision_mock-2413970733-53b199c1-dec-000290_user.json,run,.json,10973
run/prompts/decision_mock-2413970733-53b199c1-dec-000291_parsed.json,run,.json,2032
run/prompts/decision_mock-2413970733-53b199c1-dec-000291_response.json,run,.json,5656
run/prompts/decision_mock-2413970733-53b199c1-dec-000291_system.txt,run,.txt,1912
run/prompts/decision_mock-2413970733-53b199c1-dec-000291_tools.json,run,.json,3088
run/prompts/decision_mock-2413970733-53b199c1-dec-000291_user.json,run,.json,10782
run/prompts/decision_mock-2413970733-53b199c1-dec-000292_parsed.json,run,.json,2960
run/prompts/decision_mock-2413970733-53b199c1-dec-000292_response.json,run,.json,3535
run/prompts/decision_mock-2413970733-53b199c1-dec-000292_system.txt,run,.txt,1912
run/prompts/decision_mock-2413970733-53b199c1-dec-000292_tools.json,run,.json,2747
run/prompts/decision_mock-2413970733-53b199c1-dec-000292_user.json,run,.json,10756
run/prompts/decision_mock-2413970733-53b199c1-dec-000293_parsed.json,run,.json,2106
run/prompts/decision_mock-2413970733-53b199c1-dec-000293_response.json,run,.json,2700
run/prompts/decision_mock-2413970733-53b199c1-dec-000293_system.txt,run,.txt,1912
run/prompts/decision_mock-2413970733-53b199c1-dec-000293_tools.json,run,.json,2144
run/prompts/decision_mock-2413970733-53b199c1-dec-000293_user.json,run,.json,10814
run/prompts/decision_mock-2413970733-53b199c1-dec-000294_parsed.json,run,.json,2132
run/prompts/decision_mock-2413970733-53b199c1-dec-000294_response.json,run,.json,5933
run/prompts/decision_mock-2413970733-53b199c1-dec-000294_system.txt,run,.txt,1912
run/prompts/decision_mock-2413970733-53b199c1-dec-000294_tools.json,run,.json,2142
run/prompts/decision_mock-2413970733-53b199c1-dec-000294_user.json,run,.json,9870
run/prompts/decision_mock-2413970733-53b199c1-dec-000295_parsed.json,run,.json,1688
run/prompts/decision_mock-2413970733-53b199c1-dec-000295_response.json,run,.json,4173
run/prompts/decision_mock-2413970733-53b199c1-dec-000295_system.txt,run,.txt,1912
run/prompts/decision_mock-2413970733-53b199c1-dec-000295_tools.json,run,.json,1539
run/prompts/decision_mock-2413970733-53b199c1-dec-000295_user.json,run,.json,9458
run/prompts/decision_mock-2413970733-53b199c1-dec-000296_parsed.json,run,.json,1912
run/prompts/decision_mock-2413970733-53b199c1-dec-000296_response.json,run,.json,4435
run/prompts/decision_mock-2413970733-53b199c1-dec-000296_system.txt,run,.txt,1912
run/prompts/decision_mock-2413970733-53b199c1-dec-000296_tools.json,run,.json,328
run/prompts/decision_mock-2413970733-53b199c1-dec-000296_user.json,run,.json,9341
run/prompts/decision_mock-2413970733-53b199c1-dec-000297_parsed.json,run,.json,2386
run/prompts/decision_mock-2413970733-53b199c1-dec-000297_response.json,run,.json,4061
run/prompts/decision_mock-2413970733-53b199c1-dec-000297_system.txt,run,.txt,1912
run/prompts/decision_mock-2413970733-53b199c1-dec-000297_tools.json,run,.json,652
run/prompts/decision_mock-2413970733-53b199c1-dec-000297_user.json,run,.json,10325
run/prompts/decision_mock-2413970733-53b199c1-dec-000298_parsed.json,run,.json,2122
run/prompts/decision_mock-2413970733-53b199c1-dec-000298_response.json,run,.json,6152
run/prompts/decision_mock-2413970733-53b199c1-dec-000298_system.txt,run,.txt,1912
run/prompts/decision_mock-2413970733-53b199c1-dec-000298_tools.json,run,.json,652
run/prompts/decision_mock-2413970733-53b199c1-dec-000298_user.json,run,.json,9472
run/prompts/decision_mock-2413970733-53b199c1-dec-000299_parsed.json,run,.json,1688
run/prompts/decision_mock-2413970733-53b199c1-dec-000299_response.json,run,.json,3823
run/prompts/decision_mock-2413970733-53b199c1-dec-000299_system.txt,run,.txt,1912
run/prompts/decision_mock-2413970733-53b199c1-dec-000299_tools.json,run,.json,652
run/prompts/decision_mock-2413970733-53b199c1-dec-000299_user.json,run,.json,9187
run/prompts/decision_mock-2413970733-53b199c1-dec-000300_parsed.json,run,.json,2130
run/prompts/decision_mock-2413970733-53b199c1-dec-000300_response.json,run,.json,8524
run/prompts/decision_mock-2413970733-53b199c1-dec-000300_system.txt,run,.txt,1912
run/prompts/decision_mock-2413970733-53b199c1-dec-000300_tools.json,run,.json,652
run/prompts/decision_mock-2413970733-53b199c1-dec-000300_user.json,run,.json,9462
run/prompts/decision_mock-2413970733-53b199c1-dec-000301_parsed.json,run,.json,2174
run/prompts/decision_mock-2413970733-53b199c1-dec-000301_response.json,run,.json,4115
run/prompts/decision_mock-2413970733-53b199c1-dec-000301_system.txt,run,.txt,1912
run/prompts/decision_mock-2413970733-53b199c1-dec-000301_tools.json,run,.json,652
run/prompts/decision_mock-2413970733-53b199c1-dec-000301_user.json,run,.json,9624
run/prompts/decision_mock-2413970733-53b199c1-dec-000302_parsed.json,run,.json,2102
run/prompts/decision_mock-2413970733-53b199c1-dec-000302_response.json,run,.json,6740
run/prompts/decision_mock-2413970733-53b199c1-dec-000302_retry1_parsed.json,run,.json,2155
run/prompts/decision_mock-2413970733-53b199c1-dec-000302_retry1_response.json,run,.json,2973
run/prompts/decision_mock-2413970733-53b199c1-dec-000302_retry1_system.txt,run,.txt,1912
run/prompts/decision_mock-2413970733-53b199c1-dec-000302_retry1_tools.json,run,.json,652
run/prompts/decision_mock-2413970733-53b199c1-dec-000302_retry1_user.json,run,.json,9817
run/prompts/decision_mock-2413970733-53b199c1-dec-000302_system.txt,run,.txt,1912
run/prompts/decision_mock-2413970733-53b199c1-dec-000302_tools.json,run,.json,652
run/prompts/decision_mock-2413970733-53b199c1-dec-000302_user.json,run,.json,9652
run/prompts/decision_mock-2413970733-53b199c1-dec-000303_parsed.json,run,.json,3054
run/prompts/decision_mock-2413970733-53b199c1-dec-000303_response.json,run,.json,10488
run/prompts/decision_mock-2413970733-53b199c1-dec-000303_system.txt,run,.txt,1912
run/prompts/decision_mock-2413970733-53b199c1-dec-000303_tools.json,run,.json,2144
run/prompts/decision_mock-2413970733-53b199c1-dec-000303_user.json,run,.json,9676
run/prompts/decision_mock-2413970733-53b199c1-dec-000304_parsed.json,run,.json,1664
run/prompts/decision_mock-2413970733-53b199c1-dec-000304_response.json,run,.json,3704
run/prompts/decision_mock-2413970733-53b199c1-dec-000304_system.txt,run,.txt,1912
run/prompts/decision_mock-2413970733-53b199c1-dec-000304_tools.json,run,.json,1466
run/prompts/decision_mock-2413970733-53b199c1-dec-000304_user.json,run,.json,9315
run/prompts/decision_mock-2413970733-53b199c1-dec-000305_parsed.json,run,.json,3294
run/prompts/decision_mock-2413970733-53b199c1-dec-000305_response.json,run,.json,27819
run/prompts/decision_mock-2413970733-53b199c1-dec-000305_system.txt,run,.txt,1912
run/prompts/decision_mock-2413970733-53b199c1-dec-000305_tools.json,run,.json,2144
run/prompts/decision_mock-2413970733-53b199c1-dec-000305_user.json,run,.json,9926
run/prompts/decision_mock-2413970733-53b199c1-dec-000306_parsed.json,run,.json,2970
run/prompts/decision_mock-2413970733-53b199c1-dec-000306_response.json,run,.json,8522
run/prompts/decision_mock-2413970733-53b199c1-dec-000306_system.txt,run,.txt,1912
run/prompts/decision_mock-2413970733-53b199c1-dec-000306_tools.json,run,.json,1466
run/prompts/decision_mock-2413970733-53b199c1-dec-000306_user.json,run,.json,10029
run/prompts/decision_mock-2413970733-53b199c1-dec-000307_parsed.json,run,.json,3122
run/prompts/decision_mock-2413970733-53b199c1-dec-000307_response.json,run,.json,13163
run/prompts/decision_mock-2413970733-53b199c1-dec-000307_system.txt,run,.txt,1912
run/prompts/decision_mock-2413970733-53b199c1-dec-000307_tools.json,run,.json,1466
run/prompts/decision_mock-2413970733-53b199c1-dec-000307_user.json,run,.json,10320
run/prompts/decision_mock-2413970733-53b199c1-dec-000308_parsed.json,run,.json,2004
run/prompts/decision_mock-2413970733-53b199c1-dec-000308_response.json,run,.json,3597
run/prompts/decision_mock-2413970733-53b199c1-dec-000308_system.txt,run,.txt,1912
run/prompts/decision_mock-2413970733-53b199c1-dec-000308_tools.json,run,.json,1466
run/prompts/decision_mock-2413970733-53b199c1-dec-000308_user.json,run,.json,10809
run/prompts/decision_mock-2413970733-53b199c1-dec-000309_parsed.json,run,.json,3354
run/prompts/decision_mock-2413970733-53b199c1-dec-000309_response.json,run,.json,46133
run/prompts/decision_mock-2413970733-53b199c1-dec-000309_system.txt,run,.txt,1912
run/prompts/decision_mock-2413970733-53b199c1-dec-000309_tools.json,run,.json,2144
run/prompts/decision_mock-2413970733-53b199c1-dec-000309_user.json,run,.json,10651
run/prompts/decision_mock-2413970733-53b199c1-dec-000310_parsed.json,run,.json,2690
run/prompts/decision_mock-2413970733-53b199c1-dec-000310_response.json,run,.json,3536
run/prompts/decision_mock-2413970733-53b199c1-dec-000310_system.txt,run,.txt,1912
run/prompts/decision_mock-2413970733-53b199c1-dec-000310_tools.json,run,.json,1466
run/prompts/decision_mock-2413970733-53b199c1-dec-000310_user.json,run,.json,11589
run/prompts/decision_mock-2413970733-53b199c1-dec-000311_parsed.json,run,.json,3278
run/prompts/decision_mock-2413970733-53b199c1-dec-000311_response.json,run,.json,22485
run/prompts/decision_mock-2413970733-53b199c1-dec-000311_system.txt,run,.txt,1912
run/prompts/decision_mock-2413970733-53b199c1-dec-000311_tools.json,run,.json,2144
run/prompts/decision_mock-2413970733-53b199c1-dec-000311_user.json,run,.json,11113
run/prompts/decision_mock-2413970733-53b199c1-dec-000312_parsed.json,run,.json,2778
run/prompts/decision_mock-2413970733-53b199c1-dec-000312_response.json,run,.json,8899
run/prompts/decision_mock-2413970733-53b199c1-dec-000312_system.txt,run,.txt,1912
run/prompts/decision_mock-2413970733-53b199c1-dec-000312_tools.json,run,.json,1466
run/prompts/decision_mock-2413970733-53b199c1-dec-000312_user.json,run,.json,11183
run/prompts/decision_mock-2413970733-53b199c1-dec-000313_parsed.json,run,.json,3090
run/prompts/decision_mock-2413970733-53b199c1-dec-000313_response.json,run,.json,7572
run/prompts/decision_mock-2413970733-53b199c1-dec-000313_system.txt,run,.txt,1912
run/prompts/decision_mock-2413970733-53b199c1-dec-000313_tools.json,run,.json,1466
run/prompts/decision_mock-2413970733-53b199c1-dec-000313_user.json,run,.json,11556
run/prompts/decision_mock-2413970733-53b199c1-dec-000314_parsed.json,run,.json,3533
run/prompts/decision_mock-2413970733-53b199c1-dec-000314_response.json,run,.json,6227
run/prompts/decision_mock-2413970733-53b199c1-dec-000314_retry1_parsed.json,run,.json,2937
run/prompts/decision_mock-2413970733-53b199c1-dec-000314_retry1_response.json,run,.json,7345
run/prompts/decision_mock-2413970733-53b199c1-dec-000314_retry1_system.txt,run,.txt,1912
run/prompts/decision_mock-2413970733-53b199c1-dec-000314_retry1_tools.json,run,.json,1466
run/prompts/decision_mock-2413970733-53b199c1-dec-000314_retry1_user.json,run,.json,12781
run/prompts/decision_mock-2413970733-53b199c1-dec-000314_system.txt,run,.txt,1912
run/prompts/decision_mock-2413970733-53b199c1-dec-000314_tools.json,run,.json,1466
run/prompts/decision_mock-2413970733-53b199c1-dec-000314_user.json,run,.json,11980
run/prompts/decision_mock-2413970733-53b199c1-dec-000315_parsed.json,run,.json,3086
run/prompts/decision_mock-2413970733-53b199c1-dec-000315_response.json,run,.json,19826
run/prompts/decision_mock-2413970733-53b199c1-dec-000315_system.txt,run,.txt,1912
run/prompts/decision_mock-2413970733-53b199c1-dec-000315_tools.json,run,.json,1466
run/prompts/decision_mock-2413970733-53b199c1-dec-000315_user.json,run,.json,12372
run/prompts/decision_mock-2413970733-53b199c1-dec-000316_parsed.json,run,.json,1920
run/prompts/decision_mock-2413970733-53b199c1-dec-000316_response.json,run,.json,5944
run/prompts/decision_mock-2413970733-53b199c1-dec-000316_system.txt,run,.txt,1912
run/prompts/decision_mock-2413970733-53b199c1-dec-000316_tools.json,run,.json,1466
run/prompts/decision_mock-2413970733-53b199c1-dec-000316_user.json,run,.json,12668
run/prompts/decision_mock-2413970733-53b199c1-dec-000317_parsed.json,run,.json,2494
run/prompts/decision_mock-2413970733-53b199c1-dec-000317_response.json,run,.json,7184
run/prompts/decision_mock-2413970733-53b199c1-dec-000317_system.txt,run,.txt,1912
run/prompts/decision_mock-2413970733-53b199c1-dec-000317_tools.json,run,.json,2402
run/prompts/decision_mock-2413970733-53b199c1-dec-000317_user.json,run,.json,12225
run/prompts/decision_mock-2413970733-53b199c1-dec-000318_parsed.json,run,.json,1812
run/prompts/decision_mock-2413970733-53b199c1-dec-000318_response.json,run,.json,7398
run/prompts/decision_mock-2413970733-53b199c1-dec-000318_system.txt,run,.txt,1912
run/prompts/decision_mock-2413970733-53b199c1-dec-000318_tools.json,run,.json,1799
run/prompts/decision_mock-2413970733-53b199c1-dec-000318_user.json,run,.json,12266
run/prompts/decision_mock-2413970733-53b199c1-dec-000319_parsed.json,run,.json,2130
run/prompts/decision_mock-2413970733-53b199c1-dec-000319_response.json,run,.json,2919
run/prompts/decision_mock-2413970733-53b199c1-dec-000319_system.txt,run,.txt,1912
run/prompts/decision_mock-2413970733-53b199c1-dec-000319_tools.json,run,.json,1799
run/prompts/decision_mock-2413970733-53b199c1-dec-000319_user.json,run,.json,12866
run/prompts/decision_mock-2413970733-53b199c1-dec-000320_parsed.json,run,.json,2679
run/prompts/decision_mock-2413970733-53b199c1-dec-000320_response.json,run,.json,4625
run/prompts/decision_mock-2413970733-53b199c1-dec-000320_retry1_parsed.json,run,.json,2363
run/prompts/decision_mock-2413970733-53b199c1-dec-000320_retry1_response.json,run,.json,3639
run/prompts/decision_mock-2413970733-53b199c1-dec-000320_retry1_system.txt,run,.txt,1912
run/prompts/decision_mock-2413970733-53b199c1-dec-000320_retry1_tools.json,run,.json,913
run/prompts/decision_mock-2413970733-53b199c1-dec-000320_retry1_user.json,run,.json,12915
run/prompts/decision_mock-2413970733-53b199c1-dec-000320_system.txt,run,.txt,1912
run/prompts/decision_mock-2413970733-53b199c1-dec-000320_tools.json,run,.json,913
run/prompts/decision_mock-2413970733-53b199c1-dec-000320_user.json,run,.json,12758
run/prompts/decision_mock-2413970733-53b199c1-dec-000321_parsed.json,run,.json,2986
run/prompts/decision_mock-2413970733-53b199c1-dec-000321_response.json,run,.json,11567
run/prompts/decision_mock-2413970733-53b199c1-dec-000321_system.txt,run,.txt,1912
run/prompts/decision_mock-2413970733-53b199c1-dec-000321_tools.json,run,.json,1799
run/prompts/decision_mock-2413970733-53b199c1-dec-000321_user.json,run,.json,12758
run/prompts/decision_mock-2413970733-53b199c1-dec-000322_parsed.json,run,.json,1838
run/prompts/decision_mock-2413970733-53b199c1-dec-000322_response.json,run,.json,4438
run/prompts/decision_mock-2413970733-53b199c1-dec-000322_system.txt,run,.txt,1912
run/prompts/decision_mock-2413970733-53b199c1-dec-000322_tools.json,run,.json,2487
run/prompts/decision_mock-2413970733-53b199c1-dec-000322_user.json,run,.json,12077
run/prompts/decision_mock-2413970733-53b199c1-dec-000323_parsed.json,run,.json,1850
run/prompts/decision_mock-2413970733-53b199c1-dec-000323_response.json,run,.json,3356
run/prompts/decision_mock-2413970733-53b199c1-dec-000323_system.txt,run,.txt,1912
run/prompts/decision_mock-2413970733-53b199c1-dec-000323_tools.json,run,.json,2487
run/prompts/decision_mock-2413970733-53b199c1-dec-000323_user.json,run,.json,11976
run/prompts/decision_mock-2413970733-53b199c1-dec-000324_parsed.json,run,.json,3022
run/prompts/decision_mock-2413970733-53b199c1-dec-000324_response.json,run,.json,9069
run/prompts/decision_mock-2413970733-53b199c1-dec-000324_system.txt,run,.txt,1912
run/prompts/decision_mock-2413970733-53b199c1-dec-000324_tools.json,run,.json,2142
run/prompts/decision_mock-2413970733-53b199c1-dec-000324_user.json,run,.json,11789
run/prompts/decision_mock-2413970733-53b199c1-dec-000325_parsed.json,run,.json,1784
run/prompts/decision_mock-2413970733-53b199c1-dec-000325_response.json,run,.json,4043
run/prompts/decision_mock-2413970733-53b199c1-dec-000325_system.txt,run,.txt,1912
run/prompts/decision_mock-2413970733-53b199c1-dec-000325_tools.json,run,.json,2140
run/prompts/decision_mock-2413970733-53b199c1-dec-000325_user.json,run,.json,11587
run/prompts/decision_mock-2413970733-53b199c1-dec-000326_parsed.json,run,.json,1576
run/prompts/decision_mock-2413970733-53b199c1-dec-000326_response.json,run,.json,3770
run/prompts/decision_mock-2413970733-53b199c1-dec-000326_system.txt,run,.txt,1912
run/prompts/decision_mock-2413970733-53b199c1-dec-000326_tools.json,run,.json,1539
run/prompts/decision_mock-2413970733-53b199c1-dec-000326_user.json,run,.json,10762
run/prompts/decision_mock-2413970733-53b199c1-dec-000327_parsed.json,run,.json,1476
run/prompts/decision_mock-2413970733-53b199c1-dec-000327_response.json,run,.json,3581
run/prompts/decision_mock-2413970733-53b199c1-dec-000327_system.txt,run,.txt,1912
run/prompts/decision_mock-2413970733-53b199c1-dec-000327_tools.json,run,.json,1539
run/prompts/decision_mock-2413970733-53b199c1-dec-000327_user.json,run,.json,10306
run/prompts/decision_mock-2413970733-53b199c1-dec-000328_parsed.json,run,.json,1992
run/prompts/decision_mock-2413970733-53b199c1-dec-000328_response.json,run,.json,10207
run/prompts/decision_mock-2413970733-53b199c1-dec-000328_system.txt,run,.txt,1912
run/prompts/decision_mock-2413970733-53b199c1-dec-000328_tools.json,run,.json,1799
run/prompts/decision_mock-2413970733-53b199c1-dec-000328_user.json,run,.json,10345
run/prompts/decision_mock-2413970733-53b199c1-dec-000329_parsed.json,run,.json,2900
run/prompts/decision_mock-2413970733-53b199c1-dec-000329_response.json,run,.json,8962
run/prompts/decision_mock-2413970733-53b199c1-dec-000329_system.txt,run,.txt,1912
run/prompts/decision_mock-2413970733-53b199c1-dec-000329_tools.json,run,.json,2747
run/prompts/decision_mock-2413970733-53b199c1-dec-000329_user.json,run,.json,11283
run/prompts/decision_mock-2413970733-53b199c1-dec-000330_parsed.json,run,.json,2130
run/prompts/decision_mock-2413970733-53b199c1-dec-000330_response.json,run,.json,2568
run/prompts/decision_mock-2413970733-53b199c1-dec-000330_system.txt,run,.txt,1912
run/prompts/decision_mock-2413970733-53b199c1-dec-000330_tools.json,run,.json,1799
run/prompts/decision_mock-2413970733-53b199c1-dec-000330_user.json,run,.json,11036
run/prompts/decision_mock-2413970733-53b199c1-dec-000331_parsed.json,run,.json,2072
run/prompts/decision_mock-2413970733-53b199c1-dec-000331_response.json,run,.json,5941
run/prompts/decision_mock-2413970733-53b199c1-dec-000331_system.txt,run,.txt,1912
run/prompts/decision_mock-2413970733-53b199c1-dec-000331_tools.json,run,.json,2140
run/prompts/decision_mock-2413970733-53b199c1-dec-000331_user.json,run,.json,9751
run/prompts/decision_mock-2413970733-53b199c1-dec-000332_parsed.json,run,.json,2012
run/prompts/decision_mock-2413970733-53b199c1-dec-000332_response.json,run,.json,7626
run/prompts/decision_mock-2413970733-53b199c1-dec-000332_system.txt,run,.txt,1912
run/prompts/decision_mock-2413970733-53b199c1-dec-000332_tools.json,run,.json,1799
run/prompts/decision_mock-2413970733-53b199c1-dec-000332_user.json,run,.json,9352
run/prompts/decision_mock-2413970733-53b199c1-dec-000333_parsed.json,run,.json,2290
run/prompts/decision_mock-2413970733-53b199c1-dec-000333_response.json,run,.json,3911
run/prompts/decision_mock-2413970733-53b199c1-dec-000333_system.txt,run,.txt,1912
run/prompts/decision_mock-2413970733-53b199c1-dec-000333_tools.json,run,.json,1799
run/prompts/decision_mock-2413970733-53b199c1-dec-000333_user.json,run,.json,10250
run/prompts/decision_mock-2413970733-53b199c1-dec-000334_parsed.json,run,.json,1544
run/prompts/decision_mock-2413970733-53b199c1-dec-000334_response.json,run,.json,4026
run/prompts/decision_mock-2413970733-53b199c1-dec-000334_system.txt,run,.txt,1912
run/prompts/decision_mock-2413970733-53b199c1-dec-000334_tools.json,run,.json,2743
run/prompts/decision_mock-2413970733-53b199c1-dec-000334_user.json,run,.json,9362
run/prompts/decision_mock-2413970733-53b199c1-dec-000335_parsed.json,run,.json,1940
run/prompts/decision_mock-2413970733-53b199c1-dec-000335_response.json,run,.json,7213
run/prompts/decision_mock-2413970733-53b199c1-dec-000335_system.txt,run,.txt,1912
run/prompts/decision_mock-2413970733-53b199c1-dec-000335_tools.json,run,.json,612
run/prompts/decision_mock-2413970733-53b199c1-dec-000335_user.json,run,.json,8322
run/prompts/decision_mock-2413970733-53b199c1-dec-000336_parsed.json,run,.json,2414
run/prompts/decision_mock-2413970733-53b199c1-dec-000336_response.json,run,.json,7708
run/prompts/decision_mock-2413970733-53b199c1-dec-000336_system.txt,run,.txt,1912
run/prompts/decision_mock-2413970733-53b199c1-dec-000336_tools.json,run,.json,2402
run/prompts/decision_mock-2413970733-53b199c1-dec-000336_user.json,run,.json,9067
run/prompts/decision_mock-2413970733-53b199c1-dec-000337_parsed.json,run,.json,1828
run/prompts/decision_mock-2413970733-53b199c1-dec-000337_response.json,run,.json,9411
run/prompts/decision_mock-2413970733-53b199c1-dec-000337_system.txt,run,.txt,1912
run/prompts/decision_mock-2413970733-53b199c1-dec-000337_tools.json,run,.json,1799
run/prompts/decision_mock-2413970733-53b199c1-dec-000337_user.json,run,.json,8999
run/prompts/decision_mock-2413970733-53b199c1-dec-000338_parsed.json,run,.json,1940
run/prompts/decision_mock-2413970733-53b199c1-dec-000338_response.json,run,.json,5124
run/prompts/decision_mock-2413970733-53b199c1-dec-000338_system.txt,run,.txt,1912
run/prompts/decision_mock-2413970733-53b199c1-dec-000338_tools.json,run,.json,1799
run/prompts/decision_mock-2413970733-53b199c1-dec-000338_user.json,run,.json,8994
run/prompts/decision_mock-2413970733-53b199c1-dec-000339_parsed.json,run,.json,2322
run/prompts/decision_mock-2413970733-53b199c1-dec-000339_response.json,run,.json,2876
run/prompts/decision_mock-2413970733-53b199c1-dec-000339_system.txt,run,.txt,1912
run/prompts/decision_mock-2413970733-53b199c1-dec-000339_tools.json,run,.json,1799
run/prompts/decision_mock-2413970733-53b199c1-dec-000339_user.json,run,.json,10215
run/prompts/decision_mock-2413970733-53b199c1-dec-000340_parsed.json,run,.json,2626
run/prompts/decision_mock-2413970733-53b199c1-dec-000340_response.json,run,.json,2656
run/prompts/decision_mock-2413970733-53b199c1-dec-000340_system.txt,run,.txt,1912
run/prompts/decision_mock-2413970733-53b199c1-dec-000340_tools.json,run,.json,1799
run/prompts/decision_mock-2413970733-53b199c1-dec-000340_user.json,run,.json,10203
run/prompts/decision_mock-2413970733-53b199c1-dec-000341_parsed.json,run,.json,2602
run/prompts/decision_mock-2413970733-53b199c1-dec-000341_response.json,run,.json,2607
run/prompts/decision_mock-2413970733-53b199c1-dec-000341_system.txt,run,.txt,1912
run/prompts/decision_mock-2413970733-53b199c1-dec-000341_tools.json,run,.json,1799
run/prompts/decision_mock-2413970733-53b199c1-dec-000341_user.json,run,.json,10351
run/prompts/decision_mock-2413970733-53b199c1-dec-000342_parsed.json,run,.json,2534
run/prompts/decision_mock-2413970733-53b199c1-dec-000342_response.json,run,.json,8995
run/prompts/decision_mock-2413970733-53b199c1-dec-000342_system.txt,run,.txt,1912
run/prompts/decision_mock-2413970733-53b199c1-dec-000342_tools.json,run,.json,2743
run/prompts/decision_mock-2413970733-53b199c1-dec-000342_user.json,run,.json,9123
run/prompts/decision_mock-2413970733-53b199c1-dec-000343_parsed.json,run,.json,2750
run/prompts/decision_mock-2413970733-53b199c1-dec-000343_response.json,run,.json,11618
run/prompts/decision_mock-2413970733-53b199c1-dec-000343_system.txt,run,.txt,1912
run/prompts/decision_mock-2413970733-53b199c1-dec-000343_tools.json,run,.json,2743
run/prompts/decision_mock-2413970733-53b199c1-dec-000343_user.json,run,.json,9244
run/prompts/decision_mock-2413970733-53b199c1-dec-000344_parsed.json,run,.json,1820
run/prompts/decision_mock-2413970733-53b199c1-dec-000344_response.json,run,.json,6109
run/prompts/decision_mock-2413970733-53b199c1-dec-000344_system.txt,run,.txt,1912
run/prompts/decision_mock-2413970733-53b199c1-dec-000344_tools.json,run,.json,2743
run/prompts/decision_mock-2413970733-53b199c1-dec-000344_user.json,run,.json,9325
run/prompts/decision_mock-2413970733-53b199c1-dec-000345_parsed.json,run,.json,1660
run/prompts/decision_mock-2413970733-53b199c1-dec-000345_response.json,run,.json,3488
run/prompts/decision_mock-2413970733-53b199c1-dec-000345_system.txt,run,.txt,1912
run/prompts/decision_mock-2413970733-53b199c1-dec-000345_tools.json,run,.json,612
run/prompts/decision_mock-2413970733-53b199c1-dec-000345_user.json,run,.json,8395
run/prompts/decision_mock-2413970733-53b199c1-dec-000346_parsed.json,run,.json,1936
run/prompts/decision_mock-2413970733-53b199c1-dec-000346_response.json,run,.json,3822
run/prompts/decision_mock-2413970733-53b199c1-dec-000346_system.txt,run,.txt,1912
run/prompts/decision_mock-2413970733-53b199c1-dec-000346_tools.json,run,.json,313
run/prompts/decision_mock-2413970733-53b199c1-dec-000346_user.json,run,.json,8948
run/prompts/decision_mock-2413970733-53b199c1-dec-000347_parsed.json,run,.json,2490
run/prompts/decision_mock-2413970733-53b199c1-dec-000347_response.json,run,.json,2878
run/prompts/decision_mock-2413970733-53b199c1-dec-000347_system.txt,run,.txt,1912
run/prompts/decision_mock-2413970733-53b199c1-dec-000347_tools.json,run,.json,328
run/prompts/decision_mock-2413970733-53b199c1-dec-000347_user.json,run,.json,10425
run/prompts/decision_mock-2413970733-53b199c1-dec-000348_parsed.json,run,.json,1734
run/prompts/decision_mock-2413970733-53b199c1-dec-000348_response.json,run,.json,4349
run/prompts/decision_mock-2413970733-53b199c1-dec-000348_system.txt,run,.txt,1912
run/prompts/decision_mock-2413970733-53b199c1-dec-000348_tools.json,run,.json,652
run/prompts/decision_mock-2413970733-53b199c1-dec-000348_user.json,run,.json,8919
run/prompts/decision_mock-2413970733-53b199c1-dec-000349_parsed.json,run,.json,1812
run/prompts/decision_mock-2413970733-53b199c1-dec-000349_response.json,run,.json,4631
run/prompts/decision_mock-2413970733-53b199c1-dec-000349_system.txt,run,.txt,1912
run/prompts/decision_mock-2413970733-53b199c1-dec-000349_tools.json,run,.json,652
run/prompts/decision_mock-2413970733-53b199c1-dec-000349_user.json,run,.json,8696
run/prompts/decision_mock-2413970733-53b199c1-dec-000350_parsed.json,run,.json,2102
run/prompts/decision_mock-2413970733-53b199c1-dec-000350_response.json,run,.json,7584
run/prompts/decision_mock-2413970733-53b199c1-dec-000350_retry1_parsed.json,run,.json,1783
run/prompts/decision_mock-2413970733-53b199c1-dec-000350_retry1_response.json,run,.json,3867
run/prompts/decision_mock-2413970733-53b199c1-dec-000350_retry1_system.txt,run,.txt,1912
run/prompts/decision_mock-2413970733-53b199c1-dec-000350_retry1_tools.json,run,.json,652
run/prompts/decision_mock-2413970733-53b199c1-dec-000350_retry1_user.json,run,.json,9507
run/prompts/decision_mock-2413970733-53b199c1-dec-000350_system.txt,run,.txt,1912
run/prompts/decision_mock-2413970733-53b199c1-dec-000350_tools.json,run,.json,652
run/prompts/decision_mock-2413970733-53b199c1-dec-000350_user.json,run,.json,9342
run/prompts/decision_mock-2413970733-53b199c1-dec-000351_parsed.json,run,.json,2258
run/prompts/decision_mock-2413970733-53b199c1-dec-000351_response.json,run,.json,3148
run/prompts/decision_mock-2413970733-53b199c1-dec-000351_system.txt,run,.txt,1912
run/prompts/decision_mock-2413970733-53b199c1-dec-000351_tools.json,run,.json,652
run/prompts/decision_mock-2413970733-53b199c1-dec-000351_user.json,run,.json,10985
run/prompts/decision_mock-2413970733-53b199c1-dec-000352_parsed.json,run,.json,2506
run/prompts/decision_mock-2413970733-53b199c1-dec-000352_response.json,run,.json,2795
run/prompts/decision_mock-2413970733-53b199c1-dec-000352_system.txt,run,.txt,1912
run/prompts/decision_mock-2413970733-53b199c1-dec-000352_tools.json,run,.json,1799
run/prompts/decision_mock-2413970733-53b199c1-dec-000352_user.json,run,.json,11157
run/prompts/decision_mock-2413970733-53b199c1-dec-000353_parsed.json,run,.json,1924
run/prompts/decision_mock-2413970733-53b199c1-dec-000353_response.json,run,.json,3517
run/prompts/decision_mock-2413970733-53b199c1-dec-000353_system.txt,run,.txt,1912
run/prompts/decision_mock-2413970733-53b199c1-dec-000353_tools.json,run,.json,2743
run/prompts/decision_mock-2413970733-53b199c1-dec-000353_user.json,run,.json,9689
run/prompts/decision_mock-2413970733-53b199c1-dec-000354_parsed.json,run,.json,1776
run/prompts/decision_mock-2413970733-53b199c1-dec-000354_response.json,run,.json,3606
run/prompts/decision_mock-2413970733-53b199c1-dec-000354_system.txt,run,.txt,1912
run/prompts/decision_mock-2413970733-53b199c1-dec-000354_tools.json,run,.json,612
run/prompts/decision_mock-2413970733-53b199c1-dec-000354_user.json,run,.json,8804
run/prompts/decision_mock-2413970733-53b199c1-dec-000355_parsed.json,run,.json,1764
run/prompts/decision_mock-2413970733-53b199c1-dec-000355_response.json,run,.json,4170
run/prompts/decision_mock-2413970733-53b199c1-dec-000355_system.txt,run,.txt,1912
run/prompts/decision_mock-2413970733-53b199c1-dec-000355_tools.json,run,.json,300
run/prompts/decision_mock-2413970733-53b199c1-dec-000355_user.json,run,.json,8738
run/prompts/decision_mock-2413970733-53b199c1-dec-000356_parsed.json,run,.json,1652
run/prompts/decision_mock-2413970733-53b199c1-dec-000356_response.json,run,.json,3793
run/prompts/decision_mock-2413970733-53b199c1-dec-000356_system.txt,run,.txt,1912
run/prompts/decision_mock-2413970733-53b199c1-dec-000356_tools.json,run,.json,1539
run/prompts/decision_mock-2413970733-53b199c1-dec-000356_user.json,run,.json,9114
run/prompts/decision_mock-2413970733-53b199c1-dec-000357_parsed.json,run,.json,1732
run/prompts/decision_mock-2413970733-53b199c1-dec-000357_response.json,run,.json,3383
run/prompts/decision_mock-2413970733-53b199c1-dec-000357_system.txt,run,.txt,1912
run/prompts/decision_mock-2413970733-53b199c1-dec-000357_tools.json,run,.json,1539
run/prompts/decision_mock-2413970733-53b199c1-dec-000357_user.json,run,.json,9142
run/prompts/decision_mock-2413970733-53b199c1-dec-000358_parsed.json,run,.json,1732
run/prompts/decision_mock-2413970733-53b199c1-dec-000358_response.json,run,.json,4225
run/prompts/decision_mock-2413970733-53b199c1-dec-000358_system.txt,run,.txt,1912
run/prompts/decision_mock-2413970733-53b199c1-dec-000358_tools.json,run,.json,1539
run/prompts/decision_mock-2413970733-53b199c1-dec-000358_user.json,run,.json,9177
run/prompts/decision_mock-2413970733-53b199c1-dec-000359_parsed.json,run,.json,2184
run/prompts/decision_mock-2413970733-53b199c1-dec-000359_response.json,run,.json,7296
run/prompts/decision_mock-2413970733-53b199c1-dec-000359_system.txt,run,.txt,1912
run/prompts/decision_mock-2413970733-53b199c1-dec-000359_tools.json,run,.json,612
run/prompts/decision_mock-2413970733-53b199c1-dec-000359_user.json,run,.json,9014
run/prompts/decision_mock-2413970733-53b199c1-dec-000360_parsed.json,run,.json,2664
run/prompts/decision_mock-2413970733-53b199c1-dec-000360_response.json,run,.json,4709
run/prompts/decision_mock-2413970733-53b199c1-dec-000360_system.txt,run,.txt,1912
run/prompts/decision_mock-2413970733-53b199c1-dec-000360_tools.json,run,.json,2747
run/prompts/decision_mock-2413970733-53b199c1-dec-000360_user.json,run,.json,11172
run/prompts/decision_mock-2413970733-53b199c1-dec-000361_parsed.json,run,.json,2186
run/prompts/decision_mock-2413970733-53b199c1-dec-000361_response.json,run,.json,2563
run/prompts/decision_mock-2413970733-53b199c1-dec-000361_system.txt,run,.txt,1912
run/prompts/decision_mock-2413970733-53b199c1-dec-000361_tools.json,run,.json,1799
run/prompts/decision_mock-2413970733-53b199c1-dec-000361_user.json,run,.json,10854
run/prompts/decision_mock-2413970733-53b199c1-dec-000362_parsed.json,run,.json,1640
run/prompts/decision_mock-2413970733-53b199c1-dec-000362_response.json,run,.json,4814
run/prompts/decision_mock-2413970733-53b199c1-dec-000362_system.txt,run,.txt,1912
run/prompts/decision_mock-2413970733-53b199c1-dec-000362_tools.json,run,.json,2743
run/prompts/decision_mock-2413970733-53b199c1-dec-000362_user.json,run,.json,9439
run/prompts/decision_mock-2413970733-53b199c1-dec-000363_parsed.json,run,.json,1652
run/prompts/decision_mock-2413970733-53b199c1-dec-000363_response.json,run,.json,3719
run/prompts/decision_mock-2413970733-53b199c1-dec-000363_system.txt,run,.txt,1912
run/prompts/decision_mock-2413970733-53b199c1-dec-000363_tools.json,run,.json,1539
run/prompts/decision_mock-2413970733-53b199c1-dec-000363_user.json,run,.json,8789
run/prompts/decision_mock-2413970733-53b199c1-dec-000364_parsed.json,run,.json,2124
run/prompts/decision_mock-2413970733-53b199c1-dec-000364_response.json,run,.json,6908
run/prompts/decision_mock-2413970733-53b199c1-dec-000364_system.txt,run,.txt,1912
run/prompts/decision_mock-2413970733-53b199c1-dec-000364_tools.json,run,.json,612
run/prompts/decision_mock-2413970733-53b199c1-dec-000364_user.json,run,.json,8768
run/prompts/decision_mock-2413970733-53b199c1-dec-000365_parsed.json,run,.json,1776
run/prompts/decision_mock-2413970733-53b199c1-dec-000365_response.json,run,.json,2726
run/prompts/decision_mock-2413970733-53b199c1-dec-000365_system.txt,run,.txt,1912
run/prompts/decision_mock-2413970733-53b199c1-dec-000365_tools.json,run,.json,300
run/prompts/decision_mock-2413970733-53b199c1-dec-000365_user.json,run,.json,8852
run/prompts/decision_mock-2413970733-53b199c1-dec-000366_parsed.json,run,.json,1764
run/prompts/decision_mock-2413970733-53b199c1-dec-000366_response.json,run,.json,4689
run/prompts/decision_mock-2413970733-53b199c1-dec-000366_system.txt,run,.txt,1912
run/prompts/decision_mock-2413970733-53b199c1-dec-000366_tools.json,run,.json,1799
run/prompts/decision_mock-2413970733-53b199c1-dec-000366_user.json,run,.json,9224
run/prompts/decision_mock-2413970733-53b199c1-dec-000367_parsed.json,run,.json,2686
run/prompts/decision_mock-2413970733-53b199c1-dec-000367_response.json,run,.json,4628
run/prompts/decision_mock-2413970733-53b199c1-dec-000367_retry1_parsed.json,run,.json,2343
run/prompts/decision_mock-2413970733-53b199c1-dec-000367_retry1_response.json,run,.json,4387
run/prompts/decision_mock-2413970733-53b199c1-dec-000367_retry1_system.txt,run,.txt,1912
run/prompts/decision_mock-2413970733-53b199c1-dec-000367_retry1_tools.json,run,.json,913
run/prompts/decision_mock-2413970733-53b199c1-dec-000367_retry1_user.json,run,.json,10775
run/prompts/decision_mock-2413970733-53b199c1-dec-000367_system.txt,run,.txt,1912
run/prompts/decision_mock-2413970733-53b199c1-dec-000367_tools.json,run,.json,913
run/prompts/decision_mock-2413970733-53b199c1-dec-000367_user.json,run,.json,10618
run/prompts/decision_mock-2413970733-53b199c1-dec-000368_parsed.json,run,.json,2494
run/prompts/decision_mock-2413970733-53b199c1-dec-000368_response.json,run,.json,2537
run/prompts/decision_mock-2413970733-53b199c1-dec-000368_system.txt,run,.txt,1912
run/prompts/decision_mock-2413970733-53b199c1-dec-000368_tools.json,run,.json,1799
run/prompts/decision_mock-2413970733-53b199c1-dec-000368_user.json,run,.json,10623
run/prompts/decision_mock-2413970733-53b199c1-dec-000369_parsed.json,run,.json,1820
run/prompts/decision_mock-2413970733-53b199c1-dec-000369_response.json,run,.json,5702
run/prompts/decision_mock-2413970733-53b199c1-dec-000369_system.txt,run,.txt,1912
run/prompts/decision_mock-2413970733-53b199c1-dec-000369_tools.json,run,.json,2743
run/prompts/decision_mock-2413970733-53b199c1-dec-000369_user.json,run,.json,9452
run/prompts/decision_mock-2413970733-53b199c1-dec-000370_parsed.json,run,.json,1688
run/prompts/decision_mock-2413970733-53b199c1-dec-000370_response.json,run,.json,3837
run/prompts/decision_mock-2413970733-53b199c1-dec-000370_system.txt,run,.txt,1912
run/prompts/decision_mock-2413970733-53b199c1-dec-000370_tools.json,run,.json,1539
run/prompts/decision_mock-2413970733-53b199c1-dec-000370_user.json,run,.json,8862
run/prompts/decision_mock-2413970733-53b199c1-dec-000371_parsed.json,run,.json,2258
run/prompts/decision_mock-2413970733-53b199c1-dec-000371_response.json,run,.json,4920
run/prompts/decision_mock-2413970733-53b199c1-dec-000371_system.txt,run,.txt,1912
run/prompts/decision_mock-2413970733-53b199c1-dec-000371_tools.json,run,.json,913
run/prompts/decision_mock-2413970733-53b199c1-dec-000371_user.json,run,.json,9068
run/prompts/decision_mock-2413970733-53b199c1-dec-000372_parsed.json,run,.json,2894
run/prompts/decision_mock-2413970733-53b199c1-dec-000372_response.json,run,.json,9858
run/prompts/decision_mock-2413970733-53b199c1-dec-000372_system.txt,run,.txt,1912
run/prompts/decision_mock-2413970733-53b199c1-dec-000372_tools.json,run,.json,913
run/prompts/decision_mock-2413970733-53b199c1-dec-000372_user.json,run,.json,9132
run/prompts/decision_mock-2413970733-53b199c1-dec-000373_parsed.json,run,.json,1944
run/prompts/decision_mock-2413970733-53b199c1-dec-000373_response.json,run,.json,8999
run/prompts/decision_mock-2413970733-53b199c1-dec-000373_system.txt,run,.txt,1912
run/prompts/decision_mock-2413970733-53b199c1-dec-000373_tools.json,run,.json,1799
run/prompts/decision_mock-2413970733-53b199c1-dec-000373_user.json,run,.json,9230
run/prompts/decision_mock-2413970733-53b199c1-dec-000374_parsed.json,run,.json,2454
run/prompts/decision_mock-2413970733-53b199c1-dec-000374_response.json,run,.json,3633
run/prompts/decision_mock-2413970733-53b199c1-dec-000374_system.txt,run,.txt,1912
run/prompts/decision_mock-2413970733-53b199c1-dec-000374_tools.json,run,.json,913
run/prompts/decision_mock-2413970733-53b199c1-dec-000374_user.json,run,.json,9214
run/prompts/decision_mock-2413970733-53b199c1-dec-000375_parsed.json,run,.json,2074
run/prompts/decision_mock-2413970733-53b199c1-dec-000375_response.json,run,.json,3873
run/prompts/decision_mock-2413970733-53b199c1-dec-000375_system.txt,run,.txt,1912
run/prompts/decision_mock-2413970733-53b199c1-dec-000375_tools.json,run,.json,653
run/prompts/decision_mock-2413970733-53b199c1-dec-000375_user.json,run,.json,9295
run/prompts/decision_mock-2413970733-53b199c1-dec-000376_parsed.json,run,.json,1926
run/prompts/decision_mock-2413970733-53b199c1-dec-000376_response.json,run,.json,4088
run/prompts/decision_mock-2413970733-53b199c1-dec-000376_system.txt,run,.txt,1912
run/prompts/decision_mock-2413970733-53b199c1-dec-000376_tools.json,run,.json,653
run/prompts/decision_mock-2413970733-53b199c1-dec-000376_user.json,run,.json,9347
run/prompts/decision_mock-2413970733-53b199c1-dec-000377_parsed.json,run,.json,2182
run/prompts/decision_mock-2413970733-53b199c1-dec-000377_response.json,run,.json,2847
run/prompts/decision_mock-2413970733-53b199c1-dec-000377_system.txt,run,.txt,1912
run/prompts/decision_mock-2413970733-53b199c1-dec-000377_tools.json,run,.json,653
run/prompts/decision_mock-2413970733-53b199c1-dec-000377_user.json,run,.json,9420
run/prompts/decision_mock-2413970733-53b199c1-dec-000378_parsed.json,run,.json,3306
run/prompts/decision_mock-2413970733-53b199c1-dec-000378_response.json,run,.json,5852
run/prompts/decision_mock-2413970733-53b199c1-dec-000378_system.txt,run,.txt,1912
run/prompts/decision_mock-2413970733-53b199c1-dec-000378_tools.json,run,.json,1198
run/prompts/decision_mock-2413970733-53b199c1-dec-000378_user.json,run,.json,9543
run/prompts/decision_mock-2413970733-53b199c1-dec-000379_parsed.json,run,.json,2276
run/prompts/decision_mock-2413970733-53b199c1-dec-000379_response.json,run,.json,4285
run/prompts/decision_mock-2413970733-53b199c1-dec-000379_system.txt,run,.txt,1912
run/prompts/decision_mock-2413970733-53b199c1-dec-000379_tools.json,run,.json,1466
run/prompts/decision_mock-2413970733-53b199c1-dec-000379_user.json,run,.json,9434
run/prompts/decision_mock-2413970733-53b199c1-dec-000380_parsed.json,run,.json,3490
run/prompts/decision_mock-2413970733-53b199c1-dec-000380_response.json,run,.json,5940
run/prompts/decision_mock-2413970733-53b199c1-dec-000380_system.txt,run,.txt,1912
run/prompts/decision_mock-2413970733-53b199c1-dec-000380_tools.json,run,.json,1198
run/prompts/decision_mock-2413970733-53b199c1-dec-000380_user.json,run,.json,9856
run/prompts/decision_mock-2413970733-53b199c1-dec-000381_parsed.json,run,.json,4188
run/prompts/decision_mock-2413970733-53b199c1-dec-000381_response.json,run,.json,5860
run/prompts/decision_mock-2413970733-53b199c1-dec-000381_system.txt,run,.txt,1912
run/prompts/decision_mock-2413970733-53b199c1-dec-000381_tools.json,run,.json,1466
run/prompts/decision_mock-2413970733-53b199c1-dec-000381_user.json,run,.json,11480
run/prompts/decision_mock-2413970733-53b199c1-dec-000382_parsed.json,run,.json,3082
run/prompts/decision_mock-2413970733-53b199c1-dec-000382_response.json,run,.json,5833
run/prompts/decision_mock-2413970733-53b199c1-dec-000382_system.txt,run,.txt,1912
run/prompts/decision_mock-2413970733-53b199c1-dec-000382_tools.json,run,.json,1466
run/prompts/decision_mock-2413970733-53b199c1-dec-000382_user.json,run,.json,10567
run/prompts/decision_mock-2413970733-53b199c1-dec-000383_parsed.json,run,.json,3874
run/prompts/decision_mock-2413970733-53b199c1-dec-000383_response.json,run,.json,6738
run/prompts/decision_mock-2413970733-53b199c1-dec-000383_retry1_parsed.json,run,.json,5317
run/prompts/decision_mock-2413970733-53b199c1-dec-000383_retry1_response.json,run,.json,6947
run/prompts/decision_mock-2413970733-53b199c1-dec-000383_retry1_system.txt,run,.txt,1912
run/prompts/decision_mock-2413970733-53b199c1-dec-000383_retry1_tools.json,run,.json,1466
run/prompts/decision_mock-2413970733-53b199c1-dec-000383_retry1_user.json,run,.json,12602
run/prompts/decision_mock-2413970733-53b199c1-dec-000383_system.txt,run,.txt,1912
run/prompts/decision_mock-2413970733-53b199c1-dec-000383_tools.json,run,.json,1466
run/prompts/decision_mock-2413970733-53b199c1-dec-000383_user.json,run,.json,12445
run/prompts/decision_mock-2413970733-53b199c1-dec-000384_parsed.json,run,.json,3274
run/prompts/decision_mock-2413970733-53b199c1-dec-000384_response.json,run,.json,5228
run/prompts/decision_mock-2413970733-53b199c1-dec-000384_system.txt,run,.txt,1912
run/prompts/decision_mock-2413970733-53b199c1-dec-000384_tools.json,run,.json,1198
run/prompts/decision_mock-2413970733-53b199c1-dec-000384_user.json,run,.json,10708
run/prompts/decision_mock-2413970733-53b199c1-dec-000385_parsed.json,run,.json,2136
run/prompts/decision_mock-2413970733-53b199c1-dec-000385_response.json,run,.json,6555
run/prompts/decision_mock-2413970733-53b199c1-dec-000385_system.txt,run,.txt,1912
run/prompts/decision_mock-2413970733-53b199c1-dec-000385_tools.json,run,.json,1466
run/prompts/decision_mock-2413970733-53b199c1-dec-000385_user.json,run,.json,10694
run/prompts/decision_mock-2413970733-53b199c1-dec-000386_parsed.json,run,.json,3426
run/prompts/decision_mock-2413970733-53b199c1-dec-000386_response.json,run,.json,15592
run/prompts/decision_mock-2413970733-53b199c1-dec-000386_system.txt,run,.txt,1912
run/prompts/decision_mock-2413970733-53b199c1-dec-000386_tools.json,run,.json,1198
run/prompts/decision_mock-2413970733-53b199c1-dec-000386_user.json,run,.json,11119
run/prompts/decision_mock-2413970733-53b199c1-dec-000387_parsed.json,run,.json,2348
run/prompts/decision_mock-2413970733-53b199c1-dec-000387_response.json,run,.json,8277
run/prompts/decision_mock-2413970733-53b199c1-dec-000387_system.txt,run,.txt,1912
run/prompts/decision_mock-2413970733-53b199c1-dec-000387_tools.json,run,.json,1466
run/prompts/decision_mock-2413970733-53b199c1-dec-000387_user.json,run,.json,11167
run/prompts/decision_mock-2413970733-53b199c1-dec-000388_parsed.json,run,.json,2222
run/prompts/decision_mock-2413970733-53b199c1-dec-000388_response.json,run,.json,6279
run/prompts/decision_mock-2413970733-53b199c1-dec-000388_system.txt,run,.txt,1912
run/prompts/decision_mock-2413970733-53b199c1-dec-000388_tools.json,run,.json,2142
run/prompts/decision_mock-2413970733-53b199c1-dec-000388_user.json,run,.json,11687
run/prompts/decision_mock-2413970733-53b199c1-dec-000389_parsed.json,run,.json,1860
run/prompts/decision_mock-2413970733-53b199c1-dec-000389_response.json,run,.json,8494
run/prompts/decision_mock-2413970733-53b199c1-dec-000389_system.txt,run,.txt,1912
run/prompts/decision_mock-2413970733-53b199c1-dec-000389_tools.json,run,.json,1799
run/prompts/decision_mock-2413970733-53b199c1-dec-000389_user.json,run,.json,11661
run/prompts/decision_mock-2413970733-53b199c1-dec-000390_parsed.json,run,.json,2608
run/prompts/decision_mock-2413970733-53b199c1-dec-000390_response.json,run,.json,9034
run/prompts/decision_mock-2413970733-53b199c1-dec-000390_system.txt,run,.txt,1912
run/prompts/decision_mock-2413970733-53b199c1-dec-000390_tools.json,run,.json,2747
run/prompts/decision_mock-2413970733-53b199c1-dec-000390_user.json,run,.json,12786
run/prompts/decision_mock-2413970733-53b199c1-dec-000391_parsed.json,run,.json,2756
run/prompts/decision_mock-2413970733-53b199c1-dec-000391_response.json,run,.json,8601
run/prompts/decision_mock-2413970733-53b199c1-dec-000391_system.txt,run,.txt,1912
run/prompts/decision_mock-2413970733-53b199c1-dec-000391_tools.json,run,.json,2747
run/prompts/decision_mock-2413970733-53b199c1-dec-000391_user.json,run,.json,12758
run/prompts/decision_mock-2413970733-53b199c1-dec-000392_parsed.json,run,.json,2740
run/prompts/decision_mock-2413970733-53b199c1-dec-000392_response.json,run,.json,5655
run/prompts/decision_mock-2413970733-53b199c1-dec-000392_system.txt,run,.txt,1912
run/prompts/decision_mock-2413970733-53b199c1-dec-000392_tools.json,run,.json,2747
run/prompts/decision_mock-2413970733-53b199c1-dec-000392_user.json,run,.json,12753
run/prompts/decision_mock-2413970733-53b199c1-dec-000393_parsed.json,run,.json,2406
run/prompts/decision_mock-2413970733-53b199c1-dec-000393_response.json,run,.json,4147
run/prompts/decision_mock-2413970733-53b199c1-dec-000393_system.txt,run,.txt,1912
run/prompts/decision_mock-2413970733-53b199c1-dec-000393_tools.json,run,.json,2144
run/prompts/decision_mock-2413970733-53b199c1-dec-000393_user.json,run,.json,12743
run/prompts/decision_mock-2413970733-53b199c1-dec-000394_parsed.json,run,.json,1888
run/prompts/decision_mock-2413970733-53b199c1-dec-000394_response.json,run,.json,7200
run/prompts/decision_mock-2413970733-53b199c1-dec-000394_system.txt,run,.txt,1912
run/prompts/decision_mock-2413970733-53b199c1-dec-000394_tools.json,run,.json,2485
run/prompts/decision_mock-2413970733-53b199c1-dec-000394_user.json,run,.json,11648
run/prompts/decision_mock-2413970733-53b199c1-dec-000395_parsed.json,run,.json,1944
run/prompts/decision_mock-2413970733-53b199c1-dec-000395_response.json,run,.json,6400
run/prompts/decision_mock-2413970733-53b199c1-dec-000395_system.txt,run,.txt,1912
run/prompts/decision_mock-2413970733-53b199c1-dec-000395_tools.json,run,.json,2485
run/prompts/decision_mock-2413970733-53b199c1-dec-000395_user.json,run,.json,11657
run/prompts/decision_mock-2413970733-53b199c1-dec-000396_parsed.json,run,.json,1584
run/prompts/decision_mock-2413970733-53b199c1-dec-000396_response.json,run,.json,4049
run/prompts/decision_mock-2413970733-53b199c1-dec-000396_system.txt,run,.txt,1912
run/prompts/decision_mock-2413970733-53b199c1-dec-000396_tools.json,run,.json,1539
run/prompts/decision_mock-2413970733-53b199c1-dec-000396_user.json,run,.json,11003
run/prompts/decision_mock-2413970733-53b199c1-dec-000397_parsed.json,run,.json,2372
run/prompts/decision_mock-2413970733-53b199c1-dec-000397_response.json,run,.json,3497
run/prompts/decision_mock-2413970733-53b199c1-dec-000397_system.txt,run,.txt,1912
run/prompts/decision_mock-2413970733-53b199c1-dec-000397_tools.json,run,.json,328
run/prompts/decision_mock-2413970733-53b199c1-dec-000397_user.json,run,.json,10923
run/prompts/decision_mock-2413970733-53b199c1-dec-000398_parsed.json,run,.json,3396
run/prompts/decision_mock-2413970733-53b199c1-dec-000398_response.json,run,.json,7631
run/prompts/decision_mock-2413970733-53b199c1-dec-000398_system.txt,run,.txt,1912
run/prompts/decision_mock-2413970733-53b199c1-dec-000398_tools.json,run,.json,652
run/prompts/decision_mock-2413970733-53b199c1-dec-000398_user.json,run,.json,11872
run/prompts/decision_mock-2413970733-53b199c1-dec-000399_parsed.json,run,.json,1810
run/prompts/decision_mock-2413970733-53b199c1-dec-000399_response.json,run,.json,3826
run/prompts/decision_mock-2413970733-53b199c1-dec-000399_system.txt,run,.txt,1912
run/prompts/decision_mock-2413970733-53b199c1-dec-000399_tools.json,run,.json,652
run/prompts/decision_mock-2413970733-53b199c1-dec-000399_user.json,run,.json,11057
run/prompts/decision_mock-2413970733-53b199c1-dec-000400_parsed.json,run,.json,2220
run/prompts/decision_mock-2413970733-53b199c1-dec-000400_response.json,run,.json,7180
run/prompts/decision_mock-2413970733-53b199c1-dec-000400_system.txt,run,.txt,1912
run/prompts/decision_mock-2413970733-53b199c1-dec-000400_tools.json,run,.json,652
run/prompts/decision_mock-2413970733-53b199c1-dec-000400_user.json,run,.json,10610
run/prompts/decision_mock-2413970733-53b199c1-dec-000401_parsed.json,run,.json,2164
run/prompts/decision_mock-2413970733-53b199c1-dec-000401_response.json,run,.json,5515
run/prompts/decision_mock-2413970733-53b199c1-dec-000401_system.txt,run,.txt,1912
run/prompts/decision_mock-2413970733-53b199c1-dec-000401_tools.json,run,.json,652
run/prompts/decision_mock-2413970733-53b199c1-dec-000401_user.json,run,.json,10804
run/prompts/decision_mock-2413970733-53b199c1-dec-000402_parsed.json,run,.json,2334
run/prompts/decision_mock-2413970733-53b199c1-dec-000402_response.json,run,.json,2758
run/prompts/decision_mock-2413970733-53b199c1-dec-000402_system.txt,run,.txt,1912
run/prompts/decision_mock-2413970733-53b199c1-dec-000402_tools.json,run,.json,652
run/prompts/decision_mock-2413970733-53b199c1-dec-000402_user.json,run,.json,11821
run/prompts/decision_mock-2413970733-53b199c1-dec-000403_parsed.json,run,.json,3499
run/prompts/decision_mock-2413970733-53b199c1-dec-000403_response.json,run,.json,19709
run/prompts/decision_mock-2413970733-53b199c1-dec-000403_retry1_parsed.json,run,.json,2409
run/prompts/decision_mock-2413970733-53b199c1-dec-000403_retry1_response.json,run,.json,6587
run/prompts/decision_mock-2413970733-53b199c1-dec-000403_retry1_system.txt,run,.txt,1912
run/prompts/decision_mock-2413970733-53b199c1-dec-000403_retry1_tools.json,run,.json,1799
run/prompts/decision_mock-2413970733-53b199c1-dec-000403_retry1_user.json,run,.json,10711
run/prompts/decision_mock-2413970733-53b199c1-dec-000403_system.txt,run,.txt,1912
run/prompts/decision_mock-2413970733-53b199c1-dec-000403_tools.json,run,.json,1799
run/prompts/decision_mock-2413970733-53b199c1-dec-000403_user.json,run,.json,10534
run/prompts/decision_mock-2413970733-53b199c1-dec-000404_parsed.json,run,.json,3422
run/prompts/decision_mock-2413970733-53b199c1-dec-000404_response.json,run,.json,24857
run/prompts/decision_mock-2413970733-53b199c1-dec-000404_system.txt,run,.txt,1912
run/prompts/decision_mock-2413970733-53b199c1-dec-000404_tools.json,run,.json,1539
run/prompts/decision_mock-2413970733-53b199c1-dec-000404_user.json,run,.json,10387
run/prompts/decision_mock-2413970733-53b199c1-dec-000405_parsed.json,run,.json,2768
run/prompts/decision_mock-2413970733-53b199c1-dec-000405_response.json,run,.json,6935
run/prompts/decision_mock-2413970733-53b199c1-dec-000405_system.txt,run,.txt,1912
run/prompts/decision_mock-2413970733-53b199c1-dec-000405_tools.json,run,.json,1466
run/prompts/decision_mock-2413970733-53b199c1-dec-000405_user.json,run,.json,9959
run/prompts/decision_mock-2413970733-53b199c1-dec-000406_parsed.json,run,.json,3398
run/prompts/decision_mock-2413970733-53b199c1-dec-000406_response.json,run,.json,22308
run/prompts/decision_mock-2413970733-53b199c1-dec-000406_system.txt,run,.txt,1912
run/prompts/decision_mock-2413970733-53b199c1-dec-000406_tools.json,run,.json,1198
run/prompts/decision_mock-2413970733-53b199c1-dec-000406_user.json,run,.json,10535
run/prompts/decision_mock-2413970733-53b199c1-dec-000407_parsed.json,run,.json,2012
run/prompts/decision_mock-2413970733-53b199c1-dec-000407_response.json,run,.json,5709
run/prompts/decision_mock-2413970733-53b199c1-dec-000407_system.txt,run,.txt,1912
run/prompts/decision_mock-2413970733-53b199c1-dec-000407_tools.json,run,.json,1466
run/prompts/decision_mock-2413970733-53b199c1-dec-000407_user.json,run,.json,10585
run/prompts/decision_mock-2413970733-53b199c1-dec-000408_parsed.json,run,.json,3398
run/prompts/decision_mock-2413970733-53b199c1-dec-000408_response.json,run,.json,14867
run/prompts/decision_mock-2413970733-53b199c1-dec-000408_system.txt,run,.txt,1912
run/prompts/decision_mock-2413970733-53b199c1-dec-000408_tools.json,run,.json,1198
run/prompts/decision_mock-2413970733-53b199c1-dec-000408_user.json,run,.json,10902
run/prompts/decision_mock-2413970733-53b199c1-dec-000409_parsed.json,run,.json,2036
run/prompts/decision_mock-2413970733-53b199c1-dec-000409_response.json,run,.json,6369
run/prompts/decision_mock-2413970733-53b199c1-dec-000409_system.txt,run,.txt,1912
run/prompts/decision_mock-2413970733-53b199c1-dec-000409_tools.json,run,.json,1466
run/prompts/decision_mock-2413970733-53b199c1-dec-000409_user.json,run,.json,10942
run/prompts/decision_mock-2413970733-53b199c1-dec-000410_parsed.json,run,.json,3722
run/prompts/decision_mock-2413970733-53b199c1-dec-000410_response.json,run,.json,15448
run/prompts/decision_mock-2413970733-53b199c1-dec-000410_system.txt,run,.txt,1912
run/prompts/decision_mock-2413970733-53b199c1-dec-000410_tools.json,run,.json,1198
run/prompts/decision_mock-2413970733-53b199c1-dec-000410_user.json,run,.json,11251
run/prompts/decision_mock-2413970733-53b199c1-dec-000411_parsed.json,run,.json,3498
run/prompts/decision_mock-2413970733-53b199c1-dec-000411_response.json,run,.json,8934
run/prompts/decision_mock-2413970733-53b199c1-dec-000411_system.txt,run,.txt,1912
run/prompts/decision_mock-2413970733-53b199c1-dec-000411_tools.json,run,.json,1466
run/prompts/decision_mock-2413970733-53b199c1-dec-000411_user.json,run,.json,12369
run/prompts/decision_mock-2413970733-53b199c1-dec-000412_parsed.json,run,.json,3366
run/prompts/decision_mock-2413970733-53b199c1-dec-000412_response.json,run,.json,18664
run/prompts/decision_mock-2413970733-53b199c1-dec-000412_system.txt,run,.txt,1912
run/prompts/decision_mock-2413970733-53b199c1-dec-000412_tools.json,run,.json,1198
run/prompts/decision_mock-2413970733-53b199c1-dec-000412_user.json,run,.json,11892
run/prompts/decision_mock-2413970733-53b199c1-dec-000413_parsed.json,run,.json,2468
run/prompts/decision_mock-2413970733-53b199c1-dec-000413_response.json,run,.json,9159
run/prompts/decision_mock-2413970733-53b199c1-dec-000413_system.txt,run,.txt,1912
run/prompts/decision_mock-2413970733-53b199c1-dec-000413_tools.json,run,.json,1466
run/prompts/decision_mock-2413970733-53b199c1-dec-000413_user.json,run,.json,11933
run/prompts/decision_mock-2413970733-53b199c1-dec-000414_parsed.json,run,.json,3286
run/prompts/decision_mock-2413970733-53b199c1-dec-000414_response.json,run,.json,31717
run/prompts/decision_mock-2413970733-53b199c1-dec-000414_system.txt,run,.txt,1912
run/prompts/decision_mock-2413970733-53b199c1-dec-000414_tools.json,run,.json,1198
run/prompts/decision_mock-2413970733-53b199c1-dec-000414_user.json,run,.json,12336
run/prompts/decision_mock-2413970733-53b199c1-dec-000415_parsed.json,run,.json,3774
run/prompts/decision_mock-2413970733-53b199c1-dec-000415_response.json,run,.json,7032
run/prompts/decision_mock-2413970733-53b199c1-dec-000415_system.txt,run,.txt,1912
run/prompts/decision_mock-2413970733-53b199c1-dec-000415_tools.json,run,.json,1466
run/prompts/decision_mock-2413970733-53b199c1-dec-000415_user.json,run,.json,13529
run/prompts/decision_mock-2413970733-53b199c1-dec-000416_parsed.json,run,.json,3394
run/prompts/decision_mock-2413970733-53b199c1-dec-000416_response.json,run,.json,25077
run/prompts/decision_mock-2413970733-53b199c1-dec-000416_system.txt,run,.txt,1912
run/prompts/decision_mock-2413970733-53b199c1-dec-000416_tools.json,run,.json,1198
run/prompts/decision_mock-2413970733-53b199c1-dec-000416_user.json,run,.json,12846
run/prompts/decision_mock-2413970733-53b199c1-dec-000417_parsed.json,run,.json,2188
run/prompts/decision_mock-2413970733-53b199c1-dec-000417_response.json,run,.json,4766
run/prompts/decision_mock-2413970733-53b199c1-dec-000417_system.txt,run,.txt,1912
run/prompts/decision_mock-2413970733-53b199c1-dec-000417_tools.json,run,.json,1466
run/prompts/decision_mock-2413970733-53b199c1-dec-000417_user.json,run,.json,12578
run/prompts/decision_mock-2413970733-53b199c1-dec-000418_parsed.json,run,.json,3602
run/prompts/decision_mock-2413970733-53b199c1-dec-000418_response.json,run,.json,5926
run/prompts/decision_mock-2413970733-53b199c1-dec-000418_system.txt,run,.txt,1912
run/prompts/decision_mock-2413970733-53b199c1-dec-000418_tools.json,run,.json,1198
run/prompts/decision_mock-2413970733-53b199c1-dec-000418_user.json,run,.json,13059
run/prompts/decision_mock-2413970733-53b199c1-dec-000419_parsed.json,run,.json,5348
run/prompts/decision_mock-2413970733-53b199c1-dec-000419_response.json,run,.json,11329
run/prompts/decision_mock-2413970733-53b199c1-dec-000419_system.txt,run,.txt,1912
run/prompts/decision_mock-2413970733-53b199c1-dec-000419_tools.json,run,.json,1466
run/prompts/decision_mock-2413970733-53b199c1-dec-000419_user.json,run,.json,14175
run/prompts/decision_mock-2413970733-53b199c1-dec-000420_parsed.json,run,.json,3326
run/prompts/decision_mock-2413970733-53b199c1-dec-000420_response.json,run,.json,15754
run/prompts/decision_mock-2413970733-53b199c1-dec-000420_system.txt,run,.txt,1912
run/prompts/decision_mock-2413970733-53b199c1-dec-000420_tools.json,run,.json,1466
run/prompts/decision_mock-2413970733-53b199c1-dec-000420_user.json,run,.json,13537
run/prompts/decision_mock-2413970733-53b199c1-dec-000421_parsed.json,run,.json,3756
run/prompts/decision_mock-2413970733-53b199c1-dec-000421_response.json,run,.json,4249
run/prompts/decision_mock-2413970733-53b199c1-dec-000421_system.txt,run,.txt,1912
run/prompts/decision_mock-2413970733-53b199c1-dec-000421_tools.json,run,.json,1466
run/prompts/decision_mock-2413970733-53b199c1-dec-000421_user.json,run,.json,15096
run/prompts/decision_mock-2413970733-53b199c1-dec-000422_parsed.json,run,.json,2200
run/prompts/decision_mock-2413970733-53b199c1-dec-000422_response.json,run,.json,7357
run/prompts/decision_mock-2413970733-53b199c1-dec-000422_system.txt,run,.txt,1912
run/prompts/decision_mock-2413970733-53b199c1-dec-000422_tools.json,run,.json,1466
run/prompts/decision_mock-2413970733-53b199c1-dec-000422_user.json,run,.json,14306
run/prompts/decision_mock-2413970733-53b199c1-dec-000423_parsed.json,run,.json,1900
run/prompts/decision_mock-2413970733-53b199c1-dec-000423_response.json,run,.json,10865
run/prompts/decision_mock-2413970733-53b199c1-dec-000423_system.txt,run,.txt,1912
run/prompts/decision_mock-2413970733-53b199c1-dec-000423_tools.json,run,.json,1543
run/prompts/decision_mock-2413970733-53b199c1-dec-000423_user.json,run,.json,14049
run/prompts/decision_mock-2413970733-53b199c1-dec-000424_parsed.json,run,.json,2814
run/prompts/decision_mock-2413970733-53b199c1-dec-000424_response.json,run,.json,5034
run/prompts/decision_mock-2413970733-53b199c1-dec-000424_system.txt,run,.txt,1912
run/prompts/decision_mock-2413970733-53b199c1-dec-000424_tools.json,run,.json,922
run/prompts/decision_mock-2413970733-53b199c1-dec-000424_user.json,run,.json,15202
run/prompts/decision_mock-2413970733-53b199c1-dec-000425_parsed.json,run,.json,2672
run/prompts/decision_mock-2413970733-53b199c1-dec-000425_response.json,run,.json,4506
run/prompts/decision_mock-2413970733-53b199c1-dec-000425_system.txt,run,.txt,1912
run/prompts/decision_mock-2413970733-53b199c1-dec-000425_tools.json,run,.json,2747
run/prompts/decision_mock-2413970733-53b199c1-dec-000425_user.json,run,.json,15328
run/prompts/decision_mock-2413970733-53b199c1-dec-000426_parsed.json,run,.json,2602
run/prompts/decision_mock-2413970733-53b199c1-dec-000426_response.json,run,.json,3642
run/prompts/decision_mock-2413970733-53b199c1-dec-000426_system.txt,run,.txt,1912
run/prompts/decision_mock-2413970733-53b199c1-dec-000426_tools.json,run,.json,2747
run/prompts/decision_mock-2413970733-53b199c1-dec-000426_user.json,run,.json,15132
run/prompts/decision_mock-2413970733-53b199c1-dec-000427_parsed.json,run,.json,2528
run/prompts/decision_mock-2413970733-53b199c1-dec-000427_response.json,run,.json,5788
run/prompts/decision_mock-2413970733-53b199c1-dec-000427_system.txt,run,.txt,1912
run/prompts/decision_mock-2413970733-53b199c1-dec-000427_tools.json,run,.json,2485
run/prompts/decision_mock-2413970733-53b199c1-dec-000427_user.json,run,.json,13046
run/prompts/decision_mock-2413970733-53b199c1-dec-000428_parsed.json,run,.json,2750
run/prompts/decision_mock-2413970733-53b199c1-dec-000428_response.json,run,.json,5724
run/prompts/decision_mock-2413970733-53b199c1-dec-000428_system.txt,run,.txt,1912
run/prompts/decision_mock-2413970733-53b199c1-dec-000428_tools.json,run,.json,2142
run/prompts/decision_mock-2413970733-53b199c1-dec-000428_user.json,run,.json,12379
run/prompts/decision_mock-2413970733-53b199c1-dec-000429_parsed.json,run,.json,2578
run/prompts/decision_mock-2413970733-53b199c1-dec-000429_response.json,run,.json,6756
run/prompts/decision_mock-2413970733-53b199c1-dec-000429_system.txt,run,.txt,1912
run/prompts/decision_mock-2413970733-53b199c1-dec-000429_tools.json,run,.json,2743
run/prompts/decision_mock-2413970733-53b199c1-dec-000429_user.json,run,.json,12320
run/prompts/decision_mock-2413970733-53b199c1-dec-000430_parsed.json,run,.json,1992
run/prompts/decision_mock-2413970733-53b199c1-dec-000430_response.json,run,.json,4100
run/prompts/decision_mock-2413970733-53b199c1-dec-000430_system.txt,run,.txt,1912
run/prompts/decision_mock-2413970733-53b199c1-dec-000430_tools.json,run,.json,2140
run/prompts/decision_mock-2413970733-53b199c1-dec-000430_user.json,run,.json,12344
run/prompts/decision_mock-2413970733-53b199c1-dec-000431_parsed.json,run,.json,1920
run/prompts/decision_mock-2413970733-53b199c1-dec-000431_response.json,run,.json,4411
run/prompts/decision_mock-2413970733-53b199c1-dec-000431_system.txt,run,.txt,1912
run/prompts/decision_mock-2413970733-53b199c1-dec-000431_tools.json,run,.json,2140
run/prompts/decision_mock-2413970733-53b199c1-dec-000431_user.json,run,.json,12160
run/prompts/decision_mock-2413970733-53b199c1-dec-000432_parsed.json,run,.json,3338
run/prompts/decision_mock-2413970733-53b199c1-dec-000432_response.json,run,.json,20199
run/prompts/decision_mock-2413970733-53b199c1-dec-000432_system.txt,run,.txt,1912
run/prompts/decision_mock-2413970733-53b199c1-dec-000432_tools.json,run,.json,1198
run/prompts/decision_mock-2413970733-53b199c1-dec-000432_user.json,run,.json,11725
run/prompts/decision_mock-2413970733-53b199c1-dec-000433_parsed.json,run,.json,2224
run/prompts/decision_mock-2413970733-53b199c1-dec-000433_response.json,run,.json,3919
run/prompts/decision_mock-2413970733-53b199c1-dec-000433_system.txt,run,.txt,1912
run/prompts/decision_mock-2413970733-53b199c1-dec-000433_tools.json,run,.json,1466
run/prompts/decision_mock-2413970733-53b199c1-dec-000433_user.json,run,.json,11543
run/prompts/decision_mock-2413970733-53b199c1-dec-000434_parsed.json,run,.json,3122
run/prompts/decision_mock-2413970733-53b199c1-dec-000434_response.json,run,.json,7064
run/prompts/decision_mock-2413970733-53b199c1-dec-000434_system.txt,run,.txt,1912
run/prompts/decision_mock-2413970733-53b199c1-dec-000434_tools.json,run,.json,1198
run/prompts/decision_mock-2413970733-53b199c1-dec-000434_user.json,run,.json,11513
run/prompts/decision_mock-2413970733-53b199c1-dec-000435_parsed.json,run,.json,2448
run/prompts/decision_mock-2413970733-53b199c1-dec-000435_response.json,run,.json,3560
run/prompts/decision_mock-2413970733-53b199c1-dec-000435_system.txt,run,.txt,1912
run/prompts/decision_mock-2413970733-53b199c1-dec-000435_tools.json,run,.json,1466
run/prompts/decision_mock-2413970733-53b199c1-dec-000435_user.json,run,.json,11546
run/prompts/decision_mock-2413970733-53b199c1-dec-000436_parsed.json,run,.json,3710
run/prompts/decision_mock-2413970733-53b199c1-dec-000436_response.json,run,.json,21711
run/prompts/decision_mock-2413970733-53b199c1-dec-000436_system.txt,run,.txt,1912
run/prompts/decision_mock-2413970733-53b199c1-dec-000436_tools.json,run,.json,1198
run/prompts/decision_mock-2413970733-53b199c1-dec-000436_user.json,run,.json,11480
run/prompts/decision_mock-2413970733-53b199c1-dec-000437_parsed.json,run,.json,3530
run/prompts/decision_mock-2413970733-53b199c1-dec-000437_response.json,run,.json,9813
run/prompts/decision_mock-2413970733-53b199c1-dec-000437_system.txt,run,.txt,1912
run/prompts/decision_mock-2413970733-53b199c1-dec-000437_tools.json,run,.json,1466
run/prompts/decision_mock-2413970733-53b199c1-dec-000437_user.json,run,.json,11454
run/prompts/decision_mock-2413970733-53b199c1-dec-000438_parsed.json,run,.json,3170
run/prompts/decision_mock-2413970733-53b199c1-dec-000438_response.json,run,.json,6752
run/prompts/decision_mock-2413970733-53b199c1-dec-000438_system.txt,run,.txt,1912
run/prompts/decision_mock-2413970733-53b199c1-dec-000438_tools.json,run,.json,1466
run/prompts/decision_mock-2413970733-53b199c1-dec-000438_user.json,run,.json,11481
run/prompts/decision_mock-2413970733-53b199c1-dec-000439_parsed.json,run,.json,3641
run/prompts/decision_mock-2413970733-53b199c1-dec-000439_response.json,run,.json,6360
run/prompts/decision_mock-2413970733-53b199c1-dec-000439_retry1_parsed.json,run,.json,2257
run/prompts/decision_mock-2413970733-53b199c1-dec-000439_retry1_response.json,run,.json,6641
run/prompts/decision_mock-2413970733-53b199c1-dec-000439_retry1_system.txt,run,.txt,1912
run/prompts/decision_mock-2413970733-53b199c1-dec-000439_retry1_tools.json,run,.json,1466
run/prompts/decision_mock-2413970733-53b199c1-dec-000439_retry1_user.json,run,.json,12777
run/prompts/decision_mock-2413970733-53b199c1-dec-000439_system.txt,run,.txt,1912
run/prompts/decision_mock-2413970733-53b199c1-dec-000439_tools.json,run,.json,1466
run/prompts/decision_mock-2413970733-53b199c1-dec-000439_user.json,run,.json,11905
run/prompts/decision_mock-2413970733-53b199c1-dec-000440_parsed.json,run,.json,3282
run/prompts/decision_mock-2413970733-53b199c1-dec-000440_response.json,run,.json,29101
run/prompts/decision_mock-2413970733-53b199c1-dec-000440_system.txt,run,.txt,1912
run/prompts/decision_mock-2413970733-53b199c1-dec-000440_tools.json,run,.json,1466
run/prompts/decision_mock-2413970733-53b199c1-dec-000440_user.json,run,.json,11873
run/prompts/decision_mock-2413970733-53b199c1-dec-000441_parsed.json,run,.json,2912
run/prompts/decision_mock-2413970733-53b199c1-dec-000441_response.json,run,.json,5702
run/prompts/decision_mock-2413970733-53b199c1-dec-000441_system.txt,run,.txt,1912
run/prompts/decision_mock-2413970733-53b199c1-dec-000441_tools.json,run,.json,1466
run/prompts/decision_mock-2413970733-53b199c1-dec-000441_user.json,run,.json,12340
run/prompts/decision_mock-2413970733-53b199c1-dec-000442_parsed.json,run,.json,3722
run/prompts/decision_mock-2413970733-53b199c1-dec-000442_response.json,run,.json,12382
run/prompts/decision_mock-2413970733-53b199c1-dec-000442_system.txt,run,.txt,1912
run/prompts/decision_mock-2413970733-53b199c1-dec-000442_tools.json,run,.json,1198
run/prompts/decision_mock-2413970733-53b199c1-dec-000442_user.json,run,.json,11799
run/prompts/decision_mock-2413970733-53b199c1-dec-000443_parsed.json,run,.json,4042
run/prompts/decision_mock-2413970733-53b199c1-dec-000443_response.json,run,.json,8076
run/prompts/decision_mock-2413970733-53b199c1-dec-000443_system.txt,run,.txt,1912
run/prompts/decision_mock-2413970733-53b199c1-dec-000443_tools.json,run,.json,1466
run/prompts/decision_mock-2413970733-53b199c1-dec-000443_user.json,run,.json,13676
run/prompts/decision_mock-2413970733-53b199c1-dec-000444_parsed.json,run,.json,3330
run/prompts/decision_mock-2413970733-53b199c1-dec-000444_response.json,run,.json,32520
run/prompts/decision_mock-2413970733-53b199c1-dec-000444_system.txt,run,.txt,1912
run/prompts/decision_mock-2413970733-53b199c1-dec-000444_tools.json,run,.json,1198
run/prompts/decision_mock-2413970733-53b199c1-dec-000444_user.json,run,.json,12375
run/prompts/decision_mock-2413970733-53b199c1-dec-000445_parsed.json,run,.json,3598
run/prompts/decision_mock-2413970733-53b199c1-dec-000445_response.json,run,.json,5670
run/prompts/decision_mock-2413970733-53b199c1-dec-000445_system.txt,run,.txt,1912
run/prompts/decision_mock-2413970733-53b199c1-dec-000445_tools.json,run,.json,1466
run/prompts/decision_mock-2413970733-53b199c1-dec-000445_user.json,run,.json,14265
run/prompts/decision_mock-2413970733-53b199c1-dec-000446_parsed.json,run,.json,3646
run/prompts/decision_mock-2413970733-53b199c1-dec-000446_response.json,run,.json,18586
run/prompts/decision_mock-2413970733-53b199c1-dec-000446_system.txt,run,.txt,1912
run/prompts/decision_mock-2413970733-53b199c1-dec-000446_tools.json,run,.json,1198
run/prompts/decision_mock-2413970733-53b199c1-dec-000446_user.json,run,.json,12859
run/prompts/decision_mock-2413970733-53b199c1-dec-000447_parsed.json,run,.json,2208
run/prompts/decision_mock-2413970733-53b199c1-dec-000447_response.json,run,.json,6381
run/prompts/decision_mock-2413970733-53b199c1-dec-000447_system.txt,run,.txt,1912
run/prompts/decision_mock-2413970733-53b199c1-dec-000447_tools.json,run,.json,1466
run/prompts/decision_mock-2413970733-53b199c1-dec-000447_user.json,run,.json,13196
run/prompts/decision_mock-2413970733-53b199c1-dec-000448_parsed.json,run,.json,3534
run/prompts/decision_mock-2413970733-53b199c1-dec-000448_response.json,run,.json,13468
run/prompts/decision_mock-2413970733-53b199c1-dec-000448_system.txt,run,.txt,1912
run/prompts/decision_mock-2413970733-53b199c1-dec-000448_tools.json,run,.json,1198
run/prompts/decision_mock-2413970733-53b199c1-dec-000448_user.json,run,.json,13328
run/prompts/decision_mock-2413970733-53b199c1-dec-000449_parsed.json,run,.json,2464
run/prompts/decision_mock-2413970733-53b199c1-dec-000449_response.json,run,.json,3986
run/prompts/decision_mock-2413970733-53b199c1-dec-000449_system.txt,run,.txt,1912
run/prompts/decision_mock-2413970733-53b199c1-dec-000449_tools.json,run,.json,1466
run/prompts/decision_mock-2413970733-53b199c1-dec-000449_user.json,run,.json,13591
run/prompts/decision_mock-2413970733-53b199c1-dec-000450_parsed.json,run,.json,3538
run/prompts/decision_mock-2413970733-53b199c1-dec-000450_response.json,run,.json,29914
run/prompts/decision_mock-2413970733-53b199c1-dec-000450_system.txt,run,.txt,1912
run/prompts/decision_mock-2413970733-53b199c1-dec-000450_tools.json,run,.json,1198
run/prompts/decision_mock-2413970733-53b199c1-dec-000450_user.json,run,.json,13614
run/prompts/decision_mock-2413970733-53b199c1-dec-000451_parsed.json,run,.json,2512
run/prompts/decision_mock-2413970733-53b199c1-dec-000451_response.json,run,.json,5695
run/prompts/decision_mock-2413970733-53b199c1-dec-000451_system.txt,run,.txt,1912
run/prompts/decision_mock-2413970733-53b199c1-dec-000451_tools.json,run,.json,1466
run/prompts/decision_mock-2413970733-53b199c1-dec-000451_user.json,run,.json,13729
run/prompts/decision_mock-2413970733-53b199c1-dec-000452_parsed.json,run,.json,3226
run/prompts/decision_mock-2413970733-53b199c1-dec-000452_response.json,run,.json,26988
run/prompts/decision_mock-2413970733-53b199c1-dec-000452_system.txt,run,.txt,1912
run/prompts/decision_mock-2413970733-53b199c1-dec-000452_tools.json,run,.json,1198
run/prompts/decision_mock-2413970733-53b199c1-dec-000452_user.json,run,.json,14124
run/prompts/decision_mock-2413970733-53b199c1-dec-000453_parsed.json,run,.json,2452
run/prompts/decision_mock-2413970733-53b199c1-dec-000453_response.json,run,.json,6975
run/prompts/decision_mock-2413970733-53b199c1-dec-000453_system.txt,run,.txt,1912
run/prompts/decision_mock-2413970733-53b199c1-dec-000453_tools.json,run,.json,1466
run/prompts/decision_mock-2413970733-53b199c1-dec-000453_user.json,run,.json,14222
run/prompts/decision_mock-2413970733-53b199c1-dec-000454_parsed.json,run,.json,1253
run/prompts/decision_mock-2413970733-53b199c1-dec-000454_response.json,run,.json,28904
run/prompts/decision_mock-2413970733-53b199c1-dec-000454_retry1_parsed.json,run,.json,3297
run/prompts/decision_mock-2413970733-53b199c1-dec-000454_retry1_response.json,run,.json,15598
run/prompts/decision_mock-2413970733-53b199c1-dec-000454_retry1_system.txt,run,.txt,1912
run/prompts/decision_mock-2413970733-53b199c1-dec-000454_retry1_tools.json,run,.json,1198
run/prompts/decision_mock-2413970733-53b199c1-dec-000454_retry1_user.json,run,.json,14230
run/prompts/decision_mock-2413970733-53b199c1-dec-000454_system.txt,run,.txt,1912
run/prompts/decision_mock-2413970733-53b199c1-dec-000454_tools.json,run,.json,1198
run/prompts/decision_mock-2413970733-53b199c1-dec-000454_user.json,run,.json,14086
run/prompts/decision_mock-2413970733-53b199c1-dec-000455_parsed.json,run,.json,4238
run/prompts/decision_mock-2413970733-53b199c1-dec-000455_response.json,run,.json,5198
run/prompts/decision_mock-2413970733-53b199c1-dec-000455_system.txt,run,.txt,1912
run/prompts/decision_mock-2413970733-53b199c1-dec-000455_tools.json,run,.json,1466
run/prompts/decision_mock-2413970733-53b199c1-dec-000455_user.json,run,.json,15735
run/prompts/decision_mock-2413970733-53b199c1-dec-000456_parsed.json,run,.json,3414
run/prompts/decision_mock-2413970733-53b199c1-dec-000456_response.json,run,.json,27463
run/prompts/decision_mock-2413970733-53b199c1-dec-000456_system.txt,run,.txt,1912
run/prompts/decision_mock-2413970733-53b199c1-dec-000456_tools.json,run,.json,1198
run/prompts/decision_mock-2413970733-53b199c1-dec-000456_user.json,run,.json,14293
run/prompts/decision_mock-2413970733-53b199c1-dec-000457_parsed.json,run,.json,2316
run/prompts/decision_mock-2413970733-53b199c1-dec-000457_response.json,run,.json,4787
run/prompts/decision_mock-2413970733-53b199c1-dec-000457_system.txt,run,.txt,1912
run/prompts/decision_mock-2413970733-53b199c1-dec-000457_tools.json,run,.json,1466
run/prompts/decision_mock-2413970733-53b199c1-dec-000457_user.json,run,.json,14094
run/prompts/decision_mock-2413970733-53b199c1-dec-000458_parsed.json,run,.json,3762
run/prompts/decision_mock-2413970733-53b199c1-dec-000458_response.json,run,.json,42436
run/prompts/decision_mock-2413970733-53b199c1-dec-000458_system.txt,run,.txt,1912
run/prompts/decision_mock-2413970733-53b199c1-dec-000458_tools.json,run,.json,1198
run/prompts/decision_mock-2413970733-53b199c1-dec-000458_user.json,run,.json,14121
run/prompts/decision_mock-2413970733-53b199c1-dec-000459_parsed.json,run,.json,2008
run/prompts/decision_mock-2413970733-53b199c1-dec-000459_response.json,run,.json,4191
run/prompts/decision_mock-2413970733-53b199c1-dec-000459_system.txt,run,.txt,1912
run/prompts/decision_mock-2413970733-53b199c1-dec-000459_tools.json,run,.json,1466
run/prompts/decision_mock-2413970733-53b199c1-dec-000459_user.json,run,.json,14390
run/prompts/decision_mock-2413970733-53b199c1-dec-000460_parsed.json,run,.json,3830
run/prompts/decision_mock-2413970733-53b199c1-dec-000460_response.json,run,.json,6090
run/prompts/decision_mock-2413970733-53b199c1-dec-000460_system.txt,run,.txt,1912
run/prompts/decision_mock-2413970733-53b199c1-dec-000460_tools.json,run,.json,1198
run/prompts/decision_mock-2413970733-53b199c1-dec-000460_user.json,run,.json,14253
run/prompts/decision_mock-2413970733-53b199c1-dec-000461_parsed.json,run,.json,2160
run/prompts/decision_mock-2413970733-53b199c1-dec-000461_response.json,run,.json,3866
run/prompts/decision_mock-2413970733-53b199c1-dec-000461_system.txt,run,.txt,1912
run/prompts/decision_mock-2413970733-53b199c1-dec-000461_tools.json,run,.json,1466
run/prompts/decision_mock-2413970733-53b199c1-dec-000461_user.json,run,.json,14377
run/prompts/decision_mock-2413970733-53b199c1-dec-000462_parsed.json,run,.json,3450
run/prompts/decision_mock-2413970733-53b199c1-dec-000462_response.json,run,.json,23541
run/prompts/decision_mock-2413970733-53b199c1-dec-000462_system.txt,run,.txt,1912
run/prompts/decision_mock-2413970733-53b199c1-dec-000462_tools.json,run,.json,1198
run/prompts/decision_mock-2413970733-53b199c1-dec-000462_user.json,run,.json,14336
run/prompts/decision_mock-2413970733-53b199c1-dec-000463_parsed.json,run,.json,2056
run/prompts/decision_mock-2413970733-53b199c1-dec-000463_response.json,run,.json,4565
run/prompts/decision_mock-2413970733-53b199c1-dec-000463_system.txt,run,.txt,1912
run/prompts/decision_mock-2413970733-53b199c1-dec-000463_tools.json,run,.json,1466
run/prompts/decision_mock-2413970733-53b199c1-dec-000463_user.json,run,.json,14118
run/prompts/decision_mock-2413970733-53b199c1-dec-000464_parsed.json,run,.json,2930
run/prompts/decision_mock-2413970733-53b199c1-dec-000464_response.json,run,.json,14403
run/prompts/decision_mock-2413970733-53b199c1-dec-000464_system.txt,run,.txt,1912
run/prompts/decision_mock-2413970733-53b199c1-dec-000464_tools.json,run,.json,1198
run/prompts/decision_mock-2413970733-53b199c1-dec-000464_user.json,run,.json,14100
run/prompts/decision_mock-2413970733-53b199c1-dec-000465_parsed.json,run,.json,2574
run/prompts/decision_mock-2413970733-53b199c1-dec-000465_response.json,run,.json,4666
run/prompts/decision_mock-2413970733-53b199c1-dec-000465_system.txt,run,.txt,1912
run/prompts/decision_mock-2413970733-53b199c1-dec-000465_tools.json,run,.json,1466
run/prompts/decision_mock-2413970733-53b199c1-dec-000465_user.json,run,.json,15860
run/prompts/decision_mock-2413970733-53b199c1-dec-000466_parsed.json,run,.json,3202
run/prompts/decision_mock-2413970733-53b199c1-dec-000466_response.json,run,.json,26917
run/prompts/decision_mock-2413970733-53b199c1-dec-000466_system.txt,run,.txt,1912
run/prompts/decision_mock-2413970733-53b199c1-dec-000466_tools.json,run,.json,1198
run/prompts/decision_mock-2413970733-53b199c1-dec-000466_user.json,run,.json,13895
run/prompts/decision_mock-2413970733-53b199c1-dec-000467_parsed.json,run,.json,2496
run/prompts/decision_mock-2413970733-53b199c1-dec-000467_response.json,run,.json,5534
run/prompts/decision_mock-2413970733-53b199c1-dec-000467_system.txt,run,.txt,1912
run/prompts/decision_mock-2413970733-53b199c1-dec-000467_tools.json,run,.json,1466
run/prompts/decision_mock-2413970733-53b199c1-dec-000467_user.json,run,.json,13698
run/prompts/decision_mock-2413970733-53b199c1-dec-000468_parsed.json,run,.json,2938
run/prompts/decision_mock-2413970733-53b199c1-dec-000468_response.json,run,.json,23907
run/prompts/decision_mock-2413970733-53b199c1-dec-000468_system.txt,run,.txt,1912
run/prompts/decision_mock-2413970733-53b199c1-dec-000468_tools.json,run,.json,1198
run/prompts/decision_mock-2413970733-53b199c1-dec-000468_user.json,run,.json,13763
run/prompts/decision_mock-2413970733-53b199c1-dec-000469_parsed.json,run,.json,2512
run/prompts/decision_mock-2413970733-53b199c1-dec-000469_response.json,run,.json,5467
run/prompts/decision_mock-2413970733-53b199c1-dec-000469_system.txt,run,.txt,1912
run/prompts/decision_mock-2413970733-53b199c1-dec-000469_tools.json,run,.json,1466
run/prompts/decision_mock-2413970733-53b199c1-dec-000469_user.json,run,.json,13399
run/prompts/decision_mock-2413970733-53b199c1-dec-000470_parsed.json,run,.json,2758
run/prompts/decision_mock-2413970733-53b199c1-dec-000470_response.json,run,.json,23759
run/prompts/decision_mock-2413970733-53b199c1-dec-000470_system.txt,run,.txt,1912
run/prompts/decision_mock-2413970733-53b199c1-dec-000470_tools.json,run,.json,1198
run/prompts/decision_mock-2413970733-53b199c1-dec-000470_user.json,run,.json,13592
run/prompts/decision_mock-2413970733-53b199c1-dec-000471_parsed.json,run,.json,2456
run/prompts/decision_mock-2413970733-53b199c1-dec-000471_response.json,run,.json,3775
run/prompts/decision_mock-2413970733-53b199c1-dec-000471_system.txt,run,.txt,1912
run/prompts/decision_mock-2413970733-53b199c1-dec-000471_tools.json,run,.json,1466
run/prompts/decision_mock-2413970733-53b199c1-dec-000471_user.json,run,.json,13391
run/prompts/decision_mock-2413970733-53b199c1-dec-000472_parsed.json,run,.json,3018
run/prompts/decision_mock-2413970733-53b199c1-dec-000472_response.json,run,.json,10522
run/prompts/decision_mock-2413970733-53b199c1-dec-000472_system.txt,run,.txt,1912
run/prompts/decision_mock-2413970733-53b199c1-dec-000472_tools.json,run,.json,1198
run/prompts/decision_mock-2413970733-53b199c1-dec-000472_user.json,run,.json,13426
run/prompts/decision_mock-2413970733-53b199c1-dec-000473_parsed.json,run,.json,2252
run/prompts/decision_mock-2413970733-53b199c1-dec-000473_response.json,run,.json,6755
run/prompts/decision_mock-2413970733-53b199c1-dec-000473_system.txt,run,.txt,1912
run/prompts/decision_mock-2413970733-53b199c1-dec-000473_tools.json,run,.json,1466
run/prompts/decision_mock-2413970733-53b199c1-dec-000473_user.json,run,.json,13368
run/prompts/decision_mock-2413970733-53b199c1-dec-000474_parsed.json,run,.json,2898
run/prompts/decision_mock-2413970733-53b199c1-dec-000474_response.json,run,.json,5787
run/prompts/decision_mock-2413970733-53b199c1-dec-000474_system.txt,run,.txt,1912
run/prompts/decision_mock-2413970733-53b199c1-dec-000474_tools.json,run,.json,1198
run/prompts/decision_mock-2413970733-53b199c1-dec-000474_user.json,run,.json,13423
run/prompts/decision_mock-2413970733-53b199c1-dec-000475_parsed.json,run,.json,3206
run/prompts/decision_mock-2413970733-53b199c1-dec-000475_response.json,run,.json,5232
run/prompts/decision_mock-2413970733-53b199c1-dec-000475_system.txt,run,.txt,1912
run/prompts/decision_mock-2413970733-53b199c1-dec-000475_tools.json,run,.json,1466
run/prompts/decision_mock-2413970733-53b199c1-dec-000475_user.json,run,.json,15110
run/prompts/decision_mock-2413970733-53b199c1-dec-000476_parsed.json,run,.json,2822
run/prompts/decision_mock-2413970733-53b199c1-dec-000476_response.json,run,.json,17012
run/prompts/decision_mock-2413970733-53b199c1-dec-000476_system.txt,run,.txt,1912
run/prompts/decision_mock-2413970733-53b199c1-dec-000476_tools.json,run,.json,1198
run/prompts/decision_mock-2413970733-53b199c1-dec-000476_user.json,run,.json,13245
run/prompts/decision_mock-2413970733-53b199c1-dec-000477_parsed.json,run,.json,2388
run/prompts/decision_mock-2413970733-53b199c1-dec-000477_response.json,run,.json,4157
run/prompts/decision_mock-2413970733-53b199c1-dec-000477_system.txt,run,.txt,1912
run/prompts/decision_mock-2413970733-53b199c1-dec-000477_tools.json,run,.json,1466
run/prompts/decision_mock-2413970733-53b199c1-dec-000477_user.json,run,.json,13176
run/prompts/decision_mock-2413970733-53b199c1-dec-000478_parsed.json,run,.json,2794
run/prompts/decision_mock-2413970733-53b199c1-dec-000478_response.json,run,.json,18196
run/prompts/decision_mock-2413970733-53b199c1-dec-000478_system.txt,run,.txt,1912
run/prompts/decision_mock-2413970733-53b199c1-dec-000478_tools.json,run,.json,1198
run/prompts/decision_mock-2413970733-53b199c1-dec-000478_user.json,run,.json,13170
run/prompts/decision_mock-2413970733-53b199c1-dec-000479_parsed.json,run,.json,2116
run/prompts/decision_mock-2413970733-53b199c1-dec-000479_response.json,run,.json,3329
run/prompts/decision_mock-2413970733-53b199c1-dec-000479_system.txt,run,.txt,1912
run/prompts/decision_mock-2413970733-53b199c1-dec-000479_tools.json,run,.json,1466
run/prompts/decision_mock-2413970733-53b199c1-dec-000479_user.json,run,.json,13024
run/prompts/decision_mock-2413970733-53b199c1-dec-000480_parsed.json,run,.json,3322
run/prompts/decision_mock-2413970733-53b199c1-dec-000480_response.json,run,.json,26849
run/prompts/decision_mock-2413970733-53b199c1-dec-000480_system.txt,run,.txt,1912
run/prompts/decision_mock-2413970733-53b199c1-dec-000480_tools.json,run,.json,1198
run/prompts/decision_mock-2413970733-53b199c1-dec-000480_user.json,run,.json,12968
run/prompts/decision_mock-2413970733-53b199c1-dec-000481_parsed.json,run,.json,3270
run/prompts/decision_mock-2413970733-53b199c1-dec-000481_response.json,run,.json,3774
run/prompts/decision_mock-2413970733-53b199c1-dec-000481_system.txt,run,.txt,1912
run/prompts/decision_mock-2413970733-53b199c1-dec-000481_tools.json,run,.json,1466
run/prompts/decision_mock-2413970733-53b199c1-dec-000481_user.json,run,.json,14839
run/prompts/decision_mock-2413970733-53b199c1-dec-000482_parsed.json,run,.json,1940
run/prompts/decision_mock-2413970733-53b199c1-dec-000482_response.json,run,.json,9316
run/prompts/decision_mock-2413970733-53b199c1-dec-000482_system.txt,run,.txt,1912
run/prompts/decision_mock-2413970733-53b199c1-dec-000482_tools.json,run,.json,1198
run/prompts/decision_mock-2413970733-53b199c1-dec-000482_user.json,run,.json,12972
run/prompts/decision_mock-2413970733-53b199c1-dec-000483_parsed.json,run,.json,2992
run/prompts/decision_mock-2413970733-53b199c1-dec-000483_response.json,run,.json,6396
run/prompts/decision_mock-2413970733-53b199c1-dec-000483_system.txt,run,.txt,1912
run/prompts/decision_mock-2413970733-53b199c1-dec-000483_tools.json,run,.json,2747
run/prompts/decision_mock-2413970733-53b199c1-dec-000483_user.json,run,.json,14667
run/prompts/decision_mock-2413970733-53b199c1-dec-000484_parsed.json,run,.json,2102
run/prompts/decision_mock-2413970733-53b199c1-dec-000484_response.json,run,.json,2658
run/prompts/decision_mock-2413970733-53b199c1-dec-000484_system.txt,run,.txt,1912
run/prompts/decision_mock-2413970733-53b199c1-dec-000484_tools.json,run,.json,1799
run/prompts/decision_mock-2413970733-53b199c1-dec-000484_user.json,run,.json,14389
run/prompts/decision_mock-2413970733-53b199c1-dec-000485_parsed.json,run,.json,1560
run/prompts/decision_mock-2413970733-53b199c1-dec-000485_response.json,run,.json,5713
run/prompts/decision_mock-2413970733-53b199c1-dec-000485_system.txt,run,.txt,1912
run/prompts/decision_mock-2413970733-53b199c1-dec-000485_tools.json,run,.json,3088
run/prompts/decision_mock-2413970733-53b199c1-dec-000485_user.json,run,.json,13046
run/prompts/decision_mock-2413970733-53b199c1-dec-000486_parsed.json,run,.json,1984
run/prompts/decision_mock-2413970733-53b199c1-dec-000486_response.json,run,.json,3949
run/prompts/decision_mock-2413970733-53b199c1-dec-000486_system.txt,run,.txt,1912
run/prompts/decision_mock-2413970733-53b199c1-dec-000486_tools.json,run,.json,2140
run/prompts/decision_mock-2413970733-53b199c1-dec-000486_user.json,run,.json,12464
run/prompts/decision_mock-2413970733-53b199c1-dec-000487_parsed.json,run,.json,2076
run/prompts/decision_mock-2413970733-53b199c1-dec-000487_response.json,run,.json,3986
run/prompts/decision_mock-2413970733-53b199c1-dec-000487_system.txt,run,.txt,1912
run/prompts/decision_mock-2413970733-53b199c1-dec-000487_tools.json,run,.json,2140
run/prompts/decision_mock-2413970733-53b199c1-dec-000487_user.json,run,.json,12148
run/prompts/decision_mock-2413970733-53b199c1-dec-000488_parsed.json,run,.json,3150
run/prompts/decision_mock-2413970733-53b199c1-dec-000488_response.json,run,.json,17440
run/prompts/decision_mock-2413970733-53b199c1-dec-000488_system.txt,run,.txt,1912
run/prompts/decision_mock-2413970733-53b199c1-dec-000488_tools.json,run,.json,1198
run/prompts/decision_mock-2413970733-53b199c1-dec-000488_user.json,run,.json,11328
run/prompts/decision_mock-2413970733-53b199c1-dec-000489_parsed.json,run,.json,2464
run/prompts/decision_mock-2413970733-53b199c1-dec-000489_response.json,run,.json,5582
run/prompts/decision_mock-2413970733-53b199c1-dec-000489_system.txt,run,.txt,1912
run/prompts/decision_mock-2413970733-53b199c1-dec-000489_tools.json,run,.json,1466
run/prompts/decision_mock-2413970733-53b199c1-dec-000489_user.json,run,.json,11464
run/prompts/decision_mock-2413970733-53b199c1-dec-000490_parsed.json,run,.json,3410
run/prompts/decision_mock-2413970733-53b199c1-dec-000490_response.json,run,.json,5896
run/prompts/decision_mock-2413970733-53b199c1-dec-000490_system.txt,run,.txt,1912
run/prompts/decision_mock-2413970733-53b199c1-dec-000490_tools.json,run,.json,1198
run/prompts/decision_mock-2413970733-53b199c1-dec-000490_user.json,run,.json,11393
run/prompts/decision_mock-2413970733-53b199c1-dec-000491_parsed.json,run,.json,2542
run/prompts/decision_mock-2413970733-53b199c1-dec-000491_response.json,run,.json,2700
run/prompts/decision_mock-2413970733-53b199c1-dec-000491_system.txt,run,.txt,1912
run/prompts/decision_mock-2413970733-53b199c1-dec-000491_tools.json,run,.json,1466
run/prompts/decision_mock-2413970733-53b199c1-dec-000491_user.json,run,.json,13051
run/prompts/decision_mock-2413970733-53b199c1-dec-000492_parsed.json,run,.json,3202
run/prompts/decision_mock-2413970733-53b199c1-dec-000492_response.json,run,.json,14745
run/prompts/decision_mock-2413970733-53b199c1-dec-000492_system.txt,run,.txt,1912
run/prompts/decision_mock-2413970733-53b199c1-dec-000492_tools.json,run,.json,1198
run/prompts/decision_mock-2413970733-53b199c1-dec-000492_user.json,run,.json,11481
run/prompts/decision_mock-2413970733-53b199c1-dec-000493_parsed.json,run,.json,2606
run/prompts/decision_mock-2413970733-53b199c1-dec-000493_response.json,run,.json,2447
run/prompts/decision_mock-2413970733-53b199c1-dec-000493_system.txt,run,.txt,1912
run/prompts/decision_mock-2413970733-53b199c1-dec-000493_tools.json,run,.json,1466
run/prompts/decision_mock-2413970733-53b199c1-dec-000493_user.json,run,.json,13027
run/prompts/decision_mock-2413970733-53b199c1-dec-000494_parsed.json,run,.json,3022
run/prompts/decision_mock-2413970733-53b199c1-dec-000494_response.json,run,.json,5674
run/prompts/decision_mock-2413970733-53b199c1-dec-000494_system.txt,run,.txt,1912
run/prompts/decision_mock-2413970733-53b199c1-dec-000494_tools.json,run,.json,1198
run/prompts/decision_mock-2413970733-53b199c1-dec-000494_user.json,run,.json,11564
run/prompts/decision_mock-2413970733-53b199c1-dec-000495_parsed.json,run,.json,2368
run/prompts/decision_mock-2413970733-53b199c1-dec-000495_response.json,run,.json,4074
run/prompts/decision_mock-2413970733-53b199c1-dec-000495_system.txt,run,.txt,1912
run/prompts/decision_mock-2413970733-53b199c1-dec-000495_tools.json,run,.json,1466
run/prompts/decision_mock-2413970733-53b199c1-dec-000495_user.json,run,.json,11817
run/prompts/decision_mock-2413970733-53b199c1-dec-000496_parsed.json,run,.json,2926
run/prompts/decision_mock-2413970733-53b199c1-dec-000496_response.json,run,.json,5455
run/prompts/decision_mock-2413970733-53b199c1-dec-000496_system.txt,run,.txt,1912
run/prompts/decision_mock-2413970733-53b199c1-dec-000496_tools.json,run,.json,1198
run/prompts/decision_mock-2413970733-53b199c1-dec-000496_user.json,run,.json,11637
run/prompts/decision_mock-2413970733-53b199c1-dec-000497_parsed.json,run,.json,2520
run/prompts/decision_mock-2413970733-53b199c1-dec-000497_response.json,run,.json,3624
run/prompts/decision_mock-2413970733-53b199c1-dec-000497_system.txt,run,.txt,1912
run/prompts/decision_mock-2413970733-53b199c1-dec-000497_tools.json,run,.json,1466
run/prompts/decision_mock-2413970733-53b199c1-dec-000497_user.json,run,.json,11701
run/prompts/decision_mock-2413970733-53b199c1-dec-000498_parsed.json,run,.json,3022
run/prompts/decision_mock-2413970733-53b199c1-dec-000498_response.json,run,.json,9701
run/prompts/decision_mock-2413970733-53b199c1-dec-000498_system.txt,run,.txt,1912
run/prompts/decision_mock-2413970733-53b199c1-dec-000498_tools.json,run,.json,1198
run/prompts/decision_mock-2413970733-53b199c1-dec-000498_user.json,run,.json,11478
run/prompts/decision_mock-2413970733-53b199c1-dec-000499_parsed.json,run,.json,2160
run/prompts/decision_mock-2413970733-53b199c1-dec-000499_response.json,run,.json,3890
run/prompts/decision_mock-2413970733-53b199c1-dec-000499_system.txt,run,.txt,1912
run/prompts/decision_mock-2413970733-53b199c1-dec-000499_tools.json,run,.json,1466
run/prompts/decision_mock-2413970733-53b199c1-dec-000499_user.json,run,.json,11827
run/prompts/decision_mock-2413970733-53b199c1-dec-000500_parsed.json,run,.json,2008
run/prompts/decision_mock-2413970733-53b199c1-dec-000500_response.json,run,.json,14718
run/prompts/decision_mock-2413970733-53b199c1-dec-000500_system.txt,run,.txt,1912
run/prompts/decision_mock-2413970733-53b199c1-dec-000500_tools.json,run,.json,1198
run/prompts/decision_mock-2413970733-53b199c1-dec-000500_user.json,run,.json,11826
run/prompts/decision_mock-2413970733-53b199c1-dec-000501_parsed.json,run,.json,2162
run/prompts/decision_mock-2413970733-53b199c1-dec-000501_response.json,run,.json,2931
run/prompts/decision_mock-2413970733-53b199c1-dec-000501_system.txt,run,.txt,1912
run/prompts/decision_mock-2413970733-53b199c1-dec-000501_tools.json,run,.json,1799
run/prompts/decision_mock-2413970733-53b199c1-dec-000501_user.json,run,.json,13390
run/prompts/decision_mock-2413970733-53b199c1-dec-000502_parsed.json,run,.json,2134
run/prompts/decision_mock-2413970733-53b199c1-dec-000502_response.json,run,.json,6674
run/prompts/decision_mock-2413970733-53b199c1-dec-000502_system.txt,run,.txt,1912
run/prompts/decision_mock-2413970733-53b199c1-dec-000502_tools.json,run,.json,3088
run/prompts/decision_mock-2413970733-53b199c1-dec-000502_user.json,run,.json,12424
run/prompts/decision_mock-2413970733-53b199c1-dec-000503_parsed.json,run,.json,1598
run/prompts/decision_mock-2413970733-53b199c1-dec-000503_response.json,run,.json,3481
run/prompts/decision_mock-2413970733-53b199c1-dec-000503_system.txt,run,.txt,1912
run/prompts/decision_mock-2413970733-53b199c1-dec-000503_tools.json,run,.json,3088
run/prompts/decision_mock-2413970733-53b199c1-dec-000503_user.json,run,.json,12470
run/prompts/decision_mock-2413970733-53b199c1-dec-000504_parsed.json,run,.json,2370
run/prompts/decision_mock-2413970733-53b199c1-dec-000504_response.json,run,.json,4452
run/prompts/decision_mock-2413970733-53b199c1-dec-000504_system.txt,run,.txt,1912
run/prompts/decision_mock-2413970733-53b199c1-dec-000504_tools.json,run,.json,3088
run/prompts/decision_mock-2413970733-53b199c1-dec-000504_user.json,run,.json,12355
run/prompts/decision_mock-2413970733-53b199c1-dec-000505_parsed.json,run,.json,2092
run/prompts/decision_mock-2413970733-53b199c1-dec-000505_response.json,run,.json,3947
run/prompts/decision_mock-2413970733-53b199c1-dec-000505_system.txt,run,.txt,1912
run/prompts/decision_mock-2413970733-53b199c1-dec-000505_tools.json,run,.json,3088
run/prompts/decision_mock-2413970733-53b199c1-dec-000505_user.json,run,.json,12317
run/prompts/decision_mock-2413970733-53b199c1-dec-000506_parsed.json,run,.json,2116
run/prompts/decision_mock-2413970733-53b199c1-dec-000506_response.json,run,.json,4502
run/prompts/decision_mock-2413970733-53b199c1-dec-000506_system.txt,run,.txt,1912
run/prompts/decision_mock-2413970733-53b199c1-dec-000506_tools.json,run,.json,2140
run/prompts/decision_mock-2413970733-53b199c1-dec-000506_user.json,run,.json,12258
run/prompts/decision_mock-2413970733-53b199c1-dec-000507_parsed.json,run,.json,1912
run/prompts/decision_mock-2413970733-53b199c1-dec-000507_response.json,run,.json,22999
run/prompts/decision_mock-2413970733-53b199c1-dec-000507_system.txt,run,.txt,1912
run/prompts/decision_mock-2413970733-53b199c1-dec-000507_tools.json,run,.json,1198
run/prompts/decision_mock-2413970733-53b199c1-dec-000507_user.json,run,.json,11716
run/prompts/decision_mock-2413970733-53b199c1-dec-000508_parsed.json,run,.json,3322
run/prompts/decision_mock-2413970733-53b199c1-dec-000508_response.json,run,.json,8099
run/prompts/decision_mock-2413970733-53b199c1-dec-000508_system.txt,run,.txt,1912
run/prompts/decision_mock-2413970733-53b199c1-dec-000508_tools.json,run,.json,1198
run/prompts/decision_mock-2413970733-53b199c1-dec-000508_user.json,run,.json,11550
run/prompts/decision_mock-2413970733-53b199c1-dec-000509_parsed.json,run,.json,3122
run/prompts/decision_mock-2413970733-53b199c1-dec-000509_response.json,run,.json,4499
run/prompts/decision_mock-2413970733-53b199c1-dec-000509_system.txt,run,.txt,1912
run/prompts/decision_mock-2413970733-53b199c1-dec-000509_tools.json,run,.json,1466
run/prompts/decision_mock-2413970733-53b199c1-dec-000509_user.json,run,.json,12610
run/prompts/decision_mock-2413970733-53b199c1-dec-000510_parsed.json,run,.json,3142
run/prompts/decision_mock-2413970733-53b199c1-dec-000510_response.json,run,.json,25498
run/prompts/decision_mock-2413970733-53b199c1-dec-000510_system.txt,run,.txt,1912
run/prompts/decision_mock-2413970733-53b199c1-dec-000510_tools.json,run,.json,1198
run/prompts/decision_mock-2413970733-53b199c1-dec-000510_user.json,run,.json,11537
run/prompts/decision_mock-2413970733-53b199c1-dec-000511_parsed.json,run,.json,2726
run/prompts/decision_mock-2413970733-53b199c1-dec-000511_response.json,run,.json,4332
run/prompts/decision_mock-2413970733-53b199c1-dec-000511_system.txt,run,.txt,1912
run/prompts/decision_mock-2413970733-53b199c1-dec-000511_tools.json,run,.json,1466
run/prompts/decision_mock-2413970733-53b199c1-dec-000511_user.json,run,.json,12620
run/prompts/decision_mock-2413970733-53b199c1-dec-000512_parsed.json,run,.json,3494
run/prompts/decision_mock-2413970733-53b199c1-dec-000512_response.json,run,.json,31678
run/prompts/decision_mock-2413970733-53b199c1-dec-000512_system.txt,run,.txt,1912
run/prompts/decision_mock-2413970733-53b199c1-dec-000512_tools.json,run,.json,1198
run/prompts/decision_mock-2413970733-53b199c1-dec-000512_user.json,run,.json,11537
run/prompts/decision_mock-2413970733-53b199c1-dec-000513_parsed.json,run,.json,2064
run/prompts/decision_mock-2413970733-53b199c1-dec-000513_response.json,run,.json,3970
run/prompts/decision_mock-2413970733-53b199c1-dec-000513_system.txt,run,.txt,1912
run/prompts/decision_mock-2413970733-53b199c1-dec-000513_tools.json,run,.json,1466
run/prompts/decision_mock-2413970733-53b199c1-dec-000513_user.json,run,.json,11516
run/prompts/decision_mock-2413970733-53b199c1-dec-000514_parsed.json,run,.json,3282
run/prompts/decision_mock-2413970733-53b199c1-dec-000514_response.json,run,.json,12842
run/prompts/decision_mock-2413970733-53b199c1-dec-000514_system.txt,run,.txt,1912
run/prompts/decision_mock-2413970733-53b199c1-dec-000514_tools.json,run,.json,1198
run/prompts/decision_mock-2413970733-53b199c1-dec-000514_user.json,run,.json,11685
run/prompts/decision_mock-2413970733-53b199c1-dec-000515_parsed.json,run,.json,4844
run/prompts/decision_mock-2413970733-53b199c1-dec-000515_response.json,run,.json,9623
run/prompts/decision_mock-2413970733-53b199c1-dec-000515_system.txt,run,.txt,1912
run/prompts/decision_mock-2413970733-53b199c1-dec-000515_tools.json,run,.json,1466
run/prompts/decision_mock-2413970733-53b199c1-dec-000515_user.json,run,.json,12525
run/prompts/decision_mock-2413970733-53b199c1-dec-000516_parsed.json,run,.json,2200
run/prompts/decision_mock-2413970733-53b199c1-dec-000516_response.json,run,.json,16683
run/prompts/decision_mock-2413970733-53b199c1-dec-000516_system.txt,run,.txt,1912
run/prompts/decision_mock-2413970733-53b199c1-dec-000516_tools.json,run,.json,1466
run/prompts/decision_mock-2413970733-53b199c1-dec-000516_user.json,run,.json,11916
run/prompts/decision_mock-2413970733-53b199c1-dec-000517_parsed.json,run,.json,3102
run/prompts/decision_mock-2413970733-53b199c1-dec-000517_response.json,run,.json,19792
run/prompts/decision_mock-2413970733-53b199c1-dec-000517_system.txt,run,.txt,1912
run/prompts/decision_mock-2413970733-53b199c1-dec-000517_tools.json,run,.json,1543
run/prompts/decision_mock-2413970733-53b199c1-dec-000517_user.json,run,.json,11852
run/prompts/decision_mock-2413970733-53b199c1-dec-000518_parsed.json,run,.json,2760
run/prompts/decision_mock-2413970733-53b199c1-dec-000518_response.json,run,.json,5966
run/prompts/decision_mock-2413970733-53b199c1-dec-000518_system.txt,run,.txt,1912
run/prompts/decision_mock-2413970733-53b199c1-dec-000518_tools.json,run,.json,1466
run/prompts/decision_mock-2413970733-53b199c1-dec-000518_user.json,run,.json,11898
run/prompts/decision_mock-2413970733-53b199c1-dec-000519_parsed.json,run,.json,2986
run/prompts/decision_mock-2413970733-53b199c1-dec-000519_response.json,run,.json,8407
run/prompts/decision_mock-2413970733-53b199c1-dec-000519_system.txt,run,.txt,1912
run/prompts/decision_mock-2413970733-53b199c1-dec-000519_tools.json,run,.json,1543
run/prompts/decision_mock-2413970733-53b199c1-dec-000519_user.json,run,.json,12045
run/prompts/decision_mock-2413970733-53b199c1-dec-000520_parsed.json,run,.json,2716
run/prompts/decision_mock-2413970733-53b199c1-dec-000520_response.json,run,.json,5188
run/prompts/decision_mock-2413970733-53b199c1-dec-000520_system.txt,run,.txt,1912
run/prompts/decision_mock-2413970733-53b199c1-dec-000520_tools.json,run,.json,1466
run/prompts/decision_mock-2413970733-53b199c1-dec-000520_user.json,run,.json,12248
run/prompts/decision_mock-2413970733-53b199c1-dec-000521_parsed.json,run,.json,2962
run/prompts/decision_mock-2413970733-53b199c1-dec-000521_response.json,run,.json,5825
run/prompts/decision_mock-2413970733-53b199c1-dec-000521_system.txt,run,.txt,1912
run/prompts/decision_mock-2413970733-53b199c1-dec-000521_tools.json,run,.json,1543
run/prompts/decision_mock-2413970733-53b199c1-dec-000521_user.json,run,.json,12413
run/prompts/decision_mock-2413970733-53b199c1-dec-000522_parsed.json,run,.json,2884
run/prompts/decision_mock-2413970733-53b199c1-dec-000522_response.json,run,.json,4727
run/prompts/decision_mock-2413970733-53b199c1-dec-000522_system.txt,run,.txt,1912
run/prompts/decision_mock-2413970733-53b199c1-dec-000522_tools.json,run,.json,1466
run/prompts/decision_mock-2413970733-53b199c1-dec-000522_user.json,run,.json,12619
run/prompts/decision_mock-2413970733-53b199c1-dec-000523_parsed.json,run,.json,2040
run/prompts/decision_mock-2413970733-53b199c1-dec-000523_response.json,run,.json,11687
run/prompts/decision_mock-2413970733-53b199c1-dec-000523_system.txt,run,.txt,1912
run/prompts/decision_mock-2413970733-53b199c1-dec-000523_tools.json,run,.json,1543
run/prompts/decision_mock-2413970733-53b199c1-dec-000523_user.json,run,.json,12696
run/prompts/decision_mock-2413970733-53b199c1-dec-000524_parsed.json,run,.json,2258
run/prompts/decision_mock-2413970733-53b199c1-dec-000524_response.json,run,.json,5381
run/prompts/decision_mock-2413970733-53b199c1-dec-000524_system.txt,run,.txt,1912
run/prompts/decision_mock-2413970733-53b199c1-dec-000524_tools.json,run,.json,2747
run/prompts/decision_mock-2413970733-53b199c1-dec-000524_user.json,run,.json,13886
run/prompts/decision_mock-2413970733-53b199c1-dec-000525_parsed.json,run,.json,1984
run/prompts/decision_mock-2413970733-53b199c1-dec-000525_response.json,run,.json,3958
run/prompts/decision_mock-2413970733-53b199c1-dec-000525_system.txt,run,.txt,1912
run/prompts/decision_mock-2413970733-53b199c1-dec-000525_tools.json,run,.json,3088
run/prompts/decision_mock-2413970733-53b199c1-dec-000525_user.json,run,.json,13064
run/prompts/decision_mock-2413970733-53b199c1-dec-000526_parsed.json,run,.json,2192
run/prompts/decision_mock-2413970733-53b199c1-dec-000526_response.json,run,.json,5591
run/prompts/decision_mock-2413970733-53b199c1-dec-000526_system.txt,run,.txt,1912
run/prompts/decision_mock-2413970733-53b199c1-dec-000526_tools.json,run,.json,2140
run/prompts/decision_mock-2413970733-53b199c1-dec-000526_user.json,run,.json,12754
run/prompts/decision_mock-2413970733-53b199c1-dec-000527_parsed.json,run,.json,3278
run/prompts/decision_mock-2413970733-53b199c1-dec-000527_response.json,run,.json,20157
run/prompts/decision_mock-2413970733-53b199c1-dec-000527_system.txt,run,.txt,1912
run/prompts/decision_mock-2413970733-53b199c1-dec-000527_tools.json,run,.json,1543
run/prompts/decision_mock-2413970733-53b199c1-dec-000527_user.json,run,.json,11842
run/prompts/decision_mock-2413970733-53b199c1-dec-000528_parsed.json,run,.json,2192
run/prompts/decision_mock-2413970733-53b199c1-dec-000528_response.json,run,.json,3848
run/prompts/decision_mock-2413970733-53b199c1-dec-000528_system.txt,run,.txt,1912
run/prompts/decision_mock-2413970733-53b199c1-dec-000528_tools.json,run,.json,1466
run/prompts/decision_mock-2413970733-53b199c1-dec-000528_user.json,run,.json,11705
run/prompts/decision_mock-2413970733-53b199c1-dec-000529_parsed.json,run,.json,3486
run/prompts/decision_mock-2413970733-53b199c1-dec-000529_response.json,run,.json,5959
run/prompts/decision_mock-2413970733-53b199c1-dec-000529_system.txt,run,.txt,1912
run/prompts/decision_mock-2413970733-53b199c1-dec-000529_tools.json,run,.json,1543
run/prompts/decision_mock-2413970733-53b199c1-dec-000529_user.json,run,.json,11713
run/prompts/decision_mock-2413970733-53b199c1-dec-000530_parsed.json,run,.json,3182
run/prompts/decision_mock-2413970733-53b199c1-dec-000530_response.json,run,.json,8415
run/prompts/decision_mock-2413970733-53b199c1-dec-000530_system.txt,run,.txt,1912
run/prompts/decision_mock-2413970733-53b199c1-dec-000530_tools.json,run,.json,1466
run/prompts/decision_mock-2413970733-53b199c1-dec-000530_user.json,run,.json,11471
run/prompts/decision_mock-2413970733-53b199c1-dec-000531_parsed.json,run,.json,2766
run/prompts/decision_mock-2413970733-53b199c1-dec-000531_response.json,run,.json,6838
run/prompts/decision_mock-2413970733-53b199c1-dec-000531_system.txt,run,.txt,1912
run/prompts/decision_mock-2413970733-53b199c1-dec-000531_tools.json,run,.json,1466
run/prompts/decision_mock-2413970733-53b199c1-dec-000531_user.json,run,.json,11833
run/prompts/decision_mock-2413970733-53b199c1-dec-000532_parsed.json,run,.json,2048
run/prompts/decision_mock-2413970733-53b199c1-dec-000532_response.json,run,.json,4444
run/prompts/decision_mock-2413970733-53b199c1-dec-000532_system.txt,run,.txt,1912
run/prompts/decision_mock-2413970733-53b199c1-dec-000532_tools.json,run,.json,1466
run/prompts/decision_mock-2413970733-53b199c1-dec-000532_user.json,run,.json,11603
run/prompts/decision_mock-2413970733-53b199c1-dec-000533_parsed.json,run,.json,3414
run/prompts/decision_mock-2413970733-53b199c1-dec-000533_response.json,run,.json,13482
run/prompts/decision_mock-2413970733-53b199c1-dec-000533_system.txt,run,.txt,1912
run/prompts/decision_mock-2413970733-53b199c1-dec-000533_tools.json,run,.json,1543
run/prompts/decision_mock-2413970733-53b199c1-dec-000533_user.json,run,.json,11563
run/prompts/decision_mock-2413970733-53b199c1-dec-000534_parsed.json,run,.json,3162
run/prompts/decision_mock-2413970733-53b199c1-dec-000534_response.json,run,.json,5044
run/prompts/decision_mock-2413970733-53b199c1-dec-000534_system.txt,run,.txt,1912
run/prompts/decision_mock-2413970733-53b199c1-dec-000534_tools.json,run,.json,1466
run/prompts/decision_mock-2413970733-53b199c1-dec-000534_user.json,run,.json,12470
run/prompts/decision_mock-2413970733-53b199c1-dec-000535_parsed.json,run,.json,3194
run/prompts/decision_mock-2413970733-53b199c1-dec-000535_response.json,run,.json,7896
run/prompts/decision_mock-2413970733-53b199c1-dec-000535_system.txt,run,.txt,1912
run/prompts/decision_mock-2413970733-53b199c1-dec-000535_tools.json,run,.json,1543
run/prompts/decision_mock-2413970733-53b199c1-dec-000535_user.json,run,.json,11668
run/prompts/decision_mock-2413970733-53b199c1-dec-000536_parsed.json,run,.json,3066
run/prompts/decision_mock-2413970733-53b199c1-dec-000536_response.json,run,.json,6346
run/prompts/decision_mock-2413970733-53b199c1-dec-000536_system.txt,run,.txt,1912
run/prompts/decision_mock-2413970733-53b199c1-dec-000536_tools.json,run,.json,1466
run/prompts/decision_mock-2413970733-53b199c1-dec-000536_user.json,run,.json,11427
run/prompts/decision_mock-2413970733-53b199c1-dec-000537_parsed.json,run,.json,2846
run/prompts/decision_mock-2413970733-53b199c1-dec-000537_response.json,run,.json,13937
run/prompts/decision_mock-2413970733-53b199c1-dec-000537_system.txt,run,.txt,1912
run/prompts/decision_mock-2413970733-53b199c1-dec-000537_tools.json,run,.json,1466
run/prompts/decision_mock-2413970733-53b199c1-dec-000537_user.json,run,.json,11689
run/prompts/decision_mock-2413970733-53b199c1-dec-000538_parsed.json,run,.json,3875
run/prompts/decision_mock-2413970733-53b199c1-dec-000538_response.json,run,.json,6743
run/prompts/decision_mock-2413970733-53b199c1-dec-000538_retry1_parsed.json,run,.json,2777
run/prompts/decision_mock-2413970733-53b199c1-dec-000538_retry1_response.json,run,.json,7248
run/prompts/decision_mock-2413970733-53b199c1-dec-000538_retry1_system.txt,run,.txt,1912
run/prompts/decision_mock-2413970733-53b199c1-dec-000538_retry1_tools.json,run,.json,1466
run/prompts/decision_mock-2413970733-53b199c1-dec-000538_retry1_user.json,run,.json,12623
run/prompts/decision_mock-2413970733-53b199c1-dec-000538_system.txt,run,.txt,1912
run/prompts/decision_mock-2413970733-53b199c1-dec-000538_tools.json,run,.json,1466
run/prompts/decision_mock-2413970733-53b199c1-dec-000538_user.json,run,.json,11725
run/prompts/decision_mock-2413970733-53b199c1-dec-000539_parsed.json,run,.json,3034
run/prompts/decision_mock-2413970733-53b199c1-dec-000539_response.json,run,.json,23665
run/prompts/decision_mock-2413970733-53b199c1-dec-000539_system.txt,run,.txt,1912
run/prompts/decision_mock-2413970733-53b199c1-dec-000539_tools.json,run,.json,1466
run/prompts/decision_mock-2413970733-53b199c1-dec-000539_user.json,run,.json,12007
run/prompts/decision_mock-2413970733-53b199c1-dec-000540_parsed.json,run,.json,2208
run/prompts/decision_mock-2413970733-53b199c1-dec-000540_response.json,run,.json,7758
run/prompts/decision_mock-2413970733-53b199c1-dec-000540_system.txt,run,.txt,1912
run/prompts/decision_mock-2413970733-53b199c1-dec-000540_tools.json,run,.json,1466
run/prompts/decision_mock-2413970733-53b199c1-dec-000540_user.json,run,.json,12215
run/prompts/decision_mock-2413970733-53b199c1-dec-000541_parsed.json,run,.json,3590
run/prompts/decision_mock-2413970733-53b199c1-dec-000541_response.json,run,.json,20365
run/prompts/decision_mock-2413970733-53b199c1-dec-000541_system.txt,run,.txt,1912
run/prompts/decision_mock-2413970733-53b199c1-dec-000541_tools.json,run,.json,1198
run/prompts/decision_mock-2413970733-53b199c1-dec-000541_user.json,run,.json,11956
run/prompts/decision_mock-2413970733-53b199c1-dec-000542_parsed.json,run,.json,2816
run/prompts/decision_mock-2413970733-53b199c1-dec-000542_response.json,run,.json,10003
run/prompts/decision_mock-2413970733-53b199c1-dec-000542_system.txt,run,.txt,1912
run/prompts/decision_mock-2413970733-53b199c1-dec-000542_tools.json,run,.json,1466
run/prompts/decision_mock-2413970733-53b199c1-dec-000542_user.json,run,.json,12499
run/prompts/decision_mock-2413970733-53b199c1-dec-000543_parsed.json,run,.json,3570
run/prompts/decision_mock-2413970733-53b199c1-dec-000543_response.json,run,.json,42323
run/prompts/decision_mock-2413970733-53b199c1-dec-000543_system.txt,run,.txt,1912
run/prompts/decision_mock-2413970733-53b199c1-dec-000543_tools.json,run,.json,1198
run/prompts/decision_mock-2413970733-53b199c1-dec-000543_user.json,run,.json,12439
run/prompts/decision_mock-2413970733-53b199c1-dec-000544_parsed.json,run,.json,2704
run/prompts/decision_mock-2413970733-53b199c1-dec-000544_response.json,run,.json,6556
run/prompts/decision_mock-2413970733-53b199c1-dec-000544_system.txt,run,.txt,1912
run/prompts/decision_mock-2413970733-53b199c1-dec-000544_tools.json,run,.json,1466
run/prompts/decision_mock-2413970733-53b199c1-dec-000544_user.json,run,.json,12610
run/prompts/decision_mock-2413970733-53b199c1-dec-000545_parsed.json,run,.json,3358
run/prompts/decision_mock-2413970733-53b199c1-dec-000545_response.json,run,.json,17921
run/prompts/decision_mock-2413970733-53b199c1-dec-000545_system.txt,run,.txt,1912
run/prompts/decision_mock-2413970733-53b199c1-dec-000545_tools.json,run,.json,1198
run/prompts/decision_mock-2413970733-53b199c1-dec-000545_user.json,run,.json,12999
run/prompts/decision_mock-2413970733-53b199c1-dec-000546_parsed.json,run,.json,5152
run/prompts/decision_mock-2413970733-53b199c1-dec-000546_response.json,run,.json,13885
run/prompts/decision_mock-2413970733-53b199c1-dec-000546_system.txt,run,.txt,1912
run/prompts/decision_mock-2413970733-53b199c1-dec-000546_tools.json,run,.json,1466
run/prompts/decision_mock-2413970733-53b199c1-dec-000546_user.json,run,.json,14050
run/prompts/decision_mock-2413970733-53b199c1-dec-000547_parsed.json,run,.json,3122
run/prompts/decision_mock-2413970733-53b199c1-dec-000547_response.json,run,.json,19798
run/prompts/decision_mock-2413970733-53b199c1-dec-000547_system.txt,run,.txt,1912
run/prompts/decision_mock-2413970733-53b199c1-dec-000547_tools.json,run,.json,1466
run/prompts/decision_mock-2413970733-53b199c1-dec-000547_user.json,run,.json,13566
run/prompts/decision_mock-2413970733-53b199c1-dec-000548_parsed.json,run,.json,2842
run/prompts/decision_mock-2413970733-53b199c1-dec-000548_response.json,run,.json,3455
run/prompts/decision_mock-2413970733-53b199c1-dec-000548_system.txt,run,.txt,1912
run/prompts/decision_mock-2413970733-53b199c1-dec-000548_tools.json,run,.json,1466
run/prompts/decision_mock-2413970733-53b199c1-dec-000548_user.json,run,.json,14965
run/prompts/decision_mock-2413970733-53b199c1-dec-000549_parsed.json,run,.json,3122
run/prompts/decision_mock-2413970733-53b199c1-dec-000549_response.json,run,.json,15770
run/prompts/decision_mock-2413970733-53b199c1-dec-000549_system.txt,run,.txt,1912
run/prompts/decision_mock-2413970733-53b199c1-dec-000549_tools.json,run,.json,1543
run/prompts/decision_mock-2413970733-53b199c1-dec-000549_user.json,run,.json,13559
run/prompts/decision_mock-2413970733-53b199c1-dec-000550_parsed.json,run,.json,2348
run/prompts/decision_mock-2413970733-53b199c1-dec-000550_response.json,run,.json,4793
run/prompts/decision_mock-2413970733-53b199c1-dec-000550_system.txt,run,.txt,1912
run/prompts/decision_mock-2413970733-53b199c1-dec-000550_tools.json,run,.json,1466
run/prompts/decision_mock-2413970733-53b199c1-dec-000550_user.json,run,.json,13772
run/prompts/decision_mock-2413970733-53b199c1-dec-000551_parsed.json,run,.json,3270
run/prompts/decision_mock-2413970733-53b199c1-dec-000551_response.json,run,.json,19693
run/prompts/decision_mock-2413970733-53b199c1-dec-000551_system.txt,run,.txt,1912
run/prompts/decision_mock-2413970733-53b199c1-dec-000551_tools.json,run,.json,1543
run/prompts/decision_mock-2413970733-53b199c1-dec-000551_user.json,run,.json,13302
run/prompts/decision_mock-2413970733-53b199c1-dec-000552_parsed.json,run,.json,3486
run/prompts/decision_mock-2413970733-53b199c1-dec-000552_response.json,run,.json,7549
run/prompts/decision_mock-2413970733-53b199c1-dec-000552_system.txt,run,.txt,1912
run/prompts/decision_mock-2413970733-53b199c1-dec-000552_tools.json,run,.json,1466
run/prompts/decision_mock-2413970733-53b199c1-dec-000552_user.json,run,.json,13352
run/prompts/decision_mock-2413970733-53b199c1-dec-000553_parsed.json,run,.json,2886
run/prompts/decision_mock-2413970733-53b199c1-dec-000553_response.json,run,.json,8880
run/prompts/decision_mock-2413970733-53b199c1-dec-000553_system.txt,run,.txt,1912
run/prompts/decision_mock-2413970733-53b199c1-dec-000553_tools.json,run,.json,1466
run/prompts/decision_mock-2413970733-53b199c1-dec-000553_user.json,run,.json,13537
run/prompts/decision_mock-2413970733-53b199c1-dec-000554_parsed.json,run,.json,2810
run/prompts/decision_mock-2413970733-53b199c1-dec-000554_response.json,run,.json,6530
run/prompts/decision_mock-2413970733-53b199c1-dec-000554_system.txt,run,.txt,1912
run/prompts/decision_mock-2413970733-53b199c1-dec-000554_tools.json,run,.json,1466
run/prompts/decision_mock-2413970733-53b199c1-dec-000554_user.json,run,.json,13838
run/prompts/decision_mock-2413970733-53b199c1-dec-000555_parsed.json,run,.json,3166
run/prompts/decision_mock-2413970733-53b199c1-dec-000555_response.json,run,.json,10753
run/prompts/decision_mock-2413970733-53b199c1-dec-000555_system.txt,run,.txt,1912
run/prompts/decision_mock-2413970733-53b199c1-dec-000555_tools.json,run,.json,1466
run/prompts/decision_mock-2413970733-53b199c1-dec-000555_user.json,run,.json,13767
run/prompts/decision_mock-2413970733-53b199c1-dec-000556_parsed.json,run,.json,1936
run/prompts/decision_mock-2413970733-53b199c1-dec-000556_response.json,run,.json,3934
run/prompts/decision_mock-2413970733-53b199c1-dec-000556_system.txt,run,.txt,1912
run/prompts/decision_mock-2413970733-53b199c1-dec-000556_tools.json,run,.json,1466
run/prompts/decision_mock-2413970733-53b199c1-dec-000556_user.json,run,.json,14173
run/prompts/decision_mock-2413970733-53b199c1-dec-000557_parsed.json,run,.json,1932
run/prompts/decision_mock-2413970733-53b199c1-dec-000557_response.json,run,.json,14653
run/prompts/decision_mock-2413970733-53b199c1-dec-000557_system.txt,run,.txt,1912
run/prompts/decision_mock-2413970733-53b199c1-dec-000557_tools.json,run,.json,1543
run/prompts/decision_mock-2413970733-53b199c1-dec-000557_user.json,run,.json,13340
run/prompts/decision_mock-2413970733-53b199c1-dec-000558_parsed.json,run,.json,3004
run/prompts/decision_mock-2413970733-53b199c1-dec-000558_response.json,run,.json,5500
run/prompts/decision_mock-2413970733-53b199c1-dec-000558_system.txt,run,.txt,1912
run/prompts/decision_mock-2413970733-53b199c1-dec-000558_tools.json,run,.json,2402
run/prompts/decision_mock-2413970733-53b199c1-dec-000558_user.json,run,.json,14530
run/prompts/decision_mock-2413970733-53b199c1-dec-000559_parsed.json,run,.json,2886
run/prompts/decision_mock-2413970733-53b199c1-dec-000559_response.json,run,.json,6108
run/prompts/decision_mock-2413970733-53b199c1-dec-000559_system.txt,run,.txt,1912
run/prompts/decision_mock-2413970733-53b199c1-dec-000559_tools.json,run,.json,2402
run/prompts/decision_mock-2413970733-53b199c1-dec-000559_user.json,run,.json,14512
run/prompts/decision_mock-2413970733-53b199c1-dec-000560_parsed.json,run,.json,2244
run/prompts/decision_mock-2413970733-53b199c1-dec-000560_response.json,run,.json,10695
run/prompts/decision_mock-2413970733-53b199c1-dec-000560_system.txt,run,.txt,1912
run/prompts/decision_mock-2413970733-53b199c1-dec-000560_tools.json,run,.json,3088
run/prompts/decision_mock-2413970733-53b199c1-dec-000560_user.json,run,.json,13404
run/prompts/decision_mock-2413970733-53b199c1-dec-000561_parsed.json,run,.json,1844
run/prompts/decision_mock-2413970733-53b199c1-dec-000561_response.json,run,.json,5370
run/prompts/decision_mock-2413970733-53b199c1-dec-000561_system.txt,run,.txt,1912
run/prompts/decision_mock-2413970733-53b199c1-dec-000561_tools.json,run,.json,2140
run/prompts/decision_mock-2413970733-53b199c1-dec-000561_user.json,run,.json,13192
run/prompts/decision_mock-2413970733-53b199c1-dec-000562_parsed.json,run,.json,2986
run/prompts/decision_mock-2413970733-53b199c1-dec-000562_response.json,run,.json,35482
run/prompts/decision_mock-2413970733-53b199c1-dec-000562_system.txt,run,.txt,1912
run/prompts/decision_mock-2413970733-53b199c1-dec-000562_tools.json,run,.json,1543
run/prompts/decision_mock-2413970733-53b199c1-dec-000562_user.json,run,.json,11935
run/prompts/decision_mock-2413970733-53b199c1-dec-000563_parsed.json,run,.json,2394
run/prompts/decision_mock-2413970733-53b199c1-dec-000563_response.json,run,.json,4603
run/prompts/decision_mock-2413970733-53b199c1-dec-000563_system.txt,run,.txt,1912
run/prompts/decision_mock-2413970733-53b199c1-dec-000563_tools.json,run,.json,1466
run/prompts/decision_mock-2413970733-53b199c1-dec-000563_user.json,run,.json,12021
run/prompts/decision_mock-2413970733-53b199c1-dec-000564_parsed.json,run,.json,2180
run/prompts/decision_mock-2413970733-53b199c1-dec-000564_response.json,run,.json,7738
run/prompts/decision_mock-2413970733-53b199c1-dec-000564_system.txt,run,.txt,1912
run/prompts/decision_mock-2413970733-53b199c1-dec-000564_tools.json,run,.json,1466
run/prompts/decision_mock-2413970733-53b199c1-dec-000564_user.json,run,.json,11745
run/prompts/decision_mock-2413970733-53b199c1-dec-000565_parsed.json,run,.json,2974
run/prompts/decision_mock-2413970733-53b199c1-dec-000565_response.json,run,.json,18943
run/prompts/decision_mock-2413970733-53b199c1-dec-000565_system.txt,run,.txt,1912
run/prompts/decision_mock-2413970733-53b199c1-dec-000565_tools.json,run,.json,1543
run/prompts/decision_mock-2413970733-53b199c1-dec-000565_user.json,run,.json,11687
run/prompts/decision_mock-2413970733-53b199c1-dec-000566_parsed.json,run,.json,2522
run/prompts/decision_mock-2413970733-53b199c1-dec-000566_response.json,run,.json,3598
run/prompts/decision_mock-2413970733-53b199c1-dec-000566_system.txt,run,.txt,1912
run/prompts/decision_mock-2413970733-53b199c1-dec-000566_tools.json,run,.json,1466
run/prompts/decision_mock-2413970733-53b199c1-dec-000566_user.json,run,.json,13201
run/prompts/decision_mock-2413970733-53b199c1-dec-000567_parsed.json,run,.json,3130
run/prompts/decision_mock-2413970733-53b199c1-dec-000567_response.json,run,.json,31258
run/prompts/decision_mock-2413970733-53b199c1-dec-000567_system.txt,run,.txt,1912
run/prompts/decision_mock-2413970733-53b199c1-dec-000567_tools.json,run,.json,1543
run/prompts/decision_mock-2413970733-53b199c1-dec-000567_user.json,run,.json,11648
run/prompts/decision_mock-2413970733-53b199c1-dec-000568_parsed.json,run,.json,2256
run/prompts/decision_mock-2413970733-53b199c1-dec-000568_response.json,run,.json,4671
run/prompts/decision_mock-2413970733-53b199c1-dec-000568_system.txt,run,.txt,1912
run/prompts/decision_mock-2413970733-53b199c1-dec-000568_tools.json,run,.json,1466
run/prompts/decision_mock-2413970733-53b199c1-dec-000568_user.json,run,.json,12111
run/prompts/decision_mock-2413970733-53b199c1-dec-000569_parsed.json,run,.json,3238
run/prompts/decision_mock-2413970733-53b199c1-dec-000569_response.json,run,.json,17458
run/prompts/decision_mock-2413970733-53b199c1-dec-000569_system.txt,run,.txt,1912
run/prompts/decision_mock-2413970733-53b199c1-dec-000569_tools.json,run,.json,1543
run/prompts/decision_mock-2413970733-53b199c1-dec-000569_user.json,run,.json,11662
run/prompts/decision_mock-2413970733-53b199c1-dec-000570_parsed.json,run,.json,2408
run/prompts/decision_mock-2413970733-53b199c1-dec-000570_response.json,run,.json,5770
run/prompts/decision_mock-2413970733-53b199c1-dec-000570_system.txt,run,.txt,1912
run/prompts/decision_mock-2413970733-53b199c1-dec-000570_tools.json,run,.json,1466
run/prompts/decision_mock-2413970733-53b199c1-dec-000570_user.json,run,.json,11778
run/prompts/decision_mock-2413970733-53b199c1-dec-000571_parsed.json,run,.json,3362
run/prompts/decision_mock-2413970733-53b199c1-dec-000571_response.json,run,.json,26023
run/prompts/decision_mock-2413970733-53b199c1-dec-000571_system.txt,run,.txt,1912
run/prompts/decision_mock-2413970733-53b199c1-dec-000571_tools.json,run,.json,1543
run/prompts/decision_mock-2413970733-53b199c1-dec-000571_user.json,run,.json,11562
run/prompts/decision_mock-2413970733-53b199c1-dec-000572_parsed.json,run,.json,2864
run/prompts/decision_mock-2413970733-53b199c1-dec-000572_response.json,run,.json,6400
run/prompts/decision_mock-2413970733-53b199c1-dec-000572_system.txt,run,.txt,1912
run/prompts/decision_mock-2413970733-53b199c1-dec-000572_tools.json,run,.json,1466
run/prompts/decision_mock-2413970733-53b199c1-dec-000572_user.json,run,.json,12084
run/prompts/decision_mock-2413970733-53b199c1-dec-000573_parsed.json,run,.json,3034
run/prompts/decision_mock-2413970733-53b199c1-dec-000573_response.json,run,.json,20286
run/prompts/decision_mock-2413970733-53b199c1-dec-000573_system.txt,run,.txt,1912
run/prompts/decision_mock-2413970733-53b199c1-dec-000573_tools.json,run,.json,1543
run/prompts/decision_mock-2413970733-53b199c1-dec-000573_user.json,run,.json,11607
run/prompts/decision_mock-2413970733-53b199c1-dec-000574_parsed.json,run,.json,2274
run/prompts/decision_mock-2413970733-53b199c1-dec-000574_response.json,run,.json,2495
run/prompts/decision_mock-2413970733-53b199c1-dec-000574_system.txt,run,.txt,1912
run/prompts/decision_mock-2413970733-53b199c1-dec-000574_tools.json,run,.json,1466
run/prompts/decision_mock-2413970733-53b199c1-dec-000574_user.json,run,.json,13072
run/prompts/decision_mock-2413970733-53b199c1-dec-000575_parsed.json,run,.json,3086
run/prompts/decision_mock-2413970733-53b199c1-dec-000575_response.json,run,.json,9552
run/prompts/decision_mock-2413970733-53b199c1-dec-000575_system.txt,run,.txt,1912
run/prompts/decision_mock-2413970733-53b199c1-dec-000575_tools.json,run,.json,1543
run/prompts/decision_mock-2413970733-53b199c1-dec-000575_user.json,run,.json,11617
run/prompts/decision_mock-2413970733-53b199c1-dec-000576_parsed.json,run,.json,3222
run/prompts/decision_mock-2413970733-53b199c1-dec-000576_response.json,run,.json,5097
run/prompts/decision_mock-2413970733-53b199c1-dec-000576_system.txt,run,.txt,1912
run/prompts/decision_mock-2413970733-53b199c1-dec-000576_tools.json,run,.json,1466
run/prompts/decision_mock-2413970733-53b199c1-dec-000576_user.json,run,.json,13160
run/prompts/decision_mock-2413970733-53b199c1-dec-000577_parsed.json,run,.json,2758
run/prompts/decision_mock-2413970733-53b199c1-dec-000577_response.json,run,.json,12054
run/prompts/decision_mock-2413970733-53b199c1-dec-000577_system.txt,run,.txt,1912
run/prompts/decision_mock-2413970733-53b199c1-dec-000577_tools.json,run,.json,1543
run/prompts/decision_mock-2413970733-53b199c1-dec-000577_user.json,run,.json,12082
run/prompts/decision_mock-2413970733-53b199c1-dec-000578_parsed.json,run,.json,1980
run/prompts/decision_mock-2413970733-53b199c1-dec-000578_response.json,run,.json,6619
run/prompts/decision_mock-2413970733-53b199c1-dec-000578_system.txt,run,.txt,1912
run/prompts/decision_mock-2413970733-53b199c1-dec-000578_tools.json,run,.json,1466
run/prompts/decision_mock-2413970733-53b199c1-dec-000578_user.json,run,.json,12227
run/prompts/decision_mock-2413970733-53b199c1-dec-000579_parsed.json,run,.json,3050
run/prompts/decision_mock-2413970733-53b199c1-dec-000579_response.json,run,.json,16619
run/prompts/decision_mock-2413970733-53b199c1-dec-000579_system.txt,run,.txt,1912
run/prompts/decision_mock-2413970733-53b199c1-dec-000579_tools.json,run,.json,1543
run/prompts/decision_mock-2413970733-53b199c1-dec-000579_user.json,run,.json,12200
run/prompts/decision_mock-2413970733-53b199c1-dec-000580_parsed.json,run,.json,3138
run/prompts/decision_mock-2413970733-53b199c1-dec-000580_response.json,run,.json,3056
run/prompts/decision_mock-2413970733-53b199c1-dec-000580_system.txt,run,.txt,1912
run/prompts/decision_mock-2413970733-53b199c1-dec-000580_tools.json,run,.json,1466
run/prompts/decision_mock-2413970733-53b199c1-dec-000580_user.json,run,.json,13893
run/prompts/decision_mock-2413970733-53b199c1-dec-000581_parsed.json,run,.json,2136
run/prompts/decision_mock-2413970733-53b199c1-dec-000581_response.json,run,.json,11120
run/prompts/decision_mock-2413970733-53b199c1-dec-000581_system.txt,run,.txt,1912
run/prompts/decision_mock-2413970733-53b199c1-dec-000581_tools.json,run,.json,1543
run/prompts/decision_mock-2413970733-53b199c1-dec-000581_user.json,run,.json,12728
run/prompts/decision_mock-2413970733-53b199c1-dec-000582_parsed.json,run,.json,3143
run/prompts/decision_mock-2413970733-53b199c1-dec-000582_response.json,run,.json,6278
run/prompts/decision_mock-2413970733-53b199c1-dec-000582_retry1_parsed.json,run,.json,3038
run/prompts/decision_mock-2413970733-53b199c1-dec-000582_retry1_response.json,run,.json,5396
run/prompts/decision_mock-2413970733-53b199c1-dec-000582_retry1_system.txt,run,.txt,1912
run/prompts/decision_mock-2413970733-53b199c1-dec-000582_retry1_tools.json,run,.json,913
run/prompts/decision_mock-2413970733-53b199c1-dec-000582_retry1_user.json,run,.json,14402
run/prompts/decision_mock-2413970733-53b199c1-dec-000582_system.txt,run,.txt,1912
run/prompts/decision_mock-2413970733-53b199c1-dec-000582_tools.json,run,.json,913
run/prompts/decision_mock-2413970733-53b199c1-dec-000582_user.json,run,.json,14245
run/prompts/decision_mock-2413970733-53b199c1-dec-000583_parsed.json,run,.json,2144
run/prompts/decision_mock-2413970733-53b199c1-dec-000583_response.json,run,.json,5701
run/prompts/decision_mock-2413970733-53b199c1-dec-000583_system.txt,run,.txt,1912
run/prompts/decision_mock-2413970733-53b199c1-dec-000583_tools.json,run,.json,2140
run/prompts/decision_mock-2413970733-53b199c1-dec-000583_user.json,run,.json,12570
run/prompts/decision_mock-2413970733-53b199c1-dec-000584_parsed.json,run,.json,3186
run/prompts/decision_mock-2413970733-53b199c1-dec-000584_response.json,run,.json,12061
run/prompts/decision_mock-2413970733-53b199c1-dec-000584_system.txt,run,.txt,1912
run/prompts/decision_mock-2413970733-53b199c1-dec-000584_tools.json,run,.json,1543
run/prompts/decision_mock-2413970733-53b199c1-dec-000584_user.json,run,.json,11465
run/prompts/decision_mock-2413970733-53b199c1-dec-000585_parsed.json,run,.json,1928
run/prompts/decision_mock-2413970733-53b199c1-dec-000585_response.json,run,.json,6488
run/prompts/decision_mock-2413970733-53b199c1-dec-000585_system.txt,run,.txt,1912
run/prompts/decision_mock-2413970733-53b199c1-dec-000585_tools.json,run,.json,1466
run/prompts/decision_mock-2413970733-53b199c1-dec-000585_user.json,run,.json,11557
run/prompts/decision_mock-2413970733-53b199c1-dec-000586_parsed.json,run,.json,2834
run/prompts/decision_mock-2413970733-53b199c1-dec-000586_response.json,run,.json,5711
run/prompts/decision_mock-2413970733-53b199c1-dec-000586_system.txt,run,.txt,1912
run/prompts/decision_mock-2413970733-53b199c1-dec-000586_tools.json,run,.json,1198
run/prompts/decision_mock-2413970733-53b199c1-dec-000586_user.json,run,.json,11340
run/prompts/decision_mock-2413970733-53b199c1-dec-000587_parsed.json,run,.json,2084
run/prompts/decision_mock-2413970733-53b199c1-dec-000587_response.json,run,.json,5040
run/prompts/decision_mock-2413970733-53b199c1-dec-000587_system.txt,run,.txt,1912
run/prompts/decision_mock-2413970733-53b199c1-dec-000587_tools.json,run,.json,1466
run/prompts/decision_mock-2413970733-53b199c1-dec-000587_user.json,run,.json,11918
run/prompts/decision_mock-2413970733-53b199c1-dec-000588_parsed.json,run,.json,3154
run/prompts/decision_mock-2413970733-53b199c1-dec-000588_response.json,run,.json,5791
run/prompts/decision_mock-2413970733-53b199c1-dec-000588_system.txt,run,.txt,1912
run/prompts/decision_mock-2413970733-53b199c1-dec-000588_tools.json,run,.json,1198
run/prompts/decision_mock-2413970733-53b199c1-dec-000588_user.json,run,.json,11256
run/prompts/decision_mock-2413970733-53b199c1-dec-000589_parsed.json,run,.json,2008
run/prompts/decision_mock-2413970733-53b199c1-dec-000589_response.json,run,.json,4488
run/prompts/decision_mock-2413970733-53b199c1-dec-000589_system.txt,run,.txt,1912
run/prompts/decision_mock-2413970733-53b199c1-dec-000589_tools.json,run,.json,1466
run/prompts/decision_mock-2413970733-53b199c1-dec-000589_user.json,run,.json,11421
run/prompts/decision_mock-2413970733-53b199c1-dec-000590_parsed.json,run,.json,2982
run/prompts/decision_mock-2413970733-53b199c1-dec-000590_response.json,run,.json,8682
run/prompts/decision_mock-2413970733-53b199c1-dec-000590_system.txt,run,.txt,1912
run/prompts/decision_mock-2413970733-53b199c1-dec-000590_tools.json,run,.json,1198
run/prompts/decision_mock-2413970733-53b199c1-dec-000590_user.json,run,.json,11258
run/prompts/decision_mock-2413970733-53b199c1-dec-000591_parsed.json,run,.json,2044
run/prompts/decision_mock-2413970733-53b199c1-dec-000591_response.json,run,.json,6653
run/prompts/decision_mock-2413970733-53b199c1-dec-000591_system.txt,run,.txt,1912
run/prompts/decision_mock-2413970733-53b199c1-dec-000591_tools.json,run,.json,1466
run/prompts/decision_mock-2413970733-53b199c1-dec-000591_user.json,run,.json,11218
run/prompts/decision_mock-2413970733-53b199c1-dec-000592_parsed.json,run,.json,2766
run/prompts/decision_mock-2413970733-53b199c1-dec-000592_response.json,run,.json,5671
run/prompts/decision_mock-2413970733-53b199c1-dec-000592_system.txt,run,.txt,1912
run/prompts/decision_mock-2413970733-53b199c1-dec-000592_tools.json,run,.json,1198
run/prompts/decision_mock-2413970733-53b199c1-dec-000592_user.json,run,.json,11133
run/prompts/decision_mock-2413970733-53b199c1-dec-000593_parsed.json,run,.json,2348
run/prompts/decision_mock-2413970733-53b199c1-dec-000593_response.json,run,.json,4939
run/prompts/decision_mock-2413970733-53b199c1-dec-000593_system.txt,run,.txt,1912
run/prompts/decision_mock-2413970733-53b199c1-dec-000593_tools.json,run,.json,1466
run/prompts/decision_mock-2413970733-53b199c1-dec-000593_user.json,run,.json,11690
run/prompts/decision_mock-2413970733-53b199c1-dec-000594_parsed.json,run,.json,2068
run/prompts/decision_mock-2413970733-53b199c1-dec-000594_response.json,run,.json,14268
run/prompts/decision_mock-2413970733-53b199c1-dec-000594_system.txt,run,.txt,1912
run/prompts/decision_mock-2413970733-53b199c1-dec-000594_tools.json,run,.json,1198
run/prompts/decision_mock-2413970733-53b199c1-dec-000594_user.json,run,.json,11040
run/prompts/decision_mock-2413970733-53b199c1-dec-000595_parsed.json,run,.json,1804
run/prompts/decision_mock-2413970733-53b199c1-dec-000595_response.json,run,.json,4520
run/prompts/decision_mock-2413970733-53b199c1-dec-000595_system.txt,run,.txt,1912
run/prompts/decision_mock-2413970733-53b199c1-dec-000595_tools.json,run,.json,612
run/prompts/decision_mock-2413970733-53b199c1-dec-000595_user.json,run,.json,10670
run/prompts/decision_mock-2413970733-53b199c1-dec-000596_parsed.json,run,.json,2810
run/prompts/decision_mock-2413970733-53b199c1-dec-000596_response.json,run,.json,14759
run/prompts/decision_mock-2413970733-53b199c1-dec-000596_system.txt,run,.txt,1912
run/prompts/decision_mock-2413970733-53b199c1-dec-000596_tools.json,run,.json,3088
run/prompts/decision_mock-2413970733-53b199c1-dec-000596_user.json,run,.json,11453
run/prompts/decision_mock-2413970733-53b199c1-dec-000597_parsed.json,run,.json,1924
run/prompts/decision_mock-2413970733-53b199c1-dec-000597_response.json,run,.json,6457
run/prompts/decision_mock-2413970733-53b199c1-dec-000597_system.txt,run,.txt,1912
run/prompts/decision_mock-2413970733-53b199c1-dec-000597_tools.json,run,.json,3088
run/prompts/decision_mock-2413970733-53b199c1-dec-000597_user.json,run,.json,11591
run/prompts/decision_mock-2413970733-53b199c1-dec-000598_parsed.json,run,.json,1792
run/prompts/decision_mock-2413970733-53b199c1-dec-000598_response.json,run,.json,4482
run/prompts/decision_mock-2413970733-53b199c1-dec-000598_system.txt,run,.txt,1912
run/prompts/decision_mock-2413970733-53b199c1-dec-000598_tools.json,run,.json,2140
run/prompts/decision_mock-2413970733-53b199c1-dec-000598_user.json,run,.json,11791
run/prompts/decision_mock-2413970733-53b199c1-dec-000599_parsed.json,run,.json,3062
run/prompts/decision_mock-2413970733-53b199c1-dec-000599_response.json,run,.json,5789
run/prompts/decision_mock-2413970733-53b199c1-dec-000599_system.txt,run,.txt,1912
run/prompts/decision_mock-2413970733-53b199c1-dec-000599_tools.json,run,.json,1198
run/prompts/decision_mock-2413970733-53b199c1-dec-000599_user.json,run,.json,10979
run/prompts/decision_mock-2413970733-53b199c1-dec-000600_parsed.json,run,.json,1816
run/prompts/decision_mock-2413970733-53b199c1-dec-000600_response.json,run,.json,3758
run/prompts/decision_mock-2413970733-53b199c1-dec-000600_system.txt,run,.txt,1912
run/prompts/decision_mock-2413970733-53b199c1-dec-000600_tools.json,run,.json,1466
run/prompts/decision_mock-2413970733-53b199c1-dec-000600_user.json,run,.json,11174
run/prompts/decision_mock-2413970733-53b199c1-dec-000601_parsed.json,run,.json,2112
run/prompts/decision_mock-2413970733-53b199c1-dec-000601_response.json,run,.json,5032
run/prompts/decision_mock-2413970733-53b199c1-dec-000601_system.txt,run,.txt,1912
run/prompts/decision_mock-2413970733-53b199c1-dec-000601_tools.json,run,.json,1198
run/prompts/decision_mock-2413970733-53b199c1-dec-000601_user.json,run,.json,11316
run/prompts/decision_mock-2413970733-53b199c1-dec-000602_parsed.json,run,.json,2272
run/prompts/decision_mock-2413970733-53b199c1-dec-000602_response.json,run,.json,1600
run/prompts/decision_mock-2413970733-53b199c1-dec-000602_system.txt,run,.txt,1912
run/prompts/decision_mock-2413970733-53b199c1-dec-000602_tools.json,run,.json,312
run/prompts/decision_mock-2413970733-53b199c1-dec-000602_user.json,run,.json,11319
run/prompts/decision_mock-2413970733-53b199c1-dec-000603_parsed.json,run,.json,2524
run/prompts/decision_mock-2413970733-53b199c1-dec-000603_response.json,run,.json,14002
run/prompts/decision_mock-2413970733-53b199c1-dec-000603_system.txt,run,.txt,1912
run/prompts/decision_mock-2413970733-53b199c1-dec-000603_tools.json,run,.json,3088
run/prompts/decision_mock-2413970733-53b199c1-dec-000603_user.json,run,.json,11901
run/prompts/decision_mock-2413970733-53b199c1-dec-000604_parsed.json,run,.json,1864
run/prompts/decision_mock-2413970733-53b199c1-dec-000604_response.json,run,.json,5165
run/prompts/decision_mock-2413970733-53b199c1-dec-000604_system.txt,run,.txt,1912
run/prompts/decision_mock-2413970733-53b199c1-dec-000604_tools.json,run,.json,2140
run/prompts/decision_mock-2413970733-53b199c1-dec-000604_user.json,run,.json,11648
run/prompts/decision_mock-2413970733-53b199c1-dec-000605_parsed.json,run,.json,2040
run/prompts/decision_mock-2413970733-53b199c1-dec-000605_response.json,run,.json,5764
run/prompts/decision_mock-2413970733-53b199c1-dec-000605_system.txt,run,.txt,1912
run/prompts/decision_mock-2413970733-53b199c1-dec-000605_tools.json,run,.json,3088
run/prompts/decision_mock-2413970733-53b199c1-dec-000605_user.json,run,.json,11597
run/prompts/decision_mock-2413970733-53b199c1-dec-000606_parsed.json,run,.json,1604
run/prompts/decision_mock-2413970733-53b199c1-dec-000606_response.json,run,.json,6725
run/prompts/decision_mock-2413970733-53b199c1-dec-000606_system.txt,run,.txt,1912
run/prompts/decision_mock-2413970733-53b199c1-dec-000606_tools.json,run,.json,2140
run/prompts/decision_mock-2413970733-53b199c1-dec-000606_user.json,run,.json,11093
run/prompts/decision_mock-2413970733-53b199c1-dec-000607_parsed.json,run,.json,3066
run/prompts/decision_mock-2413970733-53b199c1-dec-000607_response.json,run,.json,9879
run/prompts/decision_mock-2413970733-53b199c1-dec-000607_system.txt,run,.txt,1912
run/prompts/decision_mock-2413970733-53b199c1-dec-000607_tools.json,run,.json,3088
run/prompts/decision_mock-2413970733-53b199c1-dec-000607_user.json,run,.json,10730
run/prompts/decision_mock-2413970733-53b199c1-dec-000608_parsed.json,run,.json,2224
run/prompts/decision_mock-2413970733-53b199c1-dec-000608_response.json,run,.json,6801
run/prompts/decision_mock-2413970733-53b199c1-dec-000608_system.txt,run,.txt,1912
run/prompts/decision_mock-2413970733-53b199c1-dec-000608_tools.json,run,.json,3088
run/prompts/decision_mock-2413970733-53b199c1-dec-000608_user.json,run,.json,10795
run/prompts/decision_mock-2413970733-53b199c1-dec-000609_parsed.json,run,.json,1928
run/prompts/decision_mock-2413970733-53b199c1-dec-000609_response.json,run,.json,4544
run/prompts/decision_mock-2413970733-53b199c1-dec-000609_system.txt,run,.txt,1912
run/prompts/decision_mock-2413970733-53b199c1-dec-000609_tools.json,run,.json,2140
run/prompts/decision_mock-2413970733-53b199c1-dec-000609_user.json,run,.json,10219
run/prompts/decision_mock-2413970733-53b199c1-dec-000610_parsed.json,run,.json,2008
run/prompts/decision_mock-2413970733-53b199c1-dec-000610_response.json,run,.json,5762
run/prompts/decision_mock-2413970733-53b199c1-dec-000610_system.txt,run,.txt,1912
run/prompts/decision_mock-2413970733-53b199c1-dec-000610_tools.json,run,.json,3088
run/prompts/decision_mock-2413970733-53b199c1-dec-000610_user.json,run,.json,10691
run/prompts/decision_mock-2413970733-53b199c1-dec-000611_parsed.json,run,.json,2690
run/prompts/decision_mock-2413970733-53b199c1-dec-000611_response.json,run,.json,17139
run/prompts/decision_mock-2413970733-53b199c1-dec-000611_system.txt,run,.txt,1912
run/prompts/decision_mock-2413970733-53b199c1-dec-000611_tools.json,run,.json,1254
run/prompts/decision_mock-2413970733-53b199c1-dec-000611_user.json,run,.json,10040
run/prompts/decision_mock-2413970733-53b199c1-dec-000612_parsed.json,run,.json,2160
run/prompts/decision_mock-2413970733-53b199c1-dec-000612_response.json,run,.json,7634
run/prompts/decision_mock-2413970733-53b199c1-dec-000612_system.txt,run,.txt,1912
run/prompts/decision_mock-2413970733-53b199c1-dec-000612_tools.json,run,.json,1254
run/prompts/decision_mock-2413970733-53b199c1-dec-000612_user.json,run,.json,10031
run/replay_diff.json,run,.json,558
run/replay_flags.jsonl,run,.jsonl,698209
run/replay_navigation.json,run,.json,94378
run/replay_report.json,run,.json,1960
run/replay_steps.jsonl,run,.jsonl,2609606
run/review_cost_aggregate.json,run,.json,1576823
run/review_cost_calls.jsonl,run,.jsonl,769778
run/review_queue.jsonl,run,.jsonl,108316
run/run_config.json,run,.json,2341
run/scorecard.json,run,.json,1086878
run/scorecard_decisions.jsonl,run,.jsonl,291158
run/scorecard_events.jsonl,run,.jsonl,786451
run/scorecard_players.json,run,.json,9702
run/seat_assignment.json,run,.json,998
run/state/turn_0000.json,run,.json,6656
run/state/turn_0000_decision_0001.json,run,.json,6663
run/state/turn_0000_decision_0002.json,run,.json,6676
run/state/turn_0001.json,run,.json,6676
run/state/turn_0001_decision_0001.json,run,.json,6683
run/state/turn_0001_decision_0002.json,run,.json,6703
run/state/turn_0002.json,run,.json,6682
run/state/turn_0002_decision_0001.json,run,.json,6689
run/state/turn_0002_decision_0002.json,run,.json,6695
run/state/turn_0003.json,run,.json,6694
run/state/turn_0003_decision_0001.json,run,.json,6701
run/state/turn_0003_decision_0002.json,run,.json,7022
run/state/turn_0003_decision_0003.json,run,.json,6701
run/state/turn_0003_decision_0004.json,run,.json,7012
run/state/turn_0003_decision_0005.json,run,.json,6701
run/state/turn_0003_decision_0006.json,run,.json,7006
run/state/turn_0003_decision_0007.json,run,.json,6701
run/state/turn_0004.json,run,.json,6695
run/state/turn_0004_decision_0001.json,run,.json,6703
run/state/turn_0004_decision_0002.json,run,.json,6716
run/state/turn_0005.json,run,.json,6716
run/state/turn_0005_decision_0001.json,run,.json,6724
run/state/turn_0006.json,run,.json,6703
run/state/turn_0006_decision_0001.json,run,.json,6711
run/state/turn_0006_decision_0002.json,run,.json,6717
run/state/turn_0007.json,run,.json,6716
run/state/turn_0007_decision_0001.json,run,.json,6724
run/state/turn_0007_decision_0002.json,run,.json,7053
run/state/turn_0007_decision_0003.json,run,.json,6724
run/state/turn_0007_decision_0004.json,run,.json,7054
run/state/turn_0007_decision_0005.json,run,.json,6724
run/state/turn_0007_decision_0006.json,run,.json,7045
run/state/turn_0007_decision_0007.json,run,.json,6724
run/state/turn_0008.json,run,.json,6718
run/state/turn_0008_decision_0001.json,run,.json,6725
run/state/turn_0008_decision_0002.json,run,.json,6738
run/state/turn_0009.json,run,.json,6738
run/state/turn_0009_decision_0001.json,run,.json,6745
run/state/turn_0009_decision_0002.json,run,.json,6765
run/state/turn_0010.json,run,.json,6745
run/state/turn_0010_decision_0001.json,run,.json,6752
run/state/turn_0011.json,run,.json,6751
run/state/turn_0011_decision_0001.json,run,.json,6758
run/state/turn_0011_decision_0002.json,run,.json,7076
run/state/turn_0011_decision_0003.json,run,.json,6758
run/state/turn_0011_decision_0004.json,run,.json,7070
run/state/turn_0011_decision_0005.json,run,.json,6758
run/state/turn_0011_decision_0006.json,run,.json,7087
run/state/turn_0011_decision_0007.json,run,.json,6758
run/state/turn_0012.json,run,.json,6752
run/state/turn_0012_decision_0001.json,run,.json,6758
run/state/turn_0013.json,run,.json,6751
run/state/turn_0013_decision_0001.json,run,.json,6759
run/state/turn_0013_decision_0002.json,run,.json,6772
run/state/turn_0014.json,run,.json,6772
run/state/turn_0014_decision_0001.json,run,.json,6779
run/state/turn_0014_decision_0002.json,run,.json,6798
run/state/turn_0015.json,run,.json,6777
run/state/turn_0015_decision_0001.json,run,.json,6784
run/state/turn_0015_decision_0002.json,run,.json,6790
run/state/turn_0016.json,run,.json,6789
run/state/turn_0017.json,run,.json,6789
run/state/turn_0017_decision_0001.json,run,.json,6796
run/state/turn_0017_decision_0002.json,run,.json,6808
run/state/turn_0018.json,run,.json,6808
run/state/turn_0018_decision_0001.json,run,.json,6815
run/state/turn_0019.json,run,.json,6794
run/state/turn_0019_decision_0001.json,run,.json,6801
run/state/turn_0020.json,run,.json,6800
run/state/turn_0020_decision_0001.json,run,.json,6807
run/state/turn_0020_decision_0002.json,run,.json,6808
run/state/turn_0020_decision_0003.json,run,.json,7120
run/state/turn_0020_decision_0004.json,run,.json,6808
run/state/turn_0020_decision_0005.json,run,.json,7132
run/state/turn_0020_decision_0006.json,run,.json,6808
run/state/turn_0020_decision_0007.json,run,.json,7128
run/state/turn_0020_decision_0008.json,run,.json,6808
run/state/turn_0020_decision_0009.json,run,.json,7136
run/state/turn_0020_decision_0010.json,run,.json,6808
run/state/turn_0020_decision_0011.json,run,.json,7119
run/state/turn_0020_decision_0012.json,run,.json,7475
run/state/turn_0020_decision_0013.json,run,.json,7835
run/state/turn_0020_decision_0014.json,run,.json,6808
run/state/turn_0020_decision_0015.json,run,.json,7129
run/state/turn_0020_decision_0016.json,run,.json,6808
run/state/turn_0020_decision_0017.json,run,.json,7129
run/state/turn_0020_decision_0018.json,run,.json,6808
run/state/turn_0021.json,run,.json,6802
run/state/turn_0021_decision_0001.json,run,.json,6809
run/state/turn_0021_decision_0002.json,run,.json,6821
run/state/turn_0022.json,run,.json,6814
run/state/turn_0022_decision_0001.json,run,.json,6821
run/state/turn_0022_decision_0002.json,run,.json,6834
run/state/turn_0023.json,run,.json,6834
run/state/turn_0023_decision_0001.json,run,.json,6840
run/state/turn_0024.json,run,.json,6819
run/state/turn_0024_decision_0001.json,run,.json,6825
run/state/turn_0024_decision_0002.json,run,.json,7133
run/state/turn_0024_decision_0003.json,run,.json,7219
run/state/turn_0024_decision_0004.json,run,.json,7277
run/state/turn_0024_decision_0005.json,run,.json,7337
run/state/turn_0024_decision_0006.json,run,.json,7393
run/state/turn_0024_decision_0007.json,run,.json,7473
run/state/turn_0024_decision_0008.json,run,.json,6837
run/state/turn_0025.json,run,.json,6830
run/state/turn_0025_decision_0001.json,run,.json,6837
run/state/turn_0026.json,run,.json,6836
run/state/turn_0026_decision_0001.json,run,.json,6843
run/state/turn_0026_decision_0002.json,run,.json,7177
run/state/turn_0026_decision_0003.json,run,.json,6843
run/state/turn_0026_decision_0004.json,run,.json,7186
run/state/turn_0026_decision_0005.json,run,.json,6843
run/state/turn_0026_decision_0006.json,run,.json,7166
run/state/turn_0026_decision_0007.json,run,.json,6843
run/state/turn_0026_decision_0008.json,run,.json,7186
run/state/turn_0026_decision_0009.json,run,.json,6843
run/state/turn_0027.json,run,.json,6837
run/state/turn_0027_decision_0001.json,run,.json,6843
run/state/turn_0028.json,run,.json,6843
run/state/turn_0028_decision_0001.json,run,.json,6851
run/state/turn_0029.json,run,.json,6844
run/state/turn_0029_decision_0001.json,run,.json,6851
run/state/turn_0030.json,run,.json,6830
run/state/turn_0030_decision_0001.json,run,.json,6838
run/state/turn_0031.json,run,.json,6837
run/state/turn_0031_decision_0001.json,run,.json,6844
run/state/turn_0031_decision_0002.json,run,.json,6856
run/state/turn_0031_decision_0003.json,run,.json,7202
run/state/turn_0031_decision_0004.json,run,.json,6856
run/state/turn_0031_decision_0005.json,run,.json,7174
run/state/turn_0031_decision_0006.json,run,.json,6856
run/state/turn_0031_decision_0007.json,run,.json,7189
run/state/turn_0031_decision_0008.json,run,.json,6856
run/state/turn_0032.json,run,.json,6849
run/state/turn_0032_decision_0001.json,run,.json,6856
run/state/turn_0033.json,run,.json,6850
run/state/turn_0033_decision_0001.json,run,.json,6857
run/state/turn_0034.json,run,.json,6857
run/state/turn_0035.json,run,.json,6842
run/state/turn_0035_decision_0001.json,run,.json,6849
run/state/turn_0035_decision_0002.json,run,.json,7151
run/state/turn_0035_decision_0003.json,run,.json,7239
run/state/turn_0035_decision_0004.json,run,.json,7328
run/state/turn_0035_decision_0005.json,run,.json,7388
run/state/turn_0035_decision_0006.json,run,.json,7444
run/state/turn_0035_decision_0007.json,run,.json,7511
run/state/turn_0035_decision_0008.json,run,.json,7600
run/state/turn_0035_decision_0009.json,run,.json,7672
run/state/turn_0035_decision_0010.json,run,.json,7718
run/state/turn_0035_decision_0011.json,run,.json,7799
run/state/turn_0035_decision_0012.json,run,.json,6862
run/state/turn_0036.json,run,.json,6855
run/state/turn_0036_decision_0001.json,run,.json,6862
run/state/turn_0037.json,run,.json,6861
run/state/turn_0037_decision_0001.json,run,.json,6867
run/state/turn_0037_decision_0002.json,run,.json,7188
run/state/turn_0037_decision_0003.json,run,.json,6867
run/state/turn_0037_decision_0004.json,run,.json,7185
run/state/turn_0037_decision_0005.json,run,.json,6867
run/state/turn_0037_decision_0006.json,run,.json,7200
run/state/turn_0037_decision_0007.json,run,.json,7587
run/state/turn_0037_decision_0008.json,run,.json,6867
run/state/turn_0037_decision_0009.json,run,.json,7178
run/state/turn_0037_decision_0010.json,run,.json,6867
run/state/turn_0037_decision_0011.json,run,.json,7178
run/state/turn_0037_decision_0012.json,run,.json,6867
run/state/turn_0038.json,run,.json,6861
run/state/turn_0038_decision_0001.json,run,.json,6869
run/state/turn_0038_decision_0002.json,run,.json,7189
run/state/turn_0038_decision_0003.json,run,.json,7261
run/state/turn_0038_decision_0004.json,run,.json,7317
run/state/turn_0038_decision_0005.json,run,.json,7383
run/state/turn_0038_decision_0006.json,run,.json,7441
run/state/turn_0038_decision_0007.json,run,.json,7513
run/state/turn_0038_decision_0008.json,run,.json,7593
run/state/turn_0038_decision_0009.json,run,.json,6881
run/state/turn_0039.json,run,.json,6881
run/state/turn_0039_decision_0001.json,run,.json,6888
run/state/turn_0039_decision_0002.json,run,.json,6889
run/state/turn_0040.json,run,.json,6868
run/state/turn_0040_decision_0001.json,run,.json,6875
run/state/turn_0041.json,run,.json,6874
run/state/turn_0041_decision_0001.json,run,.json,6882
run/state/turn_0041_decision_0002.json,run,.json,7201
run/state/turn_0041_decision_0003.json,run,.json,6882
run/state/turn_0041_decision_0004.json,run,.json,7218
run/state/turn_0041_decision_0005.json,run,.json,6882
run/state/turn_0041_decision_0006.json,run,.json,7212
run/state/turn_0041_decision_0007.json,run,.json,6882
run/state/turn_0041_decision_0008.json,run,.json,7206
run/state/turn_0041_decision_0009.json,run,.json,6882
run/state/turn_0042.json,run,.json,6876
run/state/turn_0043.json,run,.json,6882
run/state/turn_0043_decision_0001.json,run,.json,6889
run/state/turn_0043_decision_0002.json,run,.json,6909
run/state/turn_0044.json,run,.json,6888
run/state/turn_0044_decision_0001.json,run,.json,6894
run/state/turn_0045.json,run,.json,6893
run/state/turn_0045_decision_0001.json,run,.json,6900
run/state/turn_0046.json,run,.json,6894
run/state/turn_0046_decision_0001.json,run,.json,6901
run/state/turn_0047.json,run,.json,6901
run/state/turn_0047_decision_0001.json,run,.json,6908
run/state/turn_0047_decision_0002.json,run,.json,6928
run/state/turn_0048.json,run,.json,6907
run/state/turn_0048_decision_0001.json,run,.json,6915
run/state/turn_0049.json,run,.json,6908
run/state/turn_0049_decision_0001.json,run,.json,6915
run/state/turn_0049_decision_0002.json,run,.json,7212
run/state/turn_0049_decision_0003.json,run,.json,7300
run/state/turn_0049_decision_0004.json,run,.json,7358
run/state/turn_0049_decision_0005.json,run,.json,7374
run/state/turn_0049_decision_0006.json,run,.json,6927
run/state/turn_0050.json,run,.json,6926
run/state/turn_0051.json,run,.json,6926
run/state/turn_0051_decision_0001.json,run,.json,6933
run/state/turn_0052.json,run,.json,6933
run/state/turn_0052_decision_0001.json,run,.json,6939
run/state/turn_0053.json,run,.json,6932
run/state/turn_0053_decision_0001.json,run,.json,6939
run/state/turn_0054.json,run,.json,6918
run/state/turn_0054_decision_0001.json,run,.json,6924
run/state/turn_0055.json,run,.json,6923
run/state/turn_0055_decision_0001.json,run,.json,6930
run/state/turn_0056.json,run,.json,6924
run/state/turn_0056_decision_0001.json,run,.json,6931
run/state/turn_0056_decision_0002.json,run,.json,6931
run/state/turn_0056_decision_0003.json,run,.json,6932
run/state/turn_0057.json,run,.json,6925
run/state/turn_0057_decision_0001.json,run,.json,6932
run/state/turn_0057_decision_0002.json,run,.json,6945
run/state/turn_0058.json,run,.json,6945
run/state/turn_0058_decision_0001.json,run,.json,6952
run/state/turn_0058_decision_0002.json,run,.json,6972
run/state/turn_0059.json,run,.json,6951
run/state/turn_0059_decision_0001.json,run,.json,6958
run/state/turn_0060.json,run,.json,6957
run/state/turn_0060_decision_0001.json,run,.json,6964
run/state/turn_0061.json,run,.json,6958
run/state/turn_0061_decision_0001.json,run,.json,6965
run/state/turn_0061_decision_0002.json,run,.json,7288
run/state/turn_0061_decision_0003.json,run,.json,7362
run/state/turn_0061_decision_0004.json,run,.json,7418
run/state/turn_0061_decision_0005.json,run,.json,7485
run/state/turn_0061_decision_0006.json,run,.json,7543
run/state/turn_0061_decision_0007.json,run,.json,7616
run/state/turn_0061_decision_0008.json,run,.json,6984
run/state/turn_0062.json,run,.json,6984
run/state/turn_0063.json,run,.json,6970
run/state/turn_0063_decision_0001.json,run,.json,6977
run/state/turn_0064.json,run,.json,6976
run/state/turn_0064_decision_0001.json,run,.json,6983
run/state/turn_0064_decision_0002.json,run,.json,6983
run/state/turn_0064_decision_0003.json,run,.json,6984
run/state/turn_0064_decision_0004.json,run,.json,7318
run/state/turn_0064_decision_0005.json,run,.json,6984
run/state/turn_0064_decision_0006.json,run,.json,7319
run/state/turn_0064_decision_0007.json,run,.json,6984
run/state/turn_0065.json,run,.json,6977
run/state/turn_0065_decision_0001.json,run,.json,6984
run/state/turn_0065_decision_0002.json,run,.json,7312
run/state/turn_0065_decision_0003.json,run,.json,6984
run/state/turn_0065_decision_0004.json,run,.json,7340
run/state/turn_0065_decision_0005.json,run,.json,6984
run/state/turn_0065_decision_0006.json,run,.json,7310
run/state/turn_0065_decision_0007.json,run,.json,6984
run/state/turn_0065_decision_0008.json,run,.json,7321
run/state/turn_0065_decision_0009.json,run,.json,6984
run/state/turn_0065_decision_0010.json,run,.json,7335
run/state/turn_0065_decision_0011.json,run,.json,6984
run/state/turn_0065_decision_0012.json,run,.json,7328
run/state/turn_0065_decision_0013.json,run,.json,6984
run/state/turn_0066.json,run,.json,6978
run/state/turn_0066_decision_0001.json,run,.json,6984
run/state/turn_0067.json,run,.json,6977
run/state/turn_0067_decision_0001.json,run,.json,6984
run/state/turn_0068.json,run,.json,6977
run/state/turn_0068_decision_0001.json,run,.json,6985
run/state/turn_0068_decision_0002.json,run,.json,6997
run/state/turn_0069.json,run,.json,6997
run/state/turn_0069_decision_0001.json,run,.json,7004
run/state/turn_0069_decision_0002.json,run,.json,7005
run/state/turn_0070.json,run,.json,6984
run/state/turn_0070_decision_0001.json,run,.json,6992
run/state/turn_0071.json,run,.json,6991
run/state/turn_0071_decision_0001.json,run,.json,6997
run/state/turn_0071_decision_0002.json,run,.json,7348
run/state/turn_0071_decision_0003.json,run,.json,6997
run/state/turn_0071_decision_0004.json,run,.json,6997
run/state/turn_0071_decision_0005.json,run,.json,6996
run/state/turn_0071_decision_0006.json,run,.json,7340
run/state/turn_0071_decision_0007.json,run,.json,6996
run/state/turn_0071_decision_0008.json,run,.json,6995
run/state/turn_0071_decision_0009.json,run,.json,7314
run/state/turn_0071_decision_0010.json,run,.json,6995
run/state/turn_0071_decision_0011.json,run,.json,7314
run/state/turn_0071_decision_0012.json,run,.json,6995
run/state/turn_0071_decision_0013.json,run,.json,7341
run/state/turn_0071_decision_0014.json,run,.json,6995
run/state/turn_0072.json,run,.json,6989
run/state/turn_0072_decision_0001.json,run,.json,6996
run/state/turn_0073.json,run,.json,6996
run/state/turn_0073_decision_0001.json,run,.json,7003
run/state/turn_0074.json,run,.json,6982
run/state/turn_0074_decision_0001.json,run,.json,6989
run/state/turn_0075.json,run,.json,6988
run/state/turn_0075_decision_0001.json,run,.json,6995
run/state/turn_0075_decision_0002.json,run,.json,7304
run/state/turn_0075_decision_0003.json,run,.json,6995
run/state/turn_0075_decision_0004.json,run,.json,7342
run/state/turn_0075_decision_0005.json,run,.json,6995
run/state/turn_0075_decision_0006.json,run,.json,6996
run/state/turn_0075_decision_0007.json,run,.json,7311
run/state/turn_0075_decision_0008.json,run,.json,6996
run/state/turn_0075_decision_0009.json,run,.json,7369
run/state/turn_0075_decision_0010.json,run,.json,7851
run/state/turn_0075_decision_0011.json,run,.json,8339
run/state/turn_0075_decision_0012.json,run,.json,8584
run/state/turn_0075_decision_0013.json,run,.json,6996
run/state/turn_0075_decision_0014.json,run,.json,6996
run/state/turn_0075_decision_0015.json,run,.json,6995
run/state/turn_0075_decision_0016.json,run,.json,6995
run/state/turn_0075_decision_0017.json,run,.json,6993
run/state/turn_0075_decision_0018.json,run,.json,6993
run/state/turn_0075_decision_0019.json,run,.json,7312
run/state/turn_0075_decision_0020.json,run,.json,6993
run/state/turn_0075_decision_0021.json,run,.json,7297
run/state/turn_0075_decision_0022.json,run,.json,6993
run/state/turn_0075_decision_0023.json,run,.json,7311
run/state/turn_0075_decision_0024.json,run,.json,6993
run/state/turn_0076.json,run,.json,6987
run/state/turn_0076_decision_0001.json,run,.json,6994
run/state/turn_0076_decision_0002.json,run,.json,6993
run/state/turn_0077.json,run,.json,6986
run/state/turn_0077_decision_0001.json,run,.json,6993
run/state/turn_0077_decision_0002.json,run,.json,6993
run/state/turn_0077_decision_0003.json,run,.json,6992
run/state/turn_0077_decision_0004.json,run,.json,6991
run/state/turn_0078.json,run,.json,6991
run/state/turn_0078_decision_0001.json,run,.json,6998
run/state/turn_0079.json,run,.json,6977
run/state/turn_0079_decision_0001.json,run,.json,6986
run/state/turn_0080.json,run,.json,6985
run/state/turn_0080_decision_0001.json,run,.json,6991
run/state/turn_0080_decision_0002.json,run,.json,6989
run/state/turn_0080_decision_0003.json,run,.json,7307
run/state/turn_0080_decision_0004.json,run,.json,6998
run/state/turn_0081.json,run,.json,6991
run/state/turn_0081_decision_0001.json,run,.json,6999
run/state/turn_0081_decision_0002.json,run,.json,7316
run/state/turn_0081_decision_0003.json,run,.json,6999
run/state/turn_0081_decision_0004.json,run,.json,7302
run/state/turn_0081_decision_0005.json,run,.json,6999
run/state/turn_0081_decision_0006.json,run,.json,7309
run/state/turn_0081_decision_0007.json,run,.json,6999
run/state/turn_0081_decision_0008.json,run,.json,7319
run/state/turn_0081_decision_0009.json,run,.json,6999
run/state/turn_0082.json,run,.json,6993
run/state/turn_0082_decision_0001.json,run,.json,6999
run/state/turn_0082_decision_0002.json,run,.json,6999
run/state/turn_0083.json,run,.json,6999
run/state/turn_0083_decision_0001.json,run,.json,7005
run/state/turn_0083_decision_0002.json,run,.json,7006
run/state/turn_0084.json,run,.json,6985
run/state/turn_0084_decision_0001.json,run,.json,6991
run/state/turn_0084_decision_0002.json,run,.json,7292
run/state/turn_0084_decision_0003.json,run,.json,7376
run/state/turn_0084_decision_0004.json,run,.json,7434
run/state/turn_0084_decision_0005.json,run,.json,7493
run/state/turn_0084_decision_0006.json,run,.json,7549
run/state/turn_0084_decision_0007.json,run,.json,7628
run/state/turn_0084_decision_0008.json,run,.json,7701
run/state/turn_0084_decision_0009.json,run,.json,7781
run/state/turn_0084_decision_0010.json,run,.json,7853
run/state/turn_0084_decision_0011.json,run,.json,7011
run/state/turn_0085.json,run,.json,7010
run/state/turn_0085_decision_0001.json,run,.json,7017
run/state/turn_0086.json,run,.json,7011
run/state/turn_0086_decision_0001.json,run,.json,7018
run/state/turn_0086_decision_0002.json,run,.json,7017
run/state/turn_0086_decision_0003.json,run,.json,7016
run/state/turn_0086_decision_0004.json,run,.json,7016
run/state/turn_0087.json,run,.json,7016
run/state/turn_0087_decision_0001.json,run,.json,7024
run/state/turn_0088.json,run,.json,7003
run/state/turn_0088_decision_0001.json,run,.json,7011
run/state/turn_0089.json,run,.json,7010
run/state/turn_0089_decision_0001.json,run,.json,7017
run/state/turn_0089_decision_0002.json,run,.json,7321
run/state/turn_0089_decision_0003.json,run,.json,7378
run/state/turn_0089_decision_0004.json,run,.json,7451
run/state/turn_0089_decision_0005.json,run,.json,7507
run/state/turn_0089_decision_0006.json,run,.json,7587
run/state/turn_0089_decision_0007.json,run,.json,7659
run/state/turn_0089_decision_0008.json,run,.json,7037
run/state/turn_0089_decision_0009.json,run,.json,7362
run/state/turn_0089_decision_0010.json,run,.json,7037
run/state/turn_0089_decision_0011.json,run,.json,7376
run/state/turn_0089_decision_0012.json,run,.json,7774
run/state/turn_0089_decision_0013.json,run,.json,8190
run/state/turn_0089_decision_0014.json,run,.json,7037
run/state/turn_0089_decision_0015.json,run,.json,7368
run/state/turn_0089_decision_0016.json,run,.json,7037
run/state/turn_0089_decision_0017.json,run,.json,7376
run/state/turn_0089_decision_0018.json,run,.json,7774
run/state/turn_0089_decision_0019.json,run,.json,8190
run/state/turn_0089_decision_0020.json,run,.json,8390
run/state/turn_0089_decision_0021.json,run,.json,8598
run/state/turn_0089_decision_0022.json,run,.json,7054
run/state/turn_0089_decision_0023.json,run,.json,7053
run/state/turn_0090.json,run,.json,7047
run/state/turn_0090_decision_0001.json,run,.json,7054
run/state/turn_0091.json,run,.json,7047
run/state/turn_0091_decision_0001.json,run,.json,7054
run/state/turn_0091_decision_0002.json,run,.json,7054
run/state/turn_0092.json,run,.json,7054
run/state/turn_0092_decision_0001.json,run,.json,7061
run/state/turn_0092_decision_0002.json,run,.json,7062
run/state/turn_0092_decision_0003.json,run,.json,7063
run/state/turn_0092_decision_0004.json,run,.json,7062
run/state/turn_0093.json,run,.json,7041
run/state/turn_0093_decision_0001.json,run,.json,7048
run/state/turn_0094.json,run,.json,7041
run/state/turn_0094_decision_0001.json,run,.json,7049
run/state/turn_0095.json,run,.json,7048
run/state/turn_0095_decision_0001.json,run,.json,7055
run/state/turn_0096.json,run,.json,7049
run/state/turn_0096_decision_0001.json,run,.json,7056
run/state/turn_0096_decision_0002.json,run,.json,7055
run/state/turn_0097.json,run,.json,7055
run/state/turn_0097_decision_0001.json,run,.json,7062
run/state/turn_0098.json,run,.json,7041
run/state/turn_0099.json,run,.json,7046
run/state/turn_0099_decision_0001.json,run,.json,7053
run/state/turn_0100.json,run,.json,7048
run/state/turn_0100_decision_0001.json,run,.json,7054
run/state/turn_0101.json,run,.json,7054
run/state/turn_0101_decision_0001.json,run,.json,7062
run/state/turn_0102.json,run,.json,7041
run/state/turn_0102_decision_0001.json,run,.json,7048
run/state/turn_0103.json,run,.json,7047
run/state/turn_0103_decision_0001.json,run,.json,7054
run/state/turn_0103_decision_0002.json,run,.json,7052
run/state/turn_0104.json,run,.json,7045
run/state/turn_0104_decision_0001.json,run,.json,7053
run/state/turn_0105.json,run,.json,7046
run/state/turn_0106.json,run,.json,7046
run/state/turn_0106_decision_0001.json,run,.json,7054
run/state/turn_0107.json,run,.json,7047
run/state/turn_0107_decision_0001.json,run,.json,7054
run/state/turn_0108.json,run,.json,7047
run/state/turn_0108_decision_0001.json,run,.json,7054
run/state/turn_0109.json,run,.json,7054
run/state/turn_0109_decision_0001.json,run,.json,7061
run/state/turn_0109_decision_0002.json,run,.json,7060
run/state/turn_0109_decision_0003.json,run,.json,7056
run/state/turn_0110.json,run,.json,7035
run/state/turn_0110_decision_0001.json,run,.json,7042
run/state/turn_0111.json,run,.json,7041
run/state/turn_0111_decision_0001.json,run,.json,7048
run/state/turn_0112.json,run,.json,7042
run/state/turn_0112_decision_0001.json,run,.json,7049
run/state/turn_0112_decision_0002.json,run,.json,7363
run/state/turn_0112_decision_0003.json,run,.json,7435
run/state/turn_0112_decision_0004.json,run,.json,7491
run/state/turn_0112_decision_0005.json,run,.json,7537
run/state/turn_0112_decision_0006.json,run,.json,7069
run/state/turn_0113.json,run,.json,7069
run/state/turn_0113_decision_0001.json,run,.json,7076
run/state/turn_0114.json,run,.json,7055
run/state/turn_0114_decision_0001.json,run,.json,7062
run/state/turn_0114_decision_0002.json,run,.json,7062
run/state/turn_0114_decision_0003.json,run,.json,7065
run/state/turn_0115.json,run,.json,7058
run/state/turn_0115_decision_0001.json,run,.json,7066
run/state/turn_0116.json,run,.json,7059
run/state/turn_0116_decision_0001.json,run,.json,7067
run/state/turn_0117.json,run,.json,7066
run/state/turn_0117_decision_0001.json,run,.json,7073
run/state/turn_0118.json,run,.json,7067
run/state/turn_0118_decision_0001.json,run,.json,7073
run/state/turn_0118_decision_0002.json,run,.json,7072
run/state/turn_0119.json,run,.json,7072
run/state/turn_0119_decision_0001.json,run,.json,7079
run/state/turn_0120.json,run,.json,7058
run/state/turn_0120_decision_0001.json,run,.json,7065
run/state/turn_0121.json,run,.json,7064
run/state/turn_0121_decision_0001.json,run,.json,7071
run/state/turn_0121_decision_0002.json,run,.json,7071
run/state/turn_0121_decision_0003.json,run,.json,7071
run/state/turn_0122.json,run,.json,7065
run/state/turn_0122_decision_0001.json,run,.json,7073
run/state/turn_0122_decision_0002.json,run,.json,7073
run/state/turn_0123.json,run,.json,7073
run/state/turn_0123_decision_0001.json,run,.json,7079
run/state/turn_0124.json,run,.json,7058
run/state/turn_0124_decision_0001.json,run,.json,7065
run/state/turn_0125.json,run,.json,7064
run/state/turn_0125_decision_0001.json,run,.json,7071
run/state/turn_0125_decision_0002.json,run,.json,7071
run/state/turn_0125_decision_0003.json,run,.json,7072
run/state/turn_0126.json,run,.json,7065
run/state/turn_0126_decision_0001.json,run,.json,7072
run/state/turn_0126_decision_0002.json,run,.json,7073
run/state/turn_0126_decision_0003.json,run,.json,7072
run/state/turn_0126_decision_0004.json,run,.json,7071
run/state/turn_0126_decision_0005.json,run,.json,7069
run/state/turn_0126_decision_0006.json,run,.json,7408
run/state/turn_0126_decision_0007.json,run,.json,7069
run/state/turn_0126_decision_0008.json,run,.json,7415
run/state/turn_0126_decision_0009.json,run,.json,7841
run/state/turn_0126_decision_0010.json,run,.json,8271
run/state/turn_0126_decision_0011.json,run,.json,7069
run/state/turn_0126_decision_0012.json,run,.json,7422
run/state/turn_0126_decision_0013.json,run,.json,7093
run/state/turn_0126_decision_0014.json,run,.json,7432
run/state/turn_0126_decision_0015.json,run,.json,7077
run/state/turn_0126_decision_0016.json,run,.json,7077
run/state/turn_0127.json,run,.json,7071
run/state/turn_0127_decision_0001.json,run,.json,7078
run/state/turn_0127_decision_0002.json,run,.json,7078
run/state/turn_0127_decision_0003.json,run,.json,7078
run/state/turn_0127_decision_0004.json,run,.json,7078
run/state/turn_0128.json,run,.json,7071
run/state/turn_0129.json,run,.json,7077
run/state/turn_0129_decision_0001.json,run,.json,7085
run/state/turn_0130.json,run,.json,7078
run/state/turn_0130_decision_0001.json,run,.json,7085
run/state/turn_0131.json,run,.json,7064
run/state/turn_0131_decision_0001.json,run,.json,7070
run/state/turn_0132.json,run,.json,7069
run/state/turn_0132_decision_0001.json,run,.json,7076
run/state/turn_0132_decision_0002.json,run,.json,7380
run/state/turn_0132_decision_0003.json,run,.json,7480
run/state/turn_0132_decision_0004.json,run,.json,7541
run/state/turn_0132_decision_0005.json,run,.json,7597
run/state/turn_0132_decision_0006.json,run,.json,7643
run/state/turn_0132_decision_0007.json,run,.json,7096
run/state/turn_0132_decision_0008.json,run,.json,7096
run/state/turn_0132_decision_0009.json,run,.json,7421
run/state/turn_0132_decision_0010.json,run,.json,7085
run/state/turn_0132_decision_0011.json,run,.json,7438
run/state/turn_0132_decision_0012.json,run,.json,7085
run/state/turn_0132_decision_0013.json,run,.json,7438
run/state/turn_0132_decision_0014.json,run,.json,7085
run/state/turn_0132_decision_0015.json,run,.json,7420
run/state/turn_0132_decision_0016.json,run,.json,7085
run/state/turn_0132_decision_0017.json,run,.json,7438
run/state/turn_0132_decision_0018.json,run,.json,7085
run/state/turn_0132_decision_0019.json,run,.json,7403
run/state/turn_0132_decision_0020.json,run,.json,7085
run/state/turn_0132_decision_0021.json,run,.json,7410
run/state/turn_0132_decision_0022.json,run,.json,7085
run/state/turn_0132_decision_0023.json,run,.json,7414
run/state/turn_0132_decision_0024.json,run,.json,7806
run/state/turn_0132_decision_0025.json,run,.json,8202
run/state/turn_0132_decision_0026.json,run,.json,8399
run/state/turn_0132_decision_0027.json,run,.json,7083
run/state/turn_0133.json,run,.json,7077
run/state/turn_0133_decision_0001.json,run,.json,7084
run/state/turn_0133_decision_0002.json,run,.json,7085
run/state/turn_0133_decision_0003.json,run,.json,7085
run/state/turn_0134.json,run,.json,7085
run/state/turn_0134_decision_0001.json,run,.json,7092
run/state/turn_0135.json,run,.json,7071
run/state/turn_0135_decision_0001.json,run,.json,7077
run/state/turn_0135_decision_0002.json,run,.json,7077
run/state/turn_0135_decision_0003.json,run,.json,7075
run/state/turn_0136.json,run,.json,7068
run/state/turn_0136_decision_0001.json,run,.json,7076
run/state/turn_0137.json,run,.json,7075
run/state/turn_0137_decision_0001.json,run,.json,7081
run/state/turn_0137_decision_0002.json,run,.json,7398
run/state/turn_0137_decision_0003.json,run,.json,7081
run/state/turn_0137_decision_0004.json,run,.json,7398
run/state/turn_0137_decision_0005.json,run,.json,7081
run/state/turn_0137_decision_0006.json,run,.json,7417
run/state/turn_0137_decision_0007.json,run,.json,7809
run/state/turn_0137_decision_0008.json,run,.json,8219
run/state/turn_0137_decision_0009.json,run,.json,8416
run/state/turn_0137_decision_0010.json,run,.json,8621
run/state/turn_0137_decision_0011.json,run,.json,7098
run/state/turn_0137_decision_0012.json,run,.json,7433
run/state/turn_0137_decision_0013.json,run,.json,7098
run/state/turn_0137_decision_0014.json,run,.json,7403
run/state/turn_0137_decision_0015.json,run,.json,7098
run/state/turn_0137_decision_0016.json,run,.json,7451
run/state/turn_0137_decision_0017.json,run,.json,7098
run/state/turn_0137_decision_0018.json,run,.json,7451
run/state/turn_0137_decision_0019.json,run,.json,7098
run/state/turn_0137_decision_0020.json,run,.json,7442
run/state/turn_0137_decision_0021.json,run,.json,7098
run/state/turn_0137_decision_0022.json,run,.json,7411
run/state/turn_0137_decision_0023.json,run,.json,7098
run/state/turn_0137_decision_0024.json,run,.json,7404
run/state/turn_0137_decision_0025.json,run,.json,7098
run/state/turn_0137_decision_0026.json,run,.json,7403
run/state/turn_0137_decision_0027.json,run,.json,7098
run/state/turn_0137_decision_0028.json,run,.json,7439
run/state/turn_0137_decision_0029.json,run,.json,7098
run/state/turn_0137_decision_0030.json,run,.json,7433
run/state/turn_0137_decision_0031.json,run,.json,7098
run/state/turn_0137_decision_0032.json,run,.json,7431
run/state/turn_0137_decision_0033.json,run,.json,7098
run/state/turn_0137_decision_0034.json,run,.json,7391
run/state/turn_0137_decision_0035.json,run,.json,7098
run/state/turn_0137_decision_0036.json,run,.json,7416
run/state/turn_0137_decision_0037.json,run,.json,7098
run/state/turn_0137_decision_0038.json,run,.json,7385
run/state/turn_0137_decision_0039.json,run,.json,7098
run/state/turn_0137_decision_0040.json,run,.json,7384
run/state/turn_0137_decision_0041.json,run,.json,7098
run/state/turn_0137_decision_0042.json,run,.json,7398
run/state/turn_0137_decision_0043.json,run,.json,7098
run/state/turn_0137_decision_0044.json,run,.json,7391
run/state/turn_0137_decision_0045.json,run,.json,7098
run/state/turn_0137_decision_0046.json,run,.json,7384
run/state/turn_0137_decision_0047.json,run,.json,7098
run/state/turn_0137_decision_0048.json,run,.json,7384
run/state/turn_0137_decision_0049.json,run,.json,7098
run/state/turn_0137_decision_0050.json,run,.json,7407
run/state/turn_0137_decision_0051.json,run,.json,7098
run/state/turn_0138.json,run,.json,7092
run/state/turn_0138_decision_0001.json,run,.json,7099
run/state/turn_0138_decision_0002.json,run,.json,7098
run/state/turn_0139.json,run,.json,7098
run/state/turn_0139_decision_0001.json,run,.json,7105
run/state/turn_0140.json,run,.json,7084
run/state/turn_0140_decision_0001.json,run,.json,7091
run/state/turn_0141.json,run,.json,7084
run/state/turn_0141_decision_0001.json,run,.json,7091
run/state/turn_0142.json,run,.json,7090
run/state/turn_0142_decision_0001.json,run,.json,7096
run/state/turn_0142_decision_0002.json,run,.json,7382
run/state/turn_0142_decision_0003.json,run,.json,7096
run/state/turn_0142_decision_0004.json,run,.json,7389
run/state/turn_0142_decision_0005.json,run,.json,7096
run/state/turn_0142_decision_0006.json,run,.json,7389
run/state/turn_0142_decision_0007.json,run,.json,7096
run/state/turn_0142_decision_0008.json,run,.json,7396
run/state/turn_0142_decision_0009.json,run,.json,7096
run/state/turn_0142_decision_0010.json,run,.json,7382
run/state/turn_0142_decision_0011.json,run,.json,7096
run/state/turn_0142_decision_0012.json,run,.json,7382
run/state/turn_0142_decision_0013.json,run,.json,7096
run/state/turn_0143.json,run,.json,7090
run/state/turn_0143_decision_0001.json,run,.json,7097
run/state/turn_0144.json,run,.json,7097
run/state/turn_0144_decision_0001.json,run,.json,7103
run/state/turn_0144_decision_0002.json,run,.json,7104
run/state/turn_0144_decision_0003.json,run,.json,7105
run/state/turn_0144_decision_0004.json,run,.json,7105
run/state/turn_0145.json,run,.json,7084
run/state/turn_0145_decision_0001.json,run,.json,7091
run/state/turn_0146.json,run,.json,7090
run/state/turn_0146_decision_0001.json,run,.json,7098
run/state/turn_0147.json,run,.json,7091
run/state/turn_0147_decision_0001.json,run,.json,7098
run/state/turn_0147_decision_0002.json,run,.json,7407
run/state/turn_0147_decision_0003.json,run,.json,7098
run/state/turn_0147_decision_0004.json,run,.json,7403
run/state/turn_0147_decision_0005.json,run,.json,7098
run/state/turn_0147_decision_0006.json,run,.json,7413
run/state/turn_0147_decision_0007.json,run,.json,7098
run/state/turn_0147_decision_0008.json,run,.json,7403
run/state/turn_0147_decision_0009.json,run,.json,7747
run/state/turn_0147_decision_0010.json,run,.json,7098
run/state/turn_0147_decision_0011.json,run,.json,7396
run/state/turn_0147_decision_0012.json,run,.json,7098
run/state/turn_0147_decision_0013.json,run,.json,7396
run/state/turn_0147_decision_0014.json,run,.json,7098
run/state/turn_0147_decision_0015.json,run,.json,7396
run/state/turn_0147_decision_0016.json,run,.json,7098
run/state/turn_0148.json,run,.json,7092
run/state/turn_0148_decision_0001.json,run,.json,7099
run/state/turn_0149.json,run,.json,7099
run/state/turn_0149_decision_0001.json,run,.json,7107
run/state/turn_0150.json,run,.json,7086
run/state/turn_0150_decision_0001.json,run,.json,7091
run/state/turn_0151.json,run,.json,7090
run/state/turn_0151_decision_0001.json,run,.json,7097
run/state/turn_0151_decision_0002.json,run,.json,7419
run/state/turn_0151_decision_0003.json,run,.json,7097
run/state/turn_0151_decision_0004.json,run,.json,7409
run/state/turn_0151_decision_0005.json,run,.json,7753
run/state/turn_0151_decision_0006.json,run,.json,8115
run/state/turn_0151_decision_0007.json,run,.json,7097
run/state/turn_0151_decision_0008.json,run,.json,7417
run/state/turn_0151_decision_0009.json,run,.json,7097
run/state/turn_0151_decision_0010.json,run,.json,7409
run/state/turn_0151_decision_0011.json,run,.json,7753
run/state/turn_0151_decision_0012.json,run,.json,8115
run/state/turn_0151_decision_0013.json,run,.json,8288
run/state/turn_0151_decision_0014.json,run,.json,8469
run/state/turn_0151_decision_0015.json,run,.json,7105
run/state/turn_0151_decision_0016.json,run,.json,7449
run/state/turn_0151_decision_0017.json,run,.json,7105
run/state/turn_0151_decision_0018.json,run,.json,7458
run/state/turn_0151_decision_0019.json,run,.json,7105
run/state/turn_0151_decision_0020.json,run,.json,7428
run/state/turn_0151_decision_0021.json,run,.json,7808
run/state/turn_0151_decision_0022.json,run,.json,8192
run/state/turn_0151_decision_0023.json,run,.json,7103
run/state/turn_0151_decision_0024.json,run,.json,7401
run/state/turn_0151_decision_0025.json,run,.json,7103
run/state/turn_0151_decision_0026.json,run,.json,7420
run/state/turn_0151_decision_0027.json,run,.json,7774
run/state/turn_0151_decision_0028.json,run,.json,8146
run/state/turn_0151_decision_0029.json,run,.json,8324
run/state/turn_0151_decision_0030.json,run,.json,8510
run/state/turn_0151_decision_0031.json,run,.json,7111
run/state/turn_0152.json,run,.json,7105
run/state/turn_0152_decision_0001.json,run,.json,7111
run/state/turn_0152_decision_0002.json,run,.json,7111
run/state/turn_0153.json,run,.json,7111
run/state/turn_0153_decision_0001.json,run,.json,7118
run/state/turn_0154.json,run,.json,7097
run/state/turn_0154_decision_0001.json,run,.json,7105
run/state/turn_0155.json,run,.json,7104
run/state/turn_0155_decision_0001.json,run,.json,7110
run/state/turn_0155_decision_0002.json,run,.json,7410
run/state/turn_0155_decision_0003.json,run,.json,7730
run/state/turn_0155_decision_0004.json,run,.json,7110
run/state/turn_0155_decision_0005.json,run,.json,7403
run/state/turn_0155_decision_0006.json,run,.json,7110
run/state/turn_0155_decision_0007.json,run,.json,7408
run/state/turn_0155_decision_0008.json,run,.json,7110
run/state/turn_0155_decision_0009.json,run,.json,7422
run/state/turn_0155_decision_0010.json,run,.json,7110
run/state/turn_0155_decision_0011.json,run,.json,7426
run/state/turn_0155_decision_0012.json,run,.json,7110
run/state/turn_0155_decision_0013.json,run,.json,7403
run/state/turn_0155_decision_0014.json,run,.json,7110
run/state/turn_0155_decision_0015.json,run,.json,7415
run/state/turn_0155_decision_0016.json,run,.json,7110
run/state/turn_0155_decision_0017.json,run,.json,7410
run/state/turn_0155_decision_0018.json,run,.json,7110
run/state/turn_0155_decision_0019.json,run,.json,7415
run/state/turn_0155_decision_0020.json,run,.json,7110
run/state/turn_0156.json,run,.json,7104
run/state/turn_0156_decision_0001.json,run,.json,7111
run/state/turn_0157.json,run,.json,7149
run/state/turn_0158.json,run,.json,7134
run/state/turn_0158_decision_0001.json,run,.json,7141
run/state/turn_0159.json,run,.json,7140
run/state/turn_0159_decision_0001.json,run,.json,7148
run/state/turn_0159_decision_0002.json,run,.json,7460
run/state/turn_0159_decision_0003.json,run,.json,7156
run/state/turn_0159_decision_0004.json,run,.json,7442
run/state/turn_0159_decision_0005.json,run,.json,7156
run/state/turn_0159_decision_0006.json,run,.json,7456
run/state/turn_0159_decision_0007.json,run,.json,7156
run/state/turn_0159_decision_0008.json,run,.json,7456
run/state/turn_0159_decision_0009.json,run,.json,7156
run/state/turn_0159_decision_0010.json,run,.json,7442
run/state/turn_0159_decision_0011.json,run,.json,7156
run/state/turn_0160.json,run,.json,7157
run/state/turn_0160_decision_0001.json,run,.json,7164
run/state/turn_0160_decision_0002.json,run,.json,7165
run/state/turn_0160_decision_0003.json,run,.json,7162
run/state/turn_0161.json,run,.json,7141
run/state/turn_0161_decision_0001.json,run,.json,7148
run/state/turn_0162.json,run,.json,7147
run/state/turn_0162_decision_0001.json,run,.json,7155
run/state/turn_0162_decision_0002.json,run,.json,7454
run/state/turn_0162_decision_0003.json,run,.json,7155
run/state/turn_0163.json,run,.json,7148
run/state/turn_0163_decision_0001.json,run,.json,7155
run/state/turn_0164.json,run,.json,7173
run/state/turn_0164_decision_0001.json,run,.json,7180
run/state/turn_0165.json,run,.json,7159
run/state/turn_0165_decision_0001.json,run,.json,7165
run/state/turn_0166.json,run,.json,7172
run/state/turn_0166_decision_0001.json,run,.json,7179
run/state/turn_0167.json,run,.json,7158
run/state/turn_0167_decision_0001.json,run,.json,7165
run/state/turn_0168.json,run,.json,7172
run/state/turn_0168_decision_0001.json,run,.json,7178
run/state/turn_0168_decision_0002.json,run,.json,7178
run/state/turn_0169.json,run,.json,7157
run/state/turn_0169_decision_0001.json,run,.json,7165
run/state/turn_0170.json,run,.json,7172
run/state/turn_0170_decision_0001.json,run,.json,7180
run/state/turn_0171.json,run,.json,7159
run/state/turn_0171_decision_0001.json,run,.json,7166
run/state/turn_0171_decision_0002.json,run,.json,7168
run/state/turn_0172.json,run,.json,7261
run/state_replay_report.json,run,.json,1305
run/summary.json,run,.json,6945
run/timeline.json,run,.json,1033012
run/trace_findings.jsonl,run,.jsonl,563051
run/trace_summary.json,run,.json,1449
run/turn_index.json,run,.json,60888
run/usage.json,run,.json,3612
run/usage_attempts.jsonl,run,.jsonl,642316
run/usage_decisions.jsonl,run,.jsonl,479428
