relative_path,area,extension,size_bytes
quality_check/decision_mock-83265-81ed4937-dec-000000_request.txt,quality_check,.txt,4885
quality_check/decision_mock-83265-81ed4937-dec-000000_response.txt,quality_check,.txt,1237
quality_check/decision_mock-83265-81ed4937-dec-000001_request.txt,quality_check,.txt,6540
quality_check/decision_mock-83265-81ed4937-dec-000001_response.txt,quality_check,.txt,3550
quality_check/decision_mock-83265-81ed4937-dec-000002_request.txt,quality_check,.txt,5387
quality_check/decision_mock-83265-81ed4937-dec-000002_response.txt,quality_check,.txt,2364
quality_check/decision_mock-83265-81ed4937-dec-000003_request.txt,quality_check,.txt,7112
quality_check/decision_mock-83265-81ed4937-dec-000003_response.txt,quality_check,.txt,2130
quality_check/decision_mock-83265-81ed4937-dec-000004_request.txt,quality_check,.txt,6734
quality_check/decision_mock-83265-81ed4937-dec-000004_response.txt,quality_check,.txt,3078
quality_check/decision_mock-83265-81ed4937-dec-000005_request.txt,quality_check,.txt,7037
quality_check/decision_mock-83265-81ed4937-dec-000005_response.txt,quality_check,.txt,2745
quality_check/decision_mock-83265-81ed4937-dec-000006_request.txt,quality_check,.txt,7030
quality_check/decision_mock-83265-81ed4937-dec-000006_response.txt,quality_check,.txt,3393
quality_check/decision_mock-83265-81ed4937-dec-000007_request.txt,quality_check,.txt,6669
quality_check/decision_mock-83265-81ed4937-dec-000007_response.txt,quality_check,.txt,2594
quality_check/decision_mock-83265-81ed4937-dec-000008_request.txt,quality_check,.txt,8359
quality_check/decision_mock-83265-81ed4937-dec-000008_response.txt,quality_check,.txt,3492
quality_check/decision_mock-83265-81ed4937-dec-000009_request.txt,quality_check,.txt,7321
quality_check/decision_mock-83265-81ed4937-dec-000009_response.txt,quality_check,.txt,3232
quality_check/decision_mock-83265-81ed4937-dec-000010_request.txt,quality_check,.txt,9220
quality_check/decision_mock-83265-81ed4937-dec-000010_response.txt,quality_check,.txt,2761
quality_check/decision_mock-83265-81ed4937-dec-000011_request.txt,quality_check,.txt,8717
quality_check/decision_mock-83265-81ed4937-dec-000011_response.txt,quality_check,.txt,3299
quality_check/decision_mock-83265-81ed4937-dec-000012_request.txt,quality_check,.txt,8334
quality_check/decision_mock-83265-81ed4937-dec-000012_response.txt,quality_check,.txt,3236
quality_check/decision_mock-83265-81ed4937-dec-000013_request.txt,quality_check,.txt,9985
quality_check/decision_mock-83265-81ed4937-dec-000013_response.txt,quality_check,.txt,3112
quality_check/decision_mock-83265-81ed4937-dec-000014_request.txt,quality_check,.txt,9100
quality_check/decision_mock-83265-81ed4937-dec-000014_response.txt,quality_check,.txt,4578
quality_check/decision_mock-83265-81ed4937-dec-000014_retry1_request.txt,quality_check,.txt,9250
quality_check/decision_mock-83265-81ed4937-dec-000014_retry1_response.txt,quality_check,.txt,3535
quality_check/decision_mock-83265-81ed4937-dec-000015_request.txt,quality_check,.txt,8949
quality_check/decision_mock-83265-81ed4937-dec-000015_response.txt,quality_check,.txt,3559
quality_check/decision_mock-83265-81ed4937-dec-000016_request.txt,quality_check,.txt,10695
quality_check/decision_mock-83265-81ed4937-dec-000016_response.txt,quality_check,.txt,9449
quality_check/decision_mock-83265-81ed4937-dec-000017_request.txt,quality_check,.txt,10053
quality_check/decision_mock-83265-81ed4937-dec-000017_response.txt,quality_check,.txt,3054
quality_check/decision_mock-83265-81ed4937-dec-000018_request.txt,quality_check,.txt,11988
quality_check/decision_mock-83265-81ed4937-dec-000018_response.txt,quality_check,.txt,3044
quality_check/decision_mock-83265-81ed4937-dec-000019_request.txt,quality_check,.txt,10271
quality_check/decision_mock-83265-81ed4937-dec-000019_response.txt,quality_check,.txt,2812
quality_check/decision_mock-83265-81ed4937-dec-000020_request.txt,quality_check,.txt,11842
quality_check/decision_mock-83265-81ed4937-dec-000020_response.txt,quality_check,.txt,3100
quality_check/decision_mock-83265-81ed4937-dec-000021_request.txt,quality_check,.txt,9592
quality_check/decision_mock-83265-81ed4937-dec-000021_response.txt,quality_check,.txt,4043
quality_check/decision_mock-83265-81ed4937-dec-000022_request.txt,quality_check,.txt,11086
quality_check/decision_mock-83265-81ed4937-dec-000022_response.txt,quality_check,.txt,3710
quality_check/decision_mock-83265-81ed4937-dec-000023_request.txt,quality_check,.txt,10369
quality_check/decision_mock-83265-81ed4937-dec-000023_response.txt,quality_check,.txt,3610
quality_check/decision_mock-83265-81ed4937-dec-000024_request.txt,quality_check,.txt,11986
quality_check/decision_mock-83265-81ed4937-dec-000024_response.txt,quality_check,.txt,7070
quality_check/decision_mock-83265-81ed4937-dec-000025_request.txt,quality_check,.txt,12210
quality_check/decision_mock-83265-81ed4937-dec-000025_response.txt,quality_check,.txt,3974
quality_check/decision_mock-83265-81ed4937-dec-000026_request.txt,quality_check,.txt,11559
quality_check/decision_mock-83265-81ed4937-dec-000026_response.txt,quality_check,.txt,3172
quality_check/decision_mock-83265-81ed4937-dec-000027_request.txt,quality_check,.txt,13283
quality_check/decision_mock-83265-81ed4937-dec-000027_response.txt,quality_check,.txt,5140
quality_check/decision_mock-83265-81ed4937-dec-000028_request.txt,quality_check,.txt,12276
quality_check/decision_mock-83265-81ed4937-dec-000028_response.txt,quality_check,.txt,3325
quality_check/decision_mock-83265-81ed4937-dec-000029_request.txt,quality_check,.txt,10298
quality_check/decision_mock-83265-81ed4937-dec-000029_response.txt,quality_check,.txt,4613
quality_check/decision_mock-83265-81ed4937-dec-000030_request.txt,quality_check,.txt,11949
quality_check/decision_mock-83265-81ed4937-dec-000030_response.txt,quality_check,.txt,4898
quality_check/decision_mock-83265-81ed4937-dec-000030_retry1_request.txt,quality_check,.txt,12099
quality_check/decision_mock-83265-81ed4937-dec-000030_retry1_response.txt,quality_check,.txt,3689
quality_check/decision_mock-83265-81ed4937-dec-000031_request.txt,quality_check,.txt,11434
quality_check/decision_mock-83265-81ed4937-dec-000031_response.txt,quality_check,.txt,3869
quality_check/decision_mock-83265-81ed4937-dec-000032_request.txt,quality_check,.txt,13054
quality_check/decision_mock-83265-81ed4937-dec-000032_response.txt,quality_check,.txt,6761
quality_check/decision_mock-83265-81ed4937-dec-000033_request.txt,quality_check,.txt,12685
quality_check/decision_mock-83265-81ed4937-dec-000033_response.txt,quality_check,.txt,4120
quality_check/decision_mock-83265-81ed4937-dec-000034_request.txt,quality_check,.txt,14560
quality_check/decision_mock-83265-81ed4937-dec-000034_response.txt,quality_check,.txt,5955
quality_check/decision_mock-83265-81ed4937-dec-000035_request.txt,quality_check,.txt,12792
quality_check/decision_mock-83265-81ed4937-dec-000035_response.txt,quality_check,.txt,4178
quality_check/decision_mock-83265-81ed4937-dec-000036_request.txt,quality_check,.txt,12927
quality_check/decision_mock-83265-81ed4937-dec-000036_response.txt,quality_check,.txt,3815
quality_check/decision_mock-83265-81ed4937-dec-000037_request.txt,quality_check,.txt,11891
quality_check/decision_mock-83265-81ed4937-dec-000037_response.txt,quality_check,.txt,3589
quality_check/decision_mock-83265-81ed4937-dec-000038_request.txt,quality_check,.txt,13307
quality_check/decision_mock-83265-81ed4937-dec-000038_response.txt,quality_check,.txt,3876
quality_check/decision_mock-83265-81ed4937-dec-000039_request.txt,quality_check,.txt,12277
quality_check/decision_mock-83265-81ed4937-dec-000039_response.txt,quality_check,.txt,5278
quality_check/decision_mock-83265-81ed4937-dec-000039_retry1_request.txt,quality_check,.txt,12427
quality_check/decision_mock-83265-81ed4937-dec-000039_retry1_response.txt,quality_check,.txt,3682
quality_check/decision_mock-83265-81ed4937-dec-000040_request.txt,quality_check,.txt,11774
quality_check/decision_mock-83265-81ed4937-dec-000040_response.txt,quality_check,.txt,3399
quality_check/decision_mock-83265-81ed4937-dec-000041_request.txt,quality_check,.txt,13319
quality_check/decision_mock-83265-81ed4937-dec-000041_response.txt,quality_check,.txt,8461
quality_check/decision_mock-83265-81ed4937-dec-000042_request.txt,quality_check,.txt,14841
quality_check/decision_mock-83265-81ed4937-dec-000042_response.txt,quality_check,.txt,6424
quality_check/decision_mock-83265-81ed4937-dec-000043_request.txt,quality_check,.txt,13838
quality_check/decision_mock-83265-81ed4937-dec-000043_response.txt,quality_check,.txt,10104
quality_check/decision_mock-83265-81ed4937-dec-000044_request.txt,quality_check,.txt,15500
quality_check/decision_mock-83265-81ed4937-dec-000044_response.txt,quality_check,.txt,13787
quality_check/decision_mock-83265-81ed4937-dec-000045_request.txt,quality_check,.txt,14297
quality_check/decision_mock-83265-81ed4937-dec-000045_response.txt,quality_check,.txt,5728
quality_check/decision_mock-83265-81ed4937-dec-000046_request.txt,quality_check,.txt,15209
quality_check/decision_mock-83265-81ed4937-dec-000046_response.txt,quality_check,.txt,6232
quality_check/decision_mock-83265-81ed4937-dec-000047_request.txt,quality_check,.txt,15345
quality_check/decision_mock-83265-81ed4937-dec-000047_response.txt,quality_check,.txt,12985
quality_check/decision_mock-83265-81ed4937-dec-000048_request.txt,quality_check,.txt,16574
quality_check/decision_mock-83265-81ed4937-dec-000048_response.txt,quality_check,.txt,4488
quality_check/decision_mock-83265-81ed4937-dec-000049_request.txt,quality_check,.txt,15412
quality_check/decision_mock-83265-81ed4937-dec-000049_response.txt,quality_check,.txt,5815
quality_check/decision_mock-83265-81ed4937-dec-000050_request.txt,quality_check,.txt,16546
quality_check/decision_mock-83265-81ed4937-dec-000050_response.txt,quality_check,.txt,12920
quality_check/decision_mock-83265-81ed4937-dec-000051_request.txt,quality_check,.txt,15572
quality_check/decision_mock-83265-81ed4937-dec-000051_response.txt,quality_check,.txt,4879
quality_check/decision_mock-83265-81ed4937-dec-000052_request.txt,quality_check,.txt,16274
quality_check/decision_mock-83265-81ed4937-dec-000052_response.txt,quality_check,.txt,5796
quality_check/decision_mock-83265-81ed4937-dec-000053_request.txt,quality_check,.txt,15340
quality_check/decision_mock-83265-81ed4937-dec-000053_response.txt,quality_check,.txt,10944
quality_check/decision_mock-83265-81ed4937-dec-000054_request.txt,quality_check,.txt,16933
quality_check/decision_mock-83265-81ed4937-dec-000054_response.txt,quality_check,.txt,5833
quality_check/decision_mock-83265-81ed4937-dec-000055_request.txt,quality_check,.txt,15868
quality_check/decision_mock-83265-81ed4937-dec-000055_response.txt,quality_check,.txt,25941
quality_check/decision_mock-83265-81ed4937-dec-000056_request.txt,quality_check,.txt,15339
quality_check/decision_mock-83265-81ed4937-dec-000056_response.txt,quality_check,.txt,6757
quality_check/decision_mock-83265-81ed4937-dec-000057_request.txt,quality_check,.txt,15722
quality_check/decision_mock-83265-81ed4937-dec-000057_response.txt,quality_check,.txt,9164
quality_check/decision_mock-83265-81ed4937-dec-000058_request.txt,quality_check,.txt,16128
quality_check/decision_mock-83265-81ed4937-dec-000058_response.txt,quality_check,.txt,5402
quality_check/decision_mock-83265-81ed4937-dec-000059_request.txt,quality_check,.txt,16918
quality_check/decision_mock-83265-81ed4937-dec-000059_response.txt,quality_check,.txt,11788
quality_check/decision_mock-83265-81ed4937-dec-000060_request.txt,quality_check,.txt,17042
quality_check/decision_mock-83265-81ed4937-dec-000060_response.txt,quality_check,.txt,7862
quality_check/decision_mock-83265-81ed4937-dec-000061_request.txt,quality_check,.txt,18280
quality_check/decision_mock-83265-81ed4937-dec-000061_response.txt,quality_check,.txt,8659
quality_check/decision_mock-83265-81ed4937-dec-000062_request.txt,quality_check,.txt,17549
quality_check/decision_mock-83265-81ed4937-dec-000062_response.txt,quality_check,.txt,6908
quality_check/decision_mock-83265-81ed4937-dec-000063_request.txt,quality_check,.txt,15332
quality_check/decision_mock-83265-81ed4937-dec-000063_response.txt,quality_check,.txt,4829
quality_check/decision_mock-83265-81ed4937-dec-000064_request.txt,quality_check,.txt,17252
quality_check/decision_mock-83265-81ed4937-dec-000064_response.txt,quality_check,.txt,6116
quality_check/decision_mock-83265-81ed4937-dec-000065_request.txt,quality_check,.txt,15318
quality_check/decision_mock-83265-81ed4937-dec-000065_response.txt,quality_check,.txt,5930
quality_check/decision_mock-83265-81ed4937-dec-000066_request.txt,quality_check,.txt,17058
quality_check/decision_mock-83265-81ed4937-dec-000066_response.txt,quality_check,.txt,6126
quality_check/decision_mock-83265-81ed4937-dec-000067_request.txt,quality_check,.txt,18043
quality_check/decision_mock-83265-81ed4937-dec-000067_response.txt,quality_check,.txt,3074
quality_check/decision_mock-83265-81ed4937-dec-000068_request.txt,quality_check,.txt,17311
quality_check/decision_mock-83265-81ed4937-dec-000068_response.txt,quality_check,.txt,9573
quality_check/decision_mock-83265-81ed4937-dec-000069_request.txt,quality_check,.txt,16114
quality_check/decision_mock-83265-81ed4937-dec-000069_response.txt,quality_check,.txt,6313
quality_check/decision_mock-83265-81ed4937-dec-000070_request.txt,quality_check,.txt,18150
quality_check/decision_mock-83265-81ed4937-dec-000070_response.txt,quality_check,.txt,4637
quality_check/decision_mock-83265-81ed4937-dec-000071_request.txt,quality_check,.txt,17533
quality_check/decision_mock-83265-81ed4937-dec-000071_response.txt,quality_check,.txt,9315
quality_check/decision_mock-83265-81ed4937-dec-000072_request.txt,quality_check,.txt,16331
quality_check/decision_mock-83265-81ed4937-dec-000072_response.txt,quality_check,.txt,3667
quality_check/decision_mock-83265-81ed4937-dec-000073_request.txt,quality_check,.txt,17254
quality_check/decision_mock-83265-81ed4937-dec-000073_response.txt,quality_check,.txt,4113
quality_check/decision_mock-83265-81ed4937-dec-000074_request.txt,quality_check,.txt,16713
quality_check/decision_mock-83265-81ed4937-dec-000074_response.txt,quality_check,.txt,5229
quality_check/decision_mock-83265-81ed4937-dec-000075_request.txt,quality_check,.txt,18141
quality_check/decision_mock-83265-81ed4937-dec-000075_response.txt,quality_check,.txt,6403
quality_check/decision_mock-83265-81ed4937-dec-000076_request.txt,quality_check,.txt,17730
quality_check/decision_mock-83265-81ed4937-dec-000076_response.txt,quality_check,.txt,4545
quality_check/decision_mock-83265-81ed4937-dec-000077_request.txt,quality_check,.txt,15493
quality_check/decision_mock-83265-81ed4937-dec-000077_response.txt,quality_check,.txt,4228
quality_check/decision_mock-83265-81ed4937-dec-000078_request.txt,quality_check,.txt,15358
quality_check/decision_mock-83265-81ed4937-dec-000078_response.txt,quality_check,.txt,3782
quality_check/decision_mock-83265-81ed4937-dec-000079_request.txt,quality_check,.txt,15184
quality_check/decision_mock-83265-81ed4937-dec-000079_response.txt,quality_check,.txt,6038
quality_check/decision_mock-83265-81ed4937-dec-000080_request.txt,quality_check,.txt,14072
quality_check/decision_mock-83265-81ed4937-dec-000080_response.txt,quality_check,.txt,5137
quality_check/decision_mock-83265-81ed4937-dec-000081_request.txt,quality_check,.txt,12770
quality_check/decision_mock-83265-81ed4937-dec-000081_response.txt,quality_check,.txt,3611
quality_check/decision_mock-83265-81ed4937-dec-000082_request.txt,quality_check,.txt,15328
quality_check/decision_mock-83265-81ed4937-dec-000082_response.txt,quality_check,.txt,7505
quality_check/decision_mock-83265-81ed4937-dec-000083_request.txt,quality_check,.txt,13207
quality_check/decision_mock-83265-81ed4937-dec-000083_response.txt,quality_check,.txt,4191
quality_check/decision_mock-83265-81ed4937-dec-000084_request.txt,quality_check,.txt,12688
quality_check/decision_mock-83265-81ed4937-dec-000084_response.txt,quality_check,.txt,6343
quality_check/decision_mock-83265-81ed4937-dec-000085_request.txt,quality_check,.txt,12821
quality_check/decision_mock-83265-81ed4937-dec-000085_response.txt,quality_check,.txt,3812
quality_check/decision_mock-83265-81ed4937-dec-000086_request.txt,quality_check,.txt,15284
quality_check/decision_mock-83265-81ed4937-dec-000086_response.txt,quality_check,.txt,4746
quality_check/decision_mock-83265-81ed4937-dec-000087_request.txt,quality_check,.txt,13060
quality_check/decision_mock-83265-81ed4937-dec-000087_response.txt,quality_check,.txt,4004
quality_check/decision_mock-83265-81ed4937-dec-000088_request.txt,quality_check,.txt,15307
quality_check/decision_mock-83265-81ed4937-dec-000088_response.txt,quality_check,.txt,9829
quality_check/decision_mock-83265-81ed4937-dec-000089_request.txt,quality_check,.txt,13114
quality_check/decision_mock-83265-81ed4937-dec-000089_response.txt,quality_check,.txt,4346
quality_check/decision_mock-83265-81ed4937-dec-000090_request.txt,quality_check,.txt,15525
quality_check/decision_mock-83265-81ed4937-dec-000090_response.txt,quality_check,.txt,18863
quality_check/decision_mock-83265-81ed4937-dec-000091_request.txt,quality_check,.txt,14038
quality_check/decision_mock-83265-81ed4937-dec-000091_response.txt,quality_check,.txt,5673
quality_check/decision_mock-83265-81ed4937-dec-000092_request.txt,quality_check,.txt,14725
quality_check/decision_mock-83265-81ed4937-dec-000092_response.txt,quality_check,.txt,5595
quality_check/decision_mock-83265-81ed4937-dec-000093_request.txt,quality_check,.txt,14172
quality_check/decision_mock-83265-81ed4937-dec-000093_response.txt,quality_check,.txt,6617
quality_check/decision_mock-83265-81ed4937-dec-000094_request.txt,quality_check,.txt,15525
quality_check/decision_mock-83265-81ed4937-dec-000094_response.txt,quality_check,.txt,3492
quality_check/decision_mock-83265-81ed4937-dec-000095_request.txt,quality_check,.txt,16739
quality_check/decision_mock-83265-81ed4937-dec-000095_response.txt,quality_check,.txt,13975
quality_check/decision_mock-83265-81ed4937-dec-000096_request.txt,quality_check,.txt,14374
quality_check/decision_mock-83265-81ed4937-dec-000096_response.txt,quality_check,.txt,9373
quality_check/decision_mock-83265-81ed4937-dec-000096_retry1_request.txt,quality_check,.txt,14555
quality_check/decision_mock-83265-81ed4937-dec-000096_retry1_response.txt,quality_check,.txt,8851
quality_check/decision_mock-83265-81ed4937-dec-000097_request.txt,quality_check,.txt,17029
quality_check/decision_mock-83265-81ed4937-dec-000097_response.txt,quality_check,.txt,13479
quality_check/decision_mock-83265-81ed4937-dec-000098_request.txt,quality_check,.txt,15634
quality_check/decision_mock-83265-81ed4937-dec-000098_response.txt,quality_check,.txt,8366
quality_check/decision_mock-83265-81ed4937-dec-000099_request.txt,quality_check,.txt,15750
quality_check/decision_mock-83265-81ed4937-dec-000099_response.txt,quality_check,.txt,9554
quality_check/decision_mock-83265-81ed4937-dec-000100_request.txt,quality_check,.txt,17232
quality_check/decision_mock-83265-81ed4937-dec-000100_response.txt,quality_check,.txt,10150
quality_check/decision_mock-83265-81ed4937-dec-000100_retry1_request.txt,quality_check,.txt,18602
quality_check/decision_mock-83265-81ed4937-dec-000100_retry1_response.txt,quality_check,.txt,8287
quality_check/decision_mock-83265-81ed4937-dec-000101_request.txt,quality_check,.txt,15164
quality_check/decision_mock-83265-81ed4937-dec-000101_response.txt,quality_check,.txt,9882
quality_check/decision_mock-83265-81ed4937-dec-000102_request.txt,quality_check,.txt,18043
quality_check/decision_mock-83265-81ed4937-dec-000102_response.txt,quality_check,.txt,10242
quality_check/decision_mock-83265-81ed4937-dec-000103_request.txt,quality_check,.txt,15752
quality_check/decision_mock-83265-81ed4937-dec-000103_response.txt,quality_check,.txt,3809
quality_check/decision_mock-83265-81ed4937-dec-000104_request.txt,quality_check,.txt,16579
quality_check/decision_mock-83265-81ed4937-dec-000104_response.txt,quality_check,.txt,10638
quality_check/decision_mock-83265-81ed4937-dec-000105_request.txt,quality_check,.txt,13887
quality_check/decision_mock-83265-81ed4937-dec-000105_response.txt,quality_check,.txt,5082
quality_check/decision_mock-83265-81ed4937-dec-000106_request.txt,quality_check,.txt,15357
quality_check/decision_mock-83265-81ed4937-dec-000106_response.txt,quality_check,.txt,4723
quality_check/decision_mock-83265-81ed4937-dec-000107_request.txt,quality_check,.txt,13273
quality_check/decision_mock-83265-81ed4937-dec-000107_response.txt,quality_check,.txt,2761
quality_check/decision_mock-83265-81ed4937-dec-000108_request.txt,quality_check,.txt,16957
quality_check/decision_mock-83265-81ed4937-dec-000108_response.txt,quality_check,.txt,7827
quality_check/decision_mock-83265-81ed4937-dec-000109_request.txt,quality_check,.txt,14653
quality_check/decision_mock-83265-81ed4937-dec-000109_response.txt,quality_check,.txt,4057
quality_check/decision_mock-83265-81ed4937-dec-000110_request.txt,quality_check,.txt,14401
quality_check/decision_mock-83265-81ed4937-dec-000110_response.txt,quality_check,.txt,5778
quality_check/decision_mock-83265-81ed4937-dec-000111_request.txt,quality_check,.txt,14217
quality_check/decision_mock-83265-81ed4937-dec-000111_response.txt,quality_check,.txt,3947
quality_check/decision_mock-83265-81ed4937-dec-000112_request.txt,quality_check,.txt,17487
quality_check/decision_mock-83265-81ed4937-dec-000112_response.txt,quality_check,.txt,6424
quality_check/decision_mock-83265-81ed4937-dec-000113_request.txt,quality_check,.txt,15145
quality_check/decision_mock-83265-81ed4937-dec-000113_response.txt,quality_check,.txt,3865
quality_check/decision_mock-83265-81ed4937-dec-000114_request.txt,quality_check,.txt,15031
quality_check/decision_mock-83265-81ed4937-dec-000114_response.txt,quality_check,.txt,5812
quality_check/decision_mock-83265-81ed4937-dec-000115_request.txt,quality_check,.txt,17575
quality_check/decision_mock-83265-81ed4937-dec-000115_response.txt,quality_check,.txt,9293
quality_check/decision_mock-83265-81ed4937-dec-000116_request.txt,quality_check,.txt,15230
quality_check/decision_mock-83265-81ed4937-dec-000116_response.txt,quality_check,.txt,6304
quality_check/decision_mock-83265-81ed4937-dec-000117_request.txt,quality_check,.txt,15618
quality_check/decision_mock-83265-81ed4937-dec-000117_response.txt,quality_check,.txt,4314
quality_check/decision_mock-83265-81ed4937-dec-000118_request.txt,quality_check,.txt,19058
quality_check/decision_mock-83265-81ed4937-dec-000118_response.txt,quality_check,.txt,16001
quality_check/decision_mock-83265-81ed4937-dec-000119_request.txt,quality_check,.txt,19516
quality_check/decision_mock-83265-81ed4937-dec-000119_response.txt,quality_check,.txt,6814
quality_check/decision_mock-83265-81ed4937-dec-000120_request.txt,quality_check,.txt,16623
quality_check/decision_mock-83265-81ed4937-dec-000120_response.txt,quality_check,.txt,11607
quality_check/decision_mock-83265-81ed4937-dec-000121_request.txt,quality_check,.txt,16524
quality_check/decision_mock-83265-81ed4937-dec-000121_response.txt,quality_check,.txt,4092
quality_check/decision_mock-83265-81ed4937-dec-000122_request.txt,quality_check,.txt,13905
quality_check/decision_mock-83265-81ed4937-dec-000122_response.txt,quality_check,.txt,5883
quality_check/decision_mock-83265-81ed4937-dec-000123_request.txt,quality_check,.txt,13525
quality_check/decision_mock-83265-81ed4937-dec-000123_response.txt,quality_check,.txt,5736
quality_check/decision_mock-83265-81ed4937-dec-000124_request.txt,quality_check,.txt,16625
quality_check/decision_mock-83265-81ed4937-dec-000124_response.txt,quality_check,.txt,3341
quality_check/decision_mock-83265-81ed4937-dec-000125_request.txt,quality_check,.txt,14460
quality_check/decision_mock-83265-81ed4937-dec-000125_response.txt,quality_check,.txt,3179
quality_check/decision_mock-83265-81ed4937-dec-000126_request.txt,quality_check,.txt,14425
quality_check/decision_mock-83265-81ed4937-dec-000126_response.txt,quality_check,.txt,4530
quality_check/decision_mock-83265-81ed4937-dec-000127_request.txt,quality_check,.txt,15207
quality_check/decision_mock-83265-81ed4937-dec-000127_response.txt,quality_check,.txt,5915
quality_check/decision_mock-83265-81ed4937-dec-000128_request.txt,quality_check,.txt,12901
quality_check/decision_mock-83265-81ed4937-dec-000128_response.txt,quality_check,.txt,3217
quality_check/decision_mock-83265-81ed4937-dec-000129_request.txt,quality_check,.txt,16137
quality_check/decision_mock-83265-81ed4937-dec-000129_response.txt,quality_check,.txt,7312
quality_check/decision_mock-83265-81ed4937-dec-000130_request.txt,quality_check,.txt,14123
quality_check/decision_mock-83265-81ed4937-dec-000130_response.txt,quality_check,.txt,4191
quality_check/decision_mock-83265-81ed4937-dec-000131_request.txt,quality_check,.txt,13880
quality_check/decision_mock-83265-81ed4937-dec-000131_response.txt,quality_check,.txt,6059
quality_check/decision_mock-83265-81ed4937-dec-000132_request.txt,quality_check,.txt,13318
quality_check/decision_mock-83265-81ed4937-dec-000132_response.txt,quality_check,.txt,4799
quality_check/decision_mock-83265-81ed4937-dec-000133_request.txt,quality_check,.txt,13955
quality_check/decision_mock-83265-81ed4937-dec-000133_response.txt,quality_check,.txt,6046
quality_check/decision_mock-83265-81ed4937-dec-000134_request.txt,quality_check,.txt,13418
quality_check/decision_mock-83265-81ed4937-dec-000134_response.txt,quality_check,.txt,8545
quality_check/decision_mock-83265-81ed4937-dec-000134_retry1_request.txt,quality_check,.txt,13589
quality_check/decision_mock-83265-81ed4937-dec-000134_retry1_response.txt,quality_check,.txt,3662
quality_check/decision_mock-83265-81ed4937-dec-000135_request.txt,quality_check,.txt,14799
quality_check/decision_mock-83265-81ed4937-dec-000135_response.txt,quality_check,.txt,4279
quality_check/decision_mock-83265-81ed4937-dec-000136_request.txt,quality_check,.txt,15572
quality_check/decision_mock-83265-81ed4937-dec-000136_response.txt,quality_check,.txt,33288
quality_check/decision_mock-83265-81ed4937-dec-000137_request.txt,quality_check,.txt,16898
quality_check/decision_mock-83265-81ed4937-dec-000137_response.txt,quality_check,.txt,2570
quality_check/decision_mock-83265-81ed4937-dec-000138_request.txt,quality_check,.txt,15834
quality_check/decision_mock-83265-81ed4937-dec-000138_response.txt,quality_check,.txt,14433
quality_check/decision_mock-83265-81ed4937-dec-000139_request.txt,quality_check,.txt,14780
quality_check/decision_mock-83265-81ed4937-dec-000139_response.txt,quality_check,.txt,11883
quality_check/decision_mock-83265-81ed4937-dec-000140_request.txt,quality_check,.txt,14900
quality_check/decision_mock-83265-81ed4937-dec-000140_response.txt,quality_check,.txt,5048
quality_check/decision_mock-83265-81ed4937-dec-000141_request.txt,quality_check,.txt,14931
quality_check/decision_mock-83265-81ed4937-dec-000141_response.txt,quality_check,.txt,8685
quality_check/decision_mock-83265-81ed4937-dec-000142_request.txt,quality_check,.txt,15157
quality_check/decision_mock-83265-81ed4937-dec-000142_response.txt,quality_check,.txt,4272
quality_check/decision_mock-83265-81ed4937-dec-000143_request.txt,quality_check,.txt,15165
quality_check/decision_mock-83265-81ed4937-dec-000143_response.txt,quality_check,.txt,17406
quality_check/decision_mock-83265-81ed4937-dec-000144_request.txt,quality_check,.txt,15364
quality_check/decision_mock-83265-81ed4937-dec-000144_response.txt,quality_check,.txt,3605
quality_check/decision_mock-83265-81ed4937-dec-000145_request.txt,quality_check,.txt,15499
quality_check/decision_mock-83265-81ed4937-dec-000145_response.txt,quality_check,.txt,6336
quality_check/decision_mock-83265-81ed4937-dec-000146_request.txt,quality_check,.txt,18782
quality_check/decision_mock-83265-81ed4937-dec-000146_response.txt,quality_check,.txt,11624
quality_check/decision_mock-83265-81ed4937-dec-000147_request.txt,quality_check,.txt,18092
quality_check/decision_mock-83265-81ed4937-dec-000147_response.txt,quality_check,.txt,7096
quality_check/decision_mock-83265-81ed4937-dec-000148_request.txt,quality_check,.txt,16479
quality_check/decision_mock-83265-81ed4937-dec-000148_response.txt,quality_check,.txt,4237
quality_check/decision_mock-83265-81ed4937-dec-000149_request.txt,quality_check,.txt,15649
quality_check/decision_mock-83265-81ed4937-dec-000149_response.txt,quality_check,.txt,5931
quality_check/decision_mock-83265-81ed4937-dec-000150_request.txt,quality_check,.txt,14228
quality_check/decision_mock-83265-81ed4937-dec-000150_response.txt,quality_check,.txt,4602
quality_check/decision_mock-83265-81ed4937-dec-000151_request.txt,quality_check,.txt,13777
quality_check/decision_mock-83265-81ed4937-dec-000151_response.txt,quality_check,.txt,8284
quality_check/decision_mock-83265-81ed4937-dec-000152_request.txt,quality_check,.txt,16046
quality_check/decision_mock-83265-81ed4937-dec-000152_response.txt,quality_check,.txt,2437
quality_check/decision_mock-83265-81ed4937-dec-000153_request.txt,quality_check,.txt,14171
quality_check/decision_mock-83265-81ed4937-dec-000153_response.txt,quality_check,.txt,5806
quality_check/decision_mock-83265-81ed4937-dec-000154_request.txt,quality_check,.txt,14264
quality_check/decision_mock-83265-81ed4937-dec-000154_response.txt,quality_check,.txt,3139
quality_check/decision_mock-83265-81ed4937-dec-000155_request.txt,quality_check,.txt,13757
quality_check/decision_mock-83265-81ed4937-dec-000155_response.txt,quality_check,.txt,5774
quality_check/decision_mock-83265-81ed4937-dec-000156_request.txt,quality_check,.txt,14163
quality_check/decision_mock-83265-81ed4937-dec-000156_response.txt,quality_check,.txt,2891
quality_check/decision_mock-83265-81ed4937-dec-000157_request.txt,quality_check,.txt,13682
quality_check/decision_mock-83265-81ed4937-dec-000157_response.txt,quality_check,.txt,3395
quality_check/decision_mock-83265-81ed4937-dec-000158_request.txt,quality_check,.txt,13919
quality_check/decision_mock-83265-81ed4937-dec-000158_response.txt,quality_check,.txt,3726
quality_check/decision_mock-83265-81ed4937-dec-000159_request.txt,quality_check,.txt,13630
quality_check/decision_mock-83265-81ed4937-dec-000159_response.txt,quality_check,.txt,8722
quality_check/decision_mock-83265-81ed4937-dec-000160_request.txt,quality_check,.txt,13841
quality_check/decision_mock-83265-81ed4937-dec-000160_response.txt,quality_check,.txt,3221
quality_check/decision_mock-83265-81ed4937-dec-000161_request.txt,quality_check,.txt,13695
quality_check/decision_mock-83265-81ed4937-dec-000161_response.txt,quality_check,.txt,3044
quality_check/decision_mock-83265-81ed4937-dec-000162_request.txt,quality_check,.txt,13883
quality_check/decision_mock-83265-81ed4937-dec-000162_response.txt,quality_check,.txt,3738
quality_check/decision_mock-83265-81ed4937-dec-000163_request.txt,quality_check,.txt,13984
quality_check/decision_mock-83265-81ed4937-dec-000163_response.txt,quality_check,.txt,5737
quality_check/decision_mock-83265-81ed4937-dec-000164_request.txt,quality_check,.txt,13933
quality_check/decision_mock-83265-81ed4937-dec-000164_response.txt,quality_check,.txt,4133
quality_check/decision_mock-83265-81ed4937-dec-000165_request.txt,quality_check,.txt,14128
quality_check/decision_mock-83265-81ed4937-dec-000165_response.txt,quality_check,.txt,8902
quality_check/decision_mock-83265-81ed4937-dec-000166_request.txt,quality_check,.txt,14177
quality_check/decision_mock-83265-81ed4937-dec-000166_response.txt,quality_check,.txt,3833
quality_check/decision_mock-83265-81ed4937-dec-000167_request.txt,quality_check,.txt,14496
quality_check/decision_mock-83265-81ed4937-dec-000167_response.txt,quality_check,.txt,3534
quality_check/decision_mock-83265-81ed4937-dec-000168_request.txt,quality_check,.txt,14521
quality_check/decision_mock-83265-81ed4937-dec-000168_response.txt,quality_check,.txt,3419
quality_check/decision_mock-83265-81ed4937-dec-000169_request.txt,quality_check,.txt,14757
quality_check/decision_mock-83265-81ed4937-dec-000169_response.txt,quality_check,.txt,6364
quality_check/decision_mock-83265-81ed4937-dec-000170_request.txt,quality_check,.txt,14799
quality_check/decision_mock-83265-81ed4937-dec-000170_response.txt,quality_check,.txt,2954
quality_check/decision_mock-83265-81ed4937-dec-000171_request.txt,quality_check,.txt,14979
quality_check/decision_mock-83265-81ed4937-dec-000171_response.txt,quality_check,.txt,6449
quality_check/decision_mock-83265-81ed4937-dec-000172_request.txt,quality_check,.txt,14954
quality_check/decision_mock-83265-81ed4937-dec-000172_response.txt,quality_check,.txt,3054
quality_check/decision_mock-83265-81ed4937-dec-000173_request.txt,quality_check,.txt,15144
quality_check/decision_mock-83265-81ed4937-dec-000173_response.txt,quality_check,.txt,8150
quality_check/decision_mock-83265-81ed4937-dec-000174_request.txt,quality_check,.txt,15133
quality_check/decision_mock-83265-81ed4937-dec-000174_response.txt,quality_check,.txt,3672
quality_check/decision_mock-83265-81ed4937-dec-000175_request.txt,quality_check,.txt,15502
quality_check/decision_mock-83265-81ed4937-dec-000175_response.txt,quality_check,.txt,3233
quality_check/decision_mock-83265-81ed4937-dec-000176_request.txt,quality_check,.txt,15117
quality_check/decision_mock-83265-81ed4937-dec-000176_response.txt,quality_check,.txt,3004
quality_check/decision_mock-83265-81ed4937-dec-000177_request.txt,quality_check,.txt,14822
quality_check/decision_mock-83265-81ed4937-dec-000177_response.txt,quality_check,.txt,15757
quality_check/decision_mock-83265-81ed4937-dec-000178_request.txt,quality_check,.txt,14714
quality_check/decision_mock-83265-81ed4937-dec-000178_response.txt,quality_check,.txt,4717
quality_check/decision_mock-83265-81ed4937-dec-000179_request.txt,quality_check,.txt,14917
quality_check/decision_mock-83265-81ed4937-dec-000179_response.txt,quality_check,.txt,22446
quality_check/decision_mock-83265-81ed4937-dec-000180_request.txt,quality_check,.txt,14272
quality_check/decision_mock-83265-81ed4937-dec-000180_response.txt,quality_check,.txt,6432
quality_check/decision_mock-83265-81ed4937-dec-000181_request.txt,quality_check,.txt,15068
quality_check/decision_mock-83265-81ed4937-dec-000181_response.txt,quality_check,.txt,17435
quality_check/decision_mock-83265-81ed4937-dec-000182_request.txt,quality_check,.txt,15152
quality_check/decision_mock-83265-81ed4937-dec-000182_response.txt,quality_check,.txt,5408
quality_check/decision_mock-83265-81ed4937-dec-000183_request.txt,quality_check,.txt,13468
quality_check/decision_mock-83265-81ed4937-dec-000183_response.txt,quality_check,.txt,9431
quality_check/decision_mock-83265-81ed4937-dec-000184_request.txt,quality_check,.txt,14171
quality_check/decision_mock-83265-81ed4937-dec-000184_response.txt,quality_check,.txt,7437
quality_check/decision_mock-83265-81ed4937-dec-000185_request.txt,quality_check,.txt,13810
quality_check/decision_mock-83265-81ed4937-dec-000185_response.txt,quality_check,.txt,6067
quality_check/decision_mock-83265-81ed4937-dec-000186_request.txt,quality_check,.txt,15995
quality_check/decision_mock-83265-81ed4937-dec-000186_response.txt,quality_check,.txt,11894
quality_check/decision_mock-83265-81ed4937-dec-000186_retry1_request.txt,quality_check,.txt,16166
quality_check/decision_mock-83265-81ed4937-dec-000186_retry1_response.txt,quality_check,.txt,3819
quality_check/decision_mock-83265-81ed4937-dec-000187_request.txt,quality_check,.txt,13800
quality_check/decision_mock-83265-81ed4937-dec-000187_response.txt,quality_check,.txt,6634
quality_check/decision_mock-83265-81ed4937-dec-000188_request.txt,quality_check,.txt,14045
quality_check/decision_mock-83265-81ed4937-dec-000188_response.txt,quality_check,.txt,7996
quality_check/decision_mock-83265-81ed4937-dec-000189_request.txt,quality_check,.txt,14094
quality_check/decision_mock-83265-81ed4937-dec-000189_response.txt,quality_check,.txt,3444
quality_check/decision_mock-83265-81ed4937-dec-000190_request.txt,quality_check,.txt,17090
quality_check/decision_mock-83265-81ed4937-dec-000190_response.txt,quality_check,.txt,12644
quality_check/decision_mock-83265-81ed4937-dec-000191_request.txt,quality_check,.txt,15224
quality_check/decision_mock-83265-81ed4937-dec-000191_response.txt,quality_check,.txt,12583
quality_check/decision_mock-83265-81ed4937-dec-000192_request.txt,quality_check,.txt,15747
quality_check/decision_mock-83265-81ed4937-dec-000192_response.txt,quality_check,.txt,4523
quality_check/decision_mock-83265-81ed4937-dec-000193_request.txt,quality_check,.txt,15175
quality_check/decision_mock-83265-81ed4937-dec-000193_response.txt,quality_check,.txt,4248
quality_check/decision_mock-83265-81ed4937-dec-000194_request.txt,quality_check,.txt,15125
quality_check/decision_mock-83265-81ed4937-dec-000194_response.txt,quality_check,.txt,3753
quality_check/decision_mock-83265-81ed4937-dec-000195_request.txt,quality_check,.txt,15818
quality_check/decision_mock-83265-81ed4937-dec-000195_response.txt,quality_check,.txt,17953
quality_check/decision_mock-83265-81ed4937-dec-000196_request.txt,quality_check,.txt,14663
quality_check/decision_mock-83265-81ed4937-dec-000196_response.txt,quality_check,.txt,18511
quality_check/decision_mock-83265-81ed4937-dec-000197_request.txt,quality_check,.txt,14536
quality_check/decision_mock-83265-81ed4937-dec-000197_response.txt,quality_check,.txt,5109
quality_check/decision_mock-83265-81ed4937-dec-000198_request.txt,quality_check,.txt,14936
quality_check/decision_mock-83265-81ed4937-dec-000198_response.txt,quality_check,.txt,16173
quality_check/decision_mock-83265-81ed4937-dec-000199_request.txt,quality_check,.txt,14771
quality_check/decision_mock-83265-81ed4937-dec-000199_response.txt,quality_check,.txt,7230
quality_check/decision_mock-83265-81ed4937-dec-000200_request.txt,quality_check,.txt,15144
quality_check/decision_mock-83265-81ed4937-dec-000200_response.txt,quality_check,.txt,14986
quality_check/decision_mock-83265-81ed4937-dec-000201_request.txt,quality_check,.txt,14511
quality_check/decision_mock-83265-81ed4937-dec-000201_response.txt,quality_check,.txt,6892
quality_check/decision_mock-83265-81ed4937-dec-000202_request.txt,quality_check,.txt,15336
quality_check/decision_mock-83265-81ed4937-dec-000202_response.txt,quality_check,.txt,19585
quality_check/decision_mock-83265-81ed4937-dec-000203_request.txt,quality_check,.txt,15230
quality_check/decision_mock-83265-81ed4937-dec-000203_response.txt,quality_check,.txt,4984
quality_check/decision_mock-83265-81ed4937-dec-000204_request.txt,quality_check,.txt,15553
quality_check/decision_mock-83265-81ed4937-dec-000204_response.txt,quality_check,.txt,12546
quality_check/decision_mock-83265-81ed4937-dec-000205_request.txt,quality_check,.txt,16782
quality_check/decision_mock-83265-81ed4937-dec-000205_response.txt,quality_check,.txt,2876
quality_check/decision_mock-83265-81ed4937-dec-000206_request.txt,quality_check,.txt,15654
quality_check/decision_mock-83265-81ed4937-dec-000206_response.txt,quality_check,.txt,8939
quality_check/decision_mock-83265-81ed4937-dec-000207_request.txt,quality_check,.txt,18326
quality_check/decision_mock-83265-81ed4937-dec-000207_response.txt,quality_check,.txt,9055
quality_check/decision_mock-83265-81ed4937-dec-000208_request.txt,quality_check,.txt,17768
quality_check/decision_mock-83265-81ed4937-dec-000208_response.txt,quality_check,.txt,5080
quality_check/decision_mock-83265-81ed4937-dec-000209_request.txt,quality_check,.txt,17118
quality_check/decision_mock-83265-81ed4937-dec-000209_response.txt,quality_check,.txt,8017
quality_check/decision_mock-83265-81ed4937-dec-000210_request.txt,quality_check,.txt,16516
quality_check/decision_mock-83265-81ed4937-dec-000210_response.txt,quality_check,.txt,5168
quality_check/decision_mock-83265-81ed4937-dec-000211_request.txt,quality_check,.txt,14071
quality_check/decision_mock-83265-81ed4937-dec-000211_response.txt,quality_check,.txt,3576
quality_check/decision_mock-83265-81ed4937-dec-000212_request.txt,quality_check,.txt,14653
quality_check/decision_mock-83265-81ed4937-dec-000212_response.txt,quality_check,.txt,4852
quality_check/decision_mock-83265-81ed4937-dec-000213_request.txt,quality_check,.txt,14567
quality_check/decision_mock-83265-81ed4937-dec-000213_response.txt,quality_check,.txt,3679
quality_check/decision_mock-83265-81ed4937-dec-000214_request.txt,quality_check,.txt,16300
quality_check/decision_mock-83265-81ed4937-dec-000214_response.txt,quality_check,.txt,2536
quality_check/decision_mock-83265-81ed4937-dec-000215_request.txt,quality_check,.txt,14672
quality_check/decision_mock-83265-81ed4937-dec-000215_response.txt,quality_check,.txt,4284
quality_check/decision_mock-83265-81ed4937-dec-000216_request.txt,quality_check,.txt,14872
quality_check/decision_mock-83265-81ed4937-dec-000216_response.txt,quality_check,.txt,5734
quality_check/decision_mock-83265-81ed4937-dec-000217_request.txt,quality_check,.txt,14611
quality_check/decision_mock-83265-81ed4937-dec-000217_response.txt,quality_check,.txt,3467
quality_check/decision_mock-83265-81ed4937-dec-000218_request.txt,quality_check,.txt,14892
quality_check/decision_mock-83265-81ed4937-dec-000218_response.txt,quality_check,.txt,5358
quality_check/decision_mock-83265-81ed4937-dec-000219_request.txt,quality_check,.txt,14459
quality_check/decision_mock-83265-81ed4937-dec-000219_response.txt,quality_check,.txt,5222
quality_check/decision_mock-83265-81ed4937-dec-000220_request.txt,quality_check,.txt,14809
quality_check/decision_mock-83265-81ed4937-dec-000220_response.txt,quality_check,.txt,6190
quality_check/decision_mock-83265-81ed4937-dec-000221_request.txt,quality_check,.txt,14334
quality_check/decision_mock-83265-81ed4937-dec-000221_response.txt,quality_check,.txt,3342
quality_check/decision_mock-83265-81ed4937-dec-000222_request.txt,quality_check,.txt,15614
quality_check/decision_mock-83265-81ed4937-dec-000222_response.txt,quality_check,.txt,3141
quality_check/decision_mock-83265-81ed4937-dec-000223_request.txt,quality_check,.txt,15110
quality_check/decision_mock-83265-81ed4937-dec-000223_response.txt,quality_check,.txt,8139
quality_check/decision_mock-83265-81ed4937-dec-000224_request.txt,quality_check,.txt,15510
quality_check/decision_mock-83265-81ed4937-dec-000224_response.txt,quality_check,.txt,4442
quality_check/decision_mock-83265-81ed4937-dec-000225_request.txt,quality_check,.txt,13258
quality_check/decision_mock-83265-81ed4937-dec-000225_response.txt,quality_check,.txt,5716
quality_check/decision_mock-83265-81ed4937-dec-000226_request.txt,quality_check,.txt,15053
quality_check/decision_mock-83265-81ed4937-dec-000226_response.txt,quality_check,.txt,3803
quality_check/decision_mock-83265-81ed4937-dec-000227_request.txt,quality_check,.txt,13428
quality_check/decision_mock-83265-81ed4937-dec-000227_response.txt,quality_check,.txt,4047
quality_check/decision_mock-83265-81ed4937-dec-000228_request.txt,quality_check,.txt,13941
quality_check/decision_mock-83265-81ed4937-dec-000228_response.txt,quality_check,.txt,4115
quality_check/decision_mock-83265-81ed4937-dec-000229_request.txt,quality_check,.txt,13585
quality_check/decision_mock-83265-81ed4937-dec-000229_response.txt,quality_check,.txt,6494
quality_check/decision_mock-83265-81ed4937-dec-000230_request.txt,quality_check,.txt,13620
quality_check/decision_mock-83265-81ed4937-dec-000230_response.txt,quality_check,.txt,3402
quality_check/decision_mock-83265-81ed4937-dec-000231_request.txt,quality_check,.txt,14257
quality_check/decision_mock-83265-81ed4937-dec-000231_response.txt,quality_check,.txt,4417
quality_check/decision_mock-83265-81ed4937-dec-000232_request.txt,quality_check,.txt,16069
quality_check/decision_mock-83265-81ed4937-dec-000232_response.txt,quality_check,.txt,4738
quality_check/decision_mock-83265-81ed4937-dec-000233_request.txt,quality_check,.txt,15430
quality_check/decision_mock-83265-81ed4937-dec-000233_response.txt,quality_check,.txt,8134
quality_check/decision_mock-83265-81ed4937-dec-000234_request.txt,quality_check,.txt,15400
quality_check/decision_mock-83265-81ed4937-dec-000234_response.txt,quality_check,.txt,9011
quality_check/decision_mock-83265-81ed4937-dec-000235_request.txt,quality_check,.txt,14942
quality_check/decision_mock-83265-81ed4937-dec-000235_response.txt,quality_check,.txt,15250
quality_check/decision_mock-83265-81ed4937-dec-000236_request.txt,quality_check,.txt,17162
quality_check/decision_mock-83265-81ed4937-dec-000236_response.txt,quality_check,.txt,4491
quality_check/decision_mock-83265-81ed4937-dec-000237_request.txt,quality_check,.txt,17064
quality_check/decision_mock-83265-81ed4937-dec-000237_response.txt,quality_check,.txt,7665
quality_check/decision_mock-83265-81ed4937-dec-000238_request.txt,quality_check,.txt,17272
quality_check/decision_mock-83265-81ed4937-dec-000238_response.txt,quality_check,.txt,7031
quality_check/decision_mock-83265-81ed4937-dec-000239_request.txt,quality_check,.txt,16684
quality_check/decision_mock-83265-81ed4937-dec-000239_response.txt,quality_check,.txt,4070
quality_check/decision_mock-83265-81ed4937-dec-000240_request.txt,quality_check,.txt,15350
quality_check/decision_mock-83265-81ed4937-dec-000240_response.txt,quality_check,.txt,5839
quality_check/decision_mock-83265-81ed4937-dec-000241_request.txt,quality_check,.txt,15418
quality_check/decision_mock-83265-81ed4937-dec-000241_response.txt,quality_check,.txt,4056
quality_check/decision_mock-83265-81ed4937-dec-000242_request.txt,quality_check,.txt,13063
quality_check/decision_mock-83265-81ed4937-dec-000242_response.txt,quality_check,.txt,5157
quality_check/decision_mock-83265-81ed4937-dec-000243_request.txt,quality_check,.txt,15071
quality_check/decision_mock-83265-81ed4937-dec-000243_response.txt,quality_check,.txt,8181
quality_check/decision_mock-83265-81ed4937-dec-000244_request.txt,quality_check,.txt,13199
quality_check/decision_mock-83265-81ed4937-dec-000244_response.txt,quality_check,.txt,3201
quality_check/decision_mock-83265-81ed4937-dec-000245_request.txt,quality_check,.txt,13846
quality_check/decision_mock-83265-81ed4937-dec-000245_response.txt,quality_check,.txt,5149
quality_check/decision_mock-83265-81ed4937-dec-000246_request.txt,quality_check,.txt,13351
quality_check/decision_mock-83265-81ed4937-dec-000246_response.txt,quality_check,.txt,8696
quality_check/decision_mock-83265-81ed4937-dec-000247_request.txt,quality_check,.txt,15165
quality_check/decision_mock-83265-81ed4937-dec-000247_response.txt,quality_check,.txt,2288
quality_check/decision_mock-83265-81ed4937-dec-000248_request.txt,quality_check,.txt,13378
quality_check/decision_mock-83265-81ed4937-dec-000248_response.txt,quality_check,.txt,3402
quality_check/decision_mock-83265-81ed4937-dec-000249_request.txt,quality_check,.txt,13692
quality_check/decision_mock-83265-81ed4937-dec-000249_response.txt,quality_check,.txt,4539
quality_check/decision_mock-83265-81ed4937-dec-000250_request.txt,quality_check,.txt,13654
quality_check/decision_mock-83265-81ed4937-dec-000250_response.txt,quality_check,.txt,2756
quality_check/decision_mock-83265-81ed4937-dec-000251_request.txt,quality_check,.txt,15014
quality_check/decision_mock-83265-81ed4937-dec-000251_response.txt,quality_check,.txt,4694
quality_check/decision_mock-83265-81ed4937-dec-000252_request.txt,quality_check,.txt,16689
quality_check/decision_mock-83265-81ed4937-dec-000252_response.txt,quality_check,.txt,8984
quality_check/decision_mock-83265-81ed4937-dec-000253_request.txt,quality_check,.txt,15172
quality_check/decision_mock-83265-81ed4937-dec-000253_response.txt,quality_check,.txt,6613
quality_check/decision_mock-83265-81ed4937-dec-000254_request.txt,quality_check,.txt,15155
quality_check/decision_mock-83265-81ed4937-dec-000254_response.txt,quality_check,.txt,4711
quality_check/decision_mock-83265-81ed4937-dec-000255_request.txt,quality_check,.txt,14931
quality_check/decision_mock-83265-81ed4937-dec-000255_response.txt,quality_check,.txt,6892
quality_check/decision_mock-83265-81ed4937-dec-000256_request.txt,quality_check,.txt,15611
quality_check/decision_mock-83265-81ed4937-dec-000256_response.txt,quality_check,.txt,16251
quality_check/decision_mock-83265-81ed4937-dec-000257_request.txt,quality_check,.txt,15825
quality_check/decision_mock-83265-81ed4937-dec-000257_response.txt,quality_check,.txt,10703
quality_check/decision_mock-83265-81ed4937-dec-000258_request.txt,quality_check,.txt,15920
quality_check/decision_mock-83265-81ed4937-dec-000258_response.txt,quality_check,.txt,7152
quality_check/decision_mock-83265-81ed4937-dec-000259_request.txt,quality_check,.txt,16016
quality_check/decision_mock-83265-81ed4937-dec-000259_response.txt,quality_check,.txt,4481
quality_check/decision_mock-83265-81ed4937-dec-000260_request.txt,quality_check,.txt,16066
quality_check/decision_mock-83265-81ed4937-dec-000260_response.txt,quality_check,.txt,5044
quality_check/decision_mock-83265-81ed4937-dec-000261_request.txt,quality_check,.txt,15577
quality_check/decision_mock-83265-81ed4937-dec-000261_response.txt,quality_check,.txt,5467
quality_check/decision_mock-83265-81ed4937-dec-000261_retry1_request.txt,quality_check,.txt,15740
quality_check/decision_mock-83265-81ed4937-dec-000261_retry1_response.txt,quality_check,.txt,4365
quality_check/decision_mock-83265-81ed4937-dec-000262_request.txt,quality_check,.txt,16394
quality_check/decision_mock-83265-81ed4937-dec-000262_response.txt,quality_check,.txt,3358
quality_check/decision_mock-83265-81ed4937-dec-000263_request.txt,quality_check,.txt,15316
quality_check/decision_mock-83265-81ed4937-dec-000263_response.txt,quality_check,.txt,5665
quality_check/decision_mock-83265-81ed4937-dec-000264_request.txt,quality_check,.txt,15136
quality_check/decision_mock-83265-81ed4937-dec-000264_response.txt,quality_check,.txt,3523
quality_check/decision_mock-83265-81ed4937-dec-000265_request.txt,quality_check,.txt,16249
quality_check/decision_mock-83265-81ed4937-dec-000265_response.txt,quality_check,.txt,3661
quality_check/decision_mock-83265-81ed4937-dec-000266_request.txt,quality_check,.txt,15234
quality_check/decision_mock-83265-81ed4937-dec-000266_response.txt,quality_check,.txt,5397
quality_check/decision_mock-83265-81ed4937-dec-000267_request.txt,quality_check,.txt,14845
quality_check/decision_mock-83265-81ed4937-dec-000267_response.txt,quality_check,.txt,4341
quality_check/decision_mock-83265-81ed4937-dec-000268_request.txt,quality_check,.txt,13216
quality_check/decision_mock-83265-81ed4937-dec-000268_response.txt,quality_check,.txt,5903
quality_check/decision_mock-83265-81ed4937-dec-000269_request.txt,quality_check,.txt,15753
quality_check/decision_mock-83265-81ed4937-dec-000269_response.txt,quality_check,.txt,9288
quality_check/decision_mock-83265-81ed4937-dec-000270_request.txt,quality_check,.txt,14586
quality_check/decision_mock-83265-81ed4937-dec-000270_response.txt,quality_check,.txt,5121
quality_check/decision_mock-83265-81ed4937-dec-000271_request.txt,quality_check,.txt,12970
quality_check/decision_mock-83265-81ed4937-dec-000271_response.txt,quality_check,.txt,4376
quality_check/decision_mock-83265-81ed4937-dec-000272_request.txt,quality_check,.txt,14299
quality_check/decision_mock-83265-81ed4937-dec-000272_response.txt,quality_check,.txt,6861
quality_check/decision_mock-83265-81ed4937-dec-000273_request.txt,quality_check,.txt,13669
quality_check/decision_mock-83265-81ed4937-dec-000273_response.txt,quality_check,.txt,14884
quality_check/decision_mock-83265-81ed4937-dec-000274_request.txt,quality_check,.txt,13551
quality_check/decision_mock-83265-81ed4937-dec-000274_response.txt,quality_check,.txt,6342
quality_check/decision_mock-83265-81ed4937-dec-000275_request.txt,quality_check,.txt,12996
quality_check/decision_mock-83265-81ed4937-dec-000275_response.txt,quality_check,.txt,5519
quality_check/decision_mock-83265-81ed4937-dec-000276_request.txt,quality_check,.txt,13009
quality_check/decision_mock-83265-81ed4937-dec-000276_response.txt,quality_check,.txt,3825
quality_check/decision_mock-83265-81ed4937-dec-000277_request.txt,quality_check,.txt,14022
quality_check/decision_mock-83265-81ed4937-dec-000277_response.txt,quality_check,.txt,3439
quality_check/decision_mock-83265-81ed4937-dec-000278_request.txt,quality_check,.txt,14398
quality_check/decision_mock-83265-81ed4937-dec-000278_response.txt,quality_check,.txt,4557
quality_check/decision_mock-83265-81ed4937-dec-000279_request.txt,quality_check,.txt,13057
quality_check/decision_mock-83265-81ed4937-dec-000279_response.txt,quality_check,.txt,3980
quality_check/decision_mock-83265-81ed4937-dec-000280_request.txt,quality_check,.txt,12517
quality_check/decision_mock-83265-81ed4937-dec-000280_response.txt,quality_check,.txt,1285
quality_check/decision_mock-83265-81ed4937-dec-000281_request.txt,quality_check,.txt,14902
quality_check/decision_mock-83265-81ed4937-dec-000281_response.txt,quality_check,.txt,19420
quality_check/decision_mock-83265-81ed4937-dec-000282_request.txt,quality_check,.txt,14104
quality_check/decision_mock-83265-81ed4937-dec-000282_response.txt,quality_check,.txt,6793
quality_check/decision_mock-83265-81ed4937-dec-000282_retry1_request.txt,quality_check,.txt,15081
quality_check/decision_mock-83265-81ed4937-dec-000282_retry1_response.txt,quality_check,.txt,8241
quality_check/decision_mock-83265-81ed4937-dec-000283_request.txt,quality_check,.txt,14509
quality_check/decision_mock-83265-81ed4937-dec-000283_response.txt,quality_check,.txt,5968
quality_check/decision_mock-83265-81ed4937-dec-000284_request.txt,quality_check,.txt,14726
quality_check/decision_mock-83265-81ed4937-dec-000284_response.txt,quality_check,.txt,5926
quality_check/decision_mock-83265-81ed4937-dec-000284_retry1_request.txt,quality_check,.txt,15429
quality_check/decision_mock-83265-81ed4937-dec-000284_retry1_response.txt,quality_check,.txt,8925
quality_check/decision_mock-83265-81ed4937-dec-000285_request.txt,quality_check,.txt,15148
quality_check/decision_mock-83265-81ed4937-dec-000285_response.txt,quality_check,.txt,7888
quality_check/decision_mock-83265-81ed4937-dec-000286_request.txt,quality_check,.txt,15286
quality_check/decision_mock-83265-81ed4937-dec-000286_response.txt,quality_check,.txt,5987
quality_check/decision_mock-83265-81ed4937-dec-000287_request.txt,quality_check,.txt,16160
quality_check/decision_mock-83265-81ed4937-dec-000287_response.txt,quality_check,.txt,12520
quality_check/decision_mock-83265-81ed4937-dec-000288_request.txt,quality_check,.txt,14800
quality_check/decision_mock-83265-81ed4937-dec-000288_response.txt,quality_check,.txt,9249
quality_check/decision_mock-83265-81ed4937-dec-000289_request.txt,quality_check,.txt,15292
quality_check/decision_mock-83265-81ed4937-dec-000289_response.txt,quality_check,.txt,13176
quality_check/decision_mock-83265-81ed4937-dec-000290_request.txt,quality_check,.txt,15608
quality_check/decision_mock-83265-81ed4937-dec-000290_response.txt,quality_check,.txt,7406
quality_check/decision_mock-83265-81ed4937-dec-000291_request.txt,quality_check,.txt,15921
quality_check/decision_mock-83265-81ed4937-dec-000291_response.txt,quality_check,.txt,7043
quality_check/decision_mock-83265-81ed4937-dec-000292_request.txt,quality_check,.txt,16850
quality_check/decision_mock-83265-81ed4937-dec-000292_response.txt,quality_check,.txt,7062
quality_check/decision_mock-83265-81ed4937-dec-000293_request.txt,quality_check,.txt,17325
quality_check/decision_mock-83265-81ed4937-dec-000293_response.txt,quality_check,.txt,10232
quality_check/decision_mock-83265-81ed4937-dec-000294_request.txt,quality_check,.txt,17143
quality_check/decision_mock-83265-81ed4937-dec-000294_response.txt,quality_check,.txt,12886
quality_check/decision_mock-83265-81ed4937-dec-000295_request.txt,quality_check,.txt,17823
quality_check/decision_mock-83265-81ed4937-dec-000295_response.txt,quality_check,.txt,17633
quality_check/decision_mock-83265-81ed4937-dec-000296_request.txt,quality_check,.txt,17726
quality_check/decision_mock-83265-81ed4937-dec-000296_response.txt,quality_check,.txt,14461
quality_check/decision_mock-83265-81ed4937-dec-000297_request.txt,quality_check,.txt,17710
quality_check/decision_mock-83265-81ed4937-dec-000297_response.txt,quality_check,.txt,11860
quality_check/decision_mock-83265-81ed4937-dec-000298_request.txt,quality_check,.txt,18662
quality_check/decision_mock-83265-81ed4937-dec-000298_response.txt,quality_check,.txt,11692
quality_check/decision_mock-83265-81ed4937-dec-000299_request.txt,quality_check,.txt,18665
quality_check/decision_mock-83265-81ed4937-dec-000299_response.txt,quality_check,.txt,5261
quality_check/decision_mock-83265-81ed4937-dec-000300_request.txt,quality_check,.txt,18323
quality_check/decision_mock-83265-81ed4937-dec-000300_response.txt,quality_check,.txt,28093
quality_check/decision_mock-83265-81ed4937-dec-000301_request.txt,quality_check,.txt,20057
quality_check/decision_mock-83265-81ed4937-dec-000301_response.txt,quality_check,.txt,9908
quality_check/decision_mock-83265-81ed4937-dec-000301_retry1_request.txt,quality_check,.txt,20221
quality_check/decision_mock-83265-81ed4937-dec-000301_retry1_response.txt,quality_check,.txt,6199
quality_check/decision_mock-83265-81ed4937-dec-000302_request.txt,quality_check,.txt,18965
quality_check/decision_mock-83265-81ed4937-dec-000302_response.txt,quality_check,.txt,8194
quality_check/decision_mock-83265-81ed4937-dec-000303_request.txt,quality_check,.txt,17600
quality_check/decision_mock-83265-81ed4937-dec-000303_response.txt,quality_check,.txt,8276
quality_check/decision_mock-83265-81ed4937-dec-000304_request.txt,quality_check,.txt,19226
quality_check/decision_mock-83265-81ed4937-dec-000304_response.txt,quality_check,.txt,14800
quality_check/decision_mock-83265-81ed4937-dec-000305_request.txt,quality_check,.txt,21145
quality_check/decision_mock-83265-81ed4937-dec-000305_response.txt,quality_check,.txt,21550
quality_check/decision_mock-83265-81ed4937-dec-000306_request.txt,quality_check,.txt,18787
quality_check/decision_mock-83265-81ed4937-dec-000306_response.txt,quality_check,.txt,12883
quality_check/decision_mock-83265-81ed4937-dec-000307_request.txt,quality_check,.txt,22527
quality_check/decision_mock-83265-81ed4937-dec-000307_response.txt,quality_check,.txt,5544
quality_check/decision_mock-83265-81ed4937-dec-000308_request.txt,quality_check,.txt,19584
quality_check/decision_mock-83265-81ed4937-dec-000308_response.txt,quality_check,.txt,17690
quality_check/decision_mock-83265-81ed4937-dec-000309_request.txt,quality_check,.txt,23397
quality_check/decision_mock-83265-81ed4937-dec-000309_response.txt,quality_check,.txt,3296
quality_check/decision_mock-83265-81ed4937-dec-000310_request.txt,quality_check,.txt,20579
quality_check/decision_mock-83265-81ed4937-dec-000310_response.txt,quality_check,.txt,7010
quality_check/decision_mock-83265-81ed4937-dec-000311_request.txt,quality_check,.txt,20170
quality_check/decision_mock-83265-81ed4937-dec-000311_response.txt,quality_check,.txt,13704
quality_check/decision_mock-83265-81ed4937-dec-000312_request.txt,quality_check,.txt,19157
quality_check/decision_mock-83265-81ed4937-dec-000312_response.txt,quality_check,.txt,6815
quality_check/decision_mock-83265-81ed4937-dec-000313_request.txt,quality_check,.txt,20370
quality_check/decision_mock-83265-81ed4937-dec-000313_response.txt,quality_check,.txt,26742
quality_check/decision_mock-83265-81ed4937-dec-000314_request.txt,quality_check,.txt,23323
quality_check/decision_mock-83265-81ed4937-dec-000314_response.txt,quality_check,.txt,4253
quality_check/decision_mock-83265-81ed4937-dec-000315_request.txt,quality_check,.txt,20806
quality_check/decision_mock-83265-81ed4937-dec-000315_response.txt,quality_check,.txt,16522
quality_check/decision_mock-83265-81ed4937-dec-000316_request.txt,quality_check,.txt,19624
quality_check/decision_mock-83265-81ed4937-dec-000316_response.txt,quality_check,.txt,5841
quality_check/decision_mock-83265-81ed4937-dec-000317_request.txt,quality_check,.txt,20748
quality_check/decision_mock-83265-81ed4937-dec-000317_response.txt,quality_check,.txt,33393
quality_check/decision_mock-83265-81ed4937-dec-000318_request.txt,quality_check,.txt,19332
quality_check/decision_mock-83265-81ed4937-dec-000318_response.txt,quality_check,.txt,9277
quality_check/decision_mock-83265-81ed4937-dec-000318_retry1_request.txt,quality_check,.txt,20268
quality_check/decision_mock-83265-81ed4937-dec-000318_retry1_response.txt,quality_check,.txt,7025
quality_check/decision_mock-83265-81ed4937-dec-000319_request.txt,quality_check,.txt,19732
quality_check/decision_mock-83265-81ed4937-dec-000319_response.txt,quality_check,.txt,15241
quality_check/decision_mock-83265-81ed4937-dec-000320_request.txt,quality_check,.txt,19538
quality_check/decision_mock-83265-81ed4937-dec-000320_response.txt,quality_check,.txt,8581
quality_check/decision_mock-83265-81ed4937-dec-000321_request.txt,quality_check,.txt,20374
quality_check/decision_mock-83265-81ed4937-dec-000321_response.txt,quality_check,.txt,23026
quality_check/decision_mock-83265-81ed4937-dec-000322_request.txt,quality_check,.txt,19728
quality_check/decision_mock-83265-81ed4937-dec-000322_response.txt,quality_check,.txt,3882
quality_check/decision_mock-83265-81ed4937-dec-000323_request.txt,quality_check,.txt,20218
quality_check/decision_mock-83265-81ed4937-dec-000323_response.txt,quality_check,.txt,33938
quality_check/decision_mock-83265-81ed4937-dec-000324_request.txt,quality_check,.txt,19246
quality_check/decision_mock-83265-81ed4937-dec-000324_response.txt,quality_check,.txt,4448
quality_check/decision_mock-83265-81ed4937-dec-000325_request.txt,quality_check,.txt,20303
quality_check/decision_mock-83265-81ed4937-dec-000325_response.txt,quality_check,.txt,17265
quality_check/decision_mock-83265-81ed4937-dec-000326_request.txt,quality_check,.txt,23211
quality_check/decision_mock-83265-81ed4937-dec-000326_response.txt,quality_check,.txt,7711
quality_check/decision_mock-83265-81ed4937-dec-000326_retry1_request.txt,quality_check,.txt,23375
quality_check/decision_mock-83265-81ed4937-dec-000326_retry1_response.txt,quality_check,.txt,5779
quality_check/decision_mock-83265-81ed4937-dec-000327_request.txt,quality_check,.txt,20249
quality_check/decision_mock-83265-81ed4937-dec-000327_response.txt,quality_check,.txt,22339
quality_check/decision_mock-83265-81ed4937-dec-000328_request.txt,quality_check,.txt,23566
quality_check/decision_mock-83265-81ed4937-dec-000328_response.txt,quality_check,.txt,4269
quality_check/decision_mock-83265-81ed4937-dec-000329_request.txt,quality_check,.txt,20721
quality_check/decision_mock-83265-81ed4937-dec-000329_response.txt,quality_check,.txt,3701
quality_check/decision_mock-83265-81ed4937-dec-000330_request.txt,quality_check,.txt,23166
quality_check/decision_mock-83265-81ed4937-dec-000330_response.txt,quality_check,.txt,8469
quality_check/decision_mock-83265-81ed4937-dec-000331_request.txt,quality_check,.txt,19057
quality_check/decision_mock-83265-81ed4937-dec-000331_response.txt,quality_check,.txt,3789
quality_check/decision_mock-83265-81ed4937-dec-000332_request.txt,quality_check,.txt,18781
quality_check/decision_mock-83265-81ed4937-dec-000332_response.txt,quality_check,.txt,6932
quality_check/decision_mock-83265-81ed4937-dec-000333_request.txt,quality_check,.txt,18548
quality_check/decision_mock-83265-81ed4937-dec-000333_response.txt,quality_check,.txt,3562
quality_check/decision_mock-83265-81ed4937-dec-000334_request.txt,quality_check,.txt,18275
quality_check/decision_mock-83265-81ed4937-dec-000334_response.txt,quality_check,.txt,6498
quality_check/decision_mock-83265-81ed4937-dec-000335_request.txt,quality_check,.txt,17938
quality_check/decision_mock-83265-81ed4937-dec-000335_response.txt,quality_check,.txt,4456
quality_check/decision_mock-83265-81ed4937-dec-000336_request.txt,quality_check,.txt,18257
quality_check/decision_mock-83265-81ed4937-dec-000336_response.txt,quality_check,.txt,11156
quality_check/decision_mock-83265-81ed4937-dec-000337_request.txt,quality_check,.txt,17991
quality_check/decision_mock-83265-81ed4937-dec-000337_response.txt,quality_check,.txt,25074
quality_check/decision_mock-83265-81ed4937-dec-000338_request.txt,quality_check,.txt,16356
quality_check/decision_mock-83265-81ed4937-dec-000338_response.txt,quality_check,.txt,5270
quality_check/decision_mock-83265-81ed4937-dec-000339_request.txt,quality_check,.txt,18010
quality_check/decision_mock-83265-81ed4937-dec-000339_response.txt,quality_check,.txt,5930
quality_check/decision_mock-83265-81ed4937-dec-000340_request.txt,quality_check,.txt,20823
quality_check/decision_mock-83265-81ed4937-dec-000340_response.txt,quality_check,.txt,7815
quality_check/decision_mock-83265-81ed4937-dec-000341_request.txt,quality_check,.txt,19826
quality_check/decision_mock-83265-81ed4937-dec-000341_response.txt,quality_check,.txt,3418
quality_check/decision_mock-83265-81ed4937-dec-000342_request.txt,quality_check,.txt,22272
quality_check/decision_mock-83265-81ed4937-dec-000342_response.txt,quality_check,.txt,10124
quality_check/decision_mock-83265-81ed4937-dec-000343_request.txt,quality_check,.txt,21977
quality_check/decision_mock-83265-81ed4937-dec-000343_response.txt,quality_check,.txt,11690
quality_check/decision_mock-83265-81ed4937-dec-000344_request.txt,quality_check,.txt,21586
quality_check/decision_mock-83265-81ed4937-dec-000344_response.txt,quality_check,.txt,5327
quality_check/decision_mock-83265-81ed4937-dec-000345_request.txt,quality_check,.txt,16202
quality_check/decision_mock-83265-81ed4937-dec-000345_response.txt,quality_check,.txt,5490
quality_check/decision_mock-83265-81ed4937-dec-000346_request.txt,quality_check,.txt,15103
quality_check/decision_mock-83265-81ed4937-dec-000346_response.txt,quality_check,.txt,5583
quality_check/decision_mock-83265-81ed4937-dec-000347_request.txt,quality_check,.txt,15859
quality_check/decision_mock-83265-81ed4937-dec-000347_response.txt,quality_check,.txt,22931
quality_check/decision_mock-83265-81ed4937-dec-000348_request.txt,quality_check,.txt,18801
quality_check/decision_mock-83265-81ed4937-dec-000348_response.txt,quality_check,.txt,5530
quality_check/decision_mock-83265-81ed4937-dec-000349_request.txt,quality_check,.txt,16193
quality_check/decision_mock-83265-81ed4937-dec-000349_response.txt,quality_check,.txt,30033
quality_check/decision_mock-83265-81ed4937-dec-000350_request.txt,quality_check,.txt,14896
quality_check/decision_mock-83265-81ed4937-dec-000350_response.txt,quality_check,.txt,9602
quality_check/decision_mock-83265-81ed4937-dec-000351_request.txt,quality_check,.txt,15872
quality_check/decision_mock-83265-81ed4937-dec-000351_response.txt,quality_check,.txt,12937
quality_check/decision_mock-83265-81ed4937-dec-000352_request.txt,quality_check,.txt,15833
quality_check/decision_mock-83265-81ed4937-dec-000352_response.txt,quality_check,.txt,5528
quality_check/decision_mock-83265-81ed4937-dec-000352_retry1_request.txt,quality_check,.txt,16637
quality_check/decision_mock-83265-81ed4937-dec-000352_retry1_response.txt,quality_check,.txt,7829
quality_check/decision_mock-83265-81ed4937-dec-000353_request.txt,quality_check,.txt,16648
quality_check/decision_mock-83265-81ed4937-dec-000353_response.txt,quality_check,.txt,12948
quality_check/decision_mock-83265-81ed4937-dec-000354_request.txt,quality_check,.txt,16664
quality_check/decision_mock-83265-81ed4937-dec-000354_response.txt,quality_check,.txt,5952
quality_check/decision_mock-83265-81ed4937-dec-000355_request.txt,quality_check,.txt,17687
quality_check/decision_mock-83265-81ed4937-dec-000355_response.txt,quality_check,.txt,15804
quality_check/decision_mock-83265-81ed4937-dec-000356_request.txt,quality_check,.txt,17492
quality_check/decision_mock-83265-81ed4937-dec-000356_response.txt,quality_check,.txt,4565
quality_check/decision_mock-83265-81ed4937-dec-000357_request.txt,quality_check,.txt,16855
quality_check/decision_mock-83265-81ed4937-dec-000357_response.txt,quality_check,.txt,4035
quality_check/decision_mock-83265-81ed4937-dec-000358_request.txt,quality_check,.txt,16877
quality_check/decision_mock-83265-81ed4937-dec-000358_response.txt,quality_check,.txt,13822
quality_check/decision_mock-83265-81ed4937-dec-000359_request.txt,quality_check,.txt,17303
quality_check/decision_mock-83265-81ed4937-dec-000359_response.txt,quality_check,.txt,7972
quality_check/decision_mock-83265-81ed4937-dec-000360_request.txt,quality_check,.txt,17275
quality_check/decision_mock-83265-81ed4937-dec-000360_response.txt,quality_check,.txt,17645
quality_check/decision_mock-83265-81ed4937-dec-000361_request.txt,quality_check,.txt,17172
quality_check/decision_mock-83265-81ed4937-dec-000361_response.txt,quality_check,.txt,13669
quality_check/decision_mock-83265-81ed4937-dec-000362_request.txt,quality_check,.txt,17256
quality_check/decision_mock-83265-81ed4937-dec-000362_response.txt,quality_check,.txt,10311
quality_check/decision_mock-83265-81ed4937-dec-000363_request.txt,quality_check,.txt,17467
quality_check/decision_mock-83265-81ed4937-dec-000363_response.txt,quality_check,.txt,39215
quality_check/decision_mock-83265-81ed4937-dec-000364_request.txt,quality_check,.txt,16483
quality_check/decision_mock-83265-81ed4937-dec-000364_response.txt,quality_check,.txt,6945
quality_check/decision_mock-83265-81ed4937-dec-000365_request.txt,quality_check,.txt,17974
quality_check/decision_mock-83265-81ed4937-dec-000365_response.txt,quality_check,.txt,13445
quality_check/decision_mock-83265-81ed4937-dec-000366_request.txt,quality_check,.txt,17987
quality_check/decision_mock-83265-81ed4937-dec-000366_response.txt,quality_check,.txt,5873
quality_check/decision_mock-83265-81ed4937-dec-000367_request.txt,quality_check,.txt,17721
quality_check/decision_mock-83265-81ed4937-dec-000367_response.txt,quality_check,.txt,14722
quality_check/decision_mock-83265-81ed4937-dec-000368_request.txt,quality_check,.txt,22030
quality_check/decision_mock-83265-81ed4937-dec-000368_response.txt,quality_check,.txt,6951
quality_check/decision_mock-83265-81ed4937-dec-000369_request.txt,quality_check,.txt,16907
quality_check/decision_mock-83265-81ed4937-dec-000369_response.txt,quality_check,.txt,11032
quality_check/decision_mock-83265-81ed4937-dec-000370_request.txt,quality_check,.txt,17172
quality_check/decision_mock-83265-81ed4937-dec-000370_response.txt,quality_check,.txt,12214
quality_check/decision_mock-83265-81ed4937-dec-000371_request.txt,quality_check,.txt,17243
quality_check/decision_mock-83265-81ed4937-dec-000371_response.txt,quality_check,.txt,10699
quality_check/decision_mock-83265-81ed4937-dec-000372_request.txt,quality_check,.txt,16326
quality_check/decision_mock-83265-81ed4937-dec-000372_response.txt,quality_check,.txt,5095
quality_check/decision_mock-83265-81ed4937-dec-000373_request.txt,quality_check,.txt,15814
quality_check/decision_mock-83265-81ed4937-dec-000373_response.txt,quality_check,.txt,4385
quality_check/decision_mock-83265-81ed4937-dec-000374_request.txt,quality_check,.txt,16126
quality_check/decision_mock-83265-81ed4937-dec-000374_response.txt,quality_check,.txt,15036
quality_check/decision_mock-83265-81ed4937-dec-000375_request.txt,quality_check,.txt,20457
quality_check/decision_mock-83265-81ed4937-dec-000375_response.txt,quality_check,.txt,4869
quality_check/decision_mock-83265-81ed4937-dec-000376_request.txt,quality_check,.txt,20290
quality_check/decision_mock-83265-81ed4937-dec-000376_response.txt,quality_check,.txt,3744
quality_check/decision_mock-83265-81ed4937-dec-000377_request.txt,quality_check,.txt,15489
quality_check/decision_mock-83265-81ed4937-dec-000377_response.txt,quality_check,.txt,5903
quality_check/decision_mock-83265-81ed4937-dec-000378_request.txt,quality_check,.txt,15205
quality_check/decision_mock-83265-81ed4937-dec-000378_response.txt,quality_check,.txt,4397
quality_check/decision_mock-83265-81ed4937-dec-000378_retry1_request.txt,quality_check,.txt,15355
quality_check/decision_mock-83265-81ed4937-dec-000378_retry1_response.txt,quality_check,.txt,5496
quality_check/decision_mock-83265-81ed4937-dec-000379_request.txt,quality_check,.txt,13955
quality_check/decision_mock-83265-81ed4937-dec-000379_response.txt,quality_check,.txt,6161
quality_check/decision_mock-83265-81ed4937-dec-000380_request.txt,quality_check,.txt,13728
quality_check/decision_mock-83265-81ed4937-dec-000380_response.txt,quality_check,.txt,4424
quality_check/decision_mock-83265-81ed4937-dec-000381_request.txt,quality_check,.txt,14708
quality_check/decision_mock-83265-81ed4937-dec-000381_response.txt,quality_check,.txt,4632
quality_check/decision_mock-83265-81ed4937-dec-000382_request.txt,quality_check,.txt,15330
quality_check/decision_mock-83265-81ed4937-dec-000382_response.txt,quality_check,.txt,28282
quality_check/decision_mock-83265-81ed4937-dec-000383_request.txt,quality_check,.txt,17975
quality_check/decision_mock-83265-81ed4937-dec-000383_response.txt,quality_check,.txt,6402
quality_check/decision_mock-83265-81ed4937-dec-000384_request.txt,quality_check,.txt,15787
quality_check/decision_mock-83265-81ed4937-dec-000384_response.txt,quality_check,.txt,19610
quality_check/decision_mock-83265-81ed4937-dec-000385_request.txt,quality_check,.txt,14798
quality_check/decision_mock-83265-81ed4937-dec-000385_response.txt,quality_check,.txt,3813
quality_check/decision_mock-83265-81ed4937-dec-000386_request.txt,quality_check,.txt,16022
quality_check/decision_mock-83265-81ed4937-dec-000386_response.txt,quality_check,.txt,26870
quality_check/decision_mock-83265-81ed4937-dec-000386_retry1_request.txt,quality_check,.txt,16205
quality_check/decision_mock-83265-81ed4937-dec-000386_retry1_response.txt,quality_check,.txt,12628
quality_check/decision_mock-83265-81ed4937-dec-000387_request.txt,quality_check,.txt,16250
quality_check/decision_mock-83265-81ed4937-dec-000387_response.txt,quality_check,.txt,29585
quality_check/decision_mock-83265-81ed4937-dec-000387_retry1_request.txt,quality_check,.txt,16433
quality_check/decision_mock-83265-81ed4937-dec-000387_retry1_response.txt,quality_check,.txt,17106
quality_check/decision_mock-83265-81ed4937-dec-000388_request.txt,quality_check,.txt,16284
quality_check/decision_mock-83265-81ed4937-dec-000388_response.txt,quality_check,.txt,13660
quality_check/decision_mock-83265-81ed4937-dec-000389_request.txt,quality_check,.txt,16253
quality_check/decision_mock-83265-81ed4937-dec-000389_response.txt,quality_check,.txt,357
quality_check/decision_mock-83265-81ed4937-dec-000389_retry1_request.txt,quality_check,.txt,16407
quality_check/decision_mock-83265-81ed4937-dec-000389_retry1_response.txt,quality_check,.txt,13912
quality_check/decision_mock-83265-81ed4937-dec-000390_request.txt,quality_check,.txt,16256
quality_check/decision_mock-83265-81ed4937-dec-000390_response.txt,quality_check,.txt,19497
quality_check/decision_mock-83265-81ed4937-dec-000391_request.txt,quality_check,.txt,16287
quality_check/decision_mock-83265-81ed4937-dec-000391_response.txt,quality_check,.txt,16460
quality_check/decision_mock-83265-81ed4937-dec-000391_retry1_request.txt,quality_check,.txt,16470
quality_check/decision_mock-83265-81ed4937-dec-000391_retry1_response.txt,quality_check,.txt,10553
quality_check/decision_mock-83265-81ed4937-dec-000392_request.txt,quality_check,.txt,20072
quality_check/decision_mock-83265-81ed4937-dec-000392_response.txt,quality_check,.txt,31611
quality_check/decision_mock-83265-81ed4937-dec-000393_request.txt,quality_check,.txt,20530
quality_check/decision_mock-83265-81ed4937-dec-000393_response.txt,quality_check,.txt,2933
quality_check/decision_mock-83265-81ed4937-dec-000394_request.txt,quality_check,.txt,16807
quality_check/decision_mock-83265-81ed4937-dec-000394_response.txt,quality_check,.txt,7010
quality_check/decision_mock-83265-81ed4937-dec-000395_request.txt,quality_check,.txt,14905
quality_check/decision_mock-83265-81ed4937-dec-000395_response.txt,quality_check,.txt,5398
quality_check/decision_mock-83265-81ed4937-dec-000396_request.txt,quality_check,.txt,14831
quality_check/decision_mock-83265-81ed4937-dec-000396_response.txt,quality_check,.txt,7078
quality_check/decision_mock-83265-81ed4937-dec-000397_request.txt,quality_check,.txt,14579
quality_check/decision_mock-83265-81ed4937-dec-000397_response.txt,quality_check,.txt,3683
quality_check/decision_mock-83265-81ed4937-dec-000398_request.txt,quality_check,.txt,14663
quality_check/decision_mock-83265-81ed4937-dec-000398_response.txt,quality_check,.txt,3843
quality_check/decision_mock-83265-81ed4937-dec-000399_request.txt,quality_check,.txt,15424
quality_check/decision_mock-83265-81ed4937-dec-000399_response.txt,quality_check,.txt,5596
quality_check/decision_mock-83265-81ed4937-dec-000400_request.txt,quality_check,.txt,15100
quality_check/decision_mock-83265-81ed4937-dec-000400_response.txt,quality_check,.txt,3459
quality_check/decision_mock-83265-81ed4937-dec-000401_request.txt,quality_check,.txt,15964
quality_check/decision_mock-83265-81ed4937-dec-000401_response.txt,quality_check,.txt,35118
quality_check/decision_mock-83265-81ed4937-dec-000402_request.txt,quality_check,.txt,18578
quality_check/decision_mock-83265-81ed4937-dec-000402_response.txt,quality_check,.txt,3129
quality_check/decision_mock-83265-81ed4937-dec-000403_request.txt,quality_check,.txt,16210
quality_check/decision_mock-83265-81ed4937-dec-000403_response.txt,quality_check,.txt,16118
quality_check/decision_mock-83265-81ed4937-dec-000404_request.txt,quality_check,.txt,15002
quality_check/decision_mock-83265-81ed4937-dec-000404_response.txt,quality_check,.txt,4157
quality_check/decision_mock-83265-81ed4937-dec-000405_request.txt,quality_check,.txt,16523
quality_check/decision_mock-83265-81ed4937-dec-000405_response.txt,quality_check,.txt,14219
quality_check/decision_mock-83265-81ed4937-dec-000406_request.txt,quality_check,.txt,15344
quality_check/decision_mock-83265-81ed4937-dec-000406_response.txt,quality_check,.txt,6717
quality_check/decision_mock-83265-81ed4937-dec-000407_request.txt,quality_check,.txt,16762
quality_check/decision_mock-83265-81ed4937-dec-000407_response.txt,quality_check,.txt,18746
quality_check/decision_mock-83265-81ed4937-dec-000408_request.txt,quality_check,.txt,16718
quality_check/decision_mock-83265-81ed4937-dec-000408_response.txt,quality_check,.txt,5476
quality_check/decision_mock-83265-81ed4937-dec-000409_request.txt,quality_check,.txt,16456
quality_check/decision_mock-83265-81ed4937-dec-000409_response.txt,quality_check,.txt,14010
quality_check/decision_mock-83265-81ed4937-dec-000410_request.txt,quality_check,.txt,15754
quality_check/decision_mock-83265-81ed4937-dec-000410_response.txt,quality_check,.txt,3532
quality_check/decision_mock-83265-81ed4937-dec-000411_request.txt,quality_check,.txt,16853
quality_check/decision_mock-83265-81ed4937-dec-000411_response.txt,quality_check,.txt,16813
quality_check/decision_mock-83265-81ed4937-dec-000412_request.txt,quality_check,.txt,14832
quality_check/decision_mock-83265-81ed4937-dec-000412_response.txt,quality_check,.txt,4210
quality_check/decision_mock-83265-81ed4937-dec-000413_request.txt,quality_check,.txt,17804
quality_check/decision_mock-83265-81ed4937-dec-000413_response.txt,quality_check,.txt,32502
quality_check/decision_mock-83265-81ed4937-dec-000414_request.txt,quality_check,.txt,18277
quality_check/decision_mock-83265-81ed4937-dec-000414_response.txt,quality_check,.txt,8822
quality_check/decision_mock-83265-81ed4937-dec-000415_request.txt,quality_check,.txt,17318
quality_check/decision_mock-83265-81ed4937-dec-000415_response.txt,quality_check,.txt,13091
quality_check/decision_mock-83265-81ed4937-dec-000416_request.txt,quality_check,.txt,17654
quality_check/decision_mock-83265-81ed4937-dec-000416_response.txt,quality_check,.txt,21483
quality_check/decision_mock-83265-81ed4937-dec-000417_request.txt,quality_check,.txt,18398
quality_check/decision_mock-83265-81ed4937-dec-000417_response.txt,quality_check,.txt,14834
quality_check/decision_mock-83265-81ed4937-dec-000418_request.txt,quality_check,.txt,17167
quality_check/decision_mock-83265-81ed4937-dec-000418_response.txt,quality_check,.txt,5604
quality_check/decision_mock-83265-81ed4937-dec-000419_request.txt,quality_check,.txt,17724
quality_check/decision_mock-83265-81ed4937-dec-000419_response.txt,quality_check,.txt,7221
quality_check/decision_mock-83265-81ed4937-dec-000420_request.txt,quality_check,.txt,18095
quality_check/decision_mock-83265-81ed4937-dec-000420_response.txt,quality_check,.txt,8402
quality_check/decision_mock-83265-81ed4937-dec-000421_request.txt,quality_check,.txt,17033
quality_check/decision_mock-83265-81ed4937-dec-000421_response.txt,quality_check,.txt,6600
quality_check/decision_mock-83265-81ed4937-dec-000422_request.txt,quality_check,.txt,21886
quality_check/decision_mock-83265-81ed4937-dec-000422_response.txt,quality_check,.txt,18460
quality_check/decision_mock-83265-81ed4937-dec-000423_request.txt,quality_check,.txt,16504
quality_check/decision_mock-83265-81ed4937-dec-000423_response.txt,quality_check,.txt,8666
quality_check/decision_mock-83265-81ed4937-dec-000424_request.txt,quality_check,.txt,20205
quality_check/decision_mock-83265-81ed4937-dec-000424_response.txt,quality_check,.txt,9885
quality_check/decision_mock-83265-81ed4937-dec-000425_request.txt,quality_check,.txt,16695
quality_check/decision_mock-83265-81ed4937-dec-000425_response.txt,quality_check,.txt,3883
quality_check/decision_mock-83265-81ed4937-dec-000426_request.txt,quality_check,.txt,16653
quality_check/decision_mock-83265-81ed4937-dec-000426_response.txt,quality_check,.txt,3987
quality_check/decision_mock-83265-81ed4937-dec-000427_request.txt,quality_check,.txt,17636
quality_check/decision_mock-83265-81ed4937-dec-000427_response.txt,quality_check,.txt,9900
quality_check/decision_mock-83265-81ed4937-dec-000428_request.txt,quality_check,.txt,16559
quality_check/decision_mock-83265-81ed4937-dec-000428_response.txt,quality_check,.txt,27043
quality_check/decision_mock-83265-81ed4937-dec-000429_request.txt,quality_check,.txt,15736
quality_check/decision_mock-83265-81ed4937-dec-000429_response.txt,quality_check,.txt,8446
quality_check/decision_mock-83265-81ed4937-dec-000430_request.txt,quality_check,.txt,14807
quality_check/decision_mock-83265-81ed4937-dec-000430_response.txt,quality_check,.txt,4898
quality_check/decision_mock-83265-81ed4937-dec-000431_request.txt,quality_check,.txt,14841
quality_check/decision_mock-83265-81ed4937-dec-000431_response.txt,quality_check,.txt,3959
quality_check/decision_mock-83265-81ed4937-dec-000432_request.txt,quality_check,.txt,14666
quality_check/decision_mock-83265-81ed4937-dec-000432_response.txt,quality_check,.txt,18998
quality_check/decision_mock-83265-81ed4937-dec-000432_retry1_request.txt,quality_check,.txt,14852
quality_check/decision_mock-83265-81ed4937-dec-000432_retry1_response.txt,quality_check,.txt,31762
quality_check/decision_mock-83265-81ed4937-dec-000433_request.txt,quality_check,.txt,15595
quality_check/decision_mock-83265-81ed4937-dec-000433_response.txt,quality_check,.txt,28191
quality_check/decision_mock-83265-81ed4937-dec-000433_retry1_request.txt,quality_check,.txt,15745
quality_check/decision_mock-83265-81ed4937-dec-000433_retry1_response.txt,quality_check,.txt,8308
quality_check/decision_mock-83265-81ed4937-dec-000434_request.txt,quality_check,.txt,15623
quality_check/decision_mock-83265-81ed4937-dec-000434_response.txt,quality_check,.txt,18547
quality_check/decision_mock-83265-81ed4937-dec-000435_request.txt,quality_check,.txt,15576
quality_check/decision_mock-83265-81ed4937-dec-000435_response.txt,quality_check,.txt,22304
quality_check/decision_mock-83265-81ed4937-dec-000436_request.txt,quality_check,.txt,14979
quality_check/decision_mock-83265-81ed4937-dec-000436_response.txt,quality_check,.txt,3903
quality_check/decision_mock-83265-81ed4937-dec-000437_request.txt,quality_check,.txt,15351
quality_check/decision_mock-83265-81ed4937-dec-000437_response.txt,quality_check,.txt,31679
quality_check/decision_mock-83265-81ed4937-dec-000438_request.txt,quality_check,.txt,16551
quality_check/decision_mock-83265-81ed4937-dec-000438_response.txt,quality_check,.txt,31541
quality_check/decision_mock-83265-81ed4937-dec-000439_request.txt,quality_check,.txt,14894
quality_check/decision_mock-83265-81ed4937-dec-000439_response.txt,quality_check,.txt,3814
quality_check/decision_mock-83265-81ed4937-dec-000440_request.txt,quality_check,.txt,16852
quality_check/decision_mock-83265-81ed4937-dec-000440_response.txt,quality_check,.txt,33551
quality_check/decision_mock-83265-81ed4937-dec-000441_request.txt,quality_check,.txt,19236
quality_check/decision_mock-83265-81ed4937-dec-000441_response.txt,quality_check,.txt,3142
quality_check/decision_mock-83265-81ed4937-dec-000442_request.txt,quality_check,.txt,16975
quality_check/decision_mock-83265-81ed4937-dec-000442_response.txt,quality_check,.txt,27278
quality_check/decision_mock-83265-81ed4937-dec-000443_request.txt,quality_check,.txt,16191
quality_check/decision_mock-83265-81ed4937-dec-000443_response.txt,quality_check,.txt,28685
quality_check/decision_mock-83265-81ed4937-dec-000444_request.txt,quality_check,.txt,18445
quality_check/decision_mock-83265-81ed4937-dec-000444_response.txt,quality_check,.txt,8948
quality_check/decision_mock-83265-81ed4937-dec-000445_request.txt,quality_check,.txt,20780
quality_check/decision_mock-83265-81ed4937-dec-000445_response.txt,quality_check,.txt,16501
quality_check/decision_mock-83265-81ed4937-dec-000446_request.txt,quality_check,.txt,15685
quality_check/decision_mock-83265-81ed4937-dec-000446_response.txt,quality_check,.txt,8360
quality_check/decision_mock-83265-81ed4937-dec-000447_request.txt,quality_check,.txt,16231
quality_check/decision_mock-83265-81ed4937-dec-000447_response.txt,quality_check,.txt,14984
quality_check/decision_mock-83265-81ed4937-dec-000448_request.txt,quality_check,.txt,17015
quality_check/decision_mock-83265-81ed4937-dec-000448_response.txt,quality_check,.txt,45089
quality_check/decision_mock-83265-81ed4937-dec-000449_request.txt,quality_check,.txt,15457
quality_check/decision_mock-83265-81ed4937-dec-000449_response.txt,quality_check,.txt,5407
quality_check/decision_mock-83265-81ed4937-dec-000450_request.txt,quality_check,.txt,17448
quality_check/decision_mock-83265-81ed4937-dec-000450_response.txt,quality_check,.txt,50406
quality_check/decision_mock-83265-81ed4937-dec-000451_request.txt,quality_check,.txt,16030
quality_check/decision_mock-83265-81ed4937-dec-000451_response.txt,quality_check,.txt,5615
quality_check/decision_mock-83265-81ed4937-dec-000452_request.txt,quality_check,.txt,17888
quality_check/decision_mock-83265-81ed4937-dec-000452_response.txt,quality_check,.txt,30038
quality_check/decision_mock-83265-81ed4937-dec-000453_request.txt,quality_check,.txt,16804
quality_check/decision_mock-83265-81ed4937-dec-000453_response.txt,quality_check,.txt,6379
quality_check/decision_mock-83265-81ed4937-dec-000454_request.txt,quality_check,.txt,18363
quality_check/decision_mock-83265-81ed4937-dec-000454_response.txt,quality_check,.txt,20224
quality_check/decision_mock-83265-81ed4937-dec-000455_request.txt,quality_check,.txt,22564
quality_check/decision_mock-83265-81ed4937-dec-000455_response.txt,quality_check,.txt,7090
quality_check/decision_mock-83265-81ed4937-dec-000456_request.txt,quality_check,.txt,22691
quality_check/decision_mock-83265-81ed4937-dec-000456_response.txt,quality_check,.txt,2958
quality_check/decision_mock-83265-81ed4937-dec-000457_request.txt,quality_check,.txt,16813
quality_check/decision_mock-83265-81ed4937-dec-000457_response.txt,quality_check,.txt,8927
quality_check/decision_mock-83265-81ed4937-dec-000458_request.txt,quality_check,.txt,20880
quality_check/decision_mock-83265-81ed4937-dec-000458_response.txt,quality_check,.txt,4368
quality_check/decision_mock-83265-81ed4937-dec-000459_request.txt,quality_check,.txt,16867
quality_check/decision_mock-83265-81ed4937-dec-000459_response.txt,quality_check,.txt,6110
quality_check/decision_mock-83265-81ed4937-dec-000460_request.txt,quality_check,.txt,18038
quality_check/decision_mock-83265-81ed4937-dec-000460_response.txt,quality_check,.txt,28726
quality_check/decision_mock-83265-81ed4937-dec-000461_request.txt,quality_check,.txt,16442
quality_check/decision_mock-83265-81ed4937-dec-000461_response.txt,quality_check,.txt,6035
quality_check/decision_mock-83265-81ed4937-dec-000462_request.txt,quality_check,.txt,18572
quality_check/decision_mock-83265-81ed4937-dec-000462_response.txt,quality_check,.txt,14785
quality_check/decision_mock-83265-81ed4937-dec-000463_request.txt,quality_check,.txt,17064
quality_check/decision_mock-83265-81ed4937-dec-000463_response.txt,quality_check,.txt,3552
quality_check/decision_mock-83265-81ed4937-dec-000464_request.txt,quality_check,.txt,18905
quality_check/decision_mock-83265-81ed4937-dec-000464_response.txt,quality_check,.txt,24881
quality_check/decision_mock-83265-81ed4937-dec-000465_request.txt,quality_check,.txt,21529
quality_check/decision_mock-83265-81ed4937-dec-000465_response.txt,quality_check,.txt,5931
quality_check/decision_mock-83265-81ed4937-dec-000466_request.txt,quality_check,.txt,19577
quality_check/decision_mock-83265-81ed4937-dec-000466_response.txt,quality_check,.txt,12539
quality_check/decision_mock-83265-81ed4937-dec-000467_request.txt,quality_check,.txt,18237
quality_check/decision_mock-83265-81ed4937-dec-000467_response.txt,quality_check,.txt,22163
quality_check/decision_mock-83265-81ed4937-dec-000468_request.txt,quality_check,.txt,17449
quality_check/decision_mock-83265-81ed4937-dec-000468_response.txt,quality_check,.txt,3687
quality_check/decision_mock-83265-81ed4937-dec-000469_request.txt,quality_check,.txt,18053
quality_check/decision_mock-83265-81ed4937-dec-000469_response.txt,quality_check,.txt,16865
quality_check/decision_mock-83265-81ed4937-dec-000470_request.txt,quality_check,.txt,21168
quality_check/decision_mock-83265-81ed4937-dec-000470_response.txt,quality_check,.txt,2950
quality_check/decision_mock-83265-81ed4937-dec-000471_request.txt,quality_check,.txt,17967
quality_check/decision_mock-83265-81ed4937-dec-000471_response.txt,quality_check,.txt,10587
quality_check/decision_mock-83265-81ed4937-dec-000472_request.txt,quality_check,.txt,22322
quality_check/decision_mock-83265-81ed4937-dec-000472_response.txt,quality_check,.txt,2494
quality_check/decision_mock-83265-81ed4937-dec-000473_request.txt,quality_check,.txt,15719
quality_check/decision_mock-83265-81ed4937-dec-000473_response.txt,quality_check,.txt,4211
quality_check/decision_mock-83265-81ed4937-dec-000474_request.txt,quality_check,.txt,17832
quality_check/decision_mock-83265-81ed4937-dec-000474_response.txt,quality_check,.txt,33257
quality_check/decision_mock-83265-81ed4937-dec-000475_request.txt,quality_check,.txt,20425
quality_check/decision_mock-83265-81ed4937-dec-000475_response.txt,quality_check,.txt,10870
quality_check/decision_mock-83265-81ed4937-dec-000476_request.txt,quality_check,.txt,20411
quality_check/decision_mock-83265-81ed4937-dec-000476_response.txt,quality_check,.txt,11705
quality_check/decision_mock-83265-81ed4937-dec-000477_request.txt,quality_check,.txt,16845
quality_check/decision_mock-83265-81ed4937-dec-000477_response.txt,quality_check,.txt,28112
quality_check/decision_mock-83265-81ed4937-dec-000478_request.txt,quality_check,.txt,16883
quality_check/decision_mock-83265-81ed4937-dec-000478_response.txt,quality_check,.txt,38051
quality_check/decision_mock-83265-81ed4937-dec-000479_request.txt,quality_check,.txt,16283
quality_check/decision_mock-83265-81ed4937-dec-000479_response.txt,quality_check,.txt,6966
quality_check/decision_mock-83265-81ed4937-dec-000480_request.txt,quality_check,.txt,20246
quality_check/decision_mock-83265-81ed4937-dec-000480_response.txt,quality_check,.txt,10227
quality_check/decision_mock-83265-81ed4937-dec-000481_request.txt,quality_check,.txt,16733
quality_check/decision_mock-83265-81ed4937-dec-000481_response.txt,quality_check,.txt,21563
quality_check/decision_mock-83265-81ed4937-dec-000482_request.txt,quality_check,.txt,15425
quality_check/decision_mock-83265-81ed4937-dec-000482_response.txt,quality_check,.txt,7332
quality_check/decision_mock-83265-81ed4937-dec-000483_request.txt,quality_check,.txt,15453
quality_check/decision_mock-83265-81ed4937-dec-000483_response.txt,quality_check,.txt,9679
quality_check/decision_mock-83265-81ed4937-dec-000484_request.txt,quality_check,.txt,15512
quality_check/decision_mock-83265-81ed4937-dec-000484_response.txt,quality_check,.txt,7987
quality_check/decision_mock-83265-81ed4937-dec-000485_request.txt,quality_check,.txt,20219
quality_check/decision_mock-83265-81ed4937-dec-000485_response.txt,quality_check,.txt,2608
quality_check/decision_mock-83265-81ed4937-dec-000486_request.txt,quality_check,.txt,15580
quality_check/decision_mock-83265-81ed4937-dec-000486_response.txt,quality_check,.txt,4129
quality_check/decision_mock-83265-81ed4937-dec-000487_request.txt,quality_check,.txt,16416
quality_check/decision_mock-83265-81ed4937-dec-000487_response.txt,quality_check,.txt,20200
quality_check/decision_mock-83265-81ed4937-dec-000488_request.txt,quality_check,.txt,15662
quality_check/decision_mock-83265-81ed4937-dec-000488_response.txt,quality_check,.txt,17533
quality_check/decision_mock-83265-81ed4937-dec-000489_request.txt,quality_check,.txt,20291
quality_check/decision_mock-83265-81ed4937-dec-000489_response.txt,quality_check,.txt,25879
quality_check/decision_mock-83265-81ed4937-dec-000490_request.txt,quality_check,.txt,19777
quality_check/decision_mock-83265-81ed4937-dec-000490_response.txt,quality_check,.txt,5656
quality_check/decision_mock-83265-81ed4937-dec-000491_request.txt,quality_check,.txt,16798
quality_check/decision_mock-83265-81ed4937-dec-000491_response.txt,quality_check,.txt,12259
quality_check/decision_mock-83265-81ed4937-dec-000492_request.txt,quality_check,.txt,16953
quality_check/decision_mock-83265-81ed4937-dec-000492_response.txt,quality_check,.txt,19598
quality_check/decision_mock-83265-81ed4937-dec-000493_request.txt,quality_check,.txt,16106
quality_check/decision_mock-83265-81ed4937-dec-000493_response.txt,quality_check,.txt,4348
quality_check/decision_mock-83265-81ed4937-dec-000494_request.txt,quality_check,.txt,19914
quality_check/decision_mock-83265-81ed4937-dec-000494_response.txt,quality_check,.txt,10623
quality_check/decision_mock-83265-81ed4937-dec-000495_request.txt,quality_check,.txt,15999
quality_check/decision_mock-83265-81ed4937-dec-000495_response.txt,quality_check,.txt,4708
quality_check/decision_mock-83265-81ed4937-dec-000496_request.txt,quality_check,.txt,19983
quality_check/decision_mock-83265-81ed4937-dec-000496_response.txt,quality_check,.txt,4803
quality_check/decision_mock-83265-81ed4937-dec-000497_request.txt,quality_check,.txt,15927
quality_check/decision_mock-83265-81ed4937-dec-000497_response.txt,quality_check,.txt,27522
quality_check/decision_mock-83265-81ed4937-dec-000498_request.txt,quality_check,.txt,19319
quality_check/decision_mock-83265-81ed4937-dec-000498_response.txt,quality_check,.txt,2997
quality_check/decision_mock-83265-81ed4937-dec-000499_request.txt,quality_check,.txt,16079
quality_check/decision_mock-83265-81ed4937-dec-000499_response.txt,quality_check,.txt,27219
quality_check/decision_mock-83265-81ed4937-dec-000500_request.txt,quality_check,.txt,19553
quality_check/decision_mock-83265-81ed4937-dec-000500_response.txt,quality_check,.txt,2410
quality_check/decision_mock-83265-81ed4937-dec-000501_request.txt,quality_check,.txt,16312
quality_check/decision_mock-83265-81ed4937-dec-000501_response.txt,quality_check,.txt,8815
quality_check/decision_mock-83265-81ed4937-dec-000502_request.txt,quality_check,.txt,20587
quality_check/decision_mock-83265-81ed4937-dec-000502_response.txt,quality_check,.txt,3274
quality_check/decision_mock-83265-81ed4937-dec-000503_request.txt,quality_check,.txt,16491
quality_check/decision_mock-83265-81ed4937-dec-000503_response.txt,quality_check,.txt,24787
quality_check/decision_mock-83265-81ed4937-dec-000504_request.txt,quality_check,.txt,19671
quality_check/decision_mock-83265-81ed4937-dec-000504_response.txt,quality_check,.txt,2488
quality_check/decision_mock-83265-81ed4937-dec-000505_request.txt,quality_check,.txt,16634
quality_check/decision_mock-83265-81ed4937-dec-000505_response.txt,quality_check,.txt,10481
quality_check/decision_mock-83265-81ed4937-dec-000506_request.txt,quality_check,.txt,17421
quality_check/decision_mock-83265-81ed4937-dec-000506_response.txt,quality_check,.txt,8711
quality_check/decision_mock-83265-81ed4937-dec-000507_request.txt,quality_check,.txt,20187
quality_check/decision_mock-83265-81ed4937-dec-000507_response.txt,quality_check,.txt,7101
quality_check/decision_mock-83265-81ed4937-dec-000508_request.txt,quality_check,.txt,14826
quality_check/decision_mock-83265-81ed4937-dec-000508_response.txt,quality_check,.txt,6257
quality_check/decision_mock-83265-81ed4937-dec-000509_request.txt,quality_check,.txt,20000
quality_check/decision_mock-83265-81ed4937-dec-000509_response.txt,quality_check,.txt,2371
quality_check/decision_mock-83265-81ed4937-dec-000510_request.txt,quality_check,.txt,14866
quality_check/decision_mock-83265-81ed4937-dec-000510_response.txt,quality_check,.txt,4666
quality_check/decision_mock-83265-81ed4937-dec-000511_request.txt,quality_check,.txt,19892
quality_check/decision_mock-83265-81ed4937-dec-000511_response.txt,quality_check,.txt,2946
quality_check/decision_mock-83265-81ed4937-dec-000512_request.txt,quality_check,.txt,14933
quality_check/decision_mock-83265-81ed4937-dec-000512_response.txt,quality_check,.txt,3848
quality_check/decision_mock-83265-81ed4937-dec-000513_request.txt,quality_check,.txt,14411
quality_check/decision_mock-83265-81ed4937-dec-000513_response.txt,quality_check,.txt,2781
quality_check/decision_mock-83265-81ed4937-dec-000514_request.txt,quality_check,.txt,17801
quality_check/decision_mock-83265-81ed4937-dec-000514_response.txt,quality_check,.txt,22522
quality_check/decision_mock-83265-81ed4937-dec-000515_request.txt,quality_check,.txt,16362
quality_check/decision_mock-83265-81ed4937-dec-000515_response.txt,quality_check,.txt,14001
quality_check/decision_mock-83265-81ed4937-dec-000516_request.txt,quality_check,.txt,16307
quality_check/decision_mock-83265-81ed4937-dec-000516_response.txt,quality_check,.txt,6115
quality_check/decision_mock-83265-81ed4937-dec-000517_request.txt,quality_check,.txt,19423
quality_check/decision_mock-83265-81ed4937-dec-000517_response.txt,quality_check,.txt,4588
quality_check/decision_mock-83265-81ed4937-dec-000518_request.txt,quality_check,.txt,15860
quality_check/decision_mock-83265-81ed4937-dec-000518_response.txt,quality_check,.txt,13716
quality_check/decision_mock-83265-81ed4937-dec-000519_request.txt,quality_check,.txt,19322
quality_check/decision_mock-83265-81ed4937-dec-000519_response.txt,quality_check,.txt,2574
quality_check/decision_mock-83265-81ed4937-dec-000520_request.txt,quality_check,.txt,15877
quality_check/decision_mock-83265-81ed4937-dec-000520_response.txt,quality_check,.txt,22402
quality_check/decision_mock-83265-81ed4937-dec-000521_request.txt,quality_check,.txt,18047
quality_check/decision_mock-83265-81ed4937-dec-000521_response.txt,quality_check,.txt,2521
quality_check/decision_mock-83265-81ed4937-dec-000522_request.txt,quality_check,.txt,15972
quality_check/decision_mock-83265-81ed4937-dec-000522_response.txt,quality_check,.txt,11506
quality_check/decision_mock-83265-81ed4937-dec-000523_request.txt,quality_check,.txt,17903
quality_check/decision_mock-83265-81ed4937-dec-000523_response.txt,quality_check,.txt,2357
quality_check/decision_mock-83265-81ed4937-dec-000524_request.txt,quality_check,.txt,16267
quality_check/decision_mock-83265-81ed4937-dec-000524_response.txt,quality_check,.txt,6162
quality_check/decision_mock-83265-81ed4937-dec-000525_request.txt,quality_check,.txt,18851
quality_check/decision_mock-83265-81ed4937-dec-000525_response.txt,quality_check,.txt,2305
quality_check/decision_mock-83265-81ed4937-dec-000526_request.txt,quality_check,.txt,16218
quality_check/decision_mock-83265-81ed4937-dec-000526_response.txt,quality_check,.txt,55685
quality_check/decision_mock-83265-81ed4937-dec-000527_request.txt,quality_check,.txt,18065
quality_check/decision_mock-83265-81ed4937-dec-000527_response.txt,quality_check,.txt,3674
quality_check/decision_mock-83265-81ed4937-dec-000528_request.txt,quality_check,.txt,16509
quality_check/decision_mock-83265-81ed4937-dec-000528_response.txt,quality_check,.txt,25551
quality_check/decision_mock-83265-81ed4937-dec-000529_request.txt,quality_check,.txt,17285
quality_check/decision_mock-83265-81ed4937-dec-000529_response.txt,quality_check,.txt,9295
quality_check/decision_mock-83265-81ed4937-dec-000530_request.txt,quality_check,.txt,17760
quality_check/decision_mock-83265-81ed4937-dec-000530_response.txt,quality_check,.txt,21218
quality_check/decision_mock-83265-81ed4937-dec-000531_request.txt,quality_check,.txt,15580
quality_check/decision_mock-83265-81ed4937-dec-000531_response.txt,quality_check,.txt,11168
quality_check/decision_mock-83265-81ed4937-dec-000532_request.txt,quality_check,.txt,16739
quality_check/decision_mock-83265-81ed4937-dec-000532_response.txt,quality_check,.txt,12092
quality_check/decision_mock-83265-81ed4937-dec-000533_request.txt,quality_check,.txt,17575
quality_check/decision_mock-83265-81ed4937-dec-000533_response.txt,quality_check,.txt,6839
quality_check/decision_mock-83265-81ed4937-dec-000534_request.txt,quality_check,.txt,18702
quality_check/decision_mock-83265-81ed4937-dec-000534_response.txt,quality_check,.txt,3170
quality_check/decision_mock-83265-81ed4937-dec-000535_request.txt,quality_check,.txt,17118
quality_check/decision_mock-83265-81ed4937-dec-000535_response.txt,quality_check,.txt,32822
quality_check/decision_mock-83265-81ed4937-dec-000536_request.txt,quality_check,.txt,18715
quality_check/decision_mock-83265-81ed4937-dec-000536_response.txt,quality_check,.txt,3402
quality_check/decision_mock-83265-81ed4937-dec-000537_request.txt,quality_check,.txt,17672
quality_check/decision_mock-83265-81ed4937-dec-000537_response.txt,quality_check,.txt,14907
quality_check/decision_mock-83265-81ed4937-dec-000538_request.txt,quality_check,.txt,19167
quality_check/decision_mock-83265-81ed4937-dec-000538_response.txt,quality_check,.txt,3859
quality_check/decision_mock-83265-81ed4937-dec-000539_request.txt,quality_check,.txt,17482
quality_check/decision_mock-83265-81ed4937-dec-000539_response.txt,quality_check,.txt,36725
quality_check/decision_mock-83265-81ed4937-dec-000540_request.txt,quality_check,.txt,18837
quality_check/decision_mock-83265-81ed4937-dec-000540_response.txt,quality_check,.txt,2478
quality_check/decision_mock-83265-81ed4937-dec-000541_request.txt,quality_check,.txt,17903
quality_check/decision_mock-83265-81ed4937-dec-000541_response.txt,quality_check,.txt,28701
quality_check/decision_mock-83265-81ed4937-dec-000542_request.txt,quality_check,.txt,19531
quality_check/decision_mock-83265-81ed4937-dec-000542_response.txt,quality_check,.txt,3061
quality_check/decision_mock-83265-81ed4937-dec-000543_request.txt,quality_check,.txt,18918
quality_check/decision_mock-83265-81ed4937-dec-000543_response.txt,quality_check,.txt,5342
quality_check/decision_mock-83265-81ed4937-dec-000544_request.txt,quality_check,.txt,18836
quality_check/decision_mock-83265-81ed4937-dec-000544_response.txt,quality_check,.txt,23844
quality_check/decision_mock-83265-81ed4937-dec-000545_request.txt,quality_check,.txt,20555
quality_check/decision_mock-83265-81ed4937-dec-000545_response.txt,quality_check,.txt,5608
quality_check/decision_mock-83265-81ed4937-dec-000546_request.txt,quality_check,.txt,20589
quality_check/decision_mock-83265-81ed4937-dec-000546_response.txt,quality_check,.txt,19839
quality_check/decision_mock-83265-81ed4937-dec-000547_request.txt,quality_check,.txt,20098
quality_check/decision_mock-83265-81ed4937-dec-000547_response.txt,quality_check,.txt,11934
quality_check/decision_mock-83265-81ed4937-dec-000548_request.txt,quality_check,.txt,19127
quality_check/decision_mock-83265-81ed4937-dec-000548_response.txt,quality_check,.txt,12974
quality_check/decision_mock-83265-81ed4937-dec-000549_request.txt,quality_check,.txt,19185
quality_check/decision_mock-83265-81ed4937-dec-000549_response.txt,quality_check,.txt,4585
quality_check/decision_mock-83265-81ed4937-dec-000550_request.txt,quality_check,.txt,18983
quality_check/decision_mock-83265-81ed4937-dec-000550_response.txt,quality_check,.txt,3228
quality_check/decision_mock-83265-81ed4937-dec-000551_request.txt,quality_check,.txt,17662
quality_check/decision_mock-83265-81ed4937-dec-000551_response.txt,quality_check,.txt,29352
quality_check/decision_mock-83265-81ed4937-dec-000552_request.txt,quality_check,.txt,18324
quality_check/decision_mock-83265-81ed4937-dec-000552_response.txt,quality_check,.txt,21971
quality_check/decision_mock-83265-81ed4937-dec-000553_request.txt,quality_check,.txt,19854
quality_check/decision_mock-83265-81ed4937-dec-000553_response.txt,quality_check,.txt,15238
quality_check/decision_mock-83265-81ed4937-dec-000554_request.txt,quality_check,.txt,19521
quality_check/decision_mock-83265-81ed4937-dec-000554_response.txt,quality_check,.txt,7828
quality_check/decision_mock-83265-81ed4937-dec-000555_request.txt,quality_check,.txt,19533
quality_check/decision_mock-83265-81ed4937-dec-000555_response.txt,quality_check,.txt,7555
quality_check/decision_mock-83265-81ed4937-dec-000556_request.txt,quality_check,.txt,19103
quality_check/decision_mock-83265-81ed4937-dec-000556_response.txt,quality_check,.txt,18875
quality_check/decision_mock-83265-81ed4937-dec-000557_request.txt,quality_check,.txt,18513
quality_check/decision_mock-83265-81ed4937-dec-000557_response.txt,quality_check,.txt,3032
quality_check/decision_mock-83265-81ed4937-dec-000558_request.txt,quality_check,.txt,19789
quality_check/decision_mock-83265-81ed4937-dec-000558_response.txt,quality_check,.txt,3302
quality_check/decision_mock-83265-81ed4937-dec-000559_request.txt,quality_check,.txt,18248
quality_check/decision_mock-83265-81ed4937-dec-000559_response.txt,quality_check,.txt,15687
quality_check/decision_mock-83265-81ed4937-dec-000560_request.txt,quality_check,.txt,17039
quality_check/decision_mock-83265-81ed4937-dec-000560_response.txt,quality_check,.txt,9236
quality_check/decision_mock-83265-81ed4937-dec-000561_request.txt,quality_check,.txt,18834
quality_check/decision_mock-83265-81ed4937-dec-000561_response.txt,quality_check,.txt,2296
quality_check/decision_mock-83265-81ed4937-dec-000562_request.txt,quality_check,.txt,17103
quality_check/decision_mock-83265-81ed4937-dec-000562_response.txt,quality_check,.txt,12588
quality_check/decision_mock-83265-81ed4937-dec-000563_request.txt,quality_check,.txt,18476
quality_check/decision_mock-83265-81ed4937-dec-000563_response.txt,quality_check,.txt,6824
quality_check/decision_mock-83265-81ed4937-dec-000564_request.txt,quality_check,.txt,16960
quality_check/decision_mock-83265-81ed4937-dec-000564_response.txt,quality_check,.txt,18297
quality_check/decision_mock-83265-81ed4937-dec-000565_request.txt,quality_check,.txt,17274
quality_check/decision_mock-83265-81ed4937-dec-000565_response.txt,quality_check,.txt,16104
quality_check/decision_mock-83265-81ed4937-dec-000566_request.txt,quality_check,.txt,17870
quality_check/decision_mock-83265-81ed4937-dec-000566_response.txt,quality_check,.txt,11757
quality_check/decision_mock-83265-81ed4937-dec-000567_request.txt,quality_check,.txt,16901
quality_check/decision_mock-83265-81ed4937-dec-000567_response.txt,quality_check,.txt,4941
quality_check/decision_mock-83265-81ed4937-dec-000568_request.txt,quality_check,.txt,18453
quality_check/decision_mock-83265-81ed4937-dec-000568_response.txt,quality_check,.txt,13974
quality_check/decision_mock-83265-81ed4937-dec-000569_request.txt,quality_check,.txt,17491
quality_check/decision_mock-83265-81ed4937-dec-000569_response.txt,quality_check,.txt,19178
quality_check/decision_mock-83265-81ed4937-dec-000570_request.txt,quality_check,.txt,17426
quality_check/decision_mock-83265-81ed4937-dec-000570_response.txt,quality_check,.txt,12405
quality_check/decision_mock-83265-81ed4937-dec-000571_request.txt,quality_check,.txt,17536
quality_check/decision_mock-83265-81ed4937-dec-000571_response.txt,quality_check,.txt,14736
quality_check/decision_mock-83265-81ed4937-dec-000572_request.txt,quality_check,.txt,18310
quality_check/decision_mock-83265-81ed4937-dec-000572_response.txt,quality_check,.txt,6242
quality_check/decision_mock-83265-81ed4937-dec-000573_request.txt,quality_check,.txt,17276
quality_check/decision_mock-83265-81ed4937-dec-000573_response.txt,quality_check,.txt,30581
quality_check/decision_mock-83265-81ed4937-dec-000574_request.txt,quality_check,.txt,17139
quality_check/decision_mock-83265-81ed4937-dec-000574_response.txt,quality_check,.txt,8350
quality_check/decision_mock-83265-81ed4937-dec-000575_request.txt,quality_check,.txt,18036
quality_check/decision_mock-83265-81ed4937-dec-000575_response.txt,quality_check,.txt,3226
quality_check/decision_mock-83265-81ed4937-dec-000576_request.txt,quality_check,.txt,17109
quality_check/decision_mock-83265-81ed4937-dec-000576_response.txt,quality_check,.txt,16054
quality_check/decision_mock-83265-81ed4937-dec-000577_request.txt,quality_check,.txt,18130
quality_check/decision_mock-83265-81ed4937-dec-000577_response.txt,quality_check,.txt,2624
quality_check/decision_mock-83265-81ed4937-dec-000578_request.txt,quality_check,.txt,17149
quality_check/decision_mock-83265-81ed4937-dec-000578_response.txt,quality_check,.txt,18970
quality_check/decision_mock-83265-81ed4937-dec-000579_request.txt,quality_check,.txt,17237
quality_check/decision_mock-83265-81ed4937-dec-000579_response.txt,quality_check,.txt,18995
quality_check/decision_mock-83265-81ed4937-dec-000580_request.txt,quality_check,.txt,18364
quality_check/decision_mock-83265-81ed4937-dec-000580_response.txt,quality_check,.txt,2148
quality_check/decision_mock-83265-81ed4937-dec-000581_request.txt,quality_check,.txt,17215
quality_check/decision_mock-83265-81ed4937-dec-000581_response.txt,quality_check,.txt,12822
quality_check/decision_mock-83265-81ed4937-dec-000582_request.txt,quality_check,.txt,17028
quality_check/decision_mock-83265-81ed4937-dec-000582_response.txt,quality_check,.txt,7554
run/actions.jsonl,run,.jsonl,411774
run/artifact_manifest.json,run,.json,12140
run/asset_flow.jsonl,run,.jsonl,57309
run/auction_threads.jsonl,run,.jsonl,17199
run/behavioral_flags.jsonl,run,.jsonl,105419
run/cash_flow.jsonl,run,.jsonl,70845
run/cost_report.json,run,.json,3252
run/decision_index.json,run,.json,211400
run/decisions.jsonl,run,.jsonl,30428587
run/event_hashes.json,run,.json,724735
run/events.jsonl,run,.jsonl,1497999
run/experiment_manifest.json,run,.json,3592
run/failure_findings.jsonl,run,.jsonl,51289
run/failure_summary.json,run,.json,678
run/negotiation_threads.jsonl,run,.jsonl,28306
run/player_timelines.json,run,.json,876524
run/players.json,run,.json,1095
run/pricing_snapshot.json,run,.json,407603
run/prompts/decision_mock-83265-81ed4937-dec-000000_parsed.json,run,.json,1713
run/prompts/decision_mock-83265-81ed4937-dec-000000_response.json,run,.json,1477
run/prompts/decision_mock-83265-81ed4937-dec-000000_system.txt,run,.txt,1912
run/prompts/decision_mock-83265-81ed4937-dec-000000_tools.json,run,.json,632
run/prompts/decision_mock-83265-81ed4937-dec-000000_user.json,run,.json,1856
run/prompts/decision_mock-83265-81ed4937-dec-000001_parsed.json,run,.json,1529
run/prompts/decision_mock-83265-81ed4937-dec-000001_response.json,run,.json,3753
run/prompts/decision_mock-83265-81ed4937-dec-000001_system.txt,run,.txt,1912
run/prompts/decision_mock-83265-81ed4937-dec-000001_tools.json,run,.json,1539
run/prompts/decision_mock-83265-81ed4937-dec-000001_user.json,run,.json,2567
run/prompts/decision_mock-83265-81ed4937-dec-000002_parsed.json,run,.json,2019
run/prompts/decision_mock-83265-81ed4937-dec-000002_response.json,run,.json,2529
run/prompts/decision_mock-83265-81ed4937-dec-000002_system.txt,run,.txt,1912
run/prompts/decision_mock-83265-81ed4937-dec-000002_tools.json,run,.json,632
run/prompts/decision_mock-83265-81ed4937-dec-000002_user.json,run,.json,2299
run/prompts/decision_mock-83265-81ed4937-dec-000003_parsed.json,run,.json,1959
run/prompts/decision_mock-83265-81ed4937-dec-000003_response.json,run,.json,2305
run/prompts/decision_mock-83265-81ed4937-dec-000003_system.txt,run,.txt,1912
run/prompts/decision_mock-83265-81ed4937-dec-000003_tools.json,run,.json,1539
run/prompts/decision_mock-83265-81ed4937-dec-000003_user.json,run,.json,3081
run/prompts/decision_mock-83265-81ed4937-dec-000004_parsed.json,run,.json,1501
run/prompts/decision_mock-83265-81ed4937-dec-000004_response.json,run,.json,3263
run/prompts/decision_mock-83265-81ed4937-dec-000004_system.txt,run,.txt,1912
run/prompts/decision_mock-83265-81ed4937-dec-000004_tools.json,run,.json,1198
run/prompts/decision_mock-83265-81ed4937-dec-000004_user.json,run,.json,3025
run/prompts/decision_mock-83265-81ed4937-dec-000005_parsed.json,run,.json,1705
run/prompts/decision_mock-83265-81ed4937-dec-000005_response.json,run,.json,2943
run/prompts/decision_mock-83265-81ed4937-dec-000005_system.txt,run,.txt,1912
run/prompts/decision_mock-83265-81ed4937-dec-000005_tools.json,run,.json,1198
run/prompts/decision_mock-83265-81ed4937-dec-000005_user.json,run,.json,3304
run/prompts/decision_mock-83265-81ed4937-dec-000006_parsed.json,run,.json,1425
run/prompts/decision_mock-83265-81ed4937-dec-000006_response.json,run,.json,3565
run/prompts/decision_mock-83265-81ed4937-dec-000006_system.txt,run,.txt,1912
run/prompts/decision_mock-83265-81ed4937-dec-000006_tools.json,run,.json,1198
run/prompts/decision_mock-83265-81ed4937-dec-000006_user.json,run,.json,3314
run/prompts/decision_mock-83265-81ed4937-dec-000007_parsed.json,run,.json,1777
run/prompts/decision_mock-83265-81ed4937-dec-000007_response.json,run,.json,2779
run/prompts/decision_mock-83265-81ed4937-dec-000007_system.txt,run,.txt,1912
run/prompts/decision_mock-83265-81ed4937-dec-000007_tools.json,run,.json,632
run/prompts/decision_mock-83265-81ed4937-dec-000007_user.json,run,.json,3485
run/prompts/decision_mock-83265-81ed4937-dec-000008_parsed.json,run,.json,1649
run/prompts/decision_mock-83265-81ed4937-dec-000008_response.json,run,.json,3521
run/prompts/decision_mock-83265-81ed4937-dec-000008_system.txt,run,.txt,1912
run/prompts/decision_mock-83265-81ed4937-dec-000008_tools.json,run,.json,1539
run/prompts/decision_mock-83265-81ed4937-dec-000008_user.json,run,.json,4230
run/prompts/decision_mock-83265-81ed4937-dec-000009_parsed.json,run,.json,2611
run/prompts/decision_mock-83265-81ed4937-dec-000009_response.json,run,.json,3316
run/prompts/decision_mock-83265-81ed4937-dec-000009_system.txt,run,.txt,1912
run/prompts/decision_mock-83265-81ed4937-dec-000009_tools.json,run,.json,632
run/prompts/decision_mock-83265-81ed4937-dec-000009_user.json,run,.json,4078
run/prompts/decision_mock-83265-81ed4937-dec-000010_parsed.json,run,.json,2723
run/prompts/decision_mock-83265-81ed4937-dec-000010_response.json,run,.json,2877
run/prompts/decision_mock-83265-81ed4937-dec-000010_system.txt,run,.txt,1912
run/prompts/decision_mock-83265-81ed4937-dec-000010_tools.json,run,.json,1539
run/prompts/decision_mock-83265-81ed4937-dec-000010_user.json,run,.json,5031
run/prompts/decision_mock-83265-81ed4937-dec-000011_parsed.json,run,.json,1933
run/prompts/decision_mock-83265-81ed4937-dec-000011_response.json,run,.json,3471
run/prompts/decision_mock-83265-81ed4937-dec-000011_system.txt,run,.txt,1912
run/prompts/decision_mock-83265-81ed4937-dec-000011_tools.json,run,.json,1198
run/prompts/decision_mock-83265-81ed4937-dec-000011_user.json,run,.json,4838
run/prompts/decision_mock-83265-81ed4937-dec-000012_parsed.json,run,.json,1757
run/prompts/decision_mock-83265-81ed4937-dec-000012_response.json,run,.json,3408
run/prompts/decision_mock-83265-81ed4937-dec-000012_system.txt,run,.txt,1912
run/prompts/decision_mock-83265-81ed4937-dec-000012_tools.json,run,.json,632
run/prompts/decision_mock-83265-81ed4937-dec-000012_user.json,run,.json,4997
run/prompts/decision_mock-83265-81ed4937-dec-000013_parsed.json,run,.json,1721
run/prompts/decision_mock-83265-81ed4937-dec-000013_response.json,run,.json,3310
run/prompts/decision_mock-83265-81ed4937-dec-000013_system.txt,run,.txt,1912
run/prompts/decision_mock-83265-81ed4937-dec-000013_tools.json,run,.json,1539
run/prompts/decision_mock-83265-81ed4937-dec-000013_user.json,run,.json,5705
run/prompts/decision_mock-83265-81ed4937-dec-000014_parsed.json,run,.json,838
run/prompts/decision_mock-83265-81ed4937-dec-000014_response.json,run,.json,4685
run/prompts/decision_mock-83265-81ed4937-dec-000014_retry1_parsed.json,run,.json,1616
run/prompts/decision_mock-83265-81ed4937-dec-000014_retry1_response.json,run,.json,3707
run/prompts/decision_mock-83265-81ed4937-dec-000014_retry1_system.txt,run,.txt,1912
run/prompts/decision_mock-83265-81ed4937-dec-000014_retry1_tools.json,run,.json,1198
run/prompts/decision_mock-83265-81ed4937-dec-000014_retry1_user.json,run,.json,5338
run/prompts/decision_mock-83265-81ed4937-dec-000014_system.txt,run,.txt,1912
run/prompts/decision_mock-83265-81ed4937-dec-000014_tools.json,run,.json,1198
run/prompts/decision_mock-83265-81ed4937-dec-000014_user.json,run,.json,5194
run/prompts/decision_mock-83265-81ed4937-dec-000015_parsed.json,run,.json,1893
run/prompts/decision_mock-83265-81ed4937-dec-000015_response.json,run,.json,3750
run/prompts/decision_mock-83265-81ed4937-dec-000015_system.txt,run,.txt,1912
run/prompts/decision_mock-83265-81ed4937-dec-000015_tools.json,run,.json,632
run/prompts/decision_mock-83265-81ed4937-dec-000015_user.json,run,.json,5569
run/prompts/decision_mock-83265-81ed4937-dec-000016_parsed.json,run,.json,1641
run/prompts/decision_mock-83265-81ed4937-dec-000016_response.json,run,.json,9062
run/prompts/decision_mock-83265-81ed4937-dec-000016_system.txt,run,.txt,1912
run/prompts/decision_mock-83265-81ed4937-dec-000016_tools.json,run,.json,1539
run/prompts/decision_mock-83265-81ed4937-dec-000016_user.json,run,.json,6368
run/prompts/decision_mock-83265-81ed4937-dec-000017_parsed.json,run,.json,2667
run/prompts/decision_mock-83265-81ed4937-dec-000017_response.json,run,.json,3105
run/prompts/decision_mock-83265-81ed4937-dec-000017_system.txt,run,.txt,1912
run/prompts/decision_mock-83265-81ed4937-dec-000017_tools.json,run,.json,632
run/prompts/decision_mock-83265-81ed4937-dec-000017_user.json,run,.json,6612
run/prompts/decision_mock-83265-81ed4937-dec-000018_parsed.json,run,.json,2655
run/prompts/decision_mock-83265-81ed4937-dec-000018_response.json,run,.json,3147
run/prompts/decision_mock-83265-81ed4937-dec-000018_system.txt,run,.txt,1912
run/prompts/decision_mock-83265-81ed4937-dec-000018_tools.json,run,.json,1539
run/prompts/decision_mock-83265-81ed4937-dec-000018_user.json,run,.json,7599
run/prompts/decision_mock-83265-81ed4937-dec-000019_parsed.json,run,.json,2049
run/prompts/decision_mock-83265-81ed4937-dec-000019_response.json,run,.json,3010
run/prompts/decision_mock-83265-81ed4937-dec-000019_system.txt,run,.txt,1912
run/prompts/decision_mock-83265-81ed4937-dec-000019_tools.json,run,.json,632
run/prompts/decision_mock-83265-81ed4937-dec-000019_user.json,run,.json,6775
run/prompts/decision_mock-83265-81ed4937-dec-000020_parsed.json,run,.json,1569
run/prompts/decision_mock-83265-81ed4937-dec-000020_response.json,run,.json,3259
run/prompts/decision_mock-83265-81ed4937-dec-000020_system.txt,run,.txt,1912
run/prompts/decision_mock-83265-81ed4937-dec-000020_tools.json,run,.json,1539
run/prompts/decision_mock-83265-81ed4937-dec-000020_user.json,run,.json,7419
run/prompts/decision_mock-83265-81ed4937-dec-000021_parsed.json,run,.json,1873
run/prompts/decision_mock-83265-81ed4937-dec-000021_response.json,run,.json,4189
run/prompts/decision_mock-83265-81ed4937-dec-000021_system.txt,run,.txt,1912
run/prompts/decision_mock-83265-81ed4937-dec-000021_tools.json,run,.json,632
run/prompts/decision_mock-83265-81ed4937-dec-000021_user.json,run,.json,6135
run/prompts/decision_mock-83265-81ed4937-dec-000022_parsed.json,run,.json,1601
run/prompts/decision_mock-83265-81ed4937-dec-000022_response.json,run,.json,3882
run/prompts/decision_mock-83265-81ed4937-dec-000022_system.txt,run,.txt,1912
run/prompts/decision_mock-83265-81ed4937-dec-000022_tools.json,run,.json,1539
run/prompts/decision_mock-83265-81ed4937-dec-000022_user.json,run,.json,6704
run/prompts/decision_mock-83265-81ed4937-dec-000023_parsed.json,run,.json,2029
run/prompts/decision_mock-83265-81ed4937-dec-000023_response.json,run,.json,3826
run/prompts/decision_mock-83265-81ed4937-dec-000023_system.txt,run,.txt,1912
run/prompts/decision_mock-83265-81ed4937-dec-000023_tools.json,run,.json,632
run/prompts/decision_mock-83265-81ed4937-dec-000023_user.json,run,.json,6876
run/prompts/decision_mock-83265-81ed4937-dec-000024_parsed.json,run,.json,2097
run/prompts/decision_mock-83265-81ed4937-dec-000024_response.json,run,.json,6855
run/prompts/decision_mock-83265-81ed4937-dec-000024_system.txt,run,.txt,1912
run/prompts/decision_mock-83265-81ed4937-dec-000024_tools.json,run,.json,1539
run/prompts/decision_mock-83265-81ed4937-dec-000024_user.json,run,.json,7562
run/prompts/decision_mock-83265-81ed4937-dec-000025_parsed.json,run,.json,2121
run/prompts/decision_mock-83265-81ed4937-dec-000025_response.json,run,.json,3954
run/prompts/decision_mock-83265-81ed4937-dec-000025_system.txt,run,.txt,1912
run/prompts/decision_mock-83265-81ed4937-dec-000025_tools.json,run,.json,1539
run/prompts/decision_mock-83265-81ed4937-dec-000025_user.json,run,.json,7782
run/prompts/decision_mock-83265-81ed4937-dec-000026_parsed.json,run,.json,2679
run/prompts/decision_mock-83265-81ed4937-dec-000026_response.json,run,.json,3275
run/prompts/decision_mock-83265-81ed4937-dec-000026_system.txt,run,.txt,1912
run/prompts/decision_mock-83265-81ed4937-dec-000026_tools.json,run,.json,632
run/prompts/decision_mock-83265-81ed4937-dec-000026_user.json,run,.json,8041
run/prompts/decision_mock-83265-81ed4937-dec-000027_parsed.json,run,.json,2795
run/prompts/decision_mock-83265-81ed4937-dec-000027_response.json,run,.json,5080
run/prompts/decision_mock-83265-81ed4937-dec-000027_system.txt,run,.txt,1912
run/prompts/decision_mock-83265-81ed4937-dec-000027_tools.json,run,.json,1539
run/prompts/decision_mock-83265-81ed4937-dec-000027_user.json,run,.json,8833
run/prompts/decision_mock-83265-81ed4937-dec-000028_parsed.json,run,.json,1589
run/prompts/decision_mock-83265-81ed4937-dec-000028_response.json,run,.json,3510
run/prompts/decision_mock-83265-81ed4937-dec-000028_system.txt,run,.txt,1912
run/prompts/decision_mock-83265-81ed4937-dec-000028_tools.json,run,.json,1539
run/prompts/decision_mock-83265-81ed4937-dec-000028_user.json,run,.json,7825
run/prompts/decision_mock-83265-81ed4937-dec-000029_parsed.json,run,.json,2417
run/prompts/decision_mock-83265-81ed4937-dec-000029_response.json,run,.json,4775
run/prompts/decision_mock-83265-81ed4937-dec-000029_system.txt,run,.txt,1912
run/prompts/decision_mock-83265-81ed4937-dec-000029_tools.json,run,.json,632
run/prompts/decision_mock-83265-81ed4937-dec-000029_user.json,run,.json,6805
run/prompts/decision_mock-83265-81ed4937-dec-000030_parsed.json,run,.json,874
run/prompts/decision_mock-83265-81ed4937-dec-000030_response.json,run,.json,5044
run/prompts/decision_mock-83265-81ed4937-dec-000030_retry1_parsed.json,run,.json,1760
run/prompts/decision_mock-83265-81ed4937-dec-000030_retry1_response.json,run,.json,3848
run/prompts/decision_mock-83265-81ed4937-dec-000030_retry1_system.txt,run,.txt,1912
run/prompts/decision_mock-83265-81ed4937-dec-000030_retry1_tools.json,run,.json,1539
run/prompts/decision_mock-83265-81ed4937-dec-000030_retry1_user.json,run,.json,7672
run/prompts/decision_mock-83265-81ed4937-dec-000030_system.txt,run,.txt,1912
run/prompts/decision_mock-83265-81ed4937-dec-000030_tools.json,run,.json,1539
run/prompts/decision_mock-83265-81ed4937-dec-000030_user.json,run,.json,7528
run/prompts/decision_mock-83265-81ed4937-dec-000031_parsed.json,run,.json,1941
run/prompts/decision_mock-83265-81ed4937-dec-000031_response.json,run,.json,4040
run/prompts/decision_mock-83265-81ed4937-dec-000031_system.txt,run,.txt,1912
run/prompts/decision_mock-83265-81ed4937-dec-000031_tools.json,run,.json,632
run/prompts/decision_mock-83265-81ed4937-dec-000031_user.json,run,.json,7899
run/prompts/decision_mock-83265-81ed4937-dec-000032_parsed.json,run,.json,1949
run/prompts/decision_mock-83265-81ed4937-dec-000032_response.json,run,.json,6468
run/prompts/decision_mock-83265-81ed4937-dec-000032_system.txt,run,.txt,1912
run/prompts/decision_mock-83265-81ed4937-dec-000032_tools.json,run,.json,1539
run/prompts/decision_mock-83265-81ed4937-dec-000032_user.json,run,.json,8586
run/prompts/decision_mock-83265-81ed4937-dec-000033_parsed.json,run,.json,3079
run/prompts/decision_mock-83265-81ed4937-dec-000033_response.json,run,.json,4103
run/prompts/decision_mock-83265-81ed4937-dec-000033_system.txt,run,.txt,1912
run/prompts/decision_mock-83265-81ed4937-dec-000033_tools.json,run,.json,632
run/prompts/decision_mock-83265-81ed4937-dec-000033_user.json,run,.json,9127
run/prompts/decision_mock-83265-81ed4937-dec-000034_parsed.json,run,.json,2767
run/prompts/decision_mock-83265-81ed4937-dec-000034_response.json,run,.json,5844
run/prompts/decision_mock-83265-81ed4937-dec-000034_system.txt,run,.txt,1912
run/prompts/decision_mock-83265-81ed4937-dec-000034_tools.json,run,.json,1539
run/prompts/decision_mock-83265-81ed4937-dec-000034_user.json,run,.json,10069
run/prompts/decision_mock-83265-81ed4937-dec-000035_parsed.json,run,.json,1701
run/prompts/decision_mock-83265-81ed4937-dec-000035_response.json,run,.json,4324
run/prompts/decision_mock-83265-81ed4937-dec-000035_system.txt,run,.txt,1912
run/prompts/decision_mock-83265-81ed4937-dec-000035_tools.json,run,.json,1539
run/prompts/decision_mock-83265-81ed4937-dec-000035_user.json,run,.json,8311
run/prompts/decision_mock-83265-81ed4937-dec-000036_parsed.json,run,.json,1557
run/prompts/decision_mock-83265-81ed4937-dec-000036_response.json,run,.json,3974
run/prompts/decision_mock-83265-81ed4937-dec-000036_system.txt,run,.txt,1912
run/prompts/decision_mock-83265-81ed4937-dec-000036_tools.json,run,.json,1539
run/prompts/decision_mock-83265-81ed4937-dec-000036_user.json,run,.json,8440
run/prompts/decision_mock-83265-81ed4937-dec-000037_parsed.json,run,.json,1985
run/prompts/decision_mock-83265-81ed4937-dec-000037_response.json,run,.json,3761
run/prompts/decision_mock-83265-81ed4937-dec-000037_system.txt,run,.txt,1912
run/prompts/decision_mock-83265-81ed4937-dec-000037_tools.json,run,.json,632
run/prompts/decision_mock-83265-81ed4937-dec-000037_user.json,run,.json,8311
run/prompts/decision_mock-83265-81ed4937-dec-000038_parsed.json,run,.json,1549
run/prompts/decision_mock-83265-81ed4937-dec-000038_response.json,run,.json,4022
run/prompts/decision_mock-83265-81ed4937-dec-000038_system.txt,run,.txt,1912
run/prompts/decision_mock-83265-81ed4937-dec-000038_tools.json,run,.json,1539
run/prompts/decision_mock-83265-81ed4937-dec-000038_user.json,run,.json,8804
run/prompts/decision_mock-83265-81ed4937-dec-000039_parsed.json,run,.json,822
run/prompts/decision_mock-83265-81ed4937-dec-000039_response.json,run,.json,5437
run/prompts/decision_mock-83265-81ed4937-dec-000039_retry1_parsed.json,run,.json,1552
run/prompts/decision_mock-83265-81ed4937-dec-000039_retry1_response.json,run,.json,3867
run/prompts/decision_mock-83265-81ed4937-dec-000039_retry1_system.txt,run,.txt,1912
run/prompts/decision_mock-83265-81ed4937-dec-000039_retry1_tools.json,run,.json,1539
run/prompts/decision_mock-83265-81ed4937-dec-000039_retry1_user.json,run,.json,7975
run/prompts/decision_mock-83265-81ed4937-dec-000039_system.txt,run,.txt,1912
run/prompts/decision_mock-83265-81ed4937-dec-000039_tools.json,run,.json,1539
run/prompts/decision_mock-83265-81ed4937-dec-000039_user.json,run,.json,7831
run/prompts/decision_mock-83265-81ed4937-dec-000040_parsed.json,run,.json,1949
run/prompts/decision_mock-83265-81ed4937-dec-000040_response.json,run,.json,3599
run/prompts/decision_mock-83265-81ed4937-dec-000040_system.txt,run,.txt,1912
run/prompts/decision_mock-83265-81ed4937-dec-000040_tools.json,run,.json,632
run/prompts/decision_mock-83265-81ed4937-dec-000040_user.json,run,.json,8212
run/prompts/decision_mock-83265-81ed4937-dec-000041_parsed.json,run,.json,3215
run/prompts/decision_mock-83265-81ed4937-dec-000041_response.json,run,.json,8183
run/prompts/decision_mock-83265-81ed4937-dec-000041_system.txt,run,.txt,1912
run/prompts/decision_mock-83265-81ed4937-dec-000041_tools.json,run,.json,1539
run/prompts/decision_mock-83265-81ed4937-dec-000041_user.json,run,.json,8823
run/prompts/decision_mock-83265-81ed4937-dec-000042_parsed.json,run,.json,3943
run/prompts/decision_mock-83265-81ed4937-dec-000042_response.json,run,.json,6282
run/prompts/decision_mock-83265-81ed4937-dec-000042_system.txt,run,.txt,1912
run/prompts/decision_mock-83265-81ed4937-dec-000042_tools.json,run,.json,1466
run/prompts/decision_mock-83265-81ed4937-dec-000042_user.json,run,.json,10394
run/prompts/decision_mock-83265-81ed4937-dec-000043_parsed.json,run,.json,3231
run/prompts/decision_mock-83265-81ed4937-dec-000043_response.json,run,.json,9327
run/prompts/decision_mock-83265-81ed4937-dec-000043_system.txt,run,.txt,1912
run/prompts/decision_mock-83265-81ed4937-dec-000043_tools.json,run,.json,1539
run/prompts/decision_mock-83265-81ed4937-dec-000043_user.json,run,.json,9339
run/prompts/decision_mock-83265-81ed4937-dec-000044_parsed.json,run,.json,4761
run/prompts/decision_mock-83265-81ed4937-dec-000044_response.json,run,.json,12859
run/prompts/decision_mock-83265-81ed4937-dec-000044_system.txt,run,.txt,1912
run/prompts/decision_mock-83265-81ed4937-dec-000044_tools.json,run,.json,1466
run/prompts/decision_mock-83265-81ed4937-dec-000044_user.json,run,.json,11051
run/prompts/decision_mock-83265-81ed4937-dec-000045_parsed.json,run,.json,2301
run/prompts/decision_mock-83265-81ed4937-dec-000045_response.json,run,.json,5493
run/prompts/decision_mock-83265-81ed4937-dec-000045_system.txt,run,.txt,1912
run/prompts/decision_mock-83265-81ed4937-dec-000045_tools.json,run,.json,1466
run/prompts/decision_mock-83265-81ed4937-dec-000045_user.json,run,.json,9844
run/prompts/decision_mock-83265-81ed4937-dec-000046_parsed.json,run,.json,2795
run/prompts/decision_mock-83265-81ed4937-dec-000046_response.json,run,.json,5936
run/prompts/decision_mock-83265-81ed4937-dec-000046_system.txt,run,.txt,1912
run/prompts/decision_mock-83265-81ed4937-dec-000046_tools.json,run,.json,2142
run/prompts/decision_mock-83265-81ed4937-dec-000046_user.json,run,.json,10096
run/prompts/decision_mock-83265-81ed4937-dec-000047_parsed.json,run,.json,2271
run/prompts/decision_mock-83265-81ed4937-dec-000047_response.json,run,.json,12219
run/prompts/decision_mock-83265-81ed4937-dec-000047_system.txt,run,.txt,1912
run/prompts/decision_mock-83265-81ed4937-dec-000047_tools.json,run,.json,2140
run/prompts/decision_mock-83265-81ed4937-dec-000047_user.json,run,.json,10240
run/prompts/decision_mock-83265-81ed4937-dec-000048_parsed.json,run,.json,2299
run/prompts/decision_mock-83265-81ed4937-dec-000048_response.json,run,.json,4581
run/prompts/decision_mock-83265-81ed4937-dec-000048_system.txt,run,.txt,1912
run/prompts/decision_mock-83265-81ed4937-dec-000048_tools.json,run,.json,3088
run/prompts/decision_mock-83265-81ed4937-dec-000048_user.json,run,.json,10504
run/prompts/decision_mock-83265-81ed4937-dec-000049_parsed.json,run,.json,2347
run/prompts/decision_mock-83265-81ed4937-dec-000049_response.json,run,.json,5571
run/prompts/decision_mock-83265-81ed4937-dec-000049_system.txt,run,.txt,1912
run/prompts/decision_mock-83265-81ed4937-dec-000049_tools.json,run,.json,2140
run/prompts/decision_mock-83265-81ed4937-dec-000049_user.json,run,.json,10304
run/prompts/decision_mock-83265-81ed4937-dec-000050_parsed.json,run,.json,2471
run/prompts/decision_mock-83265-81ed4937-dec-000050_response.json,run,.json,12227
run/prompts/decision_mock-83265-81ed4937-dec-000050_system.txt,run,.txt,1912
run/prompts/decision_mock-83265-81ed4937-dec-000050_tools.json,run,.json,3088
run/prompts/decision_mock-83265-81ed4937-dec-000050_user.json,run,.json,10478
run/prompts/decision_mock-83265-81ed4937-dec-000051_parsed.json,run,.json,2223
run/prompts/decision_mock-83265-81ed4937-dec-000051_response.json,run,.json,4752
run/prompts/decision_mock-83265-81ed4937-dec-000051_system.txt,run,.txt,1912
run/prompts/decision_mock-83265-81ed4937-dec-000051_tools.json,run,.json,2140
run/prompts/decision_mock-83265-81ed4937-dec-000051_user.json,run,.json,10462
run/prompts/decision_mock-83265-81ed4937-dec-000052_parsed.json,run,.json,2303
run/prompts/decision_mock-83265-81ed4937-dec-000052_response.json,run,.json,5785
run/prompts/decision_mock-83265-81ed4937-dec-000052_system.txt,run,.txt,1912
run/prompts/decision_mock-83265-81ed4937-dec-000052_tools.json,run,.json,2747
run/prompts/decision_mock-83265-81ed4937-dec-000052_user.json,run,.json,10549
run/prompts/decision_mock-83265-81ed4937-dec-000053_parsed.json,run,.json,3267
run/prompts/decision_mock-83265-81ed4937-dec-000053_response.json,run,.json,10156
run/prompts/decision_mock-83265-81ed4937-dec-000053_system.txt,run,.txt,1912
run/prompts/decision_mock-83265-81ed4937-dec-000053_tools.json,run,.json,1799
run/prompts/decision_mock-83265-81ed4937-dec-000053_user.json,run,.json,10568
run/prompts/decision_mock-83265-81ed4937-dec-000054_parsed.json,run,.json,3919
run/prompts/decision_mock-83265-81ed4937-dec-000054_response.json,run,.json,5731
run/prompts/decision_mock-83265-81ed4937-dec-000054_system.txt,run,.txt,1912
run/prompts/decision_mock-83265-81ed4937-dec-000054_tools.json,run,.json,1466
run/prompts/decision_mock-83265-81ed4937-dec-000054_user.json,run,.json,12467
run/prompts/decision_mock-83265-81ed4937-dec-000055_parsed.json,run,.json,3495
run/prompts/decision_mock-83265-81ed4937-dec-000055_response.json,run,.json,23825
run/prompts/decision_mock-83265-81ed4937-dec-000055_system.txt,run,.txt,1912
run/prompts/decision_mock-83265-81ed4937-dec-000055_tools.json,run,.json,1799
run/prompts/decision_mock-83265-81ed4937-dec-000055_user.json,run,.json,11092
run/prompts/decision_mock-83265-81ed4937-dec-000056_parsed.json,run,.json,3171
run/prompts/decision_mock-83265-81ed4937-dec-000056_response.json,run,.json,6799
run/prompts/decision_mock-83265-81ed4937-dec-000056_system.txt,run,.txt,1912
run/prompts/decision_mock-83265-81ed4937-dec-000056_tools.json,run,.json,1466
run/prompts/decision_mock-83265-81ed4937-dec-000056_user.json,run,.json,10865
run/prompts/decision_mock-83265-81ed4937-dec-000057_parsed.json,run,.json,3131
run/prompts/decision_mock-83265-81ed4937-dec-000057_response.json,run,.json,8998
run/prompts/decision_mock-83265-81ed4937-dec-000057_system.txt,run,.txt,1912
run/prompts/decision_mock-83265-81ed4937-dec-000057_tools.json,run,.json,1169
run/prompts/decision_mock-83265-81ed4937-dec-000057_user.json,run,.json,11547
run/prompts/decision_mock-83265-81ed4937-dec-000058_parsed.json,run,.json,3015
run/prompts/decision_mock-83265-81ed4937-dec-000058_response.json,run,.json,5496
run/prompts/decision_mock-83265-81ed4937-dec-000058_system.txt,run,.txt,1912
run/prompts/decision_mock-83265-81ed4937-dec-000058_tools.json,run,.json,1466
run/prompts/decision_mock-83265-81ed4937-dec-000058_user.json,run,.json,11609
run/prompts/decision_mock-83265-81ed4937-dec-000059_parsed.json,run,.json,3203
run/prompts/decision_mock-83265-81ed4937-dec-000059_response.json,run,.json,11221
run/prompts/decision_mock-83265-81ed4937-dec-000059_system.txt,run,.txt,1912
run/prompts/decision_mock-83265-81ed4937-dec-000059_tools.json,run,.json,1466
run/prompts/decision_mock-83265-81ed4937-dec-000059_user.json,run,.json,12399
run/prompts/decision_mock-83265-81ed4937-dec-000060_parsed.json,run,.json,2065
run/prompts/decision_mock-83265-81ed4937-dec-000060_response.json,run,.json,7891
run/prompts/decision_mock-83265-81ed4937-dec-000060_system.txt,run,.txt,1912
run/prompts/decision_mock-83265-81ed4937-dec-000060_tools.json,run,.json,1466
run/prompts/decision_mock-83265-81ed4937-dec-000060_user.json,run,.json,12476
run/prompts/decision_mock-83265-81ed4937-dec-000061_parsed.json,run,.json,2959
run/prompts/decision_mock-83265-81ed4937-dec-000061_response.json,run,.json,8437
run/prompts/decision_mock-83265-81ed4937-dec-000061_system.txt,run,.txt,1912
run/prompts/decision_mock-83265-81ed4937-dec-000061_tools.json,run,.json,2747
run/prompts/decision_mock-83265-81ed4937-dec-000061_user.json,run,.json,12539
run/prompts/decision_mock-83265-81ed4937-dec-000062_parsed.json,run,.json,3187
run/prompts/decision_mock-83265-81ed4937-dec-000062_response.json,run,.json,6644
run/prompts/decision_mock-83265-81ed4937-dec-000062_system.txt,run,.txt,1912
run/prompts/decision_mock-83265-81ed4937-dec-000062_tools.json,run,.json,2144
run/prompts/decision_mock-83265-81ed4937-dec-000062_user.json,run,.json,12425
run/prompts/decision_mock-83265-81ed4937-dec-000063_parsed.json,run,.json,1977
run/prompts/decision_mock-83265-81ed4937-dec-000063_response.json,run,.json,4975
run/prompts/decision_mock-83265-81ed4937-dec-000063_system.txt,run,.txt,1912
run/prompts/decision_mock-83265-81ed4937-dec-000063_tools.json,run,.json,1466
run/prompts/decision_mock-83265-81ed4937-dec-000063_user.json,run,.json,10906
run/prompts/decision_mock-83265-81ed4937-dec-000064_parsed.json,run,.json,3355
run/prompts/decision_mock-83265-81ed4937-dec-000064_response.json,run,.json,5832
run/prompts/decision_mock-83265-81ed4937-dec-000064_system.txt,run,.txt,1912
run/prompts/decision_mock-83265-81ed4937-dec-000064_tools.json,run,.json,2144
run/prompts/decision_mock-83265-81ed4937-dec-000064_user.json,run,.json,12130
run/prompts/decision_mock-83265-81ed4937-dec-000065_parsed.json,run,.json,2065
run/prompts/decision_mock-83265-81ed4937-dec-000065_response.json,run,.json,5985
run/prompts/decision_mock-83265-81ed4937-dec-000065_system.txt,run,.txt,1912
run/prompts/decision_mock-83265-81ed4937-dec-000065_tools.json,run,.json,1466
run/prompts/decision_mock-83265-81ed4937-dec-000065_user.json,run,.json,10883
run/prompts/decision_mock-83265-81ed4937-dec-000066_parsed.json,run,.json,3235
run/prompts/decision_mock-83265-81ed4937-dec-000066_response.json,run,.json,5888
run/prompts/decision_mock-83265-81ed4937-dec-000066_system.txt,run,.txt,1912
run/prompts/decision_mock-83265-81ed4937-dec-000066_tools.json,run,.json,2144
run/prompts/decision_mock-83265-81ed4937-dec-000066_user.json,run,.json,11934
run/prompts/decision_mock-83265-81ed4937-dec-000067_parsed.json,run,.json,3259
run/prompts/decision_mock-83265-81ed4937-dec-000067_response.json,run,.json,3167
run/prompts/decision_mock-83265-81ed4937-dec-000067_system.txt,run,.txt,1912
run/prompts/decision_mock-83265-81ed4937-dec-000067_tools.json,run,.json,1466
run/prompts/decision_mock-83265-81ed4937-dec-000067_user.json,run,.json,13568
run/prompts/decision_mock-83265-81ed4937-dec-000068_parsed.json,run,.json,3219
run/prompts/decision_mock-83265-81ed4937-dec-000068_response.json,run,.json,9073
run/prompts/decision_mock-83265-81ed4937-dec-000068_system.txt,run,.txt,1912
run/prompts/decision_mock-83265-81ed4937-dec-000068_tools.json,run,.json,2144
run/prompts/decision_mock-83265-81ed4937-dec-000068_user.json,run,.json,12185
run/prompts/decision_mock-83265-81ed4937-dec-000069_parsed.json,run,.json,2361
run/prompts/decision_mock-83265-81ed4937-dec-000069_response.json,run,.json,6381
run/prompts/decision_mock-83265-81ed4937-dec-000069_system.txt,run,.txt,1912
run/prompts/decision_mock-83265-81ed4937-dec-000069_tools.json,run,.json,1466
run/prompts/decision_mock-83265-81ed4937-dec-000069_user.json,run,.json,11636
run/prompts/decision_mock-83265-81ed4937-dec-000070_parsed.json,run,.json,2363
run/prompts/decision_mock-83265-81ed4937-dec-000070_response.json,run,.json,4722
run/prompts/decision_mock-83265-81ed4937-dec-000070_system.txt,run,.txt,1912
run/prompts/decision_mock-83265-81ed4937-dec-000070_tools.json,run,.json,2747
run/prompts/decision_mock-83265-81ed4937-dec-000070_user.json,run,.json,12416
run/prompts/decision_mock-83265-81ed4937-dec-000071_parsed.json,run,.json,2991
run/prompts/decision_mock-83265-81ed4937-dec-000071_response.json,run,.json,9150
run/prompts/decision_mock-83265-81ed4937-dec-000071_system.txt,run,.txt,1912
run/prompts/decision_mock-83265-81ed4937-dec-000071_tools.json,run,.json,2144
run/prompts/decision_mock-83265-81ed4937-dec-000071_user.json,run,.json,12404
run/prompts/decision_mock-83265-81ed4937-dec-000072_parsed.json,run,.json,2185
run/prompts/decision_mock-83265-81ed4937-dec-000072_response.json,run,.json,3826
run/prompts/decision_mock-83265-81ed4937-dec-000072_system.txt,run,.txt,1912
run/prompts/decision_mock-83265-81ed4937-dec-000072_tools.json,run,.json,1466
run/prompts/decision_mock-83265-81ed4937-dec-000072_user.json,run,.json,11853
run/prompts/decision_mock-83265-81ed4937-dec-000073_parsed.json,run,.json,1993
run/prompts/decision_mock-83265-81ed4937-dec-000073_response.json,run,.json,4261
run/prompts/decision_mock-83265-81ed4937-dec-000073_system.txt,run,.txt,1912
run/prompts/decision_mock-83265-81ed4937-dec-000073_tools.json,run,.json,1799
run/prompts/decision_mock-83265-81ed4937-dec-000073_user.json,run,.json,12474
run/prompts/decision_mock-83265-81ed4937-dec-000074_parsed.json,run,.json,1681
run/prompts/decision_mock-83265-81ed4937-dec-000074_response.json,run,.json,5128
run/prompts/decision_mock-83265-81ed4937-dec-000074_system.txt,run,.txt,1912
run/prompts/decision_mock-83265-81ed4937-dec-000074_tools.json,run,.json,1799
run/prompts/decision_mock-83265-81ed4937-dec-000074_user.json,run,.json,11934
run/prompts/decision_mock-83265-81ed4937-dec-000075_parsed.json,run,.json,2835
run/prompts/decision_mock-83265-81ed4937-dec-000075_response.json,run,.json,6278
run/prompts/decision_mock-83265-81ed4937-dec-000075_system.txt,run,.txt,1912
run/prompts/decision_mock-83265-81ed4937-dec-000075_tools.json,run,.json,1539
run/prompts/decision_mock-83265-81ed4937-dec-000075_user.json,run,.json,13598
run/prompts/decision_mock-83265-81ed4937-dec-000076_parsed.json,run,.json,2739
run/prompts/decision_mock-83265-81ed4937-dec-000076_response.json,run,.json,4576
run/prompts/decision_mock-83265-81ed4937-dec-000076_system.txt,run,.txt,1912
run/prompts/decision_mock-83265-81ed4937-dec-000076_tools.json,run,.json,1539
run/prompts/decision_mock-83265-81ed4937-dec-000076_user.json,run,.json,13190
run/prompts/decision_mock-83265-81ed4937-dec-000077_parsed.json,run,.json,1811
run/prompts/decision_mock-83265-81ed4937-dec-000077_response.json,run,.json,4361
run/prompts/decision_mock-83265-81ed4937-dec-000077_system.txt,run,.txt,1912
run/prompts/decision_mock-83265-81ed4937-dec-000077_tools.json,run,.json,1884
run/prompts/decision_mock-83265-81ed4937-dec-000077_user.json,run,.json,10605
run/prompts/decision_mock-83265-81ed4937-dec-000078_parsed.json,run,.json,1831
run/prompts/decision_mock-83265-81ed4937-dec-000078_response.json,run,.json,3941
run/prompts/decision_mock-83265-81ed4937-dec-000078_system.txt,run,.txt,1912
run/prompts/decision_mock-83265-81ed4937-dec-000078_tools.json,run,.json,1884
run/prompts/decision_mock-83265-81ed4937-dec-000078_user.json,run,.json,10474
run/prompts/decision_mock-83265-81ed4937-dec-000079_parsed.json,run,.json,2229
run/prompts/decision_mock-83265-81ed4937-dec-000079_response.json,run,.json,6145
run/prompts/decision_mock-83265-81ed4937-dec-000079_system.txt,run,.txt,1912
run/prompts/decision_mock-83265-81ed4937-dec-000079_tools.json,run,.json,1884
run/prompts/decision_mock-83265-81ed4937-dec-000079_user.json,run,.json,10304
run/prompts/decision_mock-83265-81ed4937-dec-000080_parsed.json,run,.json,1813
run/prompts/decision_mock-83265-81ed4937-dec-000080_response.json,run,.json,5283
run/prompts/decision_mock-83265-81ed4937-dec-000080_system.txt,run,.txt,1912
run/prompts/decision_mock-83265-81ed4937-dec-000080_tools.json,run,.json,1539
run/prompts/decision_mock-83265-81ed4937-dec-000080_user.json,run,.json,9584
run/prompts/decision_mock-83265-81ed4937-dec-000081_parsed.json,run,.json,2169
run/prompts/decision_mock-83265-81ed4937-dec-000081_response.json,run,.json,3813
run/prompts/decision_mock-83265-81ed4937-dec-000081_system.txt,run,.txt,1912
run/prompts/decision_mock-83265-81ed4937-dec-000081_tools.json,run,.json,328
run/prompts/decision_mock-83265-81ed4937-dec-000081_user.json,run,.json,9495
run/prompts/decision_mock-83265-81ed4937-dec-000082_parsed.json,run,.json,3629
run/prompts/decision_mock-83265-81ed4937-dec-000082_response.json,run,.json,7163
run/prompts/decision_mock-83265-81ed4937-dec-000082_system.txt,run,.txt,1912
run/prompts/decision_mock-83265-81ed4937-dec-000082_tools.json,run,.json,652
run/prompts/decision_mock-83265-81ed4937-dec-000082_user.json,run,.json,11698
run/prompts/decision_mock-83265-81ed4937-dec-000083_parsed.json,run,.json,2023
run/prompts/decision_mock-83265-81ed4937-dec-000083_response.json,run,.json,4324
run/prompts/decision_mock-83265-81ed4937-dec-000083_system.txt,run,.txt,1912
run/prompts/decision_mock-83265-81ed4937-dec-000083_tools.json,run,.json,652
run/prompts/decision_mock-83265-81ed4937-dec-000083_user.json,run,.json,9563
run/prompts/decision_mock-83265-81ed4937-dec-000084_parsed.json,run,.json,2177
run/prompts/decision_mock-83265-81ed4937-dec-000084_response.json,run,.json,6450
run/prompts/decision_mock-83265-81ed4937-dec-000084_system.txt,run,.txt,1912
run/prompts/decision_mock-83265-81ed4937-dec-000084_tools.json,run,.json,652
run/prompts/decision_mock-83265-81ed4937-dec-000084_user.json,run,.json,9062
run/prompts/decision_mock-83265-81ed4937-dec-000085_parsed.json,run,.json,2329
run/prompts/decision_mock-83265-81ed4937-dec-000085_response.json,run,.json,3879
run/prompts/decision_mock-83265-81ed4937-dec-000085_system.txt,run,.txt,1912
run/prompts/decision_mock-83265-81ed4937-dec-000085_tools.json,run,.json,652
run/prompts/decision_mock-83265-81ed4937-dec-000085_user.json,run,.json,9183
run/prompts/decision_mock-83265-81ed4937-dec-000086_parsed.json,run,.json,2661
run/prompts/decision_mock-83265-81ed4937-dec-000086_response.json,run,.json,4676
run/prompts/decision_mock-83265-81ed4937-dec-000086_system.txt,run,.txt,1912
run/prompts/decision_mock-83265-81ed4937-dec-000086_tools.json,run,.json,652
run/prompts/decision_mock-83265-81ed4937-dec-000086_user.json,run,.json,11612
run/prompts/decision_mock-83265-81ed4937-dec-000087_parsed.json,run,.json,2011
run/prompts/decision_mock-83265-81ed4937-dec-000087_response.json,run,.json,4150
run/prompts/decision_mock-83265-81ed4937-dec-000087_system.txt,run,.txt,1912
run/prompts/decision_mock-83265-81ed4937-dec-000087_tools.json,run,.json,652
run/prompts/decision_mock-83265-81ed4937-dec-000087_user.json,run,.json,9374
run/prompts/decision_mock-83265-81ed4937-dec-000088_parsed.json,run,.json,3601
run/prompts/decision_mock-83265-81ed4937-dec-000088_response.json,run,.json,9141
run/prompts/decision_mock-83265-81ed4937-dec-000088_system.txt,run,.txt,1912
run/prompts/decision_mock-83265-81ed4937-dec-000088_tools.json,run,.json,652
run/prompts/decision_mock-83265-81ed4937-dec-000088_user.json,run,.json,11610
run/prompts/decision_mock-83265-81ed4937-dec-000089_parsed.json,run,.json,2167
run/prompts/decision_mock-83265-81ed4937-dec-000089_response.json,run,.json,4466
run/prompts/decision_mock-83265-81ed4937-dec-000089_system.txt,run,.txt,1912
run/prompts/decision_mock-83265-81ed4937-dec-000089_tools.json,run,.json,652
run/prompts/decision_mock-83265-81ed4937-dec-000089_user.json,run,.json,9404
run/prompts/decision_mock-83265-81ed4937-dec-000090_parsed.json,run,.json,3871
run/prompts/decision_mock-83265-81ed4937-dec-000090_response.json,run,.json,17398
run/prompts/decision_mock-83265-81ed4937-dec-000090_system.txt,run,.txt,1912
run/prompts/decision_mock-83265-81ed4937-dec-000090_tools.json,run,.json,652
run/prompts/decision_mock-83265-81ed4937-dec-000090_user.json,run,.json,11805
run/prompts/decision_mock-83265-81ed4937-dec-000091_parsed.json,run,.json,1933
run/prompts/decision_mock-83265-81ed4937-dec-000091_response.json,run,.json,5484
run/prompts/decision_mock-83265-81ed4937-dec-000091_system.txt,run,.txt,1912
run/prompts/decision_mock-83265-81ed4937-dec-000091_tools.json,run,.json,1799
run/prompts/decision_mock-83265-81ed4937-dec-000091_user.json,run,.json,9274
run/prompts/decision_mock-83265-81ed4937-dec-000092_parsed.json,run,.json,2871
run/prompts/decision_mock-83265-81ed4937-dec-000092_response.json,run,.json,5605
run/prompts/decision_mock-83265-81ed4937-dec-000092_system.txt,run,.txt,1912
run/prompts/decision_mock-83265-81ed4937-dec-000092_tools.json,run,.json,2402
run/prompts/decision_mock-83265-81ed4937-dec-000092_user.json,run,.json,9349
run/prompts/decision_mock-83265-81ed4937-dec-000093_parsed.json,run,.json,1725
run/prompts/decision_mock-83265-81ed4937-dec-000093_response.json,run,.json,6466
run/prompts/decision_mock-83265-81ed4937-dec-000093_system.txt,run,.txt,1912
run/prompts/decision_mock-83265-81ed4937-dec-000093_tools.json,run,.json,1799
run/prompts/decision_mock-83265-81ed4937-dec-000093_user.json,run,.json,9404
run/prompts/decision_mock-83265-81ed4937-dec-000094_parsed.json,run,.json,2191
run/prompts/decision_mock-83265-81ed4937-dec-000094_response.json,run,.json,3556
run/prompts/decision_mock-83265-81ed4937-dec-000094_system.txt,run,.txt,1912
run/prompts/decision_mock-83265-81ed4937-dec-000094_tools.json,run,.json,632
run/prompts/decision_mock-83265-81ed4937-dec-000094_user.json,run,.json,11904
run/prompts/decision_mock-83265-81ed4937-dec-000095_parsed.json,run,.json,4513
run/prompts/decision_mock-83265-81ed4937-dec-000095_response.json,run,.json,12901
run/prompts/decision_mock-83265-81ed4937-dec-000095_system.txt,run,.txt,1912
run/prompts/decision_mock-83265-81ed4937-dec-000095_tools.json,run,.json,1539
run/prompts/decision_mock-83265-81ed4937-dec-000095_user.json,run,.json,12189
run/prompts/decision_mock-83265-81ed4937-dec-000096_parsed.json,run,.json,2701
run/prompts/decision_mock-83265-81ed4937-dec-000096_response.json,run,.json,9350
run/prompts/decision_mock-83265-81ed4937-dec-000096_retry1_parsed.json,run,.json,2794
run/prompts/decision_mock-83265-81ed4937-dec-000096_retry1_response.json,run,.json,8841
run/prompts/decision_mock-83265-81ed4937-dec-000096_retry1_system.txt,run,.txt,1912
run/prompts/decision_mock-83265-81ed4937-dec-000096_retry1_tools.json,run,.json,1466
run/prompts/decision_mock-83265-81ed4937-dec-000096_retry1_user.json,run,.json,10072
run/prompts/decision_mock-83265-81ed4937-dec-000096_system.txt,run,.txt,1912
run/prompts/decision_mock-83265-81ed4937-dec-000096_tools.json,run,.json,1466
run/prompts/decision_mock-83265-81ed4937-dec-000096_user.json,run,.json,9897
run/prompts/decision_mock-83265-81ed4937-dec-000097_parsed.json,run,.json,4439
run/prompts/decision_mock-83265-81ed4937-dec-000097_response.json,run,.json,12629
run/prompts/decision_mock-83265-81ed4937-dec-000097_system.txt,run,.txt,1912
run/prompts/decision_mock-83265-81ed4937-dec-000097_tools.json,run,.json,1539
run/prompts/decision_mock-83265-81ed4937-dec-000097_user.json,run,.json,12477
run/prompts/decision_mock-83265-81ed4937-dec-000098_parsed.json,run,.json,2561
run/prompts/decision_mock-83265-81ed4937-dec-000098_response.json,run,.json,8369
run/prompts/decision_mock-83265-81ed4937-dec-000098_system.txt,run,.txt,1912
run/prompts/decision_mock-83265-81ed4937-dec-000098_tools.json,run,.json,2487
run/prompts/decision_mock-83265-81ed4937-dec-000098_user.json,run,.json,10129
run/prompts/decision_mock-83265-81ed4937-dec-000099_parsed.json,run,.json,3887
run/prompts/decision_mock-83265-81ed4937-dec-000099_response.json,run,.json,9479
run/prompts/decision_mock-83265-81ed4937-dec-000099_system.txt,run,.txt,1912
run/prompts/decision_mock-83265-81ed4937-dec-000099_tools.json,run,.json,2487
run/prompts/decision_mock-83265-81ed4937-dec-000099_user.json,run,.json,10245
run/prompts/decision_mock-83265-81ed4937-dec-000100_parsed.json,run,.json,6191
run/prompts/decision_mock-83265-81ed4937-dec-000100_response.json,run,.json,9563
run/prompts/decision_mock-83265-81ed4937-dec-000100_retry1_parsed.json,run,.json,4376
run/prompts/decision_mock-83265-81ed4937-dec-000100_retry1_response.json,run,.json,7941
run/prompts/decision_mock-83265-81ed4937-dec-000100_retry1_system.txt,run,.txt,1912
run/prompts/decision_mock-83265-81ed4937-dec-000100_retry1_tools.json,run,.json,1466
run/prompts/decision_mock-83265-81ed4937-dec-000100_retry1_user.json,run,.json,14097
run/prompts/decision_mock-83265-81ed4937-dec-000100_system.txt,run,.txt,1912
run/prompts/decision_mock-83265-81ed4937-dec-000100_tools.json,run,.json,1466
run/prompts/decision_mock-83265-81ed4937-dec-000100_user.json,run,.json,12756
run/prompts/decision_mock-83265-81ed4937-dec-000101_parsed.json,run,.json,2963
run/prompts/decision_mock-83265-81ed4937-dec-000101_response.json,run,.json,9846
run/prompts/decision_mock-83265-81ed4937-dec-000101_system.txt,run,.txt,1912
run/prompts/decision_mock-83265-81ed4937-dec-000101_tools.json,run,.json,1466
run/prompts/decision_mock-83265-81ed4937-dec-000101_user.json,run,.json,10667
run/prompts/decision_mock-83265-81ed4937-dec-000102_parsed.json,run,.json,4473
run/prompts/decision_mock-83265-81ed4937-dec-000102_response.json,run,.json,9720
run/prompts/decision_mock-83265-81ed4937-dec-000102_system.txt,run,.txt,1912
run/prompts/decision_mock-83265-81ed4937-dec-000102_tools.json,run,.json,1466
run/prompts/decision_mock-83265-81ed4937-dec-000102_user.json,run,.json,13525
run/prompts/decision_mock-83265-81ed4937-dec-000103_parsed.json,run,.json,1857
run/prompts/decision_mock-83265-81ed4937-dec-000103_response.json,run,.json,3955
run/prompts/decision_mock-83265-81ed4937-dec-000103_system.txt,run,.txt,1912
run/prompts/decision_mock-83265-81ed4937-dec-000103_tools.json,run,.json,1466
run/prompts/decision_mock-83265-81ed4937-dec-000103_user.json,run,.json,11215
run/prompts/decision_mock-83265-81ed4937-dec-000104_parsed.json,run,.json,2445
run/prompts/decision_mock-83265-81ed4937-dec-000104_response.json,run,.json,10563
run/prompts/decision_mock-83265-81ed4937-dec-000104_system.txt,run,.txt,1912
run/prompts/decision_mock-83265-81ed4937-dec-000104_tools.json,run,.json,2487
run/prompts/decision_mock-83265-81ed4937-dec-000104_user.json,run,.json,11079
run/prompts/decision_mock-83265-81ed4937-dec-000105_parsed.json,run,.json,2493
run/prompts/decision_mock-83265-81ed4937-dec-000105_response.json,run,.json,5215
run/prompts/decision_mock-83265-81ed4937-dec-000105_system.txt,run,.txt,1912
run/prompts/decision_mock-83265-81ed4937-dec-000105_tools.json,run,.json,632
run/prompts/decision_mock-83265-81ed4937-dec-000105_user.json,run,.json,10293
run/prompts/decision_mock-83265-81ed4937-dec-000106_parsed.json,run,.json,1741
run/prompts/decision_mock-83265-81ed4937-dec-000106_response.json,run,.json,4859
run/prompts/decision_mock-83265-81ed4937-dec-000106_system.txt,run,.txt,1912
run/prompts/decision_mock-83265-81ed4937-dec-000106_tools.json,run,.json,1539
run/prompts/decision_mock-83265-81ed4937-dec-000106_user.json,run,.json,10840
run/prompts/decision_mock-83265-81ed4937-dec-000107_parsed.json,run,.json,2081
run/prompts/decision_mock-83265-81ed4937-dec-000107_response.json,run,.json,2900
run/prompts/decision_mock-83265-81ed4937-dec-000107_system.txt,run,.txt,1912
run/prompts/decision_mock-83265-81ed4937-dec-000107_tools.json,run,.json,328
run/prompts/decision_mock-83265-81ed4937-dec-000107_user.json,run,.json,9971
run/prompts/decision_mock-83265-81ed4937-dec-000108_parsed.json,run,.json,3453
run/prompts/decision_mock-83265-81ed4937-dec-000108_response.json,run,.json,7559
run/prompts/decision_mock-83265-81ed4937-dec-000108_system.txt,run,.txt,1912
run/prompts/decision_mock-83265-81ed4937-dec-000108_tools.json,run,.json,652
run/prompts/decision_mock-83265-81ed4937-dec-000108_user.json,run,.json,13295
run/prompts/decision_mock-83265-81ed4937-dec-000109_parsed.json,run,.json,2183
run/prompts/decision_mock-83265-81ed4937-dec-000109_response.json,run,.json,4190
run/prompts/decision_mock-83265-81ed4937-dec-000109_system.txt,run,.txt,1912
run/prompts/decision_mock-83265-81ed4937-dec-000109_tools.json,run,.json,652
run/prompts/decision_mock-83265-81ed4937-dec-000109_user.json,run,.json,10978
run/prompts/decision_mock-83265-81ed4937-dec-000110_parsed.json,run,.json,2087
run/prompts/decision_mock-83265-81ed4937-dec-000110_response.json,run,.json,5911
run/prompts/decision_mock-83265-81ed4937-dec-000110_system.txt,run,.txt,1912
run/prompts/decision_mock-83265-81ed4937-dec-000110_tools.json,run,.json,652
run/prompts/decision_mock-83265-81ed4937-dec-000110_user.json,run,.json,10744
run/prompts/decision_mock-83265-81ed4937-dec-000111_parsed.json,run,.json,2113
run/prompts/decision_mock-83265-81ed4937-dec-000111_response.json,run,.json,4099
run/prompts/decision_mock-83265-81ed4937-dec-000111_system.txt,run,.txt,1912
run/prompts/decision_mock-83265-81ed4937-dec-000111_tools.json,run,.json,652
run/prompts/decision_mock-83265-81ed4937-dec-000111_user.json,run,.json,10539
run/prompts/decision_mock-83265-81ed4937-dec-000112_parsed.json,run,.json,3477
run/prompts/decision_mock-83265-81ed4937-dec-000112_response.json,run,.json,6215
run/prompts/decision_mock-83265-81ed4937-dec-000112_system.txt,run,.txt,1912
run/prompts/decision_mock-83265-81ed4937-dec-000112_tools.json,run,.json,652
run/prompts/decision_mock-83265-81ed4937-dec-000112_user.json,run,.json,13775
run/prompts/decision_mock-83265-81ed4937-dec-000113_parsed.json,run,.json,2321
run/prompts/decision_mock-83265-81ed4937-dec-000113_response.json,run,.json,4011
run/prompts/decision_mock-83265-81ed4937-dec-000113_system.txt,run,.txt,1912
run/prompts/decision_mock-83265-81ed4937-dec-000113_tools.json,run,.json,652
run/prompts/decision_mock-83265-81ed4937-dec-000113_user.json,run,.json,11426
run/prompts/decision_mock-83265-81ed4937-dec-000114_parsed.json,run,.json,2879
run/prompts/decision_mock-83265-81ed4937-dec-000114_response.json,run,.json,5935
run/prompts/decision_mock-83265-81ed4937-dec-000114_system.txt,run,.txt,1912
run/prompts/decision_mock-83265-81ed4937-dec-000114_tools.json,run,.json,652
run/prompts/decision_mock-83265-81ed4937-dec-000114_user.json,run,.json,11333
run/prompts/decision_mock-83265-81ed4937-dec-000115_parsed.json,run,.json,3605
run/prompts/decision_mock-83265-81ed4937-dec-000115_response.json,run,.json,8846
run/prompts/decision_mock-83265-81ed4937-dec-000115_system.txt,run,.txt,1912
run/prompts/decision_mock-83265-81ed4937-dec-000115_tools.json,run,.json,652
run/prompts/decision_mock-83265-81ed4937-dec-000115_user.json,run,.json,13836
run/prompts/decision_mock-83265-81ed4937-dec-000116_parsed.json,run,.json,2637
run/prompts/decision_mock-83265-81ed4937-dec-000116_response.json,run,.json,6388
run/prompts/decision_mock-83265-81ed4937-dec-000116_system.txt,run,.txt,1912
run/prompts/decision_mock-83265-81ed4937-dec-000116_tools.json,run,.json,652
run/prompts/decision_mock-83265-81ed4937-dec-000116_user.json,run,.json,11506
run/prompts/decision_mock-83265-81ed4937-dec-000117_parsed.json,run,.json,2005
run/prompts/decision_mock-83265-81ed4937-dec-000117_response.json,run,.json,4346
run/prompts/decision_mock-83265-81ed4937-dec-000117_system.txt,run,.txt,1912
run/prompts/decision_mock-83265-81ed4937-dec-000117_tools.json,run,.json,1799
run/prompts/decision_mock-83265-81ed4937-dec-000117_user.json,run,.json,10820
run/prompts/decision_mock-83265-81ed4937-dec-000118_parsed.json,run,.json,4261
run/prompts/decision_mock-83265-81ed4937-dec-000118_response.json,run,.json,14842
run/prompts/decision_mock-83265-81ed4937-dec-000118_system.txt,run,.txt,1912
run/prompts/decision_mock-83265-81ed4937-dec-000118_tools.json,run,.json,2142
run/prompts/decision_mock-83265-81ed4937-dec-000118_user.json,run,.json,13875
run/prompts/decision_mock-83265-81ed4937-dec-000119_parsed.json,run,.json,3075
run/prompts/decision_mock-83265-81ed4937-dec-000119_response.json,run,.json,6676
run/prompts/decision_mock-83265-81ed4937-dec-000119_system.txt,run,.txt,1912
run/prompts/decision_mock-83265-81ed4937-dec-000119_tools.json,run,.json,2743
run/prompts/decision_mock-83265-81ed4937-dec-000119_user.json,run,.json,13730
run/prompts/decision_mock-83265-81ed4937-dec-000120_parsed.json,run,.json,2831
run/prompts/decision_mock-83265-81ed4937-dec-000120_response.json,run,.json,11480
run/prompts/decision_mock-83265-81ed4937-dec-000120_system.txt,run,.txt,1912
run/prompts/decision_mock-83265-81ed4937-dec-000120_tools.json,run,.json,2487
run/prompts/decision_mock-83265-81ed4937-dec-000120_user.json,run,.json,11100
run/prompts/decision_mock-83265-81ed4937-dec-000121_parsed.json,run,.json,1765
run/prompts/decision_mock-83265-81ed4937-dec-000121_response.json,run,.json,4238
run/prompts/decision_mock-83265-81ed4937-dec-000121_system.txt,run,.txt,1912
run/prompts/decision_mock-83265-81ed4937-dec-000121_tools.json,run,.json,2485
run/prompts/decision_mock-83265-81ed4937-dec-000121_user.json,run,.json,11008
run/prompts/decision_mock-83265-81ed4937-dec-000122_parsed.json,run,.json,2109
run/prompts/decision_mock-83265-81ed4937-dec-000122_response.json,run,.json,6016
run/prompts/decision_mock-83265-81ed4937-dec-000122_system.txt,run,.txt,1912
run/prompts/decision_mock-83265-81ed4937-dec-000122_tools.json,run,.json,632
run/prompts/decision_mock-83265-81ed4937-dec-000122_user.json,run,.json,10289
run/prompts/decision_mock-83265-81ed4937-dec-000123_parsed.json,run,.json,1999
run/prompts/decision_mock-83265-81ed4937-dec-000123_response.json,run,.json,5792
run/prompts/decision_mock-83265-81ed4937-dec-000123_system.txt,run,.txt,1912
run/prompts/decision_mock-83265-81ed4937-dec-000123_tools.json,run,.json,652
run/prompts/decision_mock-83265-81ed4937-dec-000123_user.json,run,.json,9878
run/prompts/decision_mock-83265-81ed4937-dec-000124_parsed.json,run,.json,2179
run/prompts/decision_mock-83265-81ed4937-dec-000124_response.json,run,.json,3389
run/prompts/decision_mock-83265-81ed4937-dec-000124_system.txt,run,.txt,1912
run/prompts/decision_mock-83265-81ed4937-dec-000124_tools.json,run,.json,652
run/prompts/decision_mock-83265-81ed4937-dec-000124_user.json,run,.json,12939
run/prompts/decision_mock-83265-81ed4937-dec-000125_parsed.json,run,.json,1757
run/prompts/decision_mock-83265-81ed4937-dec-000125_response.json,run,.json,3364
run/prompts/decision_mock-83265-81ed4937-dec-000125_system.txt,run,.txt,1912
run/prompts/decision_mock-83265-81ed4937-dec-000125_tools.json,run,.json,652
run/prompts/decision_mock-83265-81ed4937-dec-000125_user.json,run,.json,10767
run/prompts/decision_mock-83265-81ed4937-dec-000126_parsed.json,run,.json,1857
run/prompts/decision_mock-83265-81ed4937-dec-000126_response.json,run,.json,4689
run/prompts/decision_mock-83265-81ed4937-dec-000126_system.txt,run,.txt,1912
run/prompts/decision_mock-83265-81ed4937-dec-000126_tools.json,run,.json,652
run/prompts/decision_mock-83265-81ed4937-dec-000126_user.json,run,.json,10754
run/prompts/decision_mock-83265-81ed4937-dec-000127_parsed.json,run,.json,1933
run/prompts/decision_mock-83265-81ed4937-dec-000127_response.json,run,.json,6022
run/prompts/decision_mock-83265-81ed4937-dec-000127_system.txt,run,.txt,1912
run/prompts/decision_mock-83265-81ed4937-dec-000127_tools.json,run,.json,1539
run/prompts/decision_mock-83265-81ed4937-dec-000127_user.json,run,.json,10672
run/prompts/decision_mock-83265-81ed4937-dec-000128_parsed.json,run,.json,2269
run/prompts/decision_mock-83265-81ed4937-dec-000128_response.json,run,.json,3288
run/prompts/decision_mock-83265-81ed4937-dec-000128_system.txt,run,.txt,1912
run/prompts/decision_mock-83265-81ed4937-dec-000128_tools.json,run,.json,328
run/prompts/decision_mock-83265-81ed4937-dec-000128_user.json,run,.json,9582
run/prompts/decision_mock-83265-81ed4937-dec-000129_parsed.json,run,.json,2935
run/prompts/decision_mock-83265-81ed4937-dec-000129_response.json,run,.json,7112
run/prompts/decision_mock-83265-81ed4937-dec-000129_system.txt,run,.txt,1912
run/prompts/decision_mock-83265-81ed4937-dec-000129_tools.json,run,.json,652
run/prompts/decision_mock-83265-81ed4937-dec-000129_user.json,run,.json,12467
run/prompts/decision_mock-83265-81ed4937-dec-000130_parsed.json,run,.json,2181
run/prompts/decision_mock-83265-81ed4937-dec-000130_response.json,run,.json,4337
run/prompts/decision_mock-83265-81ed4937-dec-000130_system.txt,run,.txt,1912
run/prompts/decision_mock-83265-81ed4937-dec-000130_tools.json,run,.json,652
run/prompts/decision_mock-83265-81ed4937-dec-000130_user.json,run,.json,10443
run/prompts/decision_mock-83265-81ed4937-dec-000131_parsed.json,run,.json,2451
run/prompts/decision_mock-83265-81ed4937-dec-000131_response.json,run,.json,6166
run/prompts/decision_mock-83265-81ed4937-dec-000131_system.txt,run,.txt,1912
run/prompts/decision_mock-83265-81ed4937-dec-000131_tools.json,run,.json,652
run/prompts/decision_mock-83265-81ed4937-dec-000131_user.json,run,.json,10222
run/prompts/decision_mock-83265-81ed4937-dec-000132_parsed.json,run,.json,2039
run/prompts/decision_mock-83265-81ed4937-dec-000132_response.json,run,.json,4707
run/prompts/decision_mock-83265-81ed4937-dec-000132_system.txt,run,.txt,1912
run/prompts/decision_mock-83265-81ed4937-dec-000132_tools.json,run,.json,652
run/prompts/decision_mock-83265-81ed4937-dec-000132_user.json,run,.json,9640
run/prompts/decision_mock-83265-81ed4937-dec-000133_parsed.json,run,.json,2047
run/prompts/decision_mock-83265-81ed4937-dec-000133_response.json,run,.json,6166
run/prompts/decision_mock-83265-81ed4937-dec-000133_system.txt,run,.txt,1912
run/prompts/decision_mock-83265-81ed4937-dec-000133_tools.json,run,.json,652
run/prompts/decision_mock-83265-81ed4937-dec-000133_user.json,run,.json,10272
run/prompts/decision_mock-83265-81ed4937-dec-000134_parsed.json,run,.json,2302
run/prompts/decision_mock-83265-81ed4937-dec-000134_response.json,run,.json,8350
run/prompts/decision_mock-83265-81ed4937-dec-000134_retry1_parsed.json,run,.json,2184
run/prompts/decision_mock-83265-81ed4937-dec-000134_retry1_response.json,run,.json,3856
run/prompts/decision_mock-83265-81ed4937-dec-000134_retry1_system.txt,run,.txt,1912
run/prompts/decision_mock-83265-81ed4937-dec-000134_retry1_tools.json,run,.json,652
run/prompts/decision_mock-83265-81ed4937-dec-000134_retry1_user.json,run,.json,9879
run/prompts/decision_mock-83265-81ed4937-dec-000134_system.txt,run,.txt,1912
run/prompts/decision_mock-83265-81ed4937-dec-000134_tools.json,run,.json,652
run/prompts/decision_mock-83265-81ed4937-dec-000134_user.json,run,.json,9714
run/prompts/decision_mock-83265-81ed4937-dec-000135_parsed.json,run,.json,2067
run/prompts/decision_mock-83265-81ed4937-dec-000135_response.json,run,.json,4417
run/prompts/decision_mock-83265-81ed4937-dec-000135_system.txt,run,.txt,1912
run/prompts/decision_mock-83265-81ed4937-dec-000135_tools.json,run,.json,2140
run/prompts/decision_mock-83265-81ed4937-dec-000135_user.json,run,.json,9648
run/prompts/decision_mock-83265-81ed4937-dec-000136_parsed.json,run,.json,3015
run/prompts/decision_mock-83265-81ed4937-dec-000136_response.json,run,.json,31072
run/prompts/decision_mock-83265-81ed4937-dec-000136_system.txt,run,.txt,1912
run/prompts/decision_mock-83265-81ed4937-dec-000136_tools.json,run,.json,2747
run/prompts/decision_mock-83265-81ed4937-dec-000136_user.json,run,.json,9802
run/prompts/decision_mock-83265-81ed4937-dec-000137_parsed.json,run,.json,2503
run/prompts/decision_mock-83265-81ed4937-dec-000137_response.json,run,.json,2722
run/prompts/decision_mock-83265-81ed4937-dec-000137_system.txt,run,.txt,1912
run/prompts/decision_mock-83265-81ed4937-dec-000137_tools.json,run,.json,1466
run/prompts/decision_mock-83265-81ed4937-dec-000137_user.json,run,.json,12392
run/prompts/decision_mock-83265-81ed4937-dec-000138_parsed.json,run,.json,2259
run/prompts/decision_mock-83265-81ed4937-dec-000138_response.json,run,.json,13803
run/prompts/decision_mock-83265-81ed4937-dec-000138_system.txt,run,.txt,1912
run/prompts/decision_mock-83265-81ed4937-dec-000138_tools.json,run,.json,2747
run/prompts/decision_mock-83265-81ed4937-dec-000138_user.json,run,.json,10061
run/prompts/decision_mock-83265-81ed4937-dec-000139_parsed.json,run,.json,2911
run/prompts/decision_mock-83265-81ed4937-dec-000139_response.json,run,.json,11212
run/prompts/decision_mock-83265-81ed4937-dec-000139_system.txt,run,.txt,1912
run/prompts/decision_mock-83265-81ed4937-dec-000139_tools.json,run,.json,1799
run/prompts/decision_mock-83265-81ed4937-dec-000139_user.json,run,.json,9971
run/prompts/decision_mock-83265-81ed4937-dec-000140_parsed.json,run,.json,2833
run/prompts/decision_mock-83265-81ed4937-dec-000140_response.json,run,.json,5184
run/prompts/decision_mock-83265-81ed4937-dec-000140_system.txt,run,.txt,1912
run/prompts/decision_mock-83265-81ed4937-dec-000140_tools.json,run,.json,1466
run/prompts/decision_mock-83265-81ed4937-dec-000140_user.json,run,.json,10423
run/prompts/decision_mock-83265-81ed4937-dec-000141_parsed.json,run,.json,3119
run/prompts/decision_mock-83265-81ed4937-dec-000141_response.json,run,.json,8450
run/prompts/decision_mock-83265-81ed4937-dec-000141_system.txt,run,.txt,1912
run/prompts/decision_mock-83265-81ed4937-dec-000141_tools.json,run,.json,1799
run/prompts/decision_mock-83265-81ed4937-dec-000141_user.json,run,.json,10123
run/prompts/decision_mock-83265-81ed4937-dec-000142_parsed.json,run,.json,2269
run/prompts/decision_mock-83265-81ed4937-dec-000142_response.json,run,.json,4405
run/prompts/decision_mock-83265-81ed4937-dec-000142_system.txt,run,.txt,1912
run/prompts/decision_mock-83265-81ed4937-dec-000142_tools.json,run,.json,1466
run/prompts/decision_mock-83265-81ed4937-dec-000142_user.json,run,.json,10649
run/prompts/decision_mock-83265-81ed4937-dec-000143_parsed.json,run,.json,3067
run/prompts/decision_mock-83265-81ed4937-dec-000143_response.json,run,.json,15945
run/prompts/decision_mock-83265-81ed4937-dec-000143_system.txt,run,.txt,1912
run/prompts/decision_mock-83265-81ed4937-dec-000143_tools.json,run,.json,1799
run/prompts/decision_mock-83265-81ed4937-dec-000143_user.json,run,.json,10356
run/prompts/decision_mock-83265-81ed4937-dec-000144_parsed.json,run,.json,2445
run/prompts/decision_mock-83265-81ed4937-dec-000144_response.json,run,.json,3793
run/prompts/decision_mock-83265-81ed4937-dec-000144_system.txt,run,.txt,1912
run/prompts/decision_mock-83265-81ed4937-dec-000144_tools.json,run,.json,1466
run/prompts/decision_mock-83265-81ed4937-dec-000144_user.json,run,.json,10882
run/prompts/decision_mock-83265-81ed4937-dec-000145_parsed.json,run,.json,1837
run/prompts/decision_mock-83265-81ed4937-dec-000145_response.json,run,.json,6278
run/prompts/decision_mock-83265-81ed4937-dec-000145_system.txt,run,.txt,1912
run/prompts/decision_mock-83265-81ed4937-dec-000145_tools.json,run,.json,1799
run/prompts/decision_mock-83265-81ed4937-dec-000145_user.json,run,.json,10683
run/prompts/decision_mock-83265-81ed4937-dec-000146_parsed.json,run,.json,3841
run/prompts/decision_mock-83265-81ed4937-dec-000146_response.json,run,.json,10952
run/prompts/decision_mock-83265-81ed4937-dec-000146_system.txt,run,.txt,1912
run/prompts/decision_mock-83265-81ed4937-dec-000146_tools.json,run,.json,2743
run/prompts/decision_mock-83265-81ed4937-dec-000146_user.json,run,.json,12981
run/prompts/decision_mock-83265-81ed4937-dec-000147_parsed.json,run,.json,3299
run/prompts/decision_mock-83265-81ed4937-dec-000147_response.json,run,.json,6890
run/prompts/decision_mock-83265-81ed4937-dec-000147_system.txt,run,.txt,1912
run/prompts/decision_mock-83265-81ed4937-dec-000147_tools.json,run,.json,2140
run/prompts/decision_mock-83265-81ed4937-dec-000147_user.json,run,.json,12906
run/prompts/decision_mock-83265-81ed4937-dec-000148_parsed.json,run,.json,1837
run/prompts/decision_mock-83265-81ed4937-dec-000148_response.json,run,.json,4357
run/prompts/decision_mock-83265-81ed4937-dec-000148_system.txt,run,.txt,1912
run/prompts/decision_mock-83265-81ed4937-dec-000148_tools.json,run,.json,2485
run/prompts/decision_mock-83265-81ed4937-dec-000148_user.json,run,.json,10945
run/prompts/decision_mock-83265-81ed4937-dec-000149_parsed.json,run,.json,1921
run/prompts/decision_mock-83265-81ed4937-dec-000149_response.json,run,.json,6103
run/prompts/decision_mock-83265-81ed4937-dec-000149_system.txt,run,.txt,1912
run/prompts/decision_mock-83265-81ed4937-dec-000149_tools.json,run,.json,1539
run/prompts/decision_mock-83265-81ed4937-dec-000149_user.json,run,.json,11101
run/prompts/decision_mock-83265-81ed4937-dec-000150_parsed.json,run,.json,1997
run/prompts/decision_mock-83265-81ed4937-dec-000150_response.json,run,.json,4764
run/prompts/decision_mock-83265-81ed4937-dec-000150_system.txt,run,.txt,1912
run/prompts/decision_mock-83265-81ed4937-dec-000150_tools.json,run,.json,632
run/prompts/decision_mock-83265-81ed4937-dec-000150_user.json,run,.json,10598
run/prompts/decision_mock-83265-81ed4937-dec-000151_parsed.json,run,.json,1851
run/prompts/decision_mock-83265-81ed4937-dec-000151_response.json,run,.json,8109
run/prompts/decision_mock-83265-81ed4937-dec-000151_system.txt,run,.txt,1912
run/prompts/decision_mock-83265-81ed4937-dec-000151_tools.json,run,.json,652
run/prompts/decision_mock-83265-81ed4937-dec-000151_user.json,run,.json,10111
run/prompts/decision_mock-83265-81ed4937-dec-000152_parsed.json,run,.json,1971
run/prompts/decision_mock-83265-81ed4937-dec-000152_response.json,run,.json,2583
run/prompts/decision_mock-83265-81ed4937-dec-000152_system.txt,run,.txt,1912
run/prompts/decision_mock-83265-81ed4937-dec-000152_tools.json,run,.json,652
run/prompts/decision_mock-83265-81ed4937-dec-000152_user.json,run,.json,12348
run/prompts/decision_mock-83265-81ed4937-dec-000153_parsed.json,run,.json,1887
run/prompts/decision_mock-83265-81ed4937-dec-000153_response.json,run,.json,5926
run/prompts/decision_mock-83265-81ed4937-dec-000153_system.txt,run,.txt,1912
run/prompts/decision_mock-83265-81ed4937-dec-000153_tools.json,run,.json,652
run/prompts/decision_mock-83265-81ed4937-dec-000153_user.json,run,.json,10464
run/prompts/decision_mock-83265-81ed4937-dec-000154_parsed.json,run,.json,1829
run/prompts/decision_mock-83265-81ed4937-dec-000154_response.json,run,.json,3324
run/prompts/decision_mock-83265-81ed4937-dec-000154_system.txt,run,.txt,1912
run/prompts/decision_mock-83265-81ed4937-dec-000154_tools.json,run,.json,652
run/prompts/decision_mock-83265-81ed4937-dec-000154_user.json,run,.json,10574
run/prompts/decision_mock-83265-81ed4937-dec-000155_parsed.json,run,.json,1939
run/prompts/decision_mock-83265-81ed4937-dec-000155_response.json,run,.json,5803
run/prompts/decision_mock-83265-81ed4937-dec-000155_system.txt,run,.txt,1912
run/prompts/decision_mock-83265-81ed4937-dec-000155_tools.json,run,.json,652
run/prompts/decision_mock-83265-81ed4937-dec-000155_user.json,run,.json,10049
run/prompts/decision_mock-83265-81ed4937-dec-000156_parsed.json,run,.json,1863
run/prompts/decision_mock-83265-81ed4937-dec-000156_response.json,run,.json,3089
run/prompts/decision_mock-83265-81ed4937-dec-000156_system.txt,run,.txt,1912
run/prompts/decision_mock-83265-81ed4937-dec-000156_tools.json,run,.json,652
run/prompts/decision_mock-83265-81ed4937-dec-000156_user.json,run,.json,10425
run/prompts/decision_mock-83265-81ed4937-dec-000157_parsed.json,run,.json,1991
run/prompts/decision_mock-83265-81ed4937-dec-000157_response.json,run,.json,3456
run/prompts/decision_mock-83265-81ed4937-dec-000157_system.txt,run,.txt,1912
run/prompts/decision_mock-83265-81ed4937-dec-000157_tools.json,run,.json,652
run/prompts/decision_mock-83265-81ed4937-dec-000157_user.json,run,.json,9952
run/prompts/decision_mock-83265-81ed4937-dec-000158_parsed.json,run,.json,1859
run/prompts/decision_mock-83265-81ed4937-dec-000158_response.json,run,.json,3898
run/prompts/decision_mock-83265-81ed4937-dec-000158_system.txt,run,.txt,1912
run/prompts/decision_mock-83265-81ed4937-dec-000158_tools.json,run,.json,652
run/prompts/decision_mock-83265-81ed4937-dec-000158_user.json,run,.json,10158
run/prompts/decision_mock-83265-81ed4937-dec-000159_parsed.json,run,.json,2087
run/prompts/decision_mock-83265-81ed4937-dec-000159_response.json,run,.json,8525
run/prompts/decision_mock-83265-81ed4937-dec-000159_system.txt,run,.txt,1912
run/prompts/decision_mock-83265-81ed4937-dec-000159_tools.json,run,.json,652
run/prompts/decision_mock-83265-81ed4937-dec-000159_user.json,run,.json,9875
run/prompts/decision_mock-83265-81ed4937-dec-000160_parsed.json,run,.json,1899
run/prompts/decision_mock-83265-81ed4937-dec-000160_response.json,run,.json,3393
run/prompts/decision_mock-83265-81ed4937-dec-000160_system.txt,run,.txt,1912
run/prompts/decision_mock-83265-81ed4937-dec-000160_tools.json,run,.json,652
run/prompts/decision_mock-83265-81ed4937-dec-000160_user.json,run,.json,10057
run/prompts/decision_mock-83265-81ed4937-dec-000161_parsed.json,run,.json,1963
run/prompts/decision_mock-83265-81ed4937-dec-000161_response.json,run,.json,3212
run/prompts/decision_mock-83265-81ed4937-dec-000161_system.txt,run,.txt,1912
run/prompts/decision_mock-83265-81ed4937-dec-000161_tools.json,run,.json,652
run/prompts/decision_mock-83265-81ed4937-dec-000161_user.json,run,.json,9917
run/prompts/decision_mock-83265-81ed4937-dec-000162_parsed.json,run,.json,1735
run/prompts/decision_mock-83265-81ed4937-dec-000162_response.json,run,.json,3897
run/prompts/decision_mock-83265-81ed4937-dec-000162_system.txt,run,.txt,1912
run/prompts/decision_mock-83265-81ed4937-dec-000162_tools.json,run,.json,652
run/prompts/decision_mock-83265-81ed4937-dec-000162_user.json,run,.json,10076
run/prompts/decision_mock-83265-81ed4937-dec-000163_parsed.json,run,.json,2163
run/prompts/decision_mock-83265-81ed4937-dec-000163_response.json,run,.json,5651
run/prompts/decision_mock-83265-81ed4937-dec-000163_system.txt,run,.txt,1912
run/prompts/decision_mock-83265-81ed4937-dec-000163_tools.json,run,.json,652
run/prompts/decision_mock-83265-81ed4937-dec-000163_user.json,run,.json,10179
run/prompts/decision_mock-83265-81ed4937-dec-000164_parsed.json,run,.json,1959
run/prompts/decision_mock-83265-81ed4937-dec-000164_response.json,run,.json,4266
run/prompts/decision_mock-83265-81ed4937-dec-000164_system.txt,run,.txt,1912
run/prompts/decision_mock-83265-81ed4937-dec-000164_tools.json,run,.json,652
run/prompts/decision_mock-83265-81ed4937-dec-000164_user.json,run,.json,10100
run/prompts/decision_mock-83265-81ed4937-dec-000165_parsed.json,run,.json,2195
run/prompts/decision_mock-83265-81ed4937-dec-000165_response.json,run,.json,8526
run/prompts/decision_mock-83265-81ed4937-dec-000165_system.txt,run,.txt,1912
run/prompts/decision_mock-83265-81ed4937-dec-000165_tools.json,run,.json,652
run/prompts/decision_mock-83265-81ed4937-dec-000165_user.json,run,.json,10298
run/prompts/decision_mock-83265-81ed4937-dec-000166_parsed.json,run,.json,2183
run/prompts/decision_mock-83265-81ed4937-dec-000166_response.json,run,.json,3992
run/prompts/decision_mock-83265-81ed4937-dec-000166_system.txt,run,.txt,1912
run/prompts/decision_mock-83265-81ed4937-dec-000166_tools.json,run,.json,652
run/prompts/decision_mock-83265-81ed4937-dec-000166_user.json,run,.json,10318
run/prompts/decision_mock-83265-81ed4937-dec-000167_parsed.json,run,.json,1899
run/prompts/decision_mock-83265-81ed4937-dec-000167_response.json,run,.json,3605
run/prompts/decision_mock-83265-81ed4937-dec-000167_system.txt,run,.txt,1912
run/prompts/decision_mock-83265-81ed4937-dec-000167_tools.json,run,.json,652
run/prompts/decision_mock-83265-81ed4937-dec-000167_user.json,run,.json,10638
run/prompts/decision_mock-83265-81ed4937-dec-000168_parsed.json,run,.json,1851
run/prompts/decision_mock-83265-81ed4937-dec-000168_response.json,run,.json,3591
run/prompts/decision_mock-83265-81ed4937-dec-000168_system.txt,run,.txt,1912
run/prompts/decision_mock-83265-81ed4937-dec-000168_tools.json,run,.json,652
run/prompts/decision_mock-83265-81ed4937-dec-000168_user.json,run,.json,10636
run/prompts/decision_mock-83265-81ed4937-dec-000169_parsed.json,run,.json,2031
run/prompts/decision_mock-83265-81ed4937-dec-000169_response.json,run,.json,6367
run/prompts/decision_mock-83265-81ed4937-dec-000169_system.txt,run,.txt,1912
run/prompts/decision_mock-83265-81ed4937-dec-000169_tools.json,run,.json,652
run/prompts/decision_mock-83265-81ed4937-dec-000169_user.json,run,.json,10872
run/prompts/decision_mock-83265-81ed4937-dec-000170_parsed.json,run,.json,1895
run/prompts/decision_mock-83265-81ed4937-dec-000170_response.json,run,.json,3152
run/prompts/decision_mock-83265-81ed4937-dec-000170_system.txt,run,.txt,1912
run/prompts/decision_mock-83265-81ed4937-dec-000170_tools.json,run,.json,652
run/prompts/decision_mock-83265-81ed4937-dec-000170_user.json,run,.json,10887
run/prompts/decision_mock-83265-81ed4937-dec-000171_parsed.json,run,.json,1963
run/prompts/decision_mock-83265-81ed4937-dec-000171_response.json,run,.json,6418
run/prompts/decision_mock-83265-81ed4937-dec-000171_system.txt,run,.txt,1912
run/prompts/decision_mock-83265-81ed4937-dec-000171_tools.json,run,.json,652
run/prompts/decision_mock-83265-81ed4937-dec-000171_user.json,run,.json,11067
run/prompts/decision_mock-83265-81ed4937-dec-000172_parsed.json,run,.json,1763
run/prompts/decision_mock-83265-81ed4937-dec-000172_response.json,run,.json,3252
run/prompts/decision_mock-83265-81ed4937-dec-000172_system.txt,run,.txt,1912
run/prompts/decision_mock-83265-81ed4937-dec-000172_tools.json,run,.json,652
run/prompts/decision_mock-83265-81ed4937-dec-000172_user.json,run,.json,11019
run/prompts/decision_mock-83265-81ed4937-dec-000173_parsed.json,run,.json,2111
run/prompts/decision_mock-83265-81ed4937-dec-000173_response.json,run,.json,8046
run/prompts/decision_mock-83265-81ed4937-dec-000173_system.txt,run,.txt,1912
run/prompts/decision_mock-83265-81ed4937-dec-000173_tools.json,run,.json,652
run/prompts/decision_mock-83265-81ed4937-dec-000173_user.json,run,.json,11208
run/prompts/decision_mock-83265-81ed4937-dec-000174_parsed.json,run,.json,2231
run/prompts/decision_mock-83265-81ed4937-dec-000174_response.json,run,.json,3844
run/prompts/decision_mock-83265-81ed4937-dec-000174_system.txt,run,.txt,1912
run/prompts/decision_mock-83265-81ed4937-dec-000174_tools.json,run,.json,652
run/prompts/decision_mock-83265-81ed4937-dec-000174_user.json,run,.json,11173
run/prompts/decision_mock-83265-81ed4937-dec-000175_parsed.json,run,.json,2161
run/prompts/decision_mock-83265-81ed4937-dec-000175_response.json,run,.json,3346
run/prompts/decision_mock-83265-81ed4937-dec-000175_system.txt,run,.txt,1912
run/prompts/decision_mock-83265-81ed4937-dec-000175_tools.json,run,.json,652
run/prompts/decision_mock-83265-81ed4937-dec-000175_user.json,run,.json,11539
run/prompts/decision_mock-83265-81ed4937-dec-000176_parsed.json,run,.json,1497
run/prompts/decision_mock-83265-81ed4937-dec-000176_response.json,run,.json,3189
run/prompts/decision_mock-83265-81ed4937-dec-000176_system.txt,run,.txt,1912
run/prompts/decision_mock-83265-81ed4937-dec-000176_tools.json,run,.json,1539
run/prompts/decision_mock-83265-81ed4937-dec-000176_user.json,run,.json,10559
run/prompts/decision_mock-83265-81ed4937-dec-000177_parsed.json,run,.json,2811
run/prompts/decision_mock-83265-81ed4937-dec-000177_response.json,run,.json,14951
run/prompts/decision_mock-83265-81ed4937-dec-000177_system.txt,run,.txt,1912
run/prompts/decision_mock-83265-81ed4937-dec-000177_tools.json,run,.json,1799
run/prompts/decision_mock-83265-81ed4937-dec-000177_user.json,run,.json,9992
run/prompts/decision_mock-83265-81ed4937-dec-000178_parsed.json,run,.json,2221
run/prompts/decision_mock-83265-81ed4937-dec-000178_response.json,run,.json,4876
run/prompts/decision_mock-83265-81ed4937-dec-000178_system.txt,run,.txt,1912
run/prompts/decision_mock-83265-81ed4937-dec-000178_tools.json,run,.json,1466
run/prompts/decision_mock-83265-81ed4937-dec-000178_user.json,run,.json,10225
run/prompts/decision_mock-83265-81ed4937-dec-000179_parsed.json,run,.json,2803
run/prompts/decision_mock-83265-81ed4937-dec-000179_response.json,run,.json,21291
run/prompts/decision_mock-83265-81ed4937-dec-000179_system.txt,run,.txt,1912
run/prompts/decision_mock-83265-81ed4937-dec-000179_tools.json,run,.json,1799
run/prompts/decision_mock-83265-81ed4937-dec-000179_user.json,run,.json,10088
run/prompts/decision_mock-83265-81ed4937-dec-000180_parsed.json,run,.json,2161
run/prompts/decision_mock-83265-81ed4937-dec-000180_response.json,run,.json,6487
run/prompts/decision_mock-83265-81ed4937-dec-000180_system.txt,run,.txt,1912
run/prompts/decision_mock-83265-81ed4937-dec-000180_tools.json,run,.json,1466
run/prompts/decision_mock-83265-81ed4937-dec-000180_user.json,run,.json,9754
run/prompts/decision_mock-83265-81ed4937-dec-000181_parsed.json,run,.json,1785
run/prompts/decision_mock-83265-81ed4937-dec-000181_response.json,run,.json,16575
run/prompts/decision_mock-83265-81ed4937-dec-000181_system.txt,run,.txt,1912
run/prompts/decision_mock-83265-81ed4937-dec-000181_tools.json,run,.json,1799
run/prompts/decision_mock-83265-81ed4937-dec-000181_user.json,run,.json,10240
run/prompts/decision_mock-83265-81ed4937-dec-000182_parsed.json,run,.json,3491
run/prompts/decision_mock-83265-81ed4937-dec-000182_response.json,run,.json,5338
run/prompts/decision_mock-83265-81ed4937-dec-000182_system.txt,run,.txt,1912
run/prompts/decision_mock-83265-81ed4937-dec-000182_tools.json,run,.json,328
run/prompts/decision_mock-83265-81ed4937-dec-000182_user.json,run,.json,11792
run/prompts/decision_mock-83265-81ed4937-dec-000183_parsed.json,run,.json,2295
run/prompts/decision_mock-83265-81ed4937-dec-000183_response.json,run,.json,9187
run/prompts/decision_mock-83265-81ed4937-dec-000183_system.txt,run,.txt,1912
run/prompts/decision_mock-83265-81ed4937-dec-000183_tools.json,run,.json,652
run/prompts/decision_mock-83265-81ed4937-dec-000183_user.json,run,.json,9774
run/prompts/decision_mock-83265-81ed4937-dec-000184_parsed.json,run,.json,2701
run/prompts/decision_mock-83265-81ed4937-dec-000184_response.json,run,.json,7518
run/prompts/decision_mock-83265-81ed4937-dec-000184_system.txt,run,.txt,1912
run/prompts/decision_mock-83265-81ed4937-dec-000184_tools.json,run,.json,652
run/prompts/decision_mock-83265-81ed4937-dec-000184_user.json,run,.json,10493
run/prompts/decision_mock-83265-81ed4937-dec-000185_parsed.json,run,.json,2175
run/prompts/decision_mock-83265-81ed4937-dec-000185_response.json,run,.json,5941
run/prompts/decision_mock-83265-81ed4937-dec-000185_system.txt,run,.txt,1912
run/prompts/decision_mock-83265-81ed4937-dec-000185_tools.json,run,.json,652
run/prompts/decision_mock-83265-81ed4937-dec-000185_user.json,run,.json,10110
run/prompts/decision_mock-83265-81ed4937-dec-000186_parsed.json,run,.json,3760
run/prompts/decision_mock-83265-81ed4937-dec-000186_response.json,run,.json,11148
run/prompts/decision_mock-83265-81ed4937-dec-000186_retry1_parsed.json,run,.json,3003
run/prompts/decision_mock-83265-81ed4937-dec-000186_retry1_response.json,run,.json,3863
run/prompts/decision_mock-83265-81ed4937-dec-000186_retry1_system.txt,run,.txt,1912
run/prompts/decision_mock-83265-81ed4937-dec-000186_retry1_tools.json,run,.json,652
run/prompts/decision_mock-83265-81ed4937-dec-000186_retry1_user.json,run,.json,12435
run/prompts/decision_mock-83265-81ed4937-dec-000186_system.txt,run,.txt,1912
run/prompts/decision_mock-83265-81ed4937-dec-000186_tools.json,run,.json,652
run/prompts/decision_mock-83265-81ed4937-dec-000186_user.json,run,.json,12270
run/prompts/decision_mock-83265-81ed4937-dec-000187_parsed.json,run,.json,2235
run/prompts/decision_mock-83265-81ed4937-dec-000187_response.json,run,.json,6689
run/prompts/decision_mock-83265-81ed4937-dec-000187_system.txt,run,.txt,1912
run/prompts/decision_mock-83265-81ed4937-dec-000187_tools.json,run,.json,652
run/prompts/decision_mock-83265-81ed4937-dec-000187_user.json,run,.json,10067
run/prompts/decision_mock-83265-81ed4937-dec-000188_parsed.json,run,.json,2291
run/prompts/decision_mock-83265-81ed4937-dec-000188_response.json,run,.json,7779
run/prompts/decision_mock-83265-81ed4937-dec-000188_system.txt,run,.txt,1912
run/prompts/decision_mock-83265-81ed4937-dec-000188_tools.json,run,.json,652
run/prompts/decision_mock-83265-81ed4937-dec-000188_user.json,run,.json,10317
run/prompts/decision_mock-83265-81ed4937-dec-000189_parsed.json,run,.json,1821
run/prompts/decision_mock-83265-81ed4937-dec-000189_response.json,run,.json,3616
run/prompts/decision_mock-83265-81ed4937-dec-000189_system.txt,run,.txt,1912
run/prompts/decision_mock-83265-81ed4937-dec-000189_tools.json,run,.json,652
run/prompts/decision_mock-83265-81ed4937-dec-000189_user.json,run,.json,10337
run/prompts/decision_mock-83265-81ed4937-dec-000190_parsed.json,run,.json,4051
run/prompts/decision_mock-83265-81ed4937-dec-000190_response.json,run,.json,11866
run/prompts/decision_mock-83265-81ed4937-dec-000190_system.txt,run,.txt,1912
run/prompts/decision_mock-83265-81ed4937-dec-000190_tools.json,run,.json,2140
run/prompts/decision_mock-83265-81ed4937-dec-000190_user.json,run,.json,11900
run/prompts/decision_mock-83265-81ed4937-dec-000191_parsed.json,run,.json,2111
run/prompts/decision_mock-83265-81ed4937-dec-000191_response.json,run,.json,12469
run/prompts/decision_mock-83265-81ed4937-dec-000191_system.txt,run,.txt,1912
run/prompts/decision_mock-83265-81ed4937-dec-000191_tools.json,run,.json,2140
run/prompts/decision_mock-83265-81ed4937-dec-000191_user.json,run,.json,10034
run/prompts/decision_mock-83265-81ed4937-dec-000192_parsed.json,run,.json,1737
run/prompts/decision_mock-83265-81ed4937-dec-000192_response.json,run,.json,4643
run/prompts/decision_mock-83265-81ed4937-dec-000192_system.txt,run,.txt,1912
run/prompts/decision_mock-83265-81ed4937-dec-000192_tools.json,run,.json,2485
run/prompts/decision_mock-83265-81ed4937-dec-000192_user.json,run,.json,10202
run/prompts/decision_mock-83265-81ed4937-dec-000193_parsed.json,run,.json,1633
run/prompts/decision_mock-83265-81ed4937-dec-000193_response.json,run,.json,4407
run/prompts/decision_mock-83265-81ed4937-dec-000193_system.txt,run,.txt,1912
run/prompts/decision_mock-83265-81ed4937-dec-000193_tools.json,run,.json,1539
run/prompts/decision_mock-83265-81ed4937-dec-000193_user.json,run,.json,10615
run/prompts/decision_mock-83265-81ed4937-dec-000194_parsed.json,run,.json,2067
run/prompts/decision_mock-83265-81ed4937-dec-000194_response.json,run,.json,3772
run/prompts/decision_mock-83265-81ed4937-dec-000194_system.txt,run,.txt,1912
run/prompts/decision_mock-83265-81ed4937-dec-000194_tools.json,run,.json,2140
run/prompts/decision_mock-83265-81ed4937-dec-000194_user.json,run,.json,9952
run/prompts/decision_mock-83265-81ed4937-dec-000195_parsed.json,run,.json,2199
run/prompts/decision_mock-83265-81ed4937-dec-000195_response.json,run,.json,16680
run/prompts/decision_mock-83265-81ed4937-dec-000195_system.txt,run,.txt,1912
run/prompts/decision_mock-83265-81ed4937-dec-000195_tools.json,run,.json,2747
run/prompts/decision_mock-83265-81ed4937-dec-000195_user.json,run,.json,10026
run/prompts/decision_mock-83265-81ed4937-dec-000196_parsed.json,run,.json,2967
run/prompts/decision_mock-83265-81ed4937-dec-000196_response.json,run,.json,17085
run/prompts/decision_mock-83265-81ed4937-dec-000196_system.txt,run,.txt,1912
run/prompts/decision_mock-83265-81ed4937-dec-000196_tools.json,run,.json,1799
run/prompts/decision_mock-83265-81ed4937-dec-000196_user.json,run,.json,9832
run/prompts/decision_mock-83265-81ed4937-dec-000197_parsed.json,run,.json,2657
run/prompts/decision_mock-83265-81ed4937-dec-000197_response.json,run,.json,5284
run/prompts/decision_mock-83265-81ed4937-dec-000197_system.txt,run,.txt,1912
run/prompts/decision_mock-83265-81ed4937-dec-000197_tools.json,run,.json,1466
run/prompts/decision_mock-83265-81ed4937-dec-000197_user.json,run,.json,10041
run/prompts/decision_mock-83265-81ed4937-dec-000198_parsed.json,run,.json,2967
run/prompts/decision_mock-83265-81ed4937-dec-000198_response.json,run,.json,15186
run/prompts/decision_mock-83265-81ed4937-dec-000198_system.txt,run,.txt,1912
run/prompts/decision_mock-83265-81ed4937-dec-000198_tools.json,run,.json,1799
run/prompts/decision_mock-83265-81ed4937-dec-000198_user.json,run,.json,10104
run/prompts/decision_mock-83265-81ed4937-dec-000199_parsed.json,run,.json,2669
run/prompts/decision_mock-83265-81ed4937-dec-000199_response.json,run,.json,7327
run/prompts/decision_mock-83265-81ed4937-dec-000199_system.txt,run,.txt,1912
run/prompts/decision_mock-83265-81ed4937-dec-000199_tools.json,run,.json,1466
run/prompts/decision_mock-83265-81ed4937-dec-000199_user.json,run,.json,10278
run/prompts/decision_mock-83265-81ed4937-dec-000200_parsed.json,run,.json,2847
run/prompts/decision_mock-83265-81ed4937-dec-000200_response.json,run,.json,14082
run/prompts/decision_mock-83265-81ed4937-dec-000200_system.txt,run,.txt,1912
run/prompts/decision_mock-83265-81ed4937-dec-000200_tools.json,run,.json,1799
run/prompts/decision_mock-83265-81ed4937-dec-000200_user.json,run,.json,10315
run/prompts/decision_mock-83265-81ed4937-dec-000201_parsed.json,run,.json,2677
run/prompts/decision_mock-83265-81ed4937-dec-000201_response.json,run,.json,6947
run/prompts/decision_mock-83265-81ed4937-dec-000201_system.txt,run,.txt,1912
run/prompts/decision_mock-83265-81ed4937-dec-000201_tools.json,run,.json,1466
run/prompts/decision_mock-83265-81ed4937-dec-000201_user.json,run,.json,9987
run/prompts/decision_mock-83265-81ed4937-dec-000202_parsed.json,run,.json,3007
run/prompts/decision_mock-83265-81ed4937-dec-000202_response.json,run,.json,18203
run/prompts/decision_mock-83265-81ed4937-dec-000202_system.txt,run,.txt,1912
run/prompts/decision_mock-83265-81ed4937-dec-000202_tools.json,run,.json,1799
run/prompts/decision_mock-83265-81ed4937-dec-000202_user.json,run,.json,10506
run/prompts/decision_mock-83265-81ed4937-dec-000203_parsed.json,run,.json,2453
run/prompts/decision_mock-83265-81ed4937-dec-000203_response.json,run,.json,5146
run/prompts/decision_mock-83265-81ed4937-dec-000203_system.txt,run,.txt,1912
run/prompts/decision_mock-83265-81ed4937-dec-000203_tools.json,run,.json,1466
run/prompts/decision_mock-83265-81ed4937-dec-000203_user.json,run,.json,10730
run/prompts/decision_mock-83265-81ed4937-dec-000204_parsed.json,run,.json,2747
run/prompts/decision_mock-83265-81ed4937-dec-000204_response.json,run,.json,11865
run/prompts/decision_mock-83265-81ed4937-dec-000204_system.txt,run,.txt,1912
run/prompts/decision_mock-83265-81ed4937-dec-000204_tools.json,run,.json,1799
run/prompts/decision_mock-83265-81ed4937-dec-000204_user.json,run,.json,10719
run/prompts/decision_mock-83265-81ed4937-dec-000205_parsed.json,run,.json,2523
run/prompts/decision_mock-83265-81ed4937-dec-000205_response.json,run,.json,2979
run/prompts/decision_mock-83265-81ed4937-dec-000205_system.txt,run,.txt,1912
run/prompts/decision_mock-83265-81ed4937-dec-000205_tools.json,run,.json,1466
run/prompts/decision_mock-83265-81ed4937-dec-000205_user.json,run,.json,12259
run/prompts/decision_mock-83265-81ed4937-dec-000206_parsed.json,run,.json,1953
run/prompts/decision_mock-83265-81ed4937-dec-000206_response.json,run,.json,8792
run/prompts/decision_mock-83265-81ed4937-dec-000206_system.txt,run,.txt,1912
run/prompts/decision_mock-83265-81ed4937-dec-000206_tools.json,run,.json,1799
run/prompts/decision_mock-83265-81ed4937-dec-000206_user.json,run,.json,10821
run/prompts/decision_mock-83265-81ed4937-dec-000207_parsed.json,run,.json,2905
run/prompts/decision_mock-83265-81ed4937-dec-000207_response.json,run,.json,8634
run/prompts/decision_mock-83265-81ed4937-dec-000207_system.txt,run,.txt,1912
run/prompts/decision_mock-83265-81ed4937-dec-000207_tools.json,run,.json,2743
run/prompts/decision_mock-83265-81ed4937-dec-000207_user.json,run,.json,12513
run/prompts/decision_mock-83265-81ed4937-dec-000208_parsed.json,run,.json,2723
run/prompts/decision_mock-83265-81ed4937-dec-000208_response.json,run,.json,5043
run/prompts/decision_mock-83265-81ed4937-dec-000208_system.txt,run,.txt,1912
run/prompts/decision_mock-83265-81ed4937-dec-000208_tools.json,run,.json,2140
run/prompts/decision_mock-83265-81ed4937-dec-000208_user.json,run,.json,12561
run/prompts/decision_mock-83265-81ed4937-dec-000209_parsed.json,run,.json,2203
run/prompts/decision_mock-83265-81ed4937-dec-000209_response.json,run,.json,8046
run/prompts/decision_mock-83265-81ed4937-dec-000209_system.txt,run,.txt,1912
run/prompts/decision_mock-83265-81ed4937-dec-000209_tools.json,run,.json,3088
run/prompts/decision_mock-83265-81ed4937-dec-000209_user.json,run,.json,10952
run/prompts/decision_mock-83265-81ed4937-dec-000210_parsed.json,run,.json,2053
run/prompts/decision_mock-83265-81ed4937-dec-000210_response.json,run,.json,5288
run/prompts/decision_mock-83265-81ed4937-dec-000210_system.txt,run,.txt,1912
run/prompts/decision_mock-83265-81ed4937-dec-000210_tools.json,run,.json,2485
run/prompts/decision_mock-83265-81ed4937-dec-000210_user.json,run,.json,10961
run/prompts/decision_mock-83265-81ed4937-dec-000211_parsed.json,run,.json,1881
run/prompts/decision_mock-83265-81ed4937-dec-000211_response.json,run,.json,3748
run/prompts/decision_mock-83265-81ed4937-dec-000211_system.txt,run,.txt,1912
run/prompts/decision_mock-83265-81ed4937-dec-000211_tools.json,run,.json,328
run/prompts/decision_mock-83265-81ed4937-dec-000211_user.json,run,.json,10691
run/prompts/decision_mock-83265-81ed4937-dec-000212_parsed.json,run,.json,2499
run/prompts/decision_mock-83265-81ed4937-dec-000212_response.json,run,.json,4998
run/prompts/decision_mock-83265-81ed4937-dec-000212_system.txt,run,.txt,1912
run/prompts/decision_mock-83265-81ed4937-dec-000212_tools.json,run,.json,652
run/prompts/decision_mock-83265-81ed4937-dec-000212_user.json,run,.json,10972
run/prompts/decision_mock-83265-81ed4937-dec-000213_parsed.json,run,.json,1797
run/prompts/decision_mock-83265-81ed4937-dec-000213_response.json,run,.json,3866
run/prompts/decision_mock-83265-81ed4937-dec-000213_system.txt,run,.txt,1912
run/prompts/decision_mock-83265-81ed4937-dec-000213_tools.json,run,.json,652
run/prompts/decision_mock-83265-81ed4937-dec-000213_user.json,run,.json,10864
run/prompts/decision_mock-83265-81ed4937-dec-000214_parsed.json,run,.json,2151
run/prompts/decision_mock-83265-81ed4937-dec-000214_response.json,run,.json,2623
run/prompts/decision_mock-83265-81ed4937-dec-000214_system.txt,run,.txt,1912
run/prompts/decision_mock-83265-81ed4937-dec-000214_tools.json,run,.json,652
run/prompts/decision_mock-83265-81ed4937-dec-000214_user.json,run,.json,12568
run/prompts/decision_mock-83265-81ed4937-dec-000215_parsed.json,run,.json,1935
run/prompts/decision_mock-83265-81ed4937-dec-000215_response.json,run,.json,4404
run/prompts/decision_mock-83265-81ed4937-dec-000215_system.txt,run,.txt,1912
run/prompts/decision_mock-83265-81ed4937-dec-000215_tools.json,run,.json,652
run/prompts/decision_mock-83265-81ed4937-dec-000215_user.json,run,.json,10930
run/prompts/decision_mock-83265-81ed4937-dec-000216_parsed.json,run,.json,2343
run/prompts/decision_mock-83265-81ed4937-dec-000216_response.json,run,.json,5867
run/prompts/decision_mock-83265-81ed4937-dec-000216_system.txt,run,.txt,1912
run/prompts/decision_mock-83265-81ed4937-dec-000216_tools.json,run,.json,652
run/prompts/decision_mock-83265-81ed4937-dec-000216_user.json,run,.json,11148
run/prompts/decision_mock-83265-81ed4937-dec-000217_parsed.json,run,.json,1939
run/prompts/decision_mock-83265-81ed4937-dec-000217_response.json,run,.json,3639
run/prompts/decision_mock-83265-81ed4937-dec-000217_system.txt,run,.txt,1912
run/prompts/decision_mock-83265-81ed4937-dec-000217_tools.json,run,.json,652
run/prompts/decision_mock-83265-81ed4937-dec-000217_user.json,run,.json,10846
run/prompts/decision_mock-83265-81ed4937-dec-000218_parsed.json,run,.json,2151
run/prompts/decision_mock-83265-81ed4937-dec-000218_response.json,run,.json,5543
run/prompts/decision_mock-83265-81ed4937-dec-000218_system.txt,run,.txt,1912
run/prompts/decision_mock-83265-81ed4937-dec-000218_tools.json,run,.json,652
run/prompts/decision_mock-83265-81ed4937-dec-000218_user.json,run,.json,11145
run/prompts/decision_mock-83265-81ed4937-dec-000219_parsed.json,run,.json,1823
run/prompts/decision_mock-83265-81ed4937-dec-000219_response.json,run,.json,5329
run/prompts/decision_mock-83265-81ed4937-dec-000219_system.txt,run,.txt,1912
run/prompts/decision_mock-83265-81ed4937-dec-000219_tools.json,run,.json,652
run/prompts/decision_mock-83265-81ed4937-dec-000219_user.json,run,.json,10672
run/prompts/decision_mock-83265-81ed4937-dec-000220_parsed.json,run,.json,2339
run/prompts/decision_mock-83265-81ed4937-dec-000220_response.json,run,.json,6287
run/prompts/decision_mock-83265-81ed4937-dec-000220_system.txt,run,.txt,1912
run/prompts/decision_mock-83265-81ed4937-dec-000220_tools.json,run,.json,652
run/prompts/decision_mock-83265-81ed4937-dec-000220_user.json,run,.json,11039
run/prompts/decision_mock-83265-81ed4937-dec-000221_parsed.json,run,.json,2029
run/prompts/decision_mock-83265-81ed4937-dec-000221_response.json,run,.json,3514
run/prompts/decision_mock-83265-81ed4937-dec-000221_system.txt,run,.txt,1912
run/prompts/decision_mock-83265-81ed4937-dec-000221_tools.json,run,.json,652
run/prompts/decision_mock-83265-81ed4937-dec-000221_user.json,run,.json,10523
run/prompts/decision_mock-83265-81ed4937-dec-000222_parsed.json,run,.json,1533
run/prompts/decision_mock-83265-81ed4937-dec-000222_response.json,run,.json,3326
run/prompts/decision_mock-83265-81ed4937-dec-000222_system.txt,run,.txt,1912
run/prompts/decision_mock-83265-81ed4937-dec-000222_tools.json,run,.json,2485
run/prompts/decision_mock-83265-81ed4937-dec-000222_user.json,run,.json,10055
run/prompts/decision_mock-83265-81ed4937-dec-000223_parsed.json,run,.json,2303
run/prompts/decision_mock-83265-81ed4937-dec-000223_response.json,run,.json,8246
run/prompts/decision_mock-83265-81ed4937-dec-000223_system.txt,run,.txt,1912
run/prompts/decision_mock-83265-81ed4937-dec-000223_tools.json,run,.json,1539
run/prompts/decision_mock-83265-81ed4937-dec-000223_user.json,run,.json,10533
run/prompts/decision_mock-83265-81ed4937-dec-000224_parsed.json,run,.json,1773
run/prompts/decision_mock-83265-81ed4937-dec-000224_response.json,run,.json,4588
run/prompts/decision_mock-83265-81ed4937-dec-000224_system.txt,run,.txt,1912
run/prompts/decision_mock-83265-81ed4937-dec-000224_tools.json,run,.json,1884
run/prompts/decision_mock-83265-81ed4937-dec-000224_user.json,run,.json,10582
run/prompts/decision_mock-83265-81ed4937-dec-000225_parsed.json,run,.json,2077
run/prompts/decision_mock-83265-81ed4937-dec-000225_response.json,run,.json,5702
run/prompts/decision_mock-83265-81ed4937-dec-000225_system.txt,run,.txt,1912
run/prompts/decision_mock-83265-81ed4937-dec-000225_tools.json,run,.json,632
run/prompts/decision_mock-83265-81ed4937-dec-000225_user.json,run,.json,9589
run/prompts/decision_mock-83265-81ed4937-dec-000226_parsed.json,run,.json,2139
run/prompts/decision_mock-83265-81ed4937-dec-000226_response.json,run,.json,3815
run/prompts/decision_mock-83265-81ed4937-dec-000226_system.txt,run,.txt,1912
run/prompts/decision_mock-83265-81ed4937-dec-000226_tools.json,run,.json,652
run/prompts/decision_mock-83265-81ed4937-dec-000226_user.json,run,.json,11337
run/prompts/decision_mock-83265-81ed4937-dec-000227_parsed.json,run,.json,1695
run/prompts/decision_mock-83265-81ed4937-dec-000227_response.json,run,.json,4180
run/prompts/decision_mock-83265-81ed4937-dec-000227_system.txt,run,.txt,1912
run/prompts/decision_mock-83265-81ed4937-dec-000227_tools.json,run,.json,652
run/prompts/decision_mock-83265-81ed4937-dec-000227_user.json,run,.json,9702
run/prompts/decision_mock-83265-81ed4937-dec-000228_parsed.json,run,.json,2375
run/prompts/decision_mock-83265-81ed4937-dec-000228_response.json,run,.json,4316
run/prompts/decision_mock-83265-81ed4937-dec-000228_system.txt,run,.txt,1912
run/prompts/decision_mock-83265-81ed4937-dec-000228_tools.json,run,.json,652
run/prompts/decision_mock-83265-81ed4937-dec-000228_user.json,run,.json,10230
run/prompts/decision_mock-83265-81ed4937-dec-000229_parsed.json,run,.json,2015
run/prompts/decision_mock-83265-81ed4937-dec-000229_response.json,run,.json,6451
run/prompts/decision_mock-83265-81ed4937-dec-000229_system.txt,run,.txt,1912
run/prompts/decision_mock-83265-81ed4937-dec-000229_tools.json,run,.json,652
run/prompts/decision_mock-83265-81ed4937-dec-000229_user.json,run,.json,9855
run/prompts/decision_mock-83265-81ed4937-dec-000230_parsed.json,run,.json,1609
run/prompts/decision_mock-83265-81ed4937-dec-000230_response.json,run,.json,3574
run/prompts/decision_mock-83265-81ed4937-dec-000230_system.txt,run,.txt,1912
run/prompts/decision_mock-83265-81ed4937-dec-000230_tools.json,run,.json,652
run/prompts/decision_mock-83265-81ed4937-dec-000230_user.json,run,.json,9855
run/prompts/decision_mock-83265-81ed4937-dec-000231_parsed.json,run,.json,1877
run/prompts/decision_mock-83265-81ed4937-dec-000231_response.json,run,.json,4524
run/prompts/decision_mock-83265-81ed4937-dec-000231_system.txt,run,.txt,1912
run/prompts/decision_mock-83265-81ed4937-dec-000231_tools.json,run,.json,652
run/prompts/decision_mock-83265-81ed4937-dec-000231_user.json,run,.json,10514
run/prompts/decision_mock-83265-81ed4937-dec-000232_parsed.json,run,.json,2279
run/prompts/decision_mock-83265-81ed4937-dec-000232_response.json,run,.json,4834
run/prompts/decision_mock-83265-81ed4937-dec-000232_system.txt,run,.txt,1912
run/prompts/decision_mock-83265-81ed4937-dec-000232_tools.json,run,.json,3088
run/prompts/decision_mock-83265-81ed4937-dec-000232_user.json,run,.json,9919
run/prompts/decision_mock-83265-81ed4937-dec-000233_parsed.json,run,.json,2003
run/prompts/decision_mock-83265-81ed4937-dec-000233_response.json,run,.json,7886
run/prompts/decision_mock-83265-81ed4937-dec-000233_system.txt,run,.txt,1912
run/prompts/decision_mock-83265-81ed4937-dec-000233_tools.json,run,.json,2485
run/prompts/decision_mock-83265-81ed4937-dec-000233_user.json,run,.json,9884
run/prompts/decision_mock-83265-81ed4937-dec-000234_parsed.json,run,.json,2083
run/prompts/decision_mock-83265-81ed4937-dec-000234_response.json,run,.json,8761
run/prompts/decision_mock-83265-81ed4937-dec-000234_system.txt,run,.txt,1912
run/prompts/decision_mock-83265-81ed4937-dec-000234_tools.json,run,.json,2485
run/prompts/decision_mock-83265-81ed4937-dec-000234_user.json,run,.json,9857
run/prompts/decision_mock-83265-81ed4937-dec-000235_parsed.json,run,.json,1973
run/prompts/decision_mock-83265-81ed4937-dec-000235_response.json,run,.json,14139
run/prompts/decision_mock-83265-81ed4937-dec-000235_system.txt,run,.txt,1912
run/prompts/decision_mock-83265-81ed4937-dec-000235_tools.json,run,.json,2140
run/prompts/decision_mock-83265-81ed4937-dec-000235_user.json,run,.json,9750
run/prompts/decision_mock-83265-81ed4937-dec-000236_parsed.json,run,.json,2553
run/prompts/decision_mock-83265-81ed4937-dec-000236_response.json,run,.json,4435
run/prompts/decision_mock-83265-81ed4937-dec-000236_system.txt,run,.txt,1912
run/prompts/decision_mock-83265-81ed4937-dec-000236_tools.json,run,.json,2743
run/prompts/decision_mock-83265-81ed4937-dec-000236_user.json,run,.json,11338
run/prompts/decision_mock-83265-81ed4937-dec-000237_parsed.json,run,.json,3237
run/prompts/decision_mock-83265-81ed4937-dec-000237_response.json,run,.json,7364
run/prompts/decision_mock-83265-81ed4937-dec-000237_system.txt,run,.txt,1912
run/prompts/decision_mock-83265-81ed4937-dec-000237_tools.json,run,.json,2743
run/prompts/decision_mock-83265-81ed4937-dec-000237_user.json,run,.json,11233
run/prompts/decision_mock-83265-81ed4937-dec-000238_parsed.json,run,.json,3565
run/prompts/decision_mock-83265-81ed4937-dec-000238_response.json,run,.json,6821
run/prompts/decision_mock-83265-81ed4937-dec-000238_system.txt,run,.txt,1912
run/prompts/decision_mock-83265-81ed4937-dec-000238_tools.json,run,.json,2743
run/prompts/decision_mock-83265-81ed4937-dec-000238_user.json,run,.json,11445
run/prompts/decision_mock-83265-81ed4937-dec-000239_parsed.json,run,.json,2635
run/prompts/decision_mock-83265-81ed4937-dec-000239_response.json,run,.json,4079
run/prompts/decision_mock-83265-81ed4937-dec-000239_system.txt,run,.txt,1912
run/prompts/decision_mock-83265-81ed4937-dec-000239_tools.json,run,.json,2140
run/prompts/decision_mock-83265-81ed4937-dec-000239_user.json,run,.json,11458
run/prompts/decision_mock-83265-81ed4937-dec-000240_parsed.json,run,.json,1813
run/prompts/decision_mock-83265-81ed4937-dec-000240_response.json,run,.json,5933
run/prompts/decision_mock-83265-81ed4937-dec-000240_system.txt,run,.txt,1912
run/prompts/decision_mock-83265-81ed4937-dec-000240_tools.json,run,.json,2485
run/prompts/decision_mock-83265-81ed4937-dec-000240_user.json,run,.json,9784
run/prompts/decision_mock-83265-81ed4937-dec-000241_parsed.json,run,.json,2061
run/prompts/decision_mock-83265-81ed4937-dec-000241_response.json,run,.json,4231
run/prompts/decision_mock-83265-81ed4937-dec-000241_system.txt,run,.txt,1912
run/prompts/decision_mock-83265-81ed4937-dec-000241_tools.json,run,.json,1884
run/prompts/decision_mock-83265-81ed4937-dec-000241_user.json,run,.json,10486
run/prompts/decision_mock-83265-81ed4937-dec-000242_parsed.json,run,.json,1853
run/prompts/decision_mock-83265-81ed4937-dec-000242_response.json,run,.json,5201
run/prompts/decision_mock-83265-81ed4937-dec-000242_system.txt,run,.txt,1912
run/prompts/decision_mock-83265-81ed4937-dec-000242_tools.json,run,.json,632
run/prompts/decision_mock-83265-81ed4937-dec-000242_user.json,run,.json,9394
run/prompts/decision_mock-83265-81ed4937-dec-000243_parsed.json,run,.json,2989
run/prompts/decision_mock-83265-81ed4937-dec-000243_response.json,run,.json,7890
run/prompts/decision_mock-83265-81ed4937-dec-000243_system.txt,run,.txt,1912
run/prompts/decision_mock-83265-81ed4937-dec-000243_tools.json,run,.json,652
run/prompts/decision_mock-83265-81ed4937-dec-000243_user.json,run,.json,11349
run/prompts/decision_mock-83265-81ed4937-dec-000244_parsed.json,run,.json,1523
run/prompts/decision_mock-83265-81ed4937-dec-000244_response.json,run,.json,3373
run/prompts/decision_mock-83265-81ed4937-dec-000244_system.txt,run,.txt,1912
run/prompts/decision_mock-83265-81ed4937-dec-000244_tools.json,run,.json,652
run/prompts/decision_mock-83265-81ed4937-dec-000244_user.json,run,.json,9467
run/prompts/decision_mock-83265-81ed4937-dec-000245_parsed.json,run,.json,2281
run/prompts/decision_mock-83265-81ed4937-dec-000245_response.json,run,.json,5285
run/prompts/decision_mock-83265-81ed4937-dec-000245_system.txt,run,.txt,1912
run/prompts/decision_mock-83265-81ed4937-dec-000245_tools.json,run,.json,652
run/prompts/decision_mock-83265-81ed4937-dec-000245_user.json,run,.json,10132
run/prompts/decision_mock-83265-81ed4937-dec-000246_parsed.json,run,.json,2075
run/prompts/decision_mock-83265-81ed4937-dec-000246_response.json,run,.json,8483
run/prompts/decision_mock-83265-81ed4937-dec-000246_system.txt,run,.txt,1912
run/prompts/decision_mock-83265-81ed4937-dec-000246_tools.json,run,.json,652
run/prompts/decision_mock-83265-81ed4937-dec-000246_user.json,run,.json,9625
run/prompts/decision_mock-83265-81ed4937-dec-000247_parsed.json,run,.json,2163
run/prompts/decision_mock-83265-81ed4937-dec-000247_response.json,run,.json,2459
run/prompts/decision_mock-83265-81ed4937-dec-000247_system.txt,run,.txt,1912
run/prompts/decision_mock-83265-81ed4937-dec-000247_tools.json,run,.json,652
run/prompts/decision_mock-83265-81ed4937-dec-000247_user.json,run,.json,11397
run/prompts/decision_mock-83265-81ed4937-dec-000248_parsed.json,run,.json,1863
run/prompts/decision_mock-83265-81ed4937-dec-000248_response.json,run,.json,3574
run/prompts/decision_mock-83265-81ed4937-dec-000248_system.txt,run,.txt,1912
run/prompts/decision_mock-83265-81ed4937-dec-000248_tools.json,run,.json,652
run/prompts/decision_mock-83265-81ed4937-dec-000248_user.json,run,.json,9606
run/prompts/decision_mock-83265-81ed4937-dec-000249_parsed.json,run,.json,1971
run/prompts/decision_mock-83265-81ed4937-dec-000249_response.json,run,.json,4624
run/prompts/decision_mock-83265-81ed4937-dec-000249_system.txt,run,.txt,1912
run/prompts/decision_mock-83265-81ed4937-dec-000249_tools.json,run,.json,652
run/prompts/decision_mock-83265-81ed4937-dec-000249_user.json,run,.json,9929
run/prompts/decision_mock-83265-81ed4937-dec-000250_parsed.json,run,.json,2073
run/prompts/decision_mock-83265-81ed4937-dec-000250_response.json,run,.json,2954
run/prompts/decision_mock-83265-81ed4937-dec-000250_system.txt,run,.txt,1912
run/prompts/decision_mock-83265-81ed4937-dec-000250_tools.json,run,.json,652
run/prompts/decision_mock-83265-81ed4937-dec-000250_user.json,run,.json,9854
run/prompts/decision_mock-83265-81ed4937-dec-000251_parsed.json,run,.json,2133
run/prompts/decision_mock-83265-81ed4937-dec-000251_response.json,run,.json,4765
run/prompts/decision_mock-83265-81ed4937-dec-000251_system.txt,run,.txt,1912
run/prompts/decision_mock-83265-81ed4937-dec-000251_tools.json,run,.json,2140
run/prompts/decision_mock-83265-81ed4937-dec-000251_user.json,run,.json,9812
run/prompts/decision_mock-83265-81ed4937-dec-000252_parsed.json,run,.json,2715
run/prompts/decision_mock-83265-81ed4937-dec-000252_response.json,run,.json,8583
run/prompts/decision_mock-83265-81ed4937-dec-000252_system.txt,run,.txt,1912
run/prompts/decision_mock-83265-81ed4937-dec-000252_tools.json,run,.json,2140
run/prompts/decision_mock-83265-81ed4937-dec-000252_user.json,run,.json,11458
run/prompts/decision_mock-83265-81ed4937-dec-000253_parsed.json,run,.json,1869
run/prompts/decision_mock-83265-81ed4937-dec-000253_response.json,run,.json,6694
run/prompts/decision_mock-83265-81ed4937-dec-000253_system.txt,run,.txt,1912
run/prompts/decision_mock-83265-81ed4937-dec-000253_tools.json,run,.json,2485
run/prompts/decision_mock-83265-81ed4937-dec-000253_user.json,run,.json,9604
run/prompts/decision_mock-83265-81ed4937-dec-000254_parsed.json,run,.json,1937
run/prompts/decision_mock-83265-81ed4937-dec-000254_response.json,run,.json,4860
run/prompts/decision_mock-83265-81ed4937-dec-000254_system.txt,run,.txt,1912
run/prompts/decision_mock-83265-81ed4937-dec-000254_tools.json,run,.json,1884
run/prompts/decision_mock-83265-81ed4937-dec-000254_user.json,run,.json,10220
run/prompts/decision_mock-83265-81ed4937-dec-000255_parsed.json,run,.json,2029
run/prompts/decision_mock-83265-81ed4937-dec-000255_response.json,run,.json,6576
run/prompts/decision_mock-83265-81ed4937-dec-000255_system.txt,run,.txt,1912
run/prompts/decision_mock-83265-81ed4937-dec-000255_tools.json,run,.json,2140
run/prompts/decision_mock-83265-81ed4937-dec-000255_user.json,run,.json,9730
run/prompts/decision_mock-83265-81ed4937-dec-000256_parsed.json,run,.json,3505
run/prompts/decision_mock-83265-81ed4937-dec-000256_response.json,run,.json,15367
run/prompts/decision_mock-83265-81ed4937-dec-000256_system.txt,run,.txt,1912
run/prompts/decision_mock-83265-81ed4937-dec-000256_tools.json,run,.json,1254
run/prompts/decision_mock-83265-81ed4937-dec-000256_user.json,run,.json,11268
run/prompts/decision_mock-83265-81ed4937-dec-000257_parsed.json,run,.json,2581
run/prompts/decision_mock-83265-81ed4937-dec-000257_response.json,run,.json,10097
run/prompts/decision_mock-83265-81ed4937-dec-000257_system.txt,run,.txt,1912
run/prompts/decision_mock-83265-81ed4937-dec-000257_tools.json,run,.json,1254
run/prompts/decision_mock-83265-81ed4937-dec-000257_user.json,run,.json,11480
run/prompts/decision_mock-83265-81ed4937-dec-000258_parsed.json,run,.json,2497
run/prompts/decision_mock-83265-81ed4937-dec-000258_response.json,run,.json,6926
run/prompts/decision_mock-83265-81ed4937-dec-000258_system.txt,run,.txt,1912
run/prompts/decision_mock-83265-81ed4937-dec-000258_tools.json,run,.json,1254
run/prompts/decision_mock-83265-81ed4937-dec-000258_user.json,run,.json,11575
run/prompts/decision_mock-83265-81ed4937-dec-000259_parsed.json,run,.json,2429
run/prompts/decision_mock-83265-81ed4937-dec-000259_response.json,run,.json,4477
run/prompts/decision_mock-83265-81ed4937-dec-000259_system.txt,run,.txt,1912
run/prompts/decision_mock-83265-81ed4937-dec-000259_tools.json,run,.json,1254
run/prompts/decision_mock-83265-81ed4937-dec-000259_user.json,run,.json,11670
run/prompts/decision_mock-83265-81ed4937-dec-000260_parsed.json,run,.json,2681
run/prompts/decision_mock-83265-81ed4937-dec-000260_response.json,run,.json,4969
run/prompts/decision_mock-83265-81ed4937-dec-000260_system.txt,run,.txt,1912
run/prompts/decision_mock-83265-81ed4937-dec-000260_tools.json,run,.json,1254
run/prompts/decision_mock-83265-81ed4937-dec-000260_user.json,run,.json,11720
run/prompts/decision_mock-83265-81ed4937-dec-000261_parsed.json,run,.json,3856
run/prompts/decision_mock-83265-81ed4937-dec-000261_response.json,run,.json,5407
run/prompts/decision_mock-83265-81ed4937-dec-000261_retry1_parsed.json,run,.json,3708
run/prompts/decision_mock-83265-81ed4937-dec-000261_retry1_response.json,run,.json,4315
run/prompts/decision_mock-83265-81ed4937-dec-000261_retry1_system.txt,run,.txt,1912
run/prompts/decision_mock-83265-81ed4937-dec-000261_retry1_tools.json,run,.json,913
run/prompts/decision_mock-83265-81ed4937-dec-000261_retry1_user.json,run,.json,11732
run/prompts/decision_mock-83265-81ed4937-dec-000261_system.txt,run,.txt,1912
run/prompts/decision_mock-83265-81ed4937-dec-000261_tools.json,run,.json,913
run/prompts/decision_mock-83265-81ed4937-dec-000261_user.json,run,.json,11575
run/prompts/decision_mock-83265-81ed4937-dec-000262_parsed.json,run,.json,2763
run/prompts/decision_mock-83265-81ed4937-dec-000262_response.json,run,.json,3458
run/prompts/decision_mock-83265-81ed4937-dec-000262_system.txt,run,.txt,1912
run/prompts/decision_mock-83265-81ed4937-dec-000262_tools.json,run,.json,1799
run/prompts/decision_mock-83265-81ed4937-dec-000262_user.json,run,.json,11513
run/prompts/decision_mock-83265-81ed4937-dec-000263_parsed.json,run,.json,2121
run/prompts/decision_mock-83265-81ed4937-dec-000263_response.json,run,.json,5785
run/prompts/decision_mock-83265-81ed4937-dec-000263_system.txt,run,.txt,1912
run/prompts/decision_mock-83265-81ed4937-dec-000263_tools.json,run,.json,2485
run/prompts/decision_mock-83265-81ed4937-dec-000263_user.json,run,.json,9732
run/prompts/decision_mock-83265-81ed4937-dec-000264_parsed.json,run,.json,1553
run/prompts/decision_mock-83265-81ed4937-dec-000264_response.json,run,.json,3669
run/prompts/decision_mock-83265-81ed4937-dec-000264_system.txt,run,.txt,1912
run/prompts/decision_mock-83265-81ed4937-dec-000264_tools.json,run,.json,1884
run/prompts/decision_mock-83265-81ed4937-dec-000264_user.json,run,.json,10184
run/prompts/decision_mock-83265-81ed4937-dec-000265_parsed.json,run,.json,2683
run/prompts/decision_mock-83265-81ed4937-dec-000265_response.json,run,.json,3670
run/prompts/decision_mock-83265-81ed4937-dec-000265_system.txt,run,.txt,1912
run/prompts/decision_mock-83265-81ed4937-dec-000265_tools.json,run,.json,1799
run/prompts/decision_mock-83265-81ed4937-dec-000265_user.json,run,.json,11367
run/prompts/decision_mock-83265-81ed4937-dec-000266_parsed.json,run,.json,1821
run/prompts/decision_mock-83265-81ed4937-dec-000266_response.json,run,.json,5517
run/prompts/decision_mock-83265-81ed4937-dec-000266_system.txt,run,.txt,1912
run/prompts/decision_mock-83265-81ed4937-dec-000266_tools.json,run,.json,2485
run/prompts/decision_mock-83265-81ed4937-dec-000266_user.json,run,.json,9649
run/prompts/decision_mock-83265-81ed4937-dec-000267_parsed.json,run,.json,1769
run/prompts/decision_mock-83265-81ed4937-dec-000267_response.json,run,.json,4461
run/prompts/decision_mock-83265-81ed4937-dec-000267_system.txt,run,.txt,1912
run/prompts/decision_mock-83265-81ed4937-dec-000267_tools.json,run,.json,1884
run/prompts/decision_mock-83265-81ed4937-dec-000267_user.json,run,.json,9893
run/prompts/decision_mock-83265-81ed4937-dec-000268_parsed.json,run,.json,1985
run/prompts/decision_mock-83265-81ed4937-dec-000268_response.json,run,.json,5927
run/prompts/decision_mock-83265-81ed4937-dec-000268_system.txt,run,.txt,1912
run/prompts/decision_mock-83265-81ed4937-dec-000268_tools.json,run,.json,922
run/prompts/decision_mock-83265-81ed4937-dec-000268_user.json,run,.json,9240
run/prompts/decision_mock-83265-81ed4937-dec-000269_parsed.json,run,.json,2237
run/prompts/decision_mock-83265-81ed4937-dec-000269_response.json,run,.json,9265
run/prompts/decision_mock-83265-81ed4937-dec-000269_system.txt,run,.txt,1912
run/prompts/decision_mock-83265-81ed4937-dec-000269_tools.json,run,.json,3088
run/prompts/decision_mock-83265-81ed4937-dec-000269_user.json,run,.json,9563
run/prompts/decision_mock-83265-81ed4937-dec-000270_parsed.json,run,.json,1629
run/prompts/decision_mock-83265-81ed4937-dec-000270_response.json,run,.json,5215
run/prompts/decision_mock-83265-81ed4937-dec-000270_system.txt,run,.txt,1912
run/prompts/decision_mock-83265-81ed4937-dec-000270_tools.json,run,.json,1884
run/prompts/decision_mock-83265-81ed4937-dec-000270_user.json,run,.json,9640
run/prompts/decision_mock-83265-81ed4937-dec-000271_parsed.json,run,.json,2157
run/prompts/decision_mock-83265-81ed4937-dec-000271_response.json,run,.json,4372
run/prompts/decision_mock-83265-81ed4937-dec-000271_system.txt,run,.txt,1912
run/prompts/decision_mock-83265-81ed4937-dec-000271_tools.json,run,.json,922
run/prompts/decision_mock-83265-81ed4937-dec-000271_user.json,run,.json,9002
run/prompts/decision_mock-83265-81ed4937-dec-000272_parsed.json,run,.json,2815
run/prompts/decision_mock-83265-81ed4937-dec-000272_response.json,run,.json,6652
run/prompts/decision_mock-83265-81ed4937-dec-000272_system.txt,run,.txt,1912
run/prompts/decision_mock-83265-81ed4937-dec-000272_tools.json,run,.json,612
run/prompts/decision_mock-83265-81ed4937-dec-000272_user.json,run,.json,10625
run/prompts/decision_mock-83265-81ed4937-dec-000273_parsed.json,run,.json,2047
run/prompts/decision_mock-83265-81ed4937-dec-000273_response.json,run,.json,14653
run/prompts/decision_mock-83265-81ed4937-dec-000273_system.txt,run,.txt,1912
run/prompts/decision_mock-83265-81ed4937-dec-000273_tools.json,run,.json,1254
run/prompts/decision_mock-83265-81ed4937-dec-000273_user.json,run,.json,9330
run/prompts/decision_mock-83265-81ed4937-dec-000274_parsed.json,run,.json,2055
run/prompts/decision_mock-83265-81ed4937-dec-000274_response.json,run,.json,6436
run/prompts/decision_mock-83265-81ed4937-dec-000274_system.txt,run,.txt,1912
run/prompts/decision_mock-83265-81ed4937-dec-000274_tools.json,run,.json,1254
run/prompts/decision_mock-83265-81ed4937-dec-000274_user.json,run,.json,9211
run/prompts/decision_mock-83265-81ed4937-dec-000275_parsed.json,run,.json,1691
run/prompts/decision_mock-83265-81ed4937-dec-000275_response.json,run,.json,5626
run/prompts/decision_mock-83265-81ed4937-dec-000275_system.txt,run,.txt,1912
run/prompts/decision_mock-83265-81ed4937-dec-000275_tools.json,run,.json,653
run/prompts/decision_mock-83265-81ed4937-dec-000275_user.json,run,.json,9259
run/prompts/decision_mock-83265-81ed4937-dec-000276_parsed.json,run,.json,1783
run/prompts/decision_mock-83265-81ed4937-dec-000276_response.json,run,.json,3971
run/prompts/decision_mock-83265-81ed4937-dec-000276_system.txt,run,.txt,1912
run/prompts/decision_mock-83265-81ed4937-dec-000276_tools.json,run,.json,653
run/prompts/decision_mock-83265-81ed4937-dec-000276_user.json,run,.json,9268
run/prompts/decision_mock-83265-81ed4937-dec-000277_parsed.json,run,.json,1877
run/prompts/decision_mock-83265-81ed4937-dec-000277_response.json,run,.json,3624
run/prompts/decision_mock-83265-81ed4937-dec-000277_system.txt,run,.txt,1912
run/prompts/decision_mock-83265-81ed4937-dec-000277_tools.json,run,.json,1539
run/prompts/decision_mock-83265-81ed4937-dec-000277_user.json,run,.json,9390
run/prompts/decision_mock-83265-81ed4937-dec-000278_parsed.json,run,.json,1805
run/prompts/decision_mock-83265-81ed4937-dec-000278_response.json,run,.json,4703
run/prompts/decision_mock-83265-81ed4937-dec-000278_system.txt,run,.txt,1912
run/prompts/decision_mock-83265-81ed4937-dec-000278_tools.json,run,.json,1884
run/prompts/decision_mock-83265-81ed4937-dec-000278_user.json,run,.json,9444
run/prompts/decision_mock-83265-81ed4937-dec-000279_parsed.json,run,.json,2209
run/prompts/decision_mock-83265-81ed4937-dec-000279_response.json,run,.json,4135
run/prompts/decision_mock-83265-81ed4937-dec-000279_system.txt,run,.txt,1912
run/prompts/decision_mock-83265-81ed4937-dec-000279_tools.json,run,.json,922
run/prompts/decision_mock-83265-81ed4937-dec-000279_user.json,run,.json,9079
run/prompts/decision_mock-83265-81ed4937-dec-000280_parsed.json,run,.json,1877
run/prompts/decision_mock-83265-81ed4937-dec-000280_response.json,run,.json,1518
run/prompts/decision_mock-83265-81ed4937-dec-000280_system.txt,run,.txt,1912
run/prompts/decision_mock-83265-81ed4937-dec-000280_tools.json,run,.json,300
run/prompts/decision_mock-83265-81ed4937-dec-000280_user.json,run,.json,9162
run/prompts/decision_mock-83265-81ed4937-dec-000281_parsed.json,run,.json,2975
run/prompts/decision_mock-83265-81ed4937-dec-000281_response.json,run,.json,18226
run/prompts/decision_mock-83265-81ed4937-dec-000281_system.txt,run,.txt,1912
run/prompts/decision_mock-83265-81ed4937-dec-000281_tools.json,run,.json,2140
run/prompts/decision_mock-83265-81ed4937-dec-000281_user.json,run,.json,9674
run/prompts/decision_mock-83265-81ed4937-dec-000282_parsed.json,run,.json,4046
run/prompts/decision_mock-83265-81ed4937-dec-000282_response.json,run,.json,6848
run/prompts/decision_mock-83265-81ed4937-dec-000282_retry1_parsed.json,run,.json,2406
run/prompts/decision_mock-83265-81ed4937-dec-000282_retry1_response.json,run,.json,8270
run/prompts/decision_mock-83265-81ed4937-dec-000282_retry1_system.txt,run,.txt,1912
run/prompts/decision_mock-83265-81ed4937-dec-000282_retry1_tools.json,run,.json,1466
run/prompts/decision_mock-83265-81ed4937-dec-000282_retry1_user.json,run,.json,10495
run/prompts/decision_mock-83265-81ed4937-dec-000282_system.txt,run,.txt,1912
run/prompts/decision_mock-83265-81ed4937-dec-000282_tools.json,run,.json,1466
run/prompts/decision_mock-83265-81ed4937-dec-000282_user.json,run,.json,9532
run/prompts/decision_mock-83265-81ed4937-dec-000283_parsed.json,run,.json,2699
run/prompts/decision_mock-83265-81ed4937-dec-000283_response.json,run,.json,5750
run/prompts/decision_mock-83265-81ed4937-dec-000283_system.txt,run,.txt,1912
run/prompts/decision_mock-83265-81ed4937-dec-000283_tools.json,run,.json,1466
run/prompts/decision_mock-83265-81ed4937-dec-000283_user.json,run,.json,9932
run/prompts/decision_mock-83265-81ed4937-dec-000284_parsed.json,run,.json,2932
run/prompts/decision_mock-83265-81ed4937-dec-000284_response.json,run,.json,6020
run/prompts/decision_mock-83265-81ed4937-dec-000284_retry1_parsed.json,run,.json,2246
run/prompts/decision_mock-83265-81ed4937-dec-000284_retry1_response.json,run,.json,8915
run/prompts/decision_mock-83265-81ed4937-dec-000284_retry1_system.txt,run,.txt,1912
run/prompts/decision_mock-83265-81ed4937-dec-000284_retry1_tools.json,run,.json,1466
run/prompts/decision_mock-83265-81ed4937-dec-000284_retry1_user.json,run,.json,10801
run/prompts/decision_mock-83265-81ed4937-dec-000284_system.txt,run,.txt,1912
run/prompts/decision_mock-83265-81ed4937-dec-000284_tools.json,run,.json,1466
run/prompts/decision_mock-83265-81ed4937-dec-000284_user.json,run,.json,10108
run/prompts/decision_mock-83265-81ed4937-dec-000285_parsed.json,run,.json,2727
run/prompts/decision_mock-83265-81ed4937-dec-000285_response.json,run,.json,7742
run/prompts/decision_mock-83265-81ed4937-dec-000285_system.txt,run,.txt,1912
run/prompts/decision_mock-83265-81ed4937-dec-000285_tools.json,run,.json,1466
run/prompts/decision_mock-83265-81ed4937-dec-000285_user.json,run,.json,10528
run/prompts/decision_mock-83265-81ed4937-dec-000286_parsed.json,run,.json,1589
run/prompts/decision_mock-83265-81ed4937-dec-000286_response.json,run,.json,6068
run/prompts/decision_mock-83265-81ed4937-dec-000286_system.txt,run,.txt,1912
run/prompts/decision_mock-83265-81ed4937-dec-000286_tools.json,run,.json,1466
run/prompts/decision_mock-83265-81ed4937-dec-000286_user.json,run,.json,10622
run/prompts/decision_mock-83265-81ed4937-dec-000287_parsed.json,run,.json,2983
run/prompts/decision_mock-83265-81ed4937-dec-000287_response.json,run,.json,11810
run/prompts/decision_mock-83265-81ed4937-dec-000287_system.txt,run,.txt,1912
run/prompts/decision_mock-83265-81ed4937-dec-000287_tools.json,run,.json,2485
run/prompts/decision_mock-83265-81ed4937-dec-000287_user.json,run,.json,10575
run/prompts/decision_mock-83265-81ed4937-dec-000288_parsed.json,run,.json,3095
run/prompts/decision_mock-83265-81ed4937-dec-000288_response.json,run,.json,9239
run/prompts/decision_mock-83265-81ed4937-dec-000288_system.txt,run,.txt,1912
run/prompts/decision_mock-83265-81ed4937-dec-000288_tools.json,run,.json,1466
run/prompts/decision_mock-83265-81ed4937-dec-000288_user.json,run,.json,10248
run/prompts/decision_mock-83265-81ed4937-dec-000289_parsed.json,run,.json,2819
run/prompts/decision_mock-83265-81ed4937-dec-000289_response.json,run,.json,12620
run/prompts/decision_mock-83265-81ed4937-dec-000289_system.txt,run,.txt,1912
run/prompts/decision_mock-83265-81ed4937-dec-000289_tools.json,run,.json,1466
run/prompts/decision_mock-83265-81ed4937-dec-000289_user.json,run,.json,10709
run/prompts/decision_mock-83265-81ed4937-dec-000290_parsed.json,run,.json,2715
run/prompts/decision_mock-83265-81ed4937-dec-000290_response.json,run,.json,7474
run/prompts/decision_mock-83265-81ed4937-dec-000290_system.txt,run,.txt,1912
run/prompts/decision_mock-83265-81ed4937-dec-000290_tools.json,run,.json,1466
run/prompts/decision_mock-83265-81ed4937-dec-000290_user.json,run,.json,11009
run/prompts/decision_mock-83265-81ed4937-dec-000291_parsed.json,run,.json,2285
run/prompts/decision_mock-83265-81ed4937-dec-000291_response.json,run,.json,6772
run/prompts/decision_mock-83265-81ed4937-dec-000291_system.txt,run,.txt,1912
run/prompts/decision_mock-83265-81ed4937-dec-000291_tools.json,run,.json,1466
run/prompts/decision_mock-83265-81ed4937-dec-000291_user.json,run,.json,11291
run/prompts/decision_mock-83265-81ed4937-dec-000292_parsed.json,run,.json,2931
run/prompts/decision_mock-83265-81ed4937-dec-000292_response.json,run,.json,6846
run/prompts/decision_mock-83265-81ed4937-dec-000292_system.txt,run,.txt,1912
run/prompts/decision_mock-83265-81ed4937-dec-000292_tools.json,run,.json,2485
run/prompts/decision_mock-83265-81ed4937-dec-000292_user.json,run,.json,11254
run/prompts/decision_mock-83265-81ed4937-dec-000293_parsed.json,run,.json,3819
run/prompts/decision_mock-83265-81ed4937-dec-000293_response.json,run,.json,9655
run/prompts/decision_mock-83265-81ed4937-dec-000293_system.txt,run,.txt,1912
run/prompts/decision_mock-83265-81ed4937-dec-000293_tools.json,run,.json,1466
run/prompts/decision_mock-83265-81ed4937-dec-000293_user.json,run,.json,12742
run/prompts/decision_mock-83265-81ed4937-dec-000294_parsed.json,run,.json,3263
run/prompts/decision_mock-83265-81ed4937-dec-000294_response.json,run,.json,12065
run/prompts/decision_mock-83265-81ed4937-dec-000294_system.txt,run,.txt,1912
run/prompts/decision_mock-83265-81ed4937-dec-000294_tools.json,run,.json,2485
run/prompts/decision_mock-83265-81ed4937-dec-000294_user.json,run,.json,11539
run/prompts/decision_mock-83265-81ed4937-dec-000295_parsed.json,run,.json,5063
run/prompts/decision_mock-83265-81ed4937-dec-000295_response.json,run,.json,16447
run/prompts/decision_mock-83265-81ed4937-dec-000295_system.txt,run,.txt,1912
run/prompts/decision_mock-83265-81ed4937-dec-000295_tools.json,run,.json,1466
run/prompts/decision_mock-83265-81ed4937-dec-000295_user.json,run,.json,13232
run/prompts/decision_mock-83265-81ed4937-dec-000296_parsed.json,run,.json,2147
run/prompts/decision_mock-83265-81ed4937-dec-000296_response.json,run,.json,13627
run/prompts/decision_mock-83265-81ed4937-dec-000296_system.txt,run,.txt,1912
run/prompts/decision_mock-83265-81ed4937-dec-000296_tools.json,run,.json,2485
run/prompts/decision_mock-83265-81ed4937-dec-000296_user.json,run,.json,12120
run/prompts/decision_mock-83265-81ed4937-dec-000297_parsed.json,run,.json,3459
run/prompts/decision_mock-83265-81ed4937-dec-000297_response.json,run,.json,11202
run/prompts/decision_mock-83265-81ed4937-dec-000297_system.txt,run,.txt,1912
run/prompts/decision_mock-83265-81ed4937-dec-000297_tools.json,run,.json,2485
run/prompts/decision_mock-83265-81ed4937-dec-000297_user.json,run,.json,12106
run/prompts/decision_mock-83265-81ed4937-dec-000298_parsed.json,run,.json,6555
run/prompts/decision_mock-83265-81ed4937-dec-000298_response.json,run,.json,10988
run/prompts/decision_mock-83265-81ed4937-dec-000298_system.txt,run,.txt,1912
run/prompts/decision_mock-83265-81ed4937-dec-000298_tools.json,run,.json,1466
run/prompts/decision_mock-83265-81ed4937-dec-000298_user.json,run,.json,14069
run/prompts/decision_mock-83265-81ed4937-dec-000299_parsed.json,run,.json,2235
run/prompts/decision_mock-83265-81ed4937-dec-000299_response.json,run,.json,5075
run/prompts/decision_mock-83265-81ed4937-dec-000299_system.txt,run,.txt,1912
run/prompts/decision_mock-83265-81ed4937-dec-000299_tools.json,run,.json,2485
run/prompts/decision_mock-83265-81ed4937-dec-000299_user.json,run,.json,13056
run/prompts/decision_mock-83265-81ed4937-dec-000300_parsed.json,run,.json,3443
run/prompts/decision_mock-83265-81ed4937-dec-000300_response.json,run,.json,26164
run/prompts/decision_mock-83265-81ed4937-dec-000300_system.txt,run,.txt,1912
run/prompts/decision_mock-83265-81ed4937-dec-000300_tools.json,run,.json,2140
run/prompts/decision_mock-83265-81ed4937-dec-000300_user.json,run,.json,13063
run/prompts/decision_mock-83265-81ed4937-dec-000301_parsed.json,run,.json,5306
run/prompts/decision_mock-83265-81ed4937-dec-000301_response.json,run,.json,9406
run/prompts/decision_mock-83265-81ed4937-dec-000301_retry1_parsed.json,run,.json,5490
run/prompts/decision_mock-83265-81ed4937-dec-000301_retry1_response.json,run,.json,6028
run/prompts/decision_mock-83265-81ed4937-dec-000301_retry1_system.txt,run,.txt,1912
run/prompts/decision_mock-83265-81ed4937-dec-000301_retry1_tools.json,run,.json,1466
run/prompts/decision_mock-83265-81ed4937-dec-000301_retry1_user.json,run,.json,15616
run/prompts/decision_mock-83265-81ed4937-dec-000301_system.txt,run,.txt,1912
run/prompts/decision_mock-83265-81ed4937-dec-000301_tools.json,run,.json,1466
run/prompts/decision_mock-83265-81ed4937-dec-000301_user.json,run,.json,15458
run/prompts/decision_mock-83265-81ed4937-dec-000302_parsed.json,run,.json,3303
run/prompts/decision_mock-83265-81ed4937-dec-000302_response.json,run,.json,7943
run/prompts/decision_mock-83265-81ed4937-dec-000302_system.txt,run,.txt,1912
run/prompts/decision_mock-83265-81ed4937-dec-000302_tools.json,run,.json,2140
run/prompts/decision_mock-83265-81ed4937-dec-000302_user.json,run,.json,13706
run/prompts/decision_mock-83265-81ed4937-dec-000303_parsed.json,run,.json,2489
run/prompts/decision_mock-83265-81ed4937-dec-000303_response.json,run,.json,8292
run/prompts/decision_mock-83265-81ed4937-dec-000303_system.txt,run,.txt,1912
run/prompts/decision_mock-83265-81ed4937-dec-000303_tools.json,run,.json,1466
run/prompts/decision_mock-83265-81ed4937-dec-000303_user.json,run,.json,13001
run/prompts/decision_mock-83265-81ed4937-dec-000304_parsed.json,run,.json,3039
run/prompts/decision_mock-83265-81ed4937-dec-000304_response.json,run,.json,13522
run/prompts/decision_mock-83265-81ed4937-dec-000304_system.txt,run,.txt,1912
run/prompts/decision_mock-83265-81ed4937-dec-000304_tools.json,run,.json,2140
run/prompts/decision_mock-83265-81ed4937-dec-000304_user.json,run,.json,13965
run/prompts/decision_mock-83265-81ed4937-dec-000305_parsed.json,run,.json,6329
run/prompts/decision_mock-83265-81ed4937-dec-000305_response.json,run,.json,19860
run/prompts/decision_mock-83265-81ed4937-dec-000305_system.txt,run,.txt,1912
run/prompts/decision_mock-83265-81ed4937-dec-000305_tools.json,run,.json,1466
run/prompts/decision_mock-83265-81ed4937-dec-000305_user.json,run,.json,16546
run/prompts/decision_mock-83265-81ed4937-dec-000306_parsed.json,run,.json,3283
run/prompts/decision_mock-83265-81ed4937-dec-000306_response.json,run,.json,12261
run/prompts/decision_mock-83265-81ed4937-dec-000306_system.txt,run,.txt,1912
run/prompts/decision_mock-83265-81ed4937-dec-000306_tools.json,run,.json,1466
run/prompts/decision_mock-83265-81ed4937-dec-000306_user.json,run,.json,14183
run/prompts/decision_mock-83265-81ed4937-dec-000307_parsed.json,run,.json,4733
run/prompts/decision_mock-83265-81ed4937-dec-000307_response.json,run,.json,5393
run/prompts/decision_mock-83265-81ed4937-dec-000307_system.txt,run,.txt,1912
run/prompts/decision_mock-83265-81ed4937-dec-000307_tools.json,run,.json,1466
run/prompts/decision_mock-83265-81ed4937-dec-000307_user.json,run,.json,17879
run/prompts/decision_mock-83265-81ed4937-dec-000308_parsed.json,run,.json,2903
run/prompts/decision_mock-83265-81ed4937-dec-000308_response.json,run,.json,16365
run/prompts/decision_mock-83265-81ed4937-dec-000308_system.txt,run,.txt,1912
run/prompts/decision_mock-83265-81ed4937-dec-000308_tools.json,run,.json,1466
run/prompts/decision_mock-83265-81ed4937-dec-000308_user.json,run,.json,14933
run/prompts/decision_mock-83265-81ed4937-dec-000309_parsed.json,run,.json,4903
run/prompts/decision_mock-83265-81ed4937-dec-000309_response.json,run,.json,3340
run/prompts/decision_mock-83265-81ed4937-dec-000309_system.txt,run,.txt,1912
run/prompts/decision_mock-83265-81ed4937-dec-000309_tools.json,run,.json,1466
run/prompts/decision_mock-83265-81ed4937-dec-000309_user.json,run,.json,18702
run/prompts/decision_mock-83265-81ed4937-dec-000310_parsed.json,run,.json,2123
run/prompts/decision_mock-83265-81ed4937-dec-000310_response.json,run,.json,6733
run/prompts/decision_mock-83265-81ed4937-dec-000310_system.txt,run,.txt,1912
run/prompts/decision_mock-83265-81ed4937-dec-000310_tools.json,run,.json,2485
run/prompts/decision_mock-83265-81ed4937-dec-000310_user.json,run,.json,14961
run/prompts/decision_mock-83265-81ed4937-dec-000311_parsed.json,run,.json,3559
run/prompts/decision_mock-83265-81ed4937-dec-000311_response.json,run,.json,13056
run/prompts/decision_mock-83265-81ed4937-dec-000311_system.txt,run,.txt,1912
run/prompts/decision_mock-83265-81ed4937-dec-000311_tools.json,run,.json,2140
run/prompts/decision_mock-83265-81ed4937-dec-000311_user.json,run,.json,14904
run/prompts/decision_mock-83265-81ed4937-dec-000312_parsed.json,run,.json,3005
run/prompts/decision_mock-83265-81ed4937-dec-000312_response.json,run,.json,6860
run/prompts/decision_mock-83265-81ed4937-dec-000312_system.txt,run,.txt,1912
run/prompts/decision_mock-83265-81ed4937-dec-000312_tools.json,run,.json,1466
run/prompts/decision_mock-83265-81ed4937-dec-000312_user.json,run,.json,14581
run/prompts/decision_mock-83265-81ed4937-dec-000313_parsed.json,run,.json,3651
run/prompts/decision_mock-83265-81ed4937-dec-000313_response.json,run,.json,24723
run/prompts/decision_mock-83265-81ed4937-dec-000313_system.txt,run,.txt,1912
run/prompts/decision_mock-83265-81ed4937-dec-000313_tools.json,run,.json,2140
run/prompts/decision_mock-83265-81ed4937-dec-000313_user.json,run,.json,15107
run/prompts/decision_mock-83265-81ed4937-dec-000314_parsed.json,run,.json,5279
run/prompts/decision_mock-83265-81ed4937-dec-000314_response.json,run,.json,4235
run/prompts/decision_mock-83265-81ed4937-dec-000314_system.txt,run,.txt,1912
run/prompts/decision_mock-83265-81ed4937-dec-000314_tools.json,run,.json,1466
run/prompts/decision_mock-83265-81ed4937-dec-000314_user.json,run,.json,18723
run/prompts/decision_mock-83265-81ed4937-dec-000315_parsed.json,run,.json,3455
run/prompts/decision_mock-83265-81ed4937-dec-000315_response.json,run,.json,15382
run/prompts/decision_mock-83265-81ed4937-dec-000315_system.txt,run,.txt,1912
run/prompts/decision_mock-83265-81ed4937-dec-000315_tools.json,run,.json,2140
run/prompts/decision_mock-83265-81ed4937-dec-000315_user.json,run,.json,15548
run/prompts/decision_mock-83265-81ed4937-dec-000316_parsed.json,run,.json,2401
run/prompts/decision_mock-83265-81ed4937-dec-000316_response.json,run,.json,6003
run/prompts/decision_mock-83265-81ed4937-dec-000316_system.txt,run,.txt,1912
run/prompts/decision_mock-83265-81ed4937-dec-000316_tools.json,run,.json,1466
run/prompts/decision_mock-83265-81ed4937-dec-000316_user.json,run,.json,15054
run/prompts/decision_mock-83265-81ed4937-dec-000317_parsed.json,run,.json,3479
run/prompts/decision_mock-83265-81ed4937-dec-000317_response.json,run,.json,31232
run/prompts/decision_mock-83265-81ed4937-dec-000317_system.txt,run,.txt,1912
run/prompts/decision_mock-83265-81ed4937-dec-000317_tools.json,run,.json,2140
run/prompts/decision_mock-83265-81ed4937-dec-000317_user.json,run,.json,15490
run/prompts/decision_mock-83265-81ed4937-dec-000318_parsed.json,run,.json,4066
run/prompts/decision_mock-83265-81ed4937-dec-000318_response.json,run,.json,9267
run/prompts/decision_mock-83265-81ed4937-dec-000318_retry1_parsed.json,run,.json,3130
run/prompts/decision_mock-83265-81ed4937-dec-000318_retry1_response.json,run,.json,7080
run/prompts/decision_mock-83265-81ed4937-dec-000318_retry1_system.txt,run,.txt,1912
run/prompts/decision_mock-83265-81ed4937-dec-000318_retry1_tools.json,run,.json,1466
run/prompts/decision_mock-83265-81ed4937-dec-000318_retry1_user.json,run,.json,15658
run/prompts/decision_mock-83265-81ed4937-dec-000318_system.txt,run,.txt,1912
run/prompts/decision_mock-83265-81ed4937-dec-000318_tools.json,run,.json,1466
run/prompts/decision_mock-83265-81ed4937-dec-000318_user.json,run,.json,14736
run/prompts/decision_mock-83265-81ed4937-dec-000319_parsed.json,run,.json,3147
run/prompts/decision_mock-83265-81ed4937-dec-000319_response.json,run,.json,14306
run/prompts/decision_mock-83265-81ed4937-dec-000319_system.txt,run,.txt,1912
run/prompts/decision_mock-83265-81ed4937-dec-000319_tools.json,run,.json,1466
run/prompts/decision_mock-83265-81ed4937-dec-000319_user.json,run,.json,15131
run/prompts/decision_mock-83265-81ed4937-dec-000320_parsed.json,run,.json,2911
run/prompts/decision_mock-83265-81ed4937-dec-000320_response.json,run,.json,8597
run/prompts/decision_mock-83265-81ed4937-dec-000320_system.txt,run,.txt,1912
run/prompts/decision_mock-83265-81ed4937-dec-000320_tools.json,run,.json,1466
run/prompts/decision_mock-83265-81ed4937-dec-000320_user.json,run,.json,14890
run/prompts/decision_mock-83265-81ed4937-dec-000321_parsed.json,run,.json,3339
run/prompts/decision_mock-83265-81ed4937-dec-000321_response.json,run,.json,21980
run/prompts/decision_mock-83265-81ed4937-dec-000321_system.txt,run,.txt,1912
run/prompts/decision_mock-83265-81ed4937-dec-000321_tools.json,run,.json,1466
run/prompts/decision_mock-83265-81ed4937-dec-000321_user.json,run,.json,15719
run/prompts/decision_mock-83265-81ed4937-dec-000322_parsed.json,run,.json,1925
run/prompts/decision_mock-83265-81ed4937-dec-000322_response.json,run,.json,4028
run/prompts/decision_mock-83265-81ed4937-dec-000322_system.txt,run,.txt,1912
run/prompts/decision_mock-83265-81ed4937-dec-000322_tools.json,run,.json,1466
run/prompts/decision_mock-83265-81ed4937-dec-000322_user.json,run,.json,15026
run/prompts/decision_mock-83265-81ed4937-dec-000323_parsed.json,run,.json,3587
run/prompts/decision_mock-83265-81ed4937-dec-000323_response.json,run,.json,31321
run/prompts/decision_mock-83265-81ed4937-dec-000323_system.txt,run,.txt,1912
run/prompts/decision_mock-83265-81ed4937-dec-000323_tools.json,run,.json,2140
run/prompts/decision_mock-83265-81ed4937-dec-000323_user.json,run,.json,14971
run/prompts/decision_mock-83265-81ed4937-dec-000324_parsed.json,run,.json,2389
run/prompts/decision_mock-83265-81ed4937-dec-000324_response.json,run,.json,4597
run/prompts/decision_mock-83265-81ed4937-dec-000324_system.txt,run,.txt,1912
run/prompts/decision_mock-83265-81ed4937-dec-000324_tools.json,run,.json,1466
run/prompts/decision_mock-83265-81ed4937-dec-000324_user.json,run,.json,14684
run/prompts/decision_mock-83265-81ed4937-dec-000325_parsed.json,run,.json,3415
run/prompts/decision_mock-83265-81ed4937-dec-000325_response.json,run,.json,16051
run/prompts/decision_mock-83265-81ed4937-dec-000325_system.txt,run,.txt,1912
run/prompts/decision_mock-83265-81ed4937-dec-000325_tools.json,run,.json,2140
run/prompts/decision_mock-83265-81ed4937-dec-000325_user.json,run,.json,15057
run/prompts/decision_mock-83265-81ed4937-dec-000326_parsed.json,run,.json,5906
run/prompts/decision_mock-83265-81ed4937-dec-000326_response.json,run,.json,7423
run/prompts/decision_mock-83265-81ed4937-dec-000326_retry1_parsed.json,run,.json,4726
run/prompts/decision_mock-83265-81ed4937-dec-000326_retry1_response.json,run,.json,5687
run/prompts/decision_mock-83265-81ed4937-dec-000326_retry1_system.txt,run,.txt,1912
run/prompts/decision_mock-83265-81ed4937-dec-000326_retry1_tools.json,run,.json,1466
run/prompts/decision_mock-83265-81ed4937-dec-000326_retry1_user.json,run,.json,18778
run/prompts/decision_mock-83265-81ed4937-dec-000326_system.txt,run,.txt,1912
run/prompts/decision_mock-83265-81ed4937-dec-000326_tools.json,run,.json,1466
run/prompts/decision_mock-83265-81ed4937-dec-000326_user.json,run,.json,18620
run/prompts/decision_mock-83265-81ed4937-dec-000327_parsed.json,run,.json,3607
run/prompts/decision_mock-83265-81ed4937-dec-000327_response.json,run,.json,21059
run/prompts/decision_mock-83265-81ed4937-dec-000327_system.txt,run,.txt,1912
run/prompts/decision_mock-83265-81ed4937-dec-000327_tools.json,run,.json,2140
run/prompts/decision_mock-83265-81ed4937-dec-000327_user.json,run,.json,15006
run/prompts/decision_mock-83265-81ed4937-dec-000328_parsed.json,run,.json,5851
run/prompts/decision_mock-83265-81ed4937-dec-000328_response.json,run,.json,4248
run/prompts/decision_mock-83265-81ed4937-dec-000328_system.txt,run,.txt,1912
run/prompts/decision_mock-83265-81ed4937-dec-000328_tools.json,run,.json,1466
run/prompts/decision_mock-83265-81ed4937-dec-000328_user.json,run,.json,18969
run/prompts/decision_mock-83265-81ed4937-dec-000329_parsed.json,run,.json,1929
run/prompts/decision_mock-83265-81ed4937-dec-000329_response.json,run,.json,3759
run/prompts/decision_mock-83265-81ed4937-dec-000329_system.txt,run,.txt,1912
run/prompts/decision_mock-83265-81ed4937-dec-000329_tools.json,run,.json,2140
run/prompts/decision_mock-83265-81ed4937-dec-000329_user.json,run,.json,15480
run/prompts/decision_mock-83265-81ed4937-dec-000330_parsed.json,run,.json,3939
run/prompts/decision_mock-83265-81ed4937-dec-000330_response.json,run,.json,8094
run/prompts/decision_mock-83265-81ed4937-dec-000330_system.txt,run,.txt,1912
run/prompts/decision_mock-83265-81ed4937-dec-000330_tools.json,run,.json,922
run/prompts/decision_mock-83265-81ed4937-dec-000330_user.json,run,.json,19140
run/prompts/decision_mock-83265-81ed4937-dec-000331_parsed.json,run,.json,1611
run/prompts/decision_mock-83265-81ed4937-dec-000331_response.json,run,.json,3935
run/prompts/decision_mock-83265-81ed4937-dec-000331_system.txt,run,.txt,1912
run/prompts/decision_mock-83265-81ed4937-dec-000331_tools.json,run,.json,1884
run/prompts/decision_mock-83265-81ed4937-dec-000331_user.json,run,.json,14059
run/prompts/decision_mock-83265-81ed4937-dec-000332_parsed.json,run,.json,1907
run/prompts/decision_mock-83265-81ed4937-dec-000332_response.json,run,.json,7000
run/prompts/decision_mock-83265-81ed4937-dec-000332_system.txt,run,.txt,1912
run/prompts/decision_mock-83265-81ed4937-dec-000332_tools.json,run,.json,1884
run/prompts/decision_mock-83265-81ed4937-dec-000332_user.json,run,.json,13788
run/prompts/decision_mock-83265-81ed4937-dec-000333_parsed.json,run,.json,1895
run/prompts/decision_mock-83265-81ed4937-dec-000333_response.json,run,.json,3721
run/prompts/decision_mock-83265-81ed4937-dec-000333_system.txt,run,.txt,1912
run/prompts/decision_mock-83265-81ed4937-dec-000333_tools.json,run,.json,1884
run/prompts/decision_mock-83265-81ed4937-dec-000333_user.json,run,.json,13560
run/prompts/decision_mock-83265-81ed4937-dec-000334_parsed.json,run,.json,1565
run/prompts/decision_mock-83265-81ed4937-dec-000334_response.json,run,.json,6566
run/prompts/decision_mock-83265-81ed4937-dec-000334_system.txt,run,.txt,1912
run/prompts/decision_mock-83265-81ed4937-dec-000334_tools.json,run,.json,2142
run/prompts/decision_mock-83265-81ed4937-dec-000334_user.json,run,.json,13030
run/prompts/decision_mock-83265-81ed4937-dec-000335_parsed.json,run,.json,1917
run/prompts/decision_mock-83265-81ed4937-dec-000335_response.json,run,.json,4589
run/prompts/decision_mock-83265-81ed4937-dec-000335_system.txt,run,.txt,1912
run/prompts/decision_mock-83265-81ed4937-dec-000335_tools.json,run,.json,1539
run/prompts/decision_mock-83265-81ed4937-dec-000335_user.json,run,.json,13336
run/prompts/decision_mock-83265-81ed4937-dec-000336_parsed.json,run,.json,1989
run/prompts/decision_mock-83265-81ed4937-dec-000336_response.json,run,.json,10301
run/prompts/decision_mock-83265-81ed4937-dec-000336_system.txt,run,.txt,1912
run/prompts/decision_mock-83265-81ed4937-dec-000336_tools.json,run,.json,2140
run/prompts/decision_mock-83265-81ed4937-dec-000336_user.json,run,.json,13038
run/prompts/decision_mock-83265-81ed4937-dec-000337_parsed.json,run,.json,3651
run/prompts/decision_mock-83265-81ed4937-dec-000337_response.json,run,.json,23350
run/prompts/decision_mock-83265-81ed4937-dec-000337_system.txt,run,.txt,1912
run/prompts/decision_mock-83265-81ed4937-dec-000337_tools.json,run,.json,2140
run/prompts/decision_mock-83265-81ed4937-dec-000337_user.json,run,.json,12772
run/prompts/decision_mock-83265-81ed4937-dec-000338_parsed.json,run,.json,2233
run/prompts/decision_mock-83265-81ed4937-dec-000338_response.json,run,.json,5403
run/prompts/decision_mock-83265-81ed4937-dec-000338_system.txt,run,.txt,1912
run/prompts/decision_mock-83265-81ed4937-dec-000338_tools.json,run,.json,1466
run/prompts/decision_mock-83265-81ed4937-dec-000338_user.json,run,.json,11790
run/prompts/decision_mock-83265-81ed4937-dec-000339_parsed.json,run,.json,1909
run/prompts/decision_mock-83265-81ed4937-dec-000339_response.json,run,.json,5718
run/prompts/decision_mock-83265-81ed4937-dec-000339_system.txt,run,.txt,1912
run/prompts/decision_mock-83265-81ed4937-dec-000339_tools.json,run,.json,2140
run/prompts/decision_mock-83265-81ed4937-dec-000339_user.json,run,.json,12791
run/prompts/decision_mock-83265-81ed4937-dec-000340_parsed.json,run,.json,3303
run/prompts/decision_mock-83265-81ed4937-dec-000340_response.json,run,.json,7572
run/prompts/decision_mock-83265-81ed4937-dec-000340_system.txt,run,.txt,1912
run/prompts/decision_mock-83265-81ed4937-dec-000340_tools.json,run,.json,922
run/prompts/decision_mock-83265-81ed4937-dec-000340_user.json,run,.json,16819
run/prompts/decision_mock-83265-81ed4937-dec-000341_parsed.json,run,.json,3351
run/prompts/decision_mock-83265-81ed4937-dec-000341_response.json,run,.json,3479
run/prompts/decision_mock-83265-81ed4937-dec-000341_system.txt,run,.txt,1912
run/prompts/decision_mock-83265-81ed4937-dec-000341_tools.json,run,.json,300
run/prompts/decision_mock-83265-81ed4937-dec-000341_user.json,run,.json,16447
run/prompts/decision_mock-83265-81ed4937-dec-000342_parsed.json,run,.json,3845
run/prompts/decision_mock-83265-81ed4937-dec-000342_response.json,run,.json,9653
run/prompts/decision_mock-83265-81ed4937-dec-000342_system.txt,run,.txt,1912
run/prompts/decision_mock-83265-81ed4937-dec-000342_tools.json,run,.json,2747
run/prompts/decision_mock-83265-81ed4937-dec-000342_user.json,run,.json,16414
run/prompts/decision_mock-83265-81ed4937-dec-000343_parsed.json,run,.json,5385
run/prompts/decision_mock-83265-81ed4937-dec-000343_response.json,run,.json,10978
run/prompts/decision_mock-83265-81ed4937-dec-000343_system.txt,run,.txt,1912
run/prompts/decision_mock-83265-81ed4937-dec-000343_tools.json,run,.json,2747
run/prompts/decision_mock-83265-81ed4937-dec-000343_user.json,run,.json,16111
run/prompts/decision_mock-83265-81ed4937-dec-000344_parsed.json,run,.json,3135
run/prompts/decision_mock-83265-81ed4937-dec-000344_response.json,run,.json,5274
run/prompts/decision_mock-83265-81ed4937-dec-000344_system.txt,run,.txt,1912
run/prompts/decision_mock-83265-81ed4937-dec-000344_tools.json,run,.json,2402
run/prompts/decision_mock-83265-81ed4937-dec-000344_user.json,run,.json,16071
run/prompts/decision_mock-83265-81ed4937-dec-000345_parsed.json,run,.json,1785
run/prompts/decision_mock-83265-81ed4937-dec-000345_response.json,run,.json,5623
run/prompts/decision_mock-83265-81ed4937-dec-000345_system.txt,run,.txt,1912
run/prompts/decision_mock-83265-81ed4937-dec-000345_tools.json,run,.json,2142
run/prompts/decision_mock-83265-81ed4937-dec-000345_user.json,run,.json,10964
run/prompts/decision_mock-83265-81ed4937-dec-000346_parsed.json,run,.json,1825
run/prompts/decision_mock-83265-81ed4937-dec-000346_response.json,run,.json,5690
run/prompts/decision_mock-83265-81ed4937-dec-000346_system.txt,run,.txt,1912
run/prompts/decision_mock-83265-81ed4937-dec-000346_tools.json,run,.json,1539
run/prompts/decision_mock-83265-81ed4937-dec-000346_user.json,run,.json,10511
run/prompts/decision_mock-83265-81ed4937-dec-000347_parsed.json,run,.json,2983
run/prompts/decision_mock-83265-81ed4937-dec-000347_response.json,run,.json,21100
run/prompts/decision_mock-83265-81ed4937-dec-000347_system.txt,run,.txt,1912
run/prompts/decision_mock-83265-81ed4937-dec-000347_tools.json,run,.json,2140
run/prompts/decision_mock-83265-81ed4937-dec-000347_user.json,run,.json,10648
run/prompts/decision_mock-83265-81ed4937-dec-000348_parsed.json,run,.json,4499
run/prompts/decision_mock-83265-81ed4937-dec-000348_response.json,run,.json,5376
run/prompts/decision_mock-83265-81ed4937-dec-000348_system.txt,run,.txt,1912
run/prompts/decision_mock-83265-81ed4937-dec-000348_tools.json,run,.json,1466
run/prompts/decision_mock-83265-81ed4937-dec-000348_user.json,run,.json,14234
run/prompts/decision_mock-83265-81ed4937-dec-000349_parsed.json,run,.json,3355
run/prompts/decision_mock-83265-81ed4937-dec-000349_response.json,run,.json,27920
run/prompts/decision_mock-83265-81ed4937-dec-000349_system.txt,run,.txt,1912
run/prompts/decision_mock-83265-81ed4937-dec-000349_tools.json,run,.json,2140
run/prompts/decision_mock-83265-81ed4937-dec-000349_user.json,run,.json,10979
run/prompts/decision_mock-83265-81ed4937-dec-000350_parsed.json,run,.json,3271
run/prompts/decision_mock-83265-81ed4937-dec-000350_response.json,run,.json,9540
run/prompts/decision_mock-83265-81ed4937-dec-000350_system.txt,run,.txt,1912
run/prompts/decision_mock-83265-81ed4937-dec-000350_tools.json,run,.json,1466
run/prompts/decision_mock-83265-81ed4937-dec-000350_user.json,run,.json,10340
run/prompts/decision_mock-83265-81ed4937-dec-000351_parsed.json,run,.json,3011
run/prompts/decision_mock-83265-81ed4937-dec-000351_response.json,run,.json,12145
run/prompts/decision_mock-83265-81ed4937-dec-000351_system.txt,run,.txt,1912
run/prompts/decision_mock-83265-81ed4937-dec-000351_tools.json,run,.json,1466
run/prompts/decision_mock-83265-81ed4937-dec-000351_user.json,run,.json,11313
run/prompts/decision_mock-83265-81ed4937-dec-000352_parsed.json,run,.json,3481
run/prompts/decision_mock-83265-81ed4937-dec-000352_response.json,run,.json,5635
run/prompts/decision_mock-83265-81ed4937-dec-000352_retry1_parsed.json,run,.json,2738
run/prompts/decision_mock-83265-81ed4937-dec-000352_retry1_response.json,run,.json,7871
run/prompts/decision_mock-83265-81ed4937-dec-000352_retry1_system.txt,run,.txt,1912
run/prompts/decision_mock-83265-81ed4937-dec-000352_retry1_tools.json,run,.json,1466
run/prompts/decision_mock-83265-81ed4937-dec-000352_retry1_user.json,run,.json,12025
run/prompts/decision_mock-83265-81ed4937-dec-000352_system.txt,run,.txt,1912
run/prompts/decision_mock-83265-81ed4937-dec-000352_tools.json,run,.json,1466
run/prompts/decision_mock-83265-81ed4937-dec-000352_user.json,run,.json,11227
run/prompts/decision_mock-83265-81ed4937-dec-000353_parsed.json,run,.json,2975
run/prompts/decision_mock-83265-81ed4937-dec-000353_response.json,run,.json,12143
run/prompts/decision_mock-83265-81ed4937-dec-000353_system.txt,run,.txt,1912
run/prompts/decision_mock-83265-81ed4937-dec-000353_tools.json,run,.json,1466
run/prompts/decision_mock-83265-81ed4937-dec-000353_user.json,run,.json,12037
run/prompts/decision_mock-83265-81ed4937-dec-000354_parsed.json,run,.json,2109
run/prompts/decision_mock-83265-81ed4937-dec-000354_response.json,run,.json,6033
run/prompts/decision_mock-83265-81ed4937-dec-000354_system.txt,run,.txt,1912
run/prompts/decision_mock-83265-81ed4937-dec-000354_tools.json,run,.json,1466
run/prompts/decision_mock-83265-81ed4937-dec-000354_user.json,run,.json,12006
run/prompts/decision_mock-83265-81ed4937-dec-000355_parsed.json,run,.json,2563
run/prompts/decision_mock-83265-81ed4937-dec-000355_response.json,run,.json,14588
run/prompts/decision_mock-83265-81ed4937-dec-000355_system.txt,run,.txt,1912
run/prompts/decision_mock-83265-81ed4937-dec-000355_tools.json,run,.json,2743
run/prompts/decision_mock-83265-81ed4937-dec-000355_user.json,run,.json,11852
run/prompts/decision_mock-83265-81ed4937-dec-000356_parsed.json,run,.json,2487
run/prompts/decision_mock-83265-81ed4937-dec-000356_response.json,run,.json,4659
run/prompts/decision_mock-83265-81ed4937-dec-000356_system.txt,run,.txt,1912
run/prompts/decision_mock-83265-81ed4937-dec-000356_tools.json,run,.json,2743
run/prompts/decision_mock-83265-81ed4937-dec-000356_user.json,run,.json,11657
run/prompts/decision_mock-83265-81ed4937-dec-000357_parsed.json,run,.json,2043
run/prompts/decision_mock-83265-81ed4937-dec-000357_response.json,run,.json,4064
run/prompts/decision_mock-83265-81ed4937-dec-000357_system.txt,run,.txt,1912
run/prompts/decision_mock-83265-81ed4937-dec-000357_tools.json,run,.json,2140
run/prompts/decision_mock-83265-81ed4937-dec-000357_user.json,run,.json,11630
run/prompts/decision_mock-83265-81ed4937-dec-000358_parsed.json,run,.json,2195
run/prompts/decision_mock-83265-81ed4937-dec-000358_response.json,run,.json,12959
run/prompts/decision_mock-83265-81ed4937-dec-000358_system.txt,run,.txt,1912
run/prompts/decision_mock-83265-81ed4937-dec-000358_tools.json,run,.json,2140
run/prompts/decision_mock-83265-81ed4937-dec-000358_user.json,run,.json,11651
run/prompts/decision_mock-83265-81ed4937-dec-000359_parsed.json,run,.json,2059
run/prompts/decision_mock-83265-81ed4937-dec-000359_response.json,run,.json,7642
run/prompts/decision_mock-83265-81ed4937-dec-000359_system.txt,run,.txt,1912
run/prompts/decision_mock-83265-81ed4937-dec-000359_tools.json,run,.json,2485
run/prompts/decision_mock-83265-81ed4937-dec-000359_user.json,run,.json,11722
run/prompts/decision_mock-83265-81ed4937-dec-000360_parsed.json,run,.json,2339
run/prompts/decision_mock-83265-81ed4937-dec-000360_response.json,run,.json,16213
run/prompts/decision_mock-83265-81ed4937-dec-000360_system.txt,run,.txt,1912
run/prompts/decision_mock-83265-81ed4937-dec-000360_tools.json,run,.json,2485
run/prompts/decision_mock-83265-81ed4937-dec-000360_user.json,run,.json,11690
run/prompts/decision_mock-83265-81ed4937-dec-000361_parsed.json,run,.json,2167
run/prompts/decision_mock-83265-81ed4937-dec-000361_response.json,run,.json,12481
run/prompts/decision_mock-83265-81ed4937-dec-000361_system.txt,run,.txt,1912
run/prompts/decision_mock-83265-81ed4937-dec-000361_tools.json,run,.json,2485
run/prompts/decision_mock-83265-81ed4937-dec-000361_user.json,run,.json,11582
run/prompts/decision_mock-83265-81ed4937-dec-000362_parsed.json,run,.json,2543
run/prompts/decision_mock-83265-81ed4937-dec-000362_response.json,run,.json,9477
run/prompts/decision_mock-83265-81ed4937-dec-000362_system.txt,run,.txt,1912
run/prompts/decision_mock-83265-81ed4937-dec-000362_tools.json,run,.json,2485
run/prompts/decision_mock-83265-81ed4937-dec-000362_user.json,run,.json,11660
run/prompts/decision_mock-83265-81ed4937-dec-000363_parsed.json,run,.json,3699
run/prompts/decision_mock-83265-81ed4937-dec-000363_response.json,run,.json,35293
run/prompts/decision_mock-83265-81ed4937-dec-000363_system.txt,run,.txt,1912
run/prompts/decision_mock-83265-81ed4937-dec-000363_tools.json,run,.json,2485
run/prompts/decision_mock-83265-81ed4937-dec-000363_user.json,run,.json,11865
run/prompts/decision_mock-83265-81ed4937-dec-000364_parsed.json,run,.json,2597
run/prompts/decision_mock-83265-81ed4937-dec-000364_response.json,run,.json,7065
run/prompts/decision_mock-83265-81ed4937-dec-000364_system.txt,run,.txt,1912
run/prompts/decision_mock-83265-81ed4937-dec-000364_tools.json,run,.json,1466
run/prompts/decision_mock-83265-81ed4937-dec-000364_user.json,run,.json,11925
run/prompts/decision_mock-83265-81ed4937-dec-000365_parsed.json,run,.json,1945
run/prompts/decision_mock-83265-81ed4937-dec-000365_response.json,run,.json,12558
run/prompts/decision_mock-83265-81ed4937-dec-000365_system.txt,run,.txt,1912
run/prompts/decision_mock-83265-81ed4937-dec-000365_tools.json,run,.json,2485
run/prompts/decision_mock-83265-81ed4937-dec-000365_user.json,run,.json,12369
run/prompts/decision_mock-83265-81ed4937-dec-000366_parsed.json,run,.json,2083
run/prompts/decision_mock-83265-81ed4937-dec-000366_response.json,run,.json,5616
run/prompts/decision_mock-83265-81ed4937-dec-000366_system.txt,run,.txt,1912
run/prompts/decision_mock-83265-81ed4937-dec-000366_tools.json,run,.json,2485
run/prompts/decision_mock-83265-81ed4937-dec-000366_user.json,run,.json,12383
run/prompts/decision_mock-83265-81ed4937-dec-000367_parsed.json,run,.json,1769
run/prompts/decision_mock-83265-81ed4937-dec-000367_response.json,run,.json,13515
run/prompts/decision_mock-83265-81ed4937-dec-000367_system.txt,run,.txt,1912
run/prompts/decision_mock-83265-81ed4937-dec-000367_tools.json,run,.json,2144
run/prompts/decision_mock-83265-81ed4937-dec-000367_user.json,run,.json,12454
run/prompts/decision_mock-83265-81ed4937-dec-000368_parsed.json,run,.json,3139
run/prompts/decision_mock-83265-81ed4937-dec-000368_response.json,run,.json,6761
run/prompts/decision_mock-83265-81ed4937-dec-000368_system.txt,run,.txt,1912
run/prompts/decision_mock-83265-81ed4937-dec-000368_tools.json,run,.json,2747
run/prompts/decision_mock-83265-81ed4937-dec-000368_user.json,run,.json,16135
run/prompts/decision_mock-83265-81ed4937-dec-000369_parsed.json,run,.json,2371
run/prompts/decision_mock-83265-81ed4937-dec-000369_response.json,run,.json,10970
run/prompts/decision_mock-83265-81ed4937-dec-000369_system.txt,run,.txt,1912
run/prompts/decision_mock-83265-81ed4937-dec-000369_tools.json,run,.json,2142
run/prompts/decision_mock-83265-81ed4937-dec-000369_user.json,run,.json,11643
run/prompts/decision_mock-83265-81ed4937-dec-000370_parsed.json,run,.json,2455
run/prompts/decision_mock-83265-81ed4937-dec-000370_response.json,run,.json,12100
run/prompts/decision_mock-83265-81ed4937-dec-000370_system.txt,run,.txt,1912
run/prompts/decision_mock-83265-81ed4937-dec-000370_tools.json,run,.json,2487
run/prompts/decision_mock-83265-81ed4937-dec-000370_user.json,run,.json,11557
run/prompts/decision_mock-83265-81ed4937-dec-000371_parsed.json,run,.json,2419
run/prompts/decision_mock-83265-81ed4937-dec-000371_response.json,run,.json,10663
run/prompts/decision_mock-83265-81ed4937-dec-000371_system.txt,run,.txt,1912
run/prompts/decision_mock-83265-81ed4937-dec-000371_tools.json,run,.json,2487
run/prompts/decision_mock-83265-81ed4937-dec-000371_user.json,run,.json,11624
run/prompts/decision_mock-83265-81ed4937-dec-000372_parsed.json,run,.json,2185
run/prompts/decision_mock-83265-81ed4937-dec-000372_response.json,run,.json,5228
run/prompts/decision_mock-83265-81ed4937-dec-000372_system.txt,run,.txt,1912
run/prompts/decision_mock-83265-81ed4937-dec-000372_tools.json,run,.json,1799
run/prompts/decision_mock-83265-81ed4937-dec-000372_user.json,run,.json,11411
run/prompts/decision_mock-83265-81ed4937-dec-000373_parsed.json,run,.json,1673
run/prompts/decision_mock-83265-81ed4937-dec-000373_response.json,run,.json,4544
run/prompts/decision_mock-83265-81ed4937-dec-000373_system.txt,run,.txt,1912
run/prompts/decision_mock-83265-81ed4937-dec-000373_tools.json,run,.json,1539
run/prompts/decision_mock-83265-81ed4937-dec-000373_user.json,run,.json,11188
run/prompts/decision_mock-83265-81ed4937-dec-000374_parsed.json,run,.json,2085
run/prompts/decision_mock-83265-81ed4937-dec-000374_response.json,run,.json,13946
run/prompts/decision_mock-83265-81ed4937-dec-000374_system.txt,run,.txt,1912
run/prompts/decision_mock-83265-81ed4937-dec-000374_tools.json,run,.json,2144
run/prompts/decision_mock-83265-81ed4937-dec-000374_user.json,run,.json,10862
run/prompts/decision_mock-83265-81ed4937-dec-000375_parsed.json,run,.json,3335
run/prompts/decision_mock-83265-81ed4937-dec-000375_response.json,run,.json,4747
run/prompts/decision_mock-83265-81ed4937-dec-000375_system.txt,run,.txt,1912
run/prompts/decision_mock-83265-81ed4937-dec-000375_tools.json,run,.json,2747
run/prompts/decision_mock-83265-81ed4937-dec-000375_user.json,run,.json,14565
run/prompts/decision_mock-83265-81ed4937-dec-000376_parsed.json,run,.json,3023
run/prompts/decision_mock-83265-81ed4937-dec-000376_response.json,run,.json,3821
run/prompts/decision_mock-83265-81ed4937-dec-000376_system.txt,run,.txt,1912
run/prompts/decision_mock-83265-81ed4937-dec-000376_tools.json,run,.json,2747
run/prompts/decision_mock-83265-81ed4937-dec-000376_user.json,run,.json,14403
run/prompts/decision_mock-83265-81ed4937-dec-000377_parsed.json,run,.json,1821
run/prompts/decision_mock-83265-81ed4937-dec-000377_response.json,run,.json,5997
run/prompts/decision_mock-83265-81ed4937-dec-000377_system.txt,run,.txt,1912
run/prompts/decision_mock-83265-81ed4937-dec-000377_tools.json,run,.json,1799
run/prompts/decision_mock-83265-81ed4937-dec-000377_user.json,run,.json,10582
run/prompts/decision_mock-83265-81ed4937-dec-000378_parsed.json,run,.json,891
run/prompts/decision_mock-83265-81ed4937-dec-000378_response.json,run,.json,4543
run/prompts/decision_mock-83265-81ed4937-dec-000378_retry1_parsed.json,run,.json,1828
run/prompts/decision_mock-83265-81ed4937-dec-000378_retry1_response.json,run,.json,5681
run/prompts/decision_mock-83265-81ed4937-dec-000378_retry1_system.txt,run,.txt,1912
run/prompts/decision_mock-83265-81ed4937-dec-000378_retry1_tools.json,run,.json,1539
run/prompts/decision_mock-83265-81ed4937-dec-000378_retry1_user.json,run,.json,10728
run/prompts/decision_mock-83265-81ed4937-dec-000378_system.txt,run,.txt,1912
run/prompts/decision_mock-83265-81ed4937-dec-000378_tools.json,run,.json,1539
run/prompts/decision_mock-83265-81ed4937-dec-000378_user.json,run,.json,10584
run/prompts/decision_mock-83265-81ed4937-dec-000379_parsed.json,run,.json,2003
run/prompts/decision_mock-83265-81ed4937-dec-000379_response.json,run,.json,6268
run/prompts/decision_mock-83265-81ed4937-dec-000379_system.txt,run,.txt,1912
run/prompts/decision_mock-83265-81ed4937-dec-000379_tools.json,run,.json,653
run/prompts/decision_mock-83265-81ed4937-dec-000379_user.json,run,.json,10225
run/prompts/decision_mock-83265-81ed4937-dec-000380_parsed.json,run,.json,2027
run/prompts/decision_mock-83265-81ed4937-dec-000380_response.json,run,.json,4557
run/prompts/decision_mock-83265-81ed4937-dec-000380_system.txt,run,.txt,1912
run/prompts/decision_mock-83265-81ed4937-dec-000380_tools.json,run,.json,653
run/prompts/decision_mock-83265-81ed4937-dec-000380_user.json,run,.json,9996
run/prompts/decision_mock-83265-81ed4937-dec-000381_parsed.json,run,.json,1713
run/prompts/decision_mock-83265-81ed4937-dec-000381_response.json,run,.json,4739
run/prompts/decision_mock-83265-81ed4937-dec-000381_system.txt,run,.txt,1912
run/prompts/decision_mock-83265-81ed4937-dec-000381_tools.json,run,.json,1539
run/prompts/decision_mock-83265-81ed4937-dec-000381_user.json,run,.json,10084
run/prompts/decision_mock-83265-81ed4937-dec-000382_parsed.json,run,.json,3071
run/prompts/decision_mock-83265-81ed4937-dec-000382_response.json,run,.json,25513
run/prompts/decision_mock-83265-81ed4937-dec-000382_system.txt,run,.txt,1912
run/prompts/decision_mock-83265-81ed4937-dec-000382_tools.json,run,.json,2144
run/prompts/decision_mock-83265-81ed4937-dec-000382_user.json,run,.json,10062
run/prompts/decision_mock-83265-81ed4937-dec-000383_parsed.json,run,.json,4203
run/prompts/decision_mock-83265-81ed4937-dec-000383_response.json,run,.json,6193
run/prompts/decision_mock-83265-81ed4937-dec-000383_system.txt,run,.txt,1912
run/prompts/decision_mock-83265-81ed4937-dec-000383_tools.json,run,.json,1466
run/prompts/decision_mock-83265-81ed4937-dec-000383_user.json,run,.json,13375
run/prompts/decision_mock-83265-81ed4937-dec-000384_parsed.json,run,.json,3243
run/prompts/decision_mock-83265-81ed4937-dec-000384_response.json,run,.json,17959
run/prompts/decision_mock-83265-81ed4937-dec-000384_system.txt,run,.txt,1912
run/prompts/decision_mock-83265-81ed4937-dec-000384_tools.json,run,.json,2144
run/prompts/decision_mock-83265-81ed4937-dec-000384_user.json,run,.json,10520
run/prompts/decision_mock-83265-81ed4937-dec-000385_parsed.json,run,.json,2393
run/prompts/decision_mock-83265-81ed4937-dec-000385_response.json,run,.json,3985
run/prompts/decision_mock-83265-81ed4937-dec-000385_system.txt,run,.txt,1912
run/prompts/decision_mock-83265-81ed4937-dec-000385_tools.json,run,.json,1466
run/prompts/decision_mock-83265-81ed4937-dec-000385_user.json,run,.json,10235
run/prompts/decision_mock-83265-81ed4937-dec-000386_parsed.json,run,.json,2938
run/prompts/decision_mock-83265-81ed4937-dec-000386_response.json,run,.json,24737
run/prompts/decision_mock-83265-81ed4937-dec-000386_retry1_parsed.json,run,.json,1934
run/prompts/decision_mock-83265-81ed4937-dec-000386_retry1_response.json,run,.json,11344
run/prompts/decision_mock-83265-81ed4937-dec-000386_retry1_system.txt,run,.txt,1912
run/prompts/decision_mock-83265-81ed4937-dec-000386_retry1_tools.json,run,.json,2144
run/prompts/decision_mock-83265-81ed4937-dec-000386_retry1_user.json,run,.json,10932
run/prompts/decision_mock-83265-81ed4937-dec-000386_system.txt,run,.txt,1912
run/prompts/decision_mock-83265-81ed4937-dec-000386_tools.json,run,.json,2144
run/prompts/decision_mock-83265-81ed4937-dec-000386_user.json,run,.json,10755
run/prompts/decision_mock-83265-81ed4937-dec-000387_parsed.json,run,.json,3139
run/prompts/decision_mock-83265-81ed4937-dec-000387_response.json,run,.json,27100
run/prompts/decision_mock-83265-81ed4937-dec-000387_retry1_parsed.json,run,.json,2090
run/prompts/decision_mock-83265-81ed4937-dec-000387_retry1_response.json,run,.json,15924
run/prompts/decision_mock-83265-81ed4937-dec-000387_retry1_system.txt,run,.txt,1912
run/prompts/decision_mock-83265-81ed4937-dec-000387_retry1_tools.json,run,.json,2485
run/prompts/decision_mock-83265-81ed4937-dec-000387_retry1_user.json,run,.json,10824
run/prompts/decision_mock-83265-81ed4937-dec-000387_system.txt,run,.txt,1912
run/prompts/decision_mock-83265-81ed4937-dec-000387_tools.json,run,.json,2485
run/prompts/decision_mock-83265-81ed4937-dec-000387_user.json,run,.json,10647
run/prompts/decision_mock-83265-81ed4937-dec-000388_parsed.json,run,.json,2047
run/prompts/decision_mock-83265-81ed4937-dec-000388_response.json,run,.json,12558
run/prompts/decision_mock-83265-81ed4937-dec-000388_system.txt,run,.txt,1912
run/prompts/decision_mock-83265-81ed4937-dec-000388_tools.json,run,.json,2485
run/prompts/decision_mock-83265-81ed4937-dec-000388_user.json,run,.json,10686
run/prompts/decision_mock-83265-81ed4937-dec-000389_parsed.json,run,.json,945
run/prompts/decision_mock-83265-81ed4937-dec-000389_response.json,run,.json,58
run/prompts/decision_mock-83265-81ed4937-dec-000389_retry1_parsed.json,run,.json,2170
run/prompts/decision_mock-83265-81ed4937-dec-000389_retry1_response.json,run,.json,12879
run/prompts/decision_mock-83265-81ed4937-dec-000389_retry1_system.txt,run,.txt,1912
run/prompts/decision_mock-83265-81ed4937-dec-000389_retry1_tools.json,run,.json,2485
run/prompts/decision_mock-83265-81ed4937-dec-000389_retry1_user.json,run,.json,10806
run/prompts/decision_mock-83265-81ed4937-dec-000389_system.txt,run,.txt,1912
run/prompts/decision_mock-83265-81ed4937-dec-000389_tools.json,run,.json,2485
run/prompts/decision_mock-83265-81ed4937-dec-000389_user.json,run,.json,10658
run/prompts/decision_mock-83265-81ed4937-dec-000390_parsed.json,run,.json,2143
run/prompts/decision_mock-83265-81ed4937-dec-000390_response.json,run,.json,18332
run/prompts/decision_mock-83265-81ed4937-dec-000390_system.txt,run,.txt,1912
run/prompts/decision_mock-83265-81ed4937-dec-000390_tools.json,run,.json,2485
run/prompts/decision_mock-83265-81ed4937-dec-000390_user.json,run,.json,10663
run/prompts/decision_mock-83265-81ed4937-dec-000391_parsed.json,run,.json,3103
run/prompts/decision_mock-83265-81ed4937-dec-000391_response.json,run,.json,15003
run/prompts/decision_mock-83265-81ed4937-dec-000391_retry1_parsed.json,run,.json,2032
run/prompts/decision_mock-83265-81ed4937-dec-000391_retry1_response.json,run,.json,9940
run/prompts/decision_mock-83265-81ed4937-dec-000391_retry1_system.txt,run,.txt,1912
run/prompts/decision_mock-83265-81ed4937-dec-000391_retry1_tools.json,run,.json,2485
run/prompts/decision_mock-83265-81ed4937-dec-000391_retry1_user.json,run,.json,10876
run/prompts/decision_mock-83265-81ed4937-dec-000391_system.txt,run,.txt,1912
run/prompts/decision_mock-83265-81ed4937-dec-000391_tools.json,run,.json,2485
run/prompts/decision_mock-83265-81ed4937-dec-000391_user.json,run,.json,10699
run/prompts/decision_mock-83265-81ed4937-dec-000392_parsed.json,run,.json,4803
run/prompts/decision_mock-83265-81ed4937-dec-000392_response.json,run,.json,29150
run/prompts/decision_mock-83265-81ed4937-dec-000392_system.txt,run,.txt,1912
run/prompts/decision_mock-83265-81ed4937-dec-000392_tools.json,run,.json,2747
run/prompts/decision_mock-83265-81ed4937-dec-000392_user.json,run,.json,14197
run/prompts/decision_mock-83265-81ed4937-dec-000393_parsed.json,run,.json,3627
run/prompts/decision_mock-83265-81ed4937-dec-000393_response.json,run,.json,3049
run/prompts/decision_mock-83265-81ed4937-dec-000393_system.txt,run,.txt,1912
run/prompts/decision_mock-83265-81ed4937-dec-000393_tools.json,run,.json,2747
run/prompts/decision_mock-83265-81ed4937-dec-000393_user.json,run,.json,14654
run/prompts/decision_mock-83265-81ed4937-dec-000394_parsed.json,run,.json,2241
run/prompts/decision_mock-83265-81ed4937-dec-000394_response.json,run,.json,7052
run/prompts/decision_mock-83265-81ed4937-dec-000394_system.txt,run,.txt,1912
run/prompts/decision_mock-83265-81ed4937-dec-000394_tools.json,run,.json,2747
run/prompts/decision_mock-83265-81ed4937-dec-000394_user.json,run,.json,10953
run/prompts/decision_mock-83265-81ed4937-dec-000395_parsed.json,run,.json,1867
run/prompts/decision_mock-83265-81ed4937-dec-000395_response.json,run,.json,5518
run/prompts/decision_mock-83265-81ed4937-dec-000395_system.txt,run,.txt,1912
run/prompts/decision_mock-83265-81ed4937-dec-000395_tools.json,run,.json,913
run/prompts/decision_mock-83265-81ed4937-dec-000395_user.json,run,.json,10899
run/prompts/decision_mock-83265-81ed4937-dec-000396_parsed.json,run,.json,2567
run/prompts/decision_mock-83265-81ed4937-dec-000396_response.json,run,.json,7094
run/prompts/decision_mock-83265-81ed4937-dec-000396_system.txt,run,.txt,1912
run/prompts/decision_mock-83265-81ed4937-dec-000396_tools.json,run,.json,913
run/prompts/decision_mock-83265-81ed4937-dec-000396_user.json,run,.json,10823
run/prompts/decision_mock-83265-81ed4937-dec-000397_parsed.json,run,.json,1979
run/prompts/decision_mock-83265-81ed4937-dec-000397_response.json,run,.json,3829
run/prompts/decision_mock-83265-81ed4937-dec-000397_system.txt,run,.txt,1912
run/prompts/decision_mock-83265-81ed4937-dec-000397_tools.json,run,.json,653
run/prompts/decision_mock-83265-81ed4937-dec-000397_user.json,run,.json,10831
run/prompts/decision_mock-83265-81ed4937-dec-000398_parsed.json,run,.json,1699
run/prompts/decision_mock-83265-81ed4937-dec-000398_response.json,run,.json,4002
run/prompts/decision_mock-83265-81ed4937-dec-000398_system.txt,run,.txt,1912
run/prompts/decision_mock-83265-81ed4937-dec-000398_tools.json,run,.json,653
run/prompts/decision_mock-83265-81ed4937-dec-000398_user.json,run,.json,10911
run/prompts/decision_mock-83265-81ed4937-dec-000399_parsed.json,run,.json,2349
run/prompts/decision_mock-83265-81ed4937-dec-000399_response.json,run,.json,5690
run/prompts/decision_mock-83265-81ed4937-dec-000399_system.txt,run,.txt,1912
run/prompts/decision_mock-83265-81ed4937-dec-000399_tools.json,run,.json,1543
run/prompts/decision_mock-83265-81ed4937-dec-000399_user.json,run,.json,10774
run/prompts/decision_mock-83265-81ed4937-dec-000400_parsed.json,run,.json,1885
run/prompts/decision_mock-83265-81ed4937-dec-000400_response.json,run,.json,3644
run/prompts/decision_mock-83265-81ed4937-dec-000400_system.txt,run,.txt,1912
run/prompts/decision_mock-83265-81ed4937-dec-000400_tools.json,run,.json,1539
run/prompts/decision_mock-83265-81ed4937-dec-000400_user.json,run,.json,10483
run/prompts/decision_mock-83265-81ed4937-dec-000401_parsed.json,run,.json,3039
run/prompts/decision_mock-83265-81ed4937-dec-000401_response.json,run,.json,32586
run/prompts/decision_mock-83265-81ed4937-dec-000401_system.txt,run,.txt,1912
run/prompts/decision_mock-83265-81ed4937-dec-000401_tools.json,run,.json,2485
run/prompts/decision_mock-83265-81ed4937-dec-000401_user.json,run,.json,10371
run/prompts/decision_mock-83265-81ed4937-dec-000402_parsed.json,run,.json,3435
run/prompts/decision_mock-83265-81ed4937-dec-000402_response.json,run,.json,3079
run/prompts/decision_mock-83265-81ed4937-dec-000402_system.txt,run,.txt,1912
run/prompts/decision_mock-83265-81ed4937-dec-000402_tools.json,run,.json,1466
run/prompts/decision_mock-83265-81ed4937-dec-000402_user.json,run,.json,13989
run/prompts/decision_mock-83265-81ed4937-dec-000403_parsed.json,run,.json,3251
run/prompts/decision_mock-83265-81ed4937-dec-000403_response.json,run,.json,15381
run/prompts/decision_mock-83265-81ed4937-dec-000403_system.txt,run,.txt,1912
run/prompts/decision_mock-83265-81ed4937-dec-000403_tools.json,run,.json,2485
run/prompts/decision_mock-83265-81ed4937-dec-000403_user.json,run,.json,10616
run/prompts/decision_mock-83265-81ed4937-dec-000404_parsed.json,run,.json,3245
run/prompts/decision_mock-83265-81ed4937-dec-000404_response.json,run,.json,4293
run/prompts/decision_mock-83265-81ed4937-dec-000404_system.txt,run,.txt,1912
run/prompts/decision_mock-83265-81ed4937-dec-000404_tools.json,run,.json,1466
run/prompts/decision_mock-83265-81ed4937-dec-000404_user.json,run,.json,10448
run/prompts/decision_mock-83265-81ed4937-dec-000405_parsed.json,run,.json,3231
run/prompts/decision_mock-83265-81ed4937-dec-000405_response.json,run,.json,13318
run/prompts/decision_mock-83265-81ed4937-dec-000405_system.txt,run,.txt,1912
run/prompts/decision_mock-83265-81ed4937-dec-000405_tools.json,run,.json,2485
run/prompts/decision_mock-83265-81ed4937-dec-000405_user.json,run,.json,10929
run/prompts/decision_mock-83265-81ed4937-dec-000406_parsed.json,run,.json,2661
run/prompts/decision_mock-83265-81ed4937-dec-000406_response.json,run,.json,6772
run/prompts/decision_mock-83265-81ed4937-dec-000406_system.txt,run,.txt,1912
run/prompts/decision_mock-83265-81ed4937-dec-000406_tools.json,run,.json,1466
run/prompts/decision_mock-83265-81ed4937-dec-000406_user.json,run,.json,10760
run/prompts/decision_mock-83265-81ed4937-dec-000407_parsed.json,run,.json,2119
run/prompts/decision_mock-83265-81ed4937-dec-000407_response.json,run,.json,16663
run/prompts/decision_mock-83265-81ed4937-dec-000407_system.txt,run,.txt,1912
run/prompts/decision_mock-83265-81ed4937-dec-000407_tools.json,run,.json,2485
run/prompts/decision_mock-83265-81ed4937-dec-000407_user.json,run,.json,11170
run/prompts/decision_mock-83265-81ed4937-dec-000408_parsed.json,run,.json,2243
run/prompts/decision_mock-83265-81ed4937-dec-000408_response.json,run,.json,5144
run/prompts/decision_mock-83265-81ed4937-dec-000408_system.txt,run,.txt,1912
run/prompts/decision_mock-83265-81ed4937-dec-000408_tools.json,run,.json,2485
run/prompts/decision_mock-83265-81ed4937-dec-000408_user.json,run,.json,11130
run/prompts/decision_mock-83265-81ed4937-dec-000409_parsed.json,run,.json,3147
run/prompts/decision_mock-83265-81ed4937-dec-000409_response.json,run,.json,12705
run/prompts/decision_mock-83265-81ed4937-dec-000409_system.txt,run,.txt,1912
run/prompts/decision_mock-83265-81ed4937-dec-000409_tools.json,run,.json,2140
run/prompts/decision_mock-83265-81ed4937-dec-000409_user.json,run,.json,11216
run/prompts/decision_mock-83265-81ed4937-dec-000410_parsed.json,run,.json,2613
run/prompts/decision_mock-83265-81ed4937-dec-000410_response.json,run,.json,3717
run/prompts/decision_mock-83265-81ed4937-dec-000410_system.txt,run,.txt,1912
run/prompts/decision_mock-83265-81ed4937-dec-000410_tools.json,run,.json,1466
run/prompts/decision_mock-83265-81ed4937-dec-000410_user.json,run,.json,11205
run/prompts/decision_mock-83265-81ed4937-dec-000411_parsed.json,run,.json,1913
run/prompts/decision_mock-83265-81ed4937-dec-000411_response.json,run,.json,15881
run/prompts/decision_mock-83265-81ed4937-dec-000411_system.txt,run,.txt,1912
run/prompts/decision_mock-83265-81ed4937-dec-000411_tools.json,run,.json,2140
run/prompts/decision_mock-83265-81ed4937-dec-000411_user.json,run,.json,11610
run/prompts/decision_mock-83265-81ed4937-dec-000412_parsed.json,run,.json,2117
run/prompts/decision_mock-83265-81ed4937-dec-000412_response.json,run,.json,4351
run/prompts/decision_mock-83265-81ed4937-dec-000412_system.txt,run,.txt,1912
run/prompts/decision_mock-83265-81ed4937-dec-000412_tools.json,run,.json,632
run/prompts/decision_mock-83265-81ed4937-dec-000412_user.json,run,.json,11125
run/prompts/decision_mock-83265-81ed4937-dec-000413_parsed.json,run,.json,2163
run/prompts/decision_mock-83265-81ed4937-dec-000413_response.json,run,.json,29517
run/prompts/decision_mock-83265-81ed4937-dec-000413_system.txt,run,.txt,1912
run/prompts/decision_mock-83265-81ed4937-dec-000413_tools.json,run,.json,2743
run/prompts/decision_mock-83265-81ed4937-dec-000413_user.json,run,.json,11937
run/prompts/decision_mock-83265-81ed4937-dec-000414_parsed.json,run,.json,2927
run/prompts/decision_mock-83265-81ed4937-dec-000414_response.json,run,.json,8499
run/prompts/decision_mock-83265-81ed4937-dec-000414_system.txt,run,.txt,1912
run/prompts/decision_mock-83265-81ed4937-dec-000414_tools.json,run,.json,3088
run/prompts/decision_mock-83265-81ed4937-dec-000414_user.json,run,.json,12057
run/prompts/decision_mock-83265-81ed4937-dec-000415_parsed.json,run,.json,2007
run/prompts/decision_mock-83265-81ed4937-dec-000415_response.json,run,.json,12487
run/prompts/decision_mock-83265-81ed4937-dec-000415_system.txt,run,.txt,1912
run/prompts/decision_mock-83265-81ed4937-dec-000415_tools.json,run,.json,2140
run/prompts/decision_mock-83265-81ed4937-dec-000415_user.json,run,.json,12058
run/prompts/decision_mock-83265-81ed4937-dec-000416_parsed.json,run,.json,2255
run/prompts/decision_mock-83265-81ed4937-dec-000416_response.json,run,.json,19941
run/prompts/decision_mock-83265-81ed4937-dec-000416_system.txt,run,.txt,1912
run/prompts/decision_mock-83265-81ed4937-dec-000416_tools.json,run,.json,2485
run/prompts/decision_mock-83265-81ed4937-dec-000416_user.json,run,.json,12043
run/prompts/decision_mock-83265-81ed4937-dec-000417_parsed.json,run,.json,2159
run/prompts/decision_mock-83265-81ed4937-dec-000417_response.json,run,.json,13713
run/prompts/decision_mock-83265-81ed4937-dec-000417_system.txt,run,.txt,1912
run/prompts/decision_mock-83265-81ed4937-dec-000417_tools.json,run,.json,3088
run/prompts/decision_mock-83265-81ed4937-dec-000417_user.json,run,.json,12170
run/prompts/decision_mock-83265-81ed4937-dec-000418_parsed.json,run,.json,2239
run/prompts/decision_mock-83265-81ed4937-dec-000418_response.json,run,.json,5399
run/prompts/decision_mock-83265-81ed4937-dec-000418_system.txt,run,.txt,1912
run/prompts/decision_mock-83265-81ed4937-dec-000418_tools.json,run,.json,2140
run/prompts/decision_mock-83265-81ed4937-dec-000418_user.json,run,.json,11906
run/prompts/decision_mock-83265-81ed4937-dec-000419_parsed.json,run,.json,2179
run/prompts/decision_mock-83265-81ed4937-dec-000419_response.json,run,.json,6639
run/prompts/decision_mock-83265-81ed4937-dec-000419_system.txt,run,.txt,1912
run/prompts/decision_mock-83265-81ed4937-dec-000419_tools.json,run,.json,2485
run/prompts/decision_mock-83265-81ed4937-dec-000419_user.json,run,.json,12105
run/prompts/decision_mock-83265-81ed4937-dec-000420_parsed.json,run,.json,2399
run/prompts/decision_mock-83265-81ed4937-dec-000420_response.json,run,.json,8020
run/prompts/decision_mock-83265-81ed4937-dec-000420_system.txt,run,.txt,1912
run/prompts/decision_mock-83265-81ed4937-dec-000420_tools.json,run,.json,2747
run/prompts/decision_mock-83265-81ed4937-dec-000420_user.json,run,.json,12206
run/prompts/decision_mock-83265-81ed4937-dec-000421_parsed.json,run,.json,2169
run/prompts/decision_mock-83265-81ed4937-dec-000421_response.json,run,.json,6255
run/prompts/decision_mock-83265-81ed4937-dec-000421_system.txt,run,.txt,1912
run/prompts/decision_mock-83265-81ed4937-dec-000421_tools.json,run,.json,1799
run/prompts/decision_mock-83265-81ed4937-dec-000421_user.json,run,.json,12109
run/prompts/decision_mock-83265-81ed4937-dec-000422_parsed.json,run,.json,4555
run/prompts/decision_mock-83265-81ed4937-dec-000422_response.json,run,.json,17076
run/prompts/decision_mock-83265-81ed4937-dec-000422_system.txt,run,.txt,1912
run/prompts/decision_mock-83265-81ed4937-dec-000422_tools.json,run,.json,2747
run/prompts/decision_mock-83265-81ed4937-dec-000422_user.json,run,.json,15972
run/prompts/decision_mock-83265-81ed4937-dec-000423_parsed.json,run,.json,3403
run/prompts/decision_mock-83265-81ed4937-dec-000423_response.json,run,.json,8656
run/prompts/decision_mock-83265-81ed4937-dec-000423_system.txt,run,.txt,1912
run/prompts/decision_mock-83265-81ed4937-dec-000423_tools.json,run,.json,1543
run/prompts/decision_mock-83265-81ed4937-dec-000423_user.json,run,.json,11822
run/prompts/decision_mock-83265-81ed4937-dec-000424_parsed.json,run,.json,4731
run/prompts/decision_mock-83265-81ed4937-dec-000424_response.json,run,.json,9353
run/prompts/decision_mock-83265-81ed4937-dec-000424_system.txt,run,.txt,1912
run/prompts/decision_mock-83265-81ed4937-dec-000424_tools.json,run,.json,1466
run/prompts/decision_mock-83265-81ed4937-dec-000424_user.json,run,.json,15586
run/prompts/decision_mock-83265-81ed4937-dec-000425_parsed.json,run,.json,1873
run/prompts/decision_mock-83265-81ed4937-dec-000425_response.json,run,.json,4016
run/prompts/decision_mock-83265-81ed4937-dec-000425_system.txt,run,.txt,1912
run/prompts/decision_mock-83265-81ed4937-dec-000425_tools.json,run,.json,1543
run/prompts/decision_mock-83265-81ed4937-dec-000425_user.json,run,.json,12014
run/prompts/decision_mock-83265-81ed4937-dec-000426_parsed.json,run,.json,1781
run/prompts/decision_mock-83265-81ed4937-dec-000426_response.json,run,.json,4146
run/prompts/decision_mock-83265-81ed4937-dec-000426_system.txt,run,.txt,1912
run/prompts/decision_mock-83265-81ed4937-dec-000426_tools.json,run,.json,1539
run/prompts/decision_mock-83265-81ed4937-dec-000426_user.json,run,.json,12005
run/prompts/decision_mock-83265-81ed4937-dec-000427_parsed.json,run,.json,2547
run/prompts/decision_mock-83265-81ed4937-dec-000427_response.json,run,.json,9440
run/prompts/decision_mock-83265-81ed4937-dec-000427_system.txt,run,.txt,1912
run/prompts/decision_mock-83265-81ed4937-dec-000427_tools.json,run,.json,2747
run/prompts/decision_mock-83265-81ed4937-dec-000427_user.json,run,.json,11751
run/prompts/decision_mock-83265-81ed4937-dec-000428_parsed.json,run,.json,2085
run/prompts/decision_mock-83265-81ed4937-dec-000428_response.json,run,.json,25084
run/prompts/decision_mock-83265-81ed4937-dec-000428_system.txt,run,.txt,1912
run/prompts/decision_mock-83265-81ed4937-dec-000428_tools.json,run,.json,1799
run/prompts/decision_mock-83265-81ed4937-dec-000428_user.json,run,.json,11637
run/prompts/decision_mock-83265-81ed4937-dec-000429_parsed.json,run,.json,2209
run/prompts/decision_mock-83265-81ed4937-dec-000429_response.json,run,.json,8449
run/prompts/decision_mock-83265-81ed4937-dec-000429_system.txt,run,.txt,1912
run/prompts/decision_mock-83265-81ed4937-dec-000429_tools.json,run,.json,1543
run/prompts/decision_mock-83265-81ed4937-dec-000429_user.json,run,.json,11060
run/prompts/decision_mock-83265-81ed4937-dec-000430_parsed.json,run,.json,2135
run/prompts/decision_mock-83265-81ed4937-dec-000430_response.json,run,.json,5057
run/prompts/decision_mock-83265-81ed4937-dec-000430_system.txt,run,.txt,1912
run/prompts/decision_mock-83265-81ed4937-dec-000430_tools.json,run,.json,653
run/prompts/decision_mock-83265-81ed4937-dec-000430_user.json,run,.json,11055
run/prompts/decision_mock-83265-81ed4937-dec-000431_parsed.json,run,.json,2419
run/prompts/decision_mock-83265-81ed4937-dec-000431_response.json,run,.json,4131
run/prompts/decision_mock-83265-81ed4937-dec-000431_system.txt,run,.txt,1912
run/prompts/decision_mock-83265-81ed4937-dec-000431_tools.json,run,.json,653
run/prompts/decision_mock-83265-81ed4937-dec-000431_user.json,run,.json,11088
run/prompts/decision_mock-83265-81ed4937-dec-000432_parsed.json,run,.json,3218
run/prompts/decision_mock-83265-81ed4937-dec-000432_response.json,run,.json,18066
run/prompts/decision_mock-83265-81ed4937-dec-000432_retry1_parsed.json,run,.json,2802
run/prompts/decision_mock-83265-81ed4937-dec-000432_retry1_response.json,run,.json,29321
run/prompts/decision_mock-83265-81ed4937-dec-000432_retry1_system.txt,run,.txt,1912
run/prompts/decision_mock-83265-81ed4937-dec-000432_retry1_tools.json,run,.json,913
run/prompts/decision_mock-83265-81ed4937-dec-000432_retry1_user.json,run,.json,10820
run/prompts/decision_mock-83265-81ed4937-dec-000432_system.txt,run,.txt,1912
run/prompts/decision_mock-83265-81ed4937-dec-000432_tools.json,run,.json,913
run/prompts/decision_mock-83265-81ed4937-dec-000432_user.json,run,.json,10640
run/prompts/decision_mock-83265-81ed4937-dec-000433_parsed.json,run,.json,918
run/prompts/decision_mock-83265-81ed4937-dec-000433_response.json,run,.json,25899
run/prompts/decision_mock-83265-81ed4937-dec-000433_retry1_parsed.json,run,.json,1936
run/prompts/decision_mock-83265-81ed4937-dec-000433_retry1_response.json,run,.json,7648
run/prompts/decision_mock-83265-81ed4937-dec-000433_retry1_system.txt,run,.txt,1912
run/prompts/decision_mock-83265-81ed4937-dec-000433_retry1_tools.json,run,.json,1799
run/prompts/decision_mock-83265-81ed4937-dec-000433_retry1_user.json,run,.json,10830
run/prompts/decision_mock-83265-81ed4937-dec-000433_system.txt,run,.txt,1912
run/prompts/decision_mock-83265-81ed4937-dec-000433_tools.json,run,.json,1799
run/prompts/decision_mock-83265-81ed4937-dec-000433_user.json,run,.json,10686
run/prompts/decision_mock-83265-81ed4937-dec-000434_parsed.json,run,.json,1909
run/prompts/decision_mock-83265-81ed4937-dec-000434_response.json,run,.json,17299
run/prompts/decision_mock-83265-81ed4937-dec-000434_system.txt,run,.txt,1912
run/prompts/decision_mock-83265-81ed4937-dec-000434_tools.json,run,.json,1799
run/prompts/decision_mock-83265-81ed4937-dec-000434_user.json,run,.json,10715
run/prompts/decision_mock-83265-81ed4937-dec-000435_parsed.json,run,.json,3039
run/prompts/decision_mock-83265-81ed4937-dec-000435_response.json,run,.json,19821
run/prompts/decision_mock-83265-81ed4937-dec-000435_system.txt,run,.txt,1912
run/prompts/decision_mock-83265-81ed4937-dec-000435_tools.json,run,.json,1799
run/prompts/decision_mock-83265-81ed4937-dec-000435_user.json,run,.json,10668
run/prompts/decision_mock-83265-81ed4937-dec-000436_parsed.json,run,.json,1953
run/prompts/decision_mock-83265-81ed4937-dec-000436_response.json,run,.json,4049
run/prompts/decision_mock-83265-81ed4937-dec-000436_system.txt,run,.txt,1912
run/prompts/decision_mock-83265-81ed4937-dec-000436_tools.json,run,.json,1466
run/prompts/decision_mock-83265-81ed4937-dec-000436_user.json,run,.json,10380
run/prompts/decision_mock-83265-81ed4937-dec-000437_parsed.json,run,.json,2703
run/prompts/decision_mock-83265-81ed4937-dec-000437_response.json,run,.json,28868
run/prompts/decision_mock-83265-81ed4937-dec-000437_system.txt,run,.txt,1912
run/prompts/decision_mock-83265-81ed4937-dec-000437_tools.json,run,.json,1799
run/prompts/decision_mock-83265-81ed4937-dec-000437_user.json,run,.json,10443
run/prompts/decision_mock-83265-81ed4937-dec-000438_parsed.json,run,.json,2687
run/prompts/decision_mock-83265-81ed4937-dec-000438_response.json,run,.json,29119
run/prompts/decision_mock-83265-81ed4937-dec-000438_system.txt,run,.txt,1912
run/prompts/decision_mock-83265-81ed4937-dec-000438_tools.json,run,.json,2747
run/prompts/decision_mock-83265-81ed4937-dec-000438_user.json,run,.json,10677
run/prompts/decision_mock-83265-81ed4937-dec-000439_parsed.json,run,.json,2253
run/prompts/decision_mock-83265-81ed4937-dec-000439_response.json,run,.json,3960
run/prompts/decision_mock-83265-81ed4937-dec-000439_system.txt,run,.txt,1912
run/prompts/decision_mock-83265-81ed4937-dec-000439_tools.json,run,.json,1466
run/prompts/decision_mock-83265-81ed4937-dec-000439_user.json,run,.json,10294
run/prompts/decision_mock-83265-81ed4937-dec-000440_parsed.json,run,.json,2843
run/prompts/decision_mock-83265-81ed4937-dec-000440_response.json,run,.json,30906
run/prompts/decision_mock-83265-81ed4937-dec-000440_system.txt,run,.txt,1912
run/prompts/decision_mock-83265-81ed4937-dec-000440_tools.json,run,.json,2747
run/prompts/decision_mock-83265-81ed4937-dec-000440_user.json,run,.json,10973
run/prompts/decision_mock-83265-81ed4937-dec-000441_parsed.json,run,.json,2559
run/prompts/decision_mock-83265-81ed4937-dec-000441_response.json,run,.json,3248
run/prompts/decision_mock-83265-81ed4937-dec-000441_system.txt,run,.txt,1912
run/prompts/decision_mock-83265-81ed4937-dec-000441_tools.json,run,.json,1466
run/prompts/decision_mock-83265-81ed4937-dec-000441_user.json,run,.json,14626
run/prompts/decision_mock-83265-81ed4937-dec-000442_parsed.json,run,.json,2127
run/prompts/decision_mock-83265-81ed4937-dec-000442_response.json,run,.json,25067
run/prompts/decision_mock-83265-81ed4937-dec-000442_system.txt,run,.txt,1912
run/prompts/decision_mock-83265-81ed4937-dec-000442_tools.json,run,.json,2747
run/prompts/decision_mock-83265-81ed4937-dec-000442_user.json,run,.json,11095
run/prompts/decision_mock-83265-81ed4937-dec-000443_parsed.json,run,.json,2137
run/prompts/decision_mock-83265-81ed4937-dec-000443_response.json,run,.json,26785
run/prompts/decision_mock-83265-81ed4937-dec-000443_system.txt,run,.txt,1912
run/prompts/decision_mock-83265-81ed4937-dec-000443_tools.json,run,.json,2140
run/prompts/decision_mock-83265-81ed4937-dec-000443_user.json,run,.json,10936
run/prompts/decision_mock-83265-81ed4937-dec-000444_parsed.json,run,.json,3155
run/prompts/decision_mock-83265-81ed4937-dec-000444_response.json,run,.json,8560
run/prompts/decision_mock-83265-81ed4937-dec-000444_system.txt,run,.txt,1912
run/prompts/decision_mock-83265-81ed4937-dec-000444_tools.json,run,.json,922
run/prompts/decision_mock-83265-81ed4937-dec-000444_user.json,run,.json,14400
run/prompts/decision_mock-83265-81ed4937-dec-000445_parsed.json,run,.json,4543
run/prompts/decision_mock-83265-81ed4937-dec-000445_response.json,run,.json,15478
run/prompts/decision_mock-83265-81ed4937-dec-000445_system.txt,run,.txt,1912
run/prompts/decision_mock-83265-81ed4937-dec-000445_tools.json,run,.json,2747
run/prompts/decision_mock-83265-81ed4937-dec-000445_user.json,run,.json,14877
run/prompts/decision_mock-83265-81ed4937-dec-000446_parsed.json,run,.json,1561
run/prompts/decision_mock-83265-81ed4937-dec-000446_response.json,run,.json,8382
run/prompts/decision_mock-83265-81ed4937-dec-000446_system.txt,run,.txt,1912
run/prompts/decision_mock-83265-81ed4937-dec-000446_tools.json,run,.json,1543
run/prompts/decision_mock-83265-81ed4937-dec-000446_user.json,run,.json,11012
run/prompts/decision_mock-83265-81ed4937-dec-000447_parsed.json,run,.json,2147
run/prompts/decision_mock-83265-81ed4937-dec-000447_response.json,run,.json,13705
run/prompts/decision_mock-83265-81ed4937-dec-000447_system.txt,run,.txt,1912
run/prompts/decision_mock-83265-81ed4937-dec-000447_tools.json,run,.json,2140
run/prompts/decision_mock-83265-81ed4937-dec-000447_user.json,run,.json,10971
run/prompts/decision_mock-83265-81ed4937-dec-000448_parsed.json,run,.json,3459
run/prompts/decision_mock-83265-81ed4937-dec-000448_response.json,run,.json,40211
run/prompts/decision_mock-83265-81ed4937-dec-000448_system.txt,run,.txt,1912
run/prompts/decision_mock-83265-81ed4937-dec-000448_tools.json,run,.json,2747
run/prompts/decision_mock-83265-81ed4937-dec-000448_user.json,run,.json,11134
run/prompts/decision_mock-83265-81ed4937-dec-000449_parsed.json,run,.json,2165
run/prompts/decision_mock-83265-81ed4937-dec-000449_response.json,run,.json,5527
run/prompts/decision_mock-83265-81ed4937-dec-000449_system.txt,run,.txt,1912
run/prompts/decision_mock-83265-81ed4937-dec-000449_tools.json,run,.json,1169
run/prompts/decision_mock-83265-81ed4937-dec-000449_user.json,run,.json,11136
run/prompts/decision_mock-83265-81ed4937-dec-000450_parsed.json,run,.json,3527
run/prompts/decision_mock-83265-81ed4937-dec-000450_response.json,run,.json,46223
run/prompts/decision_mock-83265-81ed4937-dec-000450_system.txt,run,.txt,1912
run/prompts/decision_mock-83265-81ed4937-dec-000450_tools.json,run,.json,2747
run/prompts/decision_mock-83265-81ed4937-dec-000450_user.json,run,.json,11560
run/prompts/decision_mock-83265-81ed4937-dec-000451_parsed.json,run,.json,2137
run/prompts/decision_mock-83265-81ed4937-dec-000451_response.json,run,.json,5735
run/prompts/decision_mock-83265-81ed4937-dec-000451_system.txt,run,.txt,1912
run/prompts/decision_mock-83265-81ed4937-dec-000451_tools.json,run,.json,1169
run/prompts/decision_mock-83265-81ed4937-dec-000451_user.json,run,.json,11701
run/prompts/decision_mock-83265-81ed4937-dec-000452_parsed.json,run,.json,3235
run/prompts/decision_mock-83265-81ed4937-dec-000452_response.json,run,.json,27335
run/prompts/decision_mock-83265-81ed4937-dec-000452_system.txt,run,.txt,1912
run/prompts/decision_mock-83265-81ed4937-dec-000452_tools.json,run,.json,2747
run/prompts/decision_mock-83265-81ed4937-dec-000452_user.json,run,.json,11997
run/prompts/decision_mock-83265-81ed4937-dec-000453_parsed.json,run,.json,2321
run/prompts/decision_mock-83265-81ed4937-dec-000453_response.json,run,.json,6460
run/prompts/decision_mock-83265-81ed4937-dec-000453_system.txt,run,.txt,1912
run/prompts/decision_mock-83265-81ed4937-dec-000453_tools.json,run,.json,1466
run/prompts/decision_mock-83265-81ed4937-dec-000453_user.json,run,.json,12176
run/prompts/decision_mock-83265-81ed4937-dec-000454_parsed.json,run,.json,2225
run/prompts/decision_mock-83265-81ed4937-dec-000454_response.json,run,.json,18398
run/prompts/decision_mock-83265-81ed4937-dec-000454_system.txt,run,.txt,1912
run/prompts/decision_mock-83265-81ed4937-dec-000454_tools.json,run,.json,2747
run/prompts/decision_mock-83265-81ed4937-dec-000454_user.json,run,.json,12469
run/prompts/decision_mock-83265-81ed4937-dec-000455_parsed.json,run,.json,4115
run/prompts/decision_mock-83265-81ed4937-dec-000455_response.json,run,.json,6903
run/prompts/decision_mock-83265-81ed4937-dec-000455_system.txt,run,.txt,1912
run/prompts/decision_mock-83265-81ed4937-dec-000455_tools.json,run,.json,2747
run/prompts/decision_mock-83265-81ed4937-dec-000455_user.json,run,.json,16641
run/prompts/decision_mock-83265-81ed4937-dec-000456_parsed.json,run,.json,3247
run/prompts/decision_mock-83265-81ed4937-dec-000456_response.json,run,.json,3051
run/prompts/decision_mock-83265-81ed4937-dec-000456_system.txt,run,.txt,1912
run/prompts/decision_mock-83265-81ed4937-dec-000456_tools.json,run,.json,2747
run/prompts/decision_mock-83265-81ed4937-dec-000456_user.json,run,.json,16767
run/prompts/decision_mock-83265-81ed4937-dec-000457_parsed.json,run,.json,3187
run/prompts/decision_mock-83265-81ed4937-dec-000457_response.json,run,.json,8917
run/prompts/decision_mock-83265-81ed4937-dec-000457_system.txt,run,.txt,1912
run/prompts/decision_mock-83265-81ed4937-dec-000457_tools.json,run,.json,1543
run/prompts/decision_mock-83265-81ed4937-dec-000457_user.json,run,.json,12119
run/prompts/decision_mock-83265-81ed4937-dec-000458_parsed.json,run,.json,3811
run/prompts/decision_mock-83265-81ed4937-dec-000458_response.json,run,.json,4312
run/prompts/decision_mock-83265-81ed4937-dec-000458_system.txt,run,.txt,1912
run/prompts/decision_mock-83265-81ed4937-dec-000458_tools.json,run,.json,1466
run/prompts/decision_mock-83265-81ed4937-dec-000458_user.json,run,.json,16248
run/prompts/decision_mock-83265-81ed4937-dec-000459_parsed.json,run,.json,1909
run/prompts/decision_mock-83265-81ed4937-dec-000459_response.json,run,.json,6204
run/prompts/decision_mock-83265-81ed4937-dec-000459_system.txt,run,.txt,1912
run/prompts/decision_mock-83265-81ed4937-dec-000459_tools.json,run,.json,1543
run/prompts/decision_mock-83265-81ed4937-dec-000459_user.json,run,.json,12174
run/prompts/decision_mock-83265-81ed4937-dec-000460_parsed.json,run,.json,4007
run/prompts/decision_mock-83265-81ed4937-dec-000460_response.json,run,.json,25943
run/prompts/decision_mock-83265-81ed4937-dec-000460_system.txt,run,.txt,1912
run/prompts/decision_mock-83265-81ed4937-dec-000460_tools.json,run,.json,2747
run/prompts/decision_mock-83265-81ed4937-dec-000460_user.json,run,.json,12148
run/prompts/decision_mock-83265-81ed4937-dec-000461_parsed.json,run,.json,2377
run/prompts/decision_mock-83265-81ed4937-dec-000461_response.json,run,.json,6142
run/prompts/decision_mock-83265-81ed4937-dec-000461_system.txt,run,.txt,1912
run/prompts/decision_mock-83265-81ed4937-dec-000461_tools.json,run,.json,1169
run/prompts/decision_mock-83265-81ed4937-dec-000461_user.json,run,.json,12113
run/prompts/decision_mock-83265-81ed4937-dec-000462_parsed.json,run,.json,3059
run/prompts/decision_mock-83265-81ed4937-dec-000462_response.json,run,.json,14014
run/prompts/decision_mock-83265-81ed4937-dec-000462_system.txt,run,.txt,1912
run/prompts/decision_mock-83265-81ed4937-dec-000462_tools.json,run,.json,2747
run/prompts/decision_mock-83265-81ed4937-dec-000462_user.json,run,.json,12683
run/prompts/decision_mock-83265-81ed4937-dec-000463_parsed.json,run,.json,2177
run/prompts/decision_mock-83265-81ed4937-dec-000463_response.json,run,.json,3711
run/prompts/decision_mock-83265-81ed4937-dec-000463_system.txt,run,.txt,1912
run/prompts/decision_mock-83265-81ed4937-dec-000463_tools.json,run,.json,1466
run/prompts/decision_mock-83265-81ed4937-dec-000463_user.json,run,.json,12447
run/prompts/decision_mock-83265-81ed4937-dec-000464_parsed.json,run,.json,3683
run/prompts/decision_mock-83265-81ed4937-dec-000464_response.json,run,.json,23064
run/prompts/decision_mock-83265-81ed4937-dec-000464_system.txt,run,.txt,1912
run/prompts/decision_mock-83265-81ed4937-dec-000464_tools.json,run,.json,2747
run/prompts/decision_mock-83265-81ed4937-dec-000464_user.json,run,.json,13019
run/prompts/decision_mock-83265-81ed4937-dec-000465_parsed.json,run,.json,3575
run/prompts/decision_mock-83265-81ed4937-dec-000465_response.json,run,.json,5776
run/prompts/decision_mock-83265-81ed4937-dec-000465_system.txt,run,.txt,1912
run/prompts/decision_mock-83265-81ed4937-dec-000465_tools.json,run,.json,1466
run/prompts/decision_mock-83265-81ed4937-dec-000465_user.json,run,.json,16898
run/prompts/decision_mock-83265-81ed4937-dec-000466_parsed.json,run,.json,1941
run/prompts/decision_mock-83265-81ed4937-dec-000466_response.json,run,.json,11916
run/prompts/decision_mock-83265-81ed4937-dec-000466_system.txt,run,.txt,1912
run/prompts/decision_mock-83265-81ed4937-dec-000466_tools.json,run,.json,2747
run/prompts/decision_mock-83265-81ed4937-dec-000466_user.json,run,.json,13690
run/prompts/decision_mock-83265-81ed4937-dec-000467_parsed.json,run,.json,2787
run/prompts/decision_mock-83265-81ed4937-dec-000467_response.json,run,.json,20635
run/prompts/decision_mock-83265-81ed4937-dec-000467_system.txt,run,.txt,1912
run/prompts/decision_mock-83265-81ed4937-dec-000467_tools.json,run,.json,1799
run/prompts/decision_mock-83265-81ed4937-dec-000467_user.json,run,.json,13314
run/prompts/decision_mock-83265-81ed4937-dec-000468_parsed.json,run,.json,1885
run/prompts/decision_mock-83265-81ed4937-dec-000468_response.json,run,.json,3846
run/prompts/decision_mock-83265-81ed4937-dec-000468_system.txt,run,.txt,1912
run/prompts/decision_mock-83265-81ed4937-dec-000468_tools.json,run,.json,1466
run/prompts/decision_mock-83265-81ed4937-dec-000468_user.json,run,.json,12837
run/prompts/decision_mock-83265-81ed4937-dec-000469_parsed.json,run,.json,3015
run/prompts/decision_mock-83265-81ed4937-dec-000469_response.json,run,.json,15483
run/prompts/decision_mock-83265-81ed4937-dec-000469_system.txt,run,.txt,1912
run/prompts/decision_mock-83265-81ed4937-dec-000469_tools.json,run,.json,1799
run/prompts/decision_mock-83265-81ed4937-dec-000469_user.json,run,.json,13130
run/prompts/decision_mock-83265-81ed4937-dec-000470_parsed.json,run,.json,2927
run/prompts/decision_mock-83265-81ed4937-dec-000470_response.json,run,.json,2673
run/prompts/decision_mock-83265-81ed4937-dec-000470_system.txt,run,.txt,1912
run/prompts/decision_mock-83265-81ed4937-dec-000470_tools.json,run,.json,1466
run/prompts/decision_mock-83265-81ed4937-dec-000470_user.json,run,.json,16549
run/prompts/decision_mock-83265-81ed4937-dec-000471_parsed.json,run,.json,2001
run/prompts/decision_mock-83265-81ed4937-dec-000471_response.json,run,.json,10190
run/prompts/decision_mock-83265-81ed4937-dec-000471_system.txt,run,.txt,1912
run/prompts/decision_mock-83265-81ed4937-dec-000471_tools.json,run,.json,1799
run/prompts/decision_mock-83265-81ed4937-dec-000471_user.json,run,.json,13044
run/prompts/decision_mock-83265-81ed4937-dec-000472_parsed.json,run,.json,3023
run/prompts/decision_mock-83265-81ed4937-dec-000472_response.json,run,.json,2643
run/prompts/decision_mock-83265-81ed4937-dec-000472_system.txt,run,.txt,1912
run/prompts/decision_mock-83265-81ed4937-dec-000472_tools.json,run,.json,2747
run/prompts/decision_mock-83265-81ed4937-dec-000472_user.json,run,.json,16413
run/prompts/decision_mock-83265-81ed4937-dec-000473_parsed.json,run,.json,2261
run/prompts/decision_mock-83265-81ed4937-dec-000473_response.json,run,.json,4344
run/prompts/decision_mock-83265-81ed4937-dec-000473_system.txt,run,.txt,1912
run/prompts/decision_mock-83265-81ed4937-dec-000473_tools.json,run,.json,312
run/prompts/decision_mock-83265-81ed4937-dec-000473_user.json,run,.json,12280
run/prompts/decision_mock-83265-81ed4937-dec-000474_parsed.json,run,.json,1925
run/prompts/decision_mock-83265-81ed4937-dec-000474_response.json,run,.json,31382
run/prompts/decision_mock-83265-81ed4937-dec-000474_system.txt,run,.txt,1912
run/prompts/decision_mock-83265-81ed4937-dec-000474_tools.json,run,.json,2747
run/prompts/decision_mock-83265-81ed4937-dec-000474_user.json,run,.json,11942
run/prompts/decision_mock-83265-81ed4937-dec-000475_parsed.json,run,.json,4299
run/prompts/decision_mock-83265-81ed4937-dec-000475_response.json,run,.json,10380
run/prompts/decision_mock-83265-81ed4937-dec-000475_system.txt,run,.txt,1912
run/prompts/decision_mock-83265-81ed4937-dec-000475_tools.json,run,.json,2747
run/prompts/decision_mock-83265-81ed4937-dec-000475_user.json,run,.json,14534
run/prompts/decision_mock-83265-81ed4937-dec-000476_parsed.json,run,.json,4143
run/prompts/decision_mock-83265-81ed4937-dec-000476_response.json,run,.json,11005
run/prompts/decision_mock-83265-81ed4937-dec-000476_system.txt,run,.txt,1912
run/prompts/decision_mock-83265-81ed4937-dec-000476_tools.json,run,.json,2747
run/prompts/decision_mock-83265-81ed4937-dec-000476_user.json,run,.json,14520
run/prompts/decision_mock-83265-81ed4937-dec-000477_parsed.json,run,.json,1911
run/prompts/decision_mock-83265-81ed4937-dec-000477_response.json,run,.json,25986
run/prompts/decision_mock-83265-81ed4937-dec-000477_system.txt,run,.txt,1912
run/prompts/decision_mock-83265-81ed4937-dec-000477_tools.json,run,.json,2747
run/prompts/decision_mock-83265-81ed4937-dec-000477_user.json,run,.json,10958
run/prompts/decision_mock-83265-81ed4937-dec-000478_parsed.json,run,.json,3067
run/prompts/decision_mock-83265-81ed4937-dec-000478_response.json,run,.json,35598
run/prompts/decision_mock-83265-81ed4937-dec-000478_system.txt,run,.txt,1912
run/prompts/decision_mock-83265-81ed4937-dec-000478_tools.json,run,.json,3088
run/prompts/decision_mock-83265-81ed4937-dec-000478_user.json,run,.json,10658
run/prompts/decision_mock-83265-81ed4937-dec-000479_parsed.json,run,.json,1985
run/prompts/decision_mock-83265-81ed4937-dec-000479_response.json,run,.json,6857
run/prompts/decision_mock-83265-81ed4937-dec-000479_system.txt,run,.txt,1912
run/prompts/decision_mock-83265-81ed4937-dec-000479_tools.json,run,.json,2485
run/prompts/decision_mock-83265-81ed4937-dec-000479_user.json,run,.json,10676
run/prompts/decision_mock-83265-81ed4937-dec-000480_parsed.json,run,.json,3935
run/prompts/decision_mock-83265-81ed4937-dec-000480_response.json,run,.json,9821
run/prompts/decision_mock-83265-81ed4937-dec-000480_system.txt,run,.txt,1912
run/prompts/decision_mock-83265-81ed4937-dec-000480_tools.json,run,.json,2747
run/prompts/decision_mock-83265-81ed4937-dec-000480_user.json,run,.json,14359
run/prompts/decision_mock-83265-81ed4937-dec-000481_parsed.json,run,.json,2455
run/prompts/decision_mock-83265-81ed4937-dec-000481_response.json,run,.json,19244
run/prompts/decision_mock-83265-81ed4937-dec-000481_system.txt,run,.txt,1912
run/prompts/decision_mock-83265-81ed4937-dec-000481_tools.json,run,.json,3088
run/prompts/decision_mock-83265-81ed4937-dec-000481_user.json,run,.json,10509
run/prompts/decision_mock-83265-81ed4937-dec-000482_parsed.json,run,.json,2263
run/prompts/decision_mock-83265-81ed4937-dec-000482_response.json,run,.json,6958
run/prompts/decision_mock-83265-81ed4937-dec-000482_system.txt,run,.txt,1912
run/prompts/decision_mock-83265-81ed4937-dec-000482_tools.json,run,.json,2140
run/prompts/decision_mock-83265-81ed4937-dec-000482_user.json,run,.json,10175
run/prompts/decision_mock-83265-81ed4937-dec-000483_parsed.json,run,.json,2149
run/prompts/decision_mock-83265-81ed4937-dec-000483_response.json,run,.json,9115
run/prompts/decision_mock-83265-81ed4937-dec-000483_system.txt,run,.txt,1912
run/prompts/decision_mock-83265-81ed4937-dec-000483_tools.json,run,.json,2144
run/prompts/decision_mock-83265-81ed4937-dec-000483_user.json,run,.json,10183
run/prompts/decision_mock-83265-81ed4937-dec-000484_parsed.json,run,.json,1945
run/prompts/decision_mock-83265-81ed4937-dec-000484_response.json,run,.json,7366
run/prompts/decision_mock-83265-81ed4937-dec-000484_system.txt,run,.txt,1912
run/prompts/decision_mock-83265-81ed4937-dec-000484_tools.json,run,.json,2144
run/prompts/decision_mock-83265-81ed4937-dec-000484_user.json,run,.json,10240
run/prompts/decision_mock-83265-81ed4937-dec-000485_parsed.json,run,.json,3607
run/prompts/decision_mock-83265-81ed4937-dec-000485_response.json,run,.json,2750
run/prompts/decision_mock-83265-81ed4937-dec-000485_system.txt,run,.txt,1912
run/prompts/decision_mock-83265-81ed4937-dec-000485_tools.json,run,.json,2747
run/prompts/decision_mock-83265-81ed4937-dec-000485_user.json,run,.json,14323
run/prompts/decision_mock-83265-81ed4937-dec-000486_parsed.json,run,.json,2129
run/prompts/decision_mock-83265-81ed4937-dec-000486_response.json,run,.json,4109
run/prompts/decision_mock-83265-81ed4937-dec-000486_system.txt,run,.txt,1912
run/prompts/decision_mock-83265-81ed4937-dec-000486_tools.json,run,.json,2144
run/prompts/decision_mock-83265-81ed4937-dec-000486_user.json,run,.json,10306
run/prompts/decision_mock-83265-81ed4937-dec-000487_parsed.json,run,.json,2387
run/prompts/decision_mock-83265-81ed4937-dec-000487_response.json,run,.json,18012
run/prompts/decision_mock-83265-81ed4937-dec-000487_system.txt,run,.txt,1912
run/prompts/decision_mock-83265-81ed4937-dec-000487_tools.json,run,.json,2747
run/prompts/decision_mock-83265-81ed4937-dec-000487_user.json,run,.json,10518
run/prompts/decision_mock-83265-81ed4937-dec-000488_parsed.json,run,.json,2285
run/prompts/decision_mock-83265-81ed4937-dec-000488_response.json,run,.json,16046
run/prompts/decision_mock-83265-81ed4937-dec-000488_system.txt,run,.txt,1912
run/prompts/decision_mock-83265-81ed4937-dec-000488_tools.json,run,.json,2144
run/prompts/decision_mock-83265-81ed4937-dec-000488_user.json,run,.json,10387
run/prompts/decision_mock-83265-81ed4937-dec-000489_parsed.json,run,.json,5149
run/prompts/decision_mock-83265-81ed4937-dec-000489_response.json,run,.json,23935
run/prompts/decision_mock-83265-81ed4937-dec-000489_system.txt,run,.txt,1912
run/prompts/decision_mock-83265-81ed4937-dec-000489_tools.json,run,.json,2747
run/prompts/decision_mock-83265-81ed4937-dec-000489_user.json,run,.json,14384
run/prompts/decision_mock-83265-81ed4937-dec-000490_parsed.json,run,.json,3431
run/prompts/decision_mock-83265-81ed4937-dec-000490_response.json,run,.json,5573
run/prompts/decision_mock-83265-81ed4937-dec-000490_system.txt,run,.txt,1912
run/prompts/decision_mock-83265-81ed4937-dec-000490_tools.json,run,.json,2144
run/prompts/decision_mock-83265-81ed4937-dec-000490_user.json,run,.json,14479
run/prompts/decision_mock-83265-81ed4937-dec-000491_parsed.json,run,.json,2595
run/prompts/decision_mock-83265-81ed4937-dec-000491_response.json,run,.json,11017
run/prompts/decision_mock-83265-81ed4937-dec-000491_system.txt,run,.txt,1912
run/prompts/decision_mock-83265-81ed4937-dec-000491_tools.json,run,.json,2747
run/prompts/decision_mock-83265-81ed4937-dec-000491_user.json,run,.json,10896
run/prompts/decision_mock-83265-81ed4937-dec-000492_parsed.json,run,.json,2511
run/prompts/decision_mock-83265-81ed4937-dec-000492_response.json,run,.json,17959
run/prompts/decision_mock-83265-81ed4937-dec-000492_system.txt,run,.txt,1912
run/prompts/decision_mock-83265-81ed4937-dec-000492_tools.json,run,.json,2747
run/prompts/decision_mock-83265-81ed4937-dec-000492_user.json,run,.json,11050
run/prompts/decision_mock-83265-81ed4937-dec-000493_parsed.json,run,.json,2105
run/prompts/decision_mock-83265-81ed4937-dec-000493_response.json,run,.json,4315
run/prompts/decision_mock-83265-81ed4937-dec-000493_system.txt,run,.txt,1912
run/prompts/decision_mock-83265-81ed4937-dec-000493_tools.json,run,.json,2144
run/prompts/decision_mock-83265-81ed4937-dec-000493_user.json,run,.json,10830
run/prompts/decision_mock-83265-81ed4937-dec-000494_parsed.json,run,.json,4255
run/prompts/decision_mock-83265-81ed4937-dec-000494_response.json,run,.json,10087
run/prompts/decision_mock-83265-81ed4937-dec-000494_system.txt,run,.txt,1912
run/prompts/decision_mock-83265-81ed4937-dec-000494_tools.json,run,.json,2144
run/prompts/decision_mock-83265-81ed4937-dec-000494_user.json,run,.json,14617
run/prompts/decision_mock-83265-81ed4937-dec-000495_parsed.json,run,.json,1949
run/prompts/decision_mock-83265-81ed4937-dec-000495_response.json,run,.json,4620
run/prompts/decision_mock-83265-81ed4937-dec-000495_system.txt,run,.txt,1912
run/prompts/decision_mock-83265-81ed4937-dec-000495_tools.json,run,.json,2144
run/prompts/decision_mock-83265-81ed4937-dec-000495_user.json,run,.json,10723
run/prompts/decision_mock-83265-81ed4937-dec-000496_parsed.json,run,.json,4147
run/prompts/decision_mock-83265-81ed4937-dec-000496_response.json,run,.json,4779
run/prompts/decision_mock-83265-81ed4937-dec-000496_system.txt,run,.txt,1912
run/prompts/decision_mock-83265-81ed4937-dec-000496_tools.json,run,.json,2144
run/prompts/decision_mock-83265-81ed4937-dec-000496_user.json,run,.json,14686
run/prompts/decision_mock-83265-81ed4937-dec-000497_parsed.json,run,.json,2939
run/prompts/decision_mock-83265-81ed4937-dec-000497_response.json,run,.json,25319
run/prompts/decision_mock-83265-81ed4937-dec-000497_system.txt,run,.txt,1912
run/prompts/decision_mock-83265-81ed4937-dec-000497_tools.json,run,.json,2144
run/prompts/decision_mock-83265-81ed4937-dec-000497_user.json,run,.json,10654
run/prompts/decision_mock-83265-81ed4937-dec-000498_parsed.json,run,.json,2715
run/prompts/decision_mock-83265-81ed4937-dec-000498_response.json,run,.json,3113
run/prompts/decision_mock-83265-81ed4937-dec-000498_system.txt,run,.txt,1912
run/prompts/decision_mock-83265-81ed4937-dec-000498_tools.json,run,.json,1466
run/prompts/decision_mock-83265-81ed4937-dec-000498_user.json,run,.json,14702
run/prompts/decision_mock-83265-81ed4937-dec-000499_parsed.json,run,.json,2615
run/prompts/decision_mock-83265-81ed4937-dec-000499_response.json,run,.json,24280
run/prompts/decision_mock-83265-81ed4937-dec-000499_system.txt,run,.txt,1912
run/prompts/decision_mock-83265-81ed4937-dec-000499_tools.json,run,.json,2144
run/prompts/decision_mock-83265-81ed4937-dec-000499_user.json,run,.json,10806
run/prompts/decision_mock-83265-81ed4937-dec-000500_parsed.json,run,.json,2955
run/prompts/decision_mock-83265-81ed4937-dec-000500_response.json,run,.json,2555
run/prompts/decision_mock-83265-81ed4937-dec-000500_system.txt,run,.txt,1912
run/prompts/decision_mock-83265-81ed4937-dec-000500_tools.json,run,.json,1466
run/prompts/decision_mock-83265-81ed4937-dec-000500_user.json,run,.json,14936
run/prompts/decision_mock-83265-81ed4937-dec-000501_parsed.json,run,.json,2405
run/prompts/decision_mock-83265-81ed4937-dec-000501_response.json,run,.json,8388
run/prompts/decision_mock-83265-81ed4937-dec-000501_system.txt,run,.txt,1912
run/prompts/decision_mock-83265-81ed4937-dec-000501_tools.json,run,.json,2144
run/prompts/decision_mock-83265-81ed4937-dec-000501_user.json,run,.json,11038
run/prompts/decision_mock-83265-81ed4937-dec-000502_parsed.json,run,.json,3851
run/prompts/decision_mock-83265-81ed4937-dec-000502_response.json,run,.json,3387
run/prompts/decision_mock-83265-81ed4937-dec-000502_system.txt,run,.txt,1912
run/prompts/decision_mock-83265-81ed4937-dec-000502_tools.json,run,.json,2144
run/prompts/decision_mock-83265-81ed4937-dec-000502_user.json,run,.json,15289
run/prompts/decision_mock-83265-81ed4937-dec-000503_parsed.json,run,.json,2987
run/prompts/decision_mock-83265-81ed4937-dec-000503_response.json,run,.json,23368
run/prompts/decision_mock-83265-81ed4937-dec-000503_system.txt,run,.txt,1912
run/prompts/decision_mock-83265-81ed4937-dec-000503_tools.json,run,.json,2144
run/prompts/decision_mock-83265-81ed4937-dec-000503_user.json,run,.json,11213
run/prompts/decision_mock-83265-81ed4937-dec-000504_parsed.json,run,.json,2827
run/prompts/decision_mock-83265-81ed4937-dec-000504_response.json,run,.json,2643
run/prompts/decision_mock-83265-81ed4937-dec-000504_system.txt,run,.txt,1912
run/prompts/decision_mock-83265-81ed4937-dec-000504_tools.json,run,.json,1466
run/prompts/decision_mock-83265-81ed4937-dec-000504_user.json,run,.json,15049
run/prompts/decision_mock-83265-81ed4937-dec-000505_parsed.json,run,.json,1989
run/prompts/decision_mock-83265-81ed4937-dec-000505_response.json,run,.json,10043
run/prompts/decision_mock-83265-81ed4937-dec-000505_system.txt,run,.txt,1912
run/prompts/decision_mock-83265-81ed4937-dec-000505_tools.json,run,.json,2144
run/prompts/decision_mock-83265-81ed4937-dec-000505_user.json,run,.json,11358
run/prompts/decision_mock-83265-81ed4937-dec-000506_parsed.json,run,.json,2369
run/prompts/decision_mock-83265-81ed4937-dec-000506_response.json,run,.json,8272
run/prompts/decision_mock-83265-81ed4937-dec-000506_system.txt,run,.txt,1912
run/prompts/decision_mock-83265-81ed4937-dec-000506_tools.json,run,.json,2747
run/prompts/decision_mock-83265-81ed4937-dec-000506_user.json,run,.json,11511
run/prompts/decision_mock-83265-81ed4937-dec-000507_parsed.json,run,.json,3615
run/prompts/decision_mock-83265-81ed4937-dec-000507_response.json,run,.json,6927
run/prompts/decision_mock-83265-81ed4937-dec-000507_system.txt,run,.txt,1912
run/prompts/decision_mock-83265-81ed4937-dec-000507_tools.json,run,.json,2144
run/prompts/decision_mock-83265-81ed4937-dec-000507_user.json,run,.json,14891
run/prompts/decision_mock-83265-81ed4937-dec-000508_parsed.json,run,.json,2109
run/prompts/decision_mock-83265-81ed4937-dec-000508_response.json,run,.json,6038
run/prompts/decision_mock-83265-81ed4937-dec-000508_system.txt,run,.txt,1912
run/prompts/decision_mock-83265-81ed4937-dec-000508_tools.json,run,.json,922
run/prompts/decision_mock-83265-81ed4937-dec-000508_user.json,run,.json,10800
run/prompts/decision_mock-83265-81ed4937-dec-000509_parsed.json,run,.json,2955
run/prompts/decision_mock-83265-81ed4937-dec-000509_response.json,run,.json,2530
run/prompts/decision_mock-83265-81ed4937-dec-000509_system.txt,run,.txt,1912
run/prompts/decision_mock-83265-81ed4937-dec-000509_tools.json,run,.json,2144
run/prompts/decision_mock-83265-81ed4937-dec-000509_user.json,run,.json,14705
run/prompts/decision_mock-83265-81ed4937-dec-000510_parsed.json,run,.json,2209
run/prompts/decision_mock-83265-81ed4937-dec-000510_response.json,run,.json,4594
run/prompts/decision_mock-83265-81ed4937-dec-000510_system.txt,run,.txt,1912
run/prompts/decision_mock-83265-81ed4937-dec-000510_tools.json,run,.json,922
run/prompts/decision_mock-83265-81ed4937-dec-000510_user.json,run,.json,10838
run/prompts/decision_mock-83265-81ed4937-dec-000511_parsed.json,run,.json,2943
run/prompts/decision_mock-83265-81ed4937-dec-000511_response.json,run,.json,2877
run/prompts/decision_mock-83265-81ed4937-dec-000511_system.txt,run,.txt,1912
run/prompts/decision_mock-83265-81ed4937-dec-000511_tools.json,run,.json,2144
run/prompts/decision_mock-83265-81ed4937-dec-000511_user.json,run,.json,14598
run/prompts/decision_mock-83265-81ed4937-dec-000512_parsed.json,run,.json,2357
run/prompts/decision_mock-83265-81ed4937-dec-000512_response.json,run,.json,3314
run/prompts/decision_mock-83265-81ed4937-dec-000512_system.txt,run,.txt,1912
run/prompts/decision_mock-83265-81ed4937-dec-000512_tools.json,run,.json,922
run/prompts/decision_mock-83265-81ed4937-dec-000512_user.json,run,.json,10905
run/prompts/decision_mock-83265-81ed4937-dec-000513_parsed.json,run,.json,2093
run/prompts/decision_mock-83265-81ed4937-dec-000513_response.json,run,.json,2862
run/prompts/decision_mock-83265-81ed4937-dec-000513_system.txt,run,.txt,1912
run/prompts/decision_mock-83265-81ed4937-dec-000513_tools.json,run,.json,300
run/prompts/decision_mock-83265-81ed4937-dec-000513_user.json,run,.json,11004
run/prompts/decision_mock-83265-81ed4937-dec-000514_parsed.json,run,.json,2287
run/prompts/decision_mock-83265-81ed4937-dec-000514_response.json,run,.json,21003
run/prompts/decision_mock-83265-81ed4937-dec-000514_system.txt,run,.txt,1912
run/prompts/decision_mock-83265-81ed4937-dec-000514_tools.json,run,.json,2747
run/prompts/decision_mock-83265-81ed4937-dec-000514_user.json,run,.json,11883
run/prompts/decision_mock-83265-81ed4937-dec-000515_parsed.json,run,.json,2057
run/prompts/decision_mock-83265-81ed4937-dec-000515_response.json,run,.json,12902
run/prompts/decision_mock-83265-81ed4937-dec-000515_system.txt,run,.txt,1912
run/prompts/decision_mock-83265-81ed4937-dec-000515_tools.json,run,.json,1799
run/prompts/decision_mock-83265-81ed4937-dec-000515_user.json,run,.json,11432
run/prompts/decision_mock-83265-81ed4937-dec-000516_parsed.json,run,.json,1817
run/prompts/decision_mock-83265-81ed4937-dec-000516_response.json,run,.json,5961
run/prompts/decision_mock-83265-81ed4937-dec-000516_system.txt,run,.txt,1912
run/prompts/decision_mock-83265-81ed4937-dec-000516_tools.json,run,.json,1799
run/prompts/decision_mock-83265-81ed4937-dec-000516_user.json,run,.json,11376
run/prompts/decision_mock-83265-81ed4937-dec-000517_parsed.json,run,.json,3555
run/prompts/decision_mock-83265-81ed4937-dec-000517_response.json,run,.json,4535
run/prompts/decision_mock-83265-81ed4937-dec-000517_system.txt,run,.txt,1912
run/prompts/decision_mock-83265-81ed4937-dec-000517_tools.json,run,.json,2144
run/prompts/decision_mock-83265-81ed4937-dec-000517_user.json,run,.json,14130
run/prompts/decision_mock-83265-81ed4937-dec-000518_parsed.json,run,.json,2209
run/prompts/decision_mock-83265-81ed4937-dec-000518_response.json,run,.json,12710
run/prompts/decision_mock-83265-81ed4937-dec-000518_system.txt,run,.txt,1912
run/prompts/decision_mock-83265-81ed4937-dec-000518_tools.json,run,.json,1799
run/prompts/decision_mock-83265-81ed4937-dec-000518_user.json,run,.json,10935
run/prompts/decision_mock-83265-81ed4937-dec-000519_parsed.json,run,.json,3163
run/prompts/decision_mock-83265-81ed4937-dec-000519_response.json,run,.json,2710
run/prompts/decision_mock-83265-81ed4937-dec-000519_system.txt,run,.txt,1912
run/prompts/decision_mock-83265-81ed4937-dec-000519_tools.json,run,.json,2144
run/prompts/decision_mock-83265-81ed4937-dec-000519_user.json,run,.json,14030
run/prompts/decision_mock-83265-81ed4937-dec-000520_parsed.json,run,.json,2835
run/prompts/decision_mock-83265-81ed4937-dec-000520_response.json,run,.json,20737
run/prompts/decision_mock-83265-81ed4937-dec-000520_system.txt,run,.txt,1912
run/prompts/decision_mock-83265-81ed4937-dec-000520_tools.json,run,.json,1799
run/prompts/decision_mock-83265-81ed4937-dec-000520_user.json,run,.json,10952
run/prompts/decision_mock-83265-81ed4937-dec-000521_parsed.json,run,.json,3003
run/prompts/decision_mock-83265-81ed4937-dec-000521_response.json,run,.json,2653
run/prompts/decision_mock-83265-81ed4937-dec-000521_system.txt,run,.txt,1912
run/prompts/decision_mock-83265-81ed4937-dec-000521_tools.json,run,.json,1466
run/prompts/decision_mock-83265-81ed4937-dec-000521_user.json,run,.json,13438
run/prompts/decision_mock-83265-81ed4937-dec-000522_parsed.json,run,.json,2903
run/prompts/decision_mock-83265-81ed4937-dec-000522_response.json,run,.json,10819
run/prompts/decision_mock-83265-81ed4937-dec-000522_system.txt,run,.txt,1912
run/prompts/decision_mock-83265-81ed4937-dec-000522_tools.json,run,.json,1799
run/prompts/decision_mock-83265-81ed4937-dec-000522_user.json,run,.json,11048
run/prompts/decision_mock-83265-81ed4937-dec-000523_parsed.json,run,.json,2295
run/prompts/decision_mock-83265-81ed4937-dec-000523_response.json,run,.json,2525
run/prompts/decision_mock-83265-81ed4937-dec-000523_system.txt,run,.txt,1912
run/prompts/decision_mock-83265-81ed4937-dec-000523_tools.json,run,.json,1466
run/prompts/decision_mock-83265-81ed4937-dec-000523_user.json,run,.json,13294
run/prompts/decision_mock-83265-81ed4937-dec-000524_parsed.json,run,.json,2021
run/prompts/decision_mock-83265-81ed4937-dec-000524_response.json,run,.json,6024
run/prompts/decision_mock-83265-81ed4937-dec-000524_system.txt,run,.txt,1912
run/prompts/decision_mock-83265-81ed4937-dec-000524_tools.json,run,.json,1799
run/prompts/decision_mock-83265-81ed4937-dec-000524_user.json,run,.json,11343
run/prompts/decision_mock-83265-81ed4937-dec-000525_parsed.json,run,.json,2991
run/prompts/decision_mock-83265-81ed4937-dec-000525_response.json,run,.json,2402
run/prompts/decision_mock-83265-81ed4937-dec-000525_system.txt,run,.txt,1912
run/prompts/decision_mock-83265-81ed4937-dec-000525_tools.json,run,.json,2144
run/prompts/decision_mock-83265-81ed4937-dec-000525_user.json,run,.json,13559
run/prompts/decision_mock-83265-81ed4937-dec-000526_parsed.json,run,.json,2947
run/prompts/decision_mock-83265-81ed4937-dec-000526_response.json,run,.json,49977
run/prompts/decision_mock-83265-81ed4937-dec-000526_system.txt,run,.txt,1912
run/prompts/decision_mock-83265-81ed4937-dec-000526_tools.json,run,.json,1799
run/prompts/decision_mock-83265-81ed4937-dec-000526_user.json,run,.json,11294
run/prompts/decision_mock-83265-81ed4937-dec-000527_parsed.json,run,.json,3063
run/prompts/decision_mock-83265-81ed4937-dec-000527_response.json,run,.json,3728
run/prompts/decision_mock-83265-81ed4937-dec-000527_system.txt,run,.txt,1912
run/prompts/decision_mock-83265-81ed4937-dec-000527_tools.json,run,.json,1466
run/prompts/decision_mock-83265-81ed4937-dec-000527_user.json,run,.json,13451
run/prompts/decision_mock-83265-81ed4937-dec-000528_parsed.json,run,.json,2017
run/prompts/decision_mock-83265-81ed4937-dec-000528_response.json,run,.json,23699
run/prompts/decision_mock-83265-81ed4937-dec-000528_system.txt,run,.txt,1912
run/prompts/decision_mock-83265-81ed4937-dec-000528_tools.json,run,.json,1799
run/prompts/decision_mock-83265-81ed4937-dec-000528_user.json,run,.json,11584
run/prompts/decision_mock-83265-81ed4937-dec-000529_parsed.json,run,.json,3923
run/prompts/decision_mock-83265-81ed4937-dec-000529_response.json,run,.json,8815
run/prompts/decision_mock-83265-81ed4937-dec-000529_system.txt,run,.txt,1912
run/prompts/decision_mock-83265-81ed4937-dec-000529_tools.json,run,.json,922
run/prompts/decision_mock-83265-81ed4937-dec-000529_user.json,run,.json,13237
run/prompts/decision_mock-83265-81ed4937-dec-000530_parsed.json,run,.json,2273
run/prompts/decision_mock-83265-81ed4937-dec-000530_response.json,run,.json,19210
run/prompts/decision_mock-83265-81ed4937-dec-000530_system.txt,run,.txt,1912
run/prompts/decision_mock-83265-81ed4937-dec-000530_tools.json,run,.json,2747
run/prompts/decision_mock-83265-81ed4937-dec-000530_user.json,run,.json,11858
run/prompts/decision_mock-83265-81ed4937-dec-000531_parsed.json,run,.json,3811
run/prompts/decision_mock-83265-81ed4937-dec-000531_response.json,run,.json,10534
run/prompts/decision_mock-83265-81ed4937-dec-000531_system.txt,run,.txt,1912
run/prompts/decision_mock-83265-81ed4937-dec-000531_tools.json,run,.json,913
run/prompts/decision_mock-83265-81ed4937-dec-000531_user.json,run,.json,11545
run/prompts/decision_mock-83265-81ed4937-dec-000532_parsed.json,run,.json,2021
run/prompts/decision_mock-83265-81ed4937-dec-000532_response.json,run,.json,11188
run/prompts/decision_mock-83265-81ed4937-dec-000532_system.txt,run,.txt,1912
run/prompts/decision_mock-83265-81ed4937-dec-000532_tools.json,run,.json,1799
run/prompts/decision_mock-83265-81ed4937-dec-000532_user.json,run,.json,11818
run/prompts/decision_mock-83265-81ed4937-dec-000533_parsed.json,run,.json,3855
run/prompts/decision_mock-83265-81ed4937-dec-000533_response.json,run,.json,6645
run/prompts/decision_mock-83265-81ed4937-dec-000533_system.txt,run,.txt,1912
run/prompts/decision_mock-83265-81ed4937-dec-000533_tools.json,run,.json,922
run/prompts/decision_mock-83265-81ed4937-dec-000533_user.json,run,.json,13531
run/prompts/decision_mock-83265-81ed4937-dec-000534_parsed.json,run,.json,3055
run/prompts/decision_mock-83265-81ed4937-dec-000534_response.json,run,.json,3260
run/prompts/decision_mock-83265-81ed4937-dec-000534_system.txt,run,.txt,1912
run/prompts/decision_mock-83265-81ed4937-dec-000534_tools.json,run,.json,1543
run/prompts/decision_mock-83265-81ed4937-dec-000534_user.json,run,.json,14021
run/prompts/decision_mock-83265-81ed4937-dec-000535_parsed.json,run,.json,3571
run/prompts/decision_mock-83265-81ed4937-dec-000535_response.json,run,.json,30147
run/prompts/decision_mock-83265-81ed4937-dec-000535_system.txt,run,.txt,1912
run/prompts/decision_mock-83265-81ed4937-dec-000535_tools.json,run,.json,1799
run/prompts/decision_mock-83265-81ed4937-dec-000535_user.json,run,.json,12192
run/prompts/decision_mock-83265-81ed4937-dec-000536_parsed.json,run,.json,3795
run/prompts/decision_mock-83265-81ed4937-dec-000536_response.json,run,.json,3469
run/prompts/decision_mock-83265-81ed4937-dec-000536_system.txt,run,.txt,1912
run/prompts/decision_mock-83265-81ed4937-dec-000536_tools.json,run,.json,1466
run/prompts/decision_mock-83265-81ed4937-dec-000536_user.json,run,.json,14097
run/prompts/decision_mock-83265-81ed4937-dec-000537_parsed.json,run,.json,2157
run/prompts/decision_mock-83265-81ed4937-dec-000537_response.json,run,.json,13902
run/prompts/decision_mock-83265-81ed4937-dec-000537_system.txt,run,.txt,1912
run/prompts/decision_mock-83265-81ed4937-dec-000537_tools.json,run,.json,1799
run/prompts/decision_mock-83265-81ed4937-dec-000537_user.json,run,.json,12742
run/prompts/decision_mock-83265-81ed4937-dec-000538_parsed.json,run,.json,3139
run/prompts/decision_mock-83265-81ed4937-dec-000538_response.json,run,.json,3913
run/prompts/decision_mock-83265-81ed4937-dec-000538_system.txt,run,.txt,1912
run/prompts/decision_mock-83265-81ed4937-dec-000538_tools.json,run,.json,1543
run/prompts/decision_mock-83265-81ed4937-dec-000538_user.json,run,.json,14479
run/prompts/decision_mock-83265-81ed4937-dec-000539_parsed.json,run,.json,3655
run/prompts/decision_mock-83265-81ed4937-dec-000539_response.json,run,.json,33172
run/prompts/decision_mock-83265-81ed4937-dec-000539_system.txt,run,.txt,1912
run/prompts/decision_mock-83265-81ed4937-dec-000539_tools.json,run,.json,1799
run/prompts/decision_mock-83265-81ed4937-dec-000539_user.json,run,.json,12551
run/prompts/decision_mock-83265-81ed4937-dec-000540_parsed.json,run,.json,3539
run/prompts/decision_mock-83265-81ed4937-dec-000540_response.json,run,.json,2565
run/prompts/decision_mock-83265-81ed4937-dec-000540_system.txt,run,.txt,1912
run/prompts/decision_mock-83265-81ed4937-dec-000540_tools.json,run,.json,1466
run/prompts/decision_mock-83265-81ed4937-dec-000540_user.json,run,.json,14213
run/prompts/decision_mock-83265-81ed4937-dec-000541_parsed.json,run,.json,4211
run/prompts/decision_mock-83265-81ed4937-dec-000541_response.json,run,.json,26454
run/prompts/decision_mock-83265-81ed4937-dec-000541_system.txt,run,.txt,1912
run/prompts/decision_mock-83265-81ed4937-dec-000541_tools.json,run,.json,1799
run/prompts/decision_mock-83265-81ed4937-dec-000541_user.json,run,.json,12971
run/prompts/decision_mock-83265-81ed4937-dec-000542_parsed.json,run,.json,3939
run/prompts/decision_mock-83265-81ed4937-dec-000542_response.json,run,.json,3148
run/prompts/decision_mock-83265-81ed4937-dec-000542_system.txt,run,.txt,1912
run/prompts/decision_mock-83265-81ed4937-dec-000542_tools.json,run,.json,1466
run/prompts/decision_mock-83265-81ed4937-dec-000542_user.json,run,.json,14885
run/prompts/decision_mock-83265-81ed4937-dec-000543_parsed.json,run,.json,2329
run/prompts/decision_mock-83265-81ed4937-dec-000543_response.json,run,.json,5202
run/prompts/decision_mock-83265-81ed4937-dec-000543_system.txt,run,.txt,1912
run/prompts/decision_mock-83265-81ed4937-dec-000543_tools.json,run,.json,1799
run/prompts/decision_mock-83265-81ed4937-dec-000543_user.json,run,.json,13984
run/prompts/decision_mock-83265-81ed4937-dec-000544_parsed.json,run,.json,3019
run/prompts/decision_mock-83265-81ed4937-dec-000544_response.json,run,.json,21880
run/prompts/decision_mock-83265-81ed4937-dec-000544_system.txt,run,.txt,1912
run/prompts/decision_mock-83265-81ed4937-dec-000544_tools.json,run,.json,1799
run/prompts/decision_mock-83265-81ed4937-dec-000544_user.json,run,.json,13904
run/prompts/decision_mock-83265-81ed4937-dec-000545_parsed.json,run,.json,2171
run/prompts/decision_mock-83265-81ed4937-dec-000545_response.json,run,.json,5419
run/prompts/decision_mock-83265-81ed4937-dec-000545_system.txt,run,.txt,1912
run/prompts/decision_mock-83265-81ed4937-dec-000545_tools.json,run,.json,3088
run/prompts/decision_mock-83265-81ed4937-dec-000545_user.json,run,.json,14288
run/prompts/decision_mock-83265-81ed4937-dec-000546_parsed.json,run,.json,2219
run/prompts/decision_mock-83265-81ed4937-dec-000546_response.json,run,.json,18731
run/prompts/decision_mock-83265-81ed4937-dec-000546_system.txt,run,.txt,1912
run/prompts/decision_mock-83265-81ed4937-dec-000546_tools.json,run,.json,3088
run/prompts/decision_mock-83265-81ed4937-dec-000546_user.json,run,.json,14319
run/prompts/decision_mock-83265-81ed4937-dec-000547_parsed.json,run,.json,2467
run/prompts/decision_mock-83265-81ed4937-dec-000547_response.json,run,.json,11315
run/prompts/decision_mock-83265-81ed4937-dec-000547_system.txt,run,.txt,1912
run/prompts/decision_mock-83265-81ed4937-dec-000547_tools.json,run,.json,2747
run/prompts/decision_mock-83265-81ed4937-dec-000547_user.json,run,.json,14166
run/prompts/decision_mock-83265-81ed4937-dec-000548_parsed.json,run,.json,2285
run/prompts/decision_mock-83265-81ed4937-dec-000548_response.json,run,.json,12098
run/prompts/decision_mock-83265-81ed4937-dec-000548_system.txt,run,.txt,1912
run/prompts/decision_mock-83265-81ed4937-dec-000548_tools.json,run,.json,2144
run/prompts/decision_mock-83265-81ed4937-dec-000548_user.json,run,.json,13839
run/prompts/decision_mock-83265-81ed4937-dec-000549_parsed.json,run,.json,2085
run/prompts/decision_mock-83265-81ed4937-dec-000549_response.json,run,.json,4526
run/prompts/decision_mock-83265-81ed4937-dec-000549_system.txt,run,.txt,1912
run/prompts/decision_mock-83265-81ed4937-dec-000549_tools.json,run,.json,2144
run/prompts/decision_mock-83265-81ed4937-dec-000549_user.json,run,.json,13897
run/prompts/decision_mock-83265-81ed4937-dec-000550_parsed.json,run,.json,3159
run/prompts/decision_mock-83265-81ed4937-dec-000550_response.json,run,.json,3240
run/prompts/decision_mock-83265-81ed4937-dec-000550_system.txt,run,.txt,1912
run/prompts/decision_mock-83265-81ed4937-dec-000550_tools.json,run,.json,922
run/prompts/decision_mock-83265-81ed4937-dec-000550_user.json,run,.json,14915
run/prompts/decision_mock-83265-81ed4937-dec-000551_parsed.json,run,.json,2955
run/prompts/decision_mock-83265-81ed4937-dec-000551_response.json,run,.json,26655
run/prompts/decision_mock-83265-81ed4937-dec-000551_system.txt,run,.txt,1912
run/prompts/decision_mock-83265-81ed4937-dec-000551_tools.json,run,.json,913
run/prompts/decision_mock-83265-81ed4937-dec-000551_user.json,run,.json,13611
run/prompts/decision_mock-83265-81ed4937-dec-000552_parsed.json,run,.json,2903
run/prompts/decision_mock-83265-81ed4937-dec-000552_response.json,run,.json,20626
run/prompts/decision_mock-83265-81ed4937-dec-000552_system.txt,run,.txt,1912
run/prompts/decision_mock-83265-81ed4937-dec-000552_tools.json,run,.json,1799
run/prompts/decision_mock-83265-81ed4937-dec-000552_user.json,run,.json,13391
run/prompts/decision_mock-83265-81ed4937-dec-000553_parsed.json,run,.json,2067
run/prompts/decision_mock-83265-81ed4937-dec-000553_response.json,run,.json,14163
run/prompts/decision_mock-83265-81ed4937-dec-000553_system.txt,run,.txt,1912
run/prompts/decision_mock-83265-81ed4937-dec-000553_tools.json,run,.json,3088
run/prompts/decision_mock-83265-81ed4937-dec-000553_user.json,run,.json,13589
run/prompts/decision_mock-83265-81ed4937-dec-000554_parsed.json,run,.json,2107
run/prompts/decision_mock-83265-81ed4937-dec-000554_response.json,run,.json,7541
run/prompts/decision_mock-83265-81ed4937-dec-000554_system.txt,run,.txt,1912
run/prompts/decision_mock-83265-81ed4937-dec-000554_tools.json,run,.json,3088
run/prompts/decision_mock-83265-81ed4937-dec-000554_user.json,run,.json,13258
run/prompts/decision_mock-83265-81ed4937-dec-000555_parsed.json,run,.json,2275
run/prompts/decision_mock-83265-81ed4937-dec-000555_response.json,run,.json,7319
run/prompts/decision_mock-83265-81ed4937-dec-000555_system.txt,run,.txt,1912
run/prompts/decision_mock-83265-81ed4937-dec-000555_tools.json,run,.json,3088
run/prompts/decision_mock-83265-81ed4937-dec-000555_user.json,run,.json,13266
run/prompts/decision_mock-83265-81ed4937-dec-000556_parsed.json,run,.json,2133
run/prompts/decision_mock-83265-81ed4937-dec-000556_response.json,run,.json,17438
run/prompts/decision_mock-83265-81ed4937-dec-000556_system.txt,run,.txt,1912
run/prompts/decision_mock-83265-81ed4937-dec-000556_tools.json,run,.json,2747
run/prompts/decision_mock-83265-81ed4937-dec-000556_user.json,run,.json,13176
run/prompts/decision_mock-83265-81ed4937-dec-000557_parsed.json,run,.json,2955
run/prompts/decision_mock-83265-81ed4937-dec-000557_response.json,run,.json,3142
run/prompts/decision_mock-83265-81ed4937-dec-000557_system.txt,run,.txt,1912
run/prompts/decision_mock-83265-81ed4937-dec-000557_tools.json,run,.json,922
run/prompts/decision_mock-83265-81ed4937-dec-000557_user.json,run,.json,14441
run/prompts/decision_mock-83265-81ed4937-dec-000558_parsed.json,run,.json,2595
run/prompts/decision_mock-83265-81ed4937-dec-000558_response.json,run,.json,3272
run/prompts/decision_mock-83265-81ed4937-dec-000558_system.txt,run,.txt,1912
run/prompts/decision_mock-83265-81ed4937-dec-000558_tools.json,run,.json,2144
run/prompts/decision_mock-83265-81ed4937-dec-000558_user.json,run,.json,14474
run/prompts/decision_mock-83265-81ed4937-dec-000559_parsed.json,run,.json,2759
run/prompts/decision_mock-83265-81ed4937-dec-000559_response.json,run,.json,14119
run/prompts/decision_mock-83265-81ed4937-dec-000559_system.txt,run,.txt,1912
run/prompts/decision_mock-83265-81ed4937-dec-000559_tools.json,run,.json,2747
run/prompts/decision_mock-83265-81ed4937-dec-000559_user.json,run,.json,12323
run/prompts/decision_mock-83265-81ed4937-dec-000560_parsed.json,run,.json,2185
run/prompts/decision_mock-83265-81ed4937-dec-000560_response.json,run,.json,8818
run/prompts/decision_mock-83265-81ed4937-dec-000560_system.txt,run,.txt,1912
run/prompts/decision_mock-83265-81ed4937-dec-000560_tools.json,run,.json,2144
run/prompts/decision_mock-83265-81ed4937-dec-000560_user.json,run,.json,11729
run/prompts/decision_mock-83265-81ed4937-dec-000561_parsed.json,run,.json,2319
run/prompts/decision_mock-83265-81ed4937-dec-000561_response.json,run,.json,2445
run/prompts/decision_mock-83265-81ed4937-dec-000561_system.txt,run,.txt,1912
run/prompts/decision_mock-83265-81ed4937-dec-000561_tools.json,run,.json,2144
run/prompts/decision_mock-83265-81ed4937-dec-000561_user.json,run,.json,13518
run/prompts/decision_mock-83265-81ed4937-dec-000562_parsed.json,run,.json,2101
run/prompts/decision_mock-83265-81ed4937-dec-000562_response.json,run,.json,11479
run/prompts/decision_mock-83265-81ed4937-dec-000562_system.txt,run,.txt,1912
run/prompts/decision_mock-83265-81ed4937-dec-000562_tools.json,run,.json,2144
run/prompts/decision_mock-83265-81ed4937-dec-000562_user.json,run,.json,11788
run/prompts/decision_mock-83265-81ed4937-dec-000563_parsed.json,run,.json,3735
run/prompts/decision_mock-83265-81ed4937-dec-000563_response.json,run,.json,6608
run/prompts/decision_mock-83265-81ed4937-dec-000563_system.txt,run,.txt,1912
run/prompts/decision_mock-83265-81ed4937-dec-000563_tools.json,run,.json,2144
run/prompts/decision_mock-83265-81ed4937-dec-000563_user.json,run,.json,13161
run/prompts/decision_mock-83265-81ed4937-dec-000564_parsed.json,run,.json,2231
run/prompts/decision_mock-83265-81ed4937-dec-000564_response.json,run,.json,16725
run/prompts/decision_mock-83265-81ed4937-dec-000564_system.txt,run,.txt,1912
run/prompts/decision_mock-83265-81ed4937-dec-000564_tools.json,run,.json,2144
run/prompts/decision_mock-83265-81ed4937-dec-000564_user.json,run,.json,11640
run/prompts/decision_mock-83265-81ed4937-dec-000565_parsed.json,run,.json,2007
run/prompts/decision_mock-83265-81ed4937-dec-000565_response.json,run,.json,15146
run/prompts/decision_mock-83265-81ed4937-dec-000565_system.txt,run,.txt,1912
run/prompts/decision_mock-83265-81ed4937-dec-000565_tools.json,run,.json,2485
run/prompts/decision_mock-83265-81ed4937-dec-000565_user.json,run,.json,11617
run/prompts/decision_mock-83265-81ed4937-dec-000566_parsed.json,run,.json,2639
run/prompts/decision_mock-83265-81ed4937-dec-000566_response.json,run,.json,11237
run/prompts/decision_mock-83265-81ed4937-dec-000566_system.txt,run,.txt,1912
run/prompts/decision_mock-83265-81ed4937-dec-000566_tools.json,run,.json,3088
run/prompts/decision_mock-83265-81ed4937-dec-000566_user.json,run,.json,11608
run/prompts/decision_mock-83265-81ed4937-dec-000567_parsed.json,run,.json,2165
run/prompts/decision_mock-83265-81ed4937-dec-000567_response.json,run,.json,4778
run/prompts/decision_mock-83265-81ed4937-dec-000567_system.txt,run,.txt,1912
run/prompts/decision_mock-83265-81ed4937-dec-000567_tools.json,run,.json,2144
run/prompts/decision_mock-83265-81ed4937-dec-000567_user.json,run,.json,11591
run/prompts/decision_mock-83265-81ed4937-dec-000568_parsed.json,run,.json,3955
run/prompts/decision_mock-83265-81ed4937-dec-000568_response.json,run,.json,13103
run/prompts/decision_mock-83265-81ed4937-dec-000568_system.txt,run,.txt,1912
run/prompts/decision_mock-83265-81ed4937-dec-000568_tools.json,run,.json,2144
run/prompts/decision_mock-83265-81ed4937-dec-000568_user.json,run,.json,13147
run/prompts/decision_mock-83265-81ed4937-dec-000569_parsed.json,run,.json,2439
run/prompts/decision_mock-83265-81ed4937-dec-000569_response.json,run,.json,17885
run/prompts/decision_mock-83265-81ed4937-dec-000569_system.txt,run,.txt,1912
run/prompts/decision_mock-83265-81ed4937-dec-000569_tools.json,run,.json,2747
run/prompts/decision_mock-83265-81ed4937-dec-000569_user.json,run,.json,11571
run/prompts/decision_mock-83265-81ed4937-dec-000570_parsed.json,run,.json,2599
run/prompts/decision_mock-83265-81ed4937-dec-000570_response.json,run,.json,11580
run/prompts/decision_mock-83265-81ed4937-dec-000570_system.txt,run,.txt,1912
run/prompts/decision_mock-83265-81ed4937-dec-000570_tools.json,run,.json,2747
run/prompts/decision_mock-83265-81ed4937-dec-000570_user.json,run,.json,11511
run/prompts/decision_mock-83265-81ed4937-dec-000571_parsed.json,run,.json,2277
run/prompts/decision_mock-83265-81ed4937-dec-000571_response.json,run,.json,13132
run/prompts/decision_mock-83265-81ed4937-dec-000571_system.txt,run,.txt,1912
run/prompts/decision_mock-83265-81ed4937-dec-000571_tools.json,run,.json,2747
run/prompts/decision_mock-83265-81ed4937-dec-000571_user.json,run,.json,11617
run/prompts/decision_mock-83265-81ed4937-dec-000572_parsed.json,run,.json,3167
run/prompts/decision_mock-83265-81ed4937-dec-000572_response.json,run,.json,6111
run/prompts/decision_mock-83265-81ed4937-dec-000572_system.txt,run,.txt,1912
run/prompts/decision_mock-83265-81ed4937-dec-000572_tools.json,run,.json,2144
run/prompts/decision_mock-83265-81ed4937-dec-000572_user.json,run,.json,13008
run/prompts/decision_mock-83265-81ed4937-dec-000573_parsed.json,run,.json,2237
run/prompts/decision_mock-83265-81ed4937-dec-000573_response.json,run,.json,28841
run/prompts/decision_mock-83265-81ed4937-dec-000573_system.txt,run,.txt,1912
run/prompts/decision_mock-83265-81ed4937-dec-000573_tools.json,run,.json,2747
run/prompts/decision_mock-83265-81ed4937-dec-000573_user.json,run,.json,11362
run/prompts/decision_mock-83265-81ed4937-dec-000574_parsed.json,run,.json,2245
run/prompts/decision_mock-83265-81ed4937-dec-000574_response.json,run,.json,7787
run/prompts/decision_mock-83265-81ed4937-dec-000574_system.txt,run,.txt,1912
run/prompts/decision_mock-83265-81ed4937-dec-000574_tools.json,run,.json,2747
run/prompts/decision_mock-83265-81ed4937-dec-000574_user.json,run,.json,11224
run/prompts/decision_mock-83265-81ed4937-dec-000575_parsed.json,run,.json,3183
run/prompts/decision_mock-83265-81ed4937-dec-000575_response.json,run,.json,3333
run/prompts/decision_mock-83265-81ed4937-dec-000575_system.txt,run,.txt,1912
run/prompts/decision_mock-83265-81ed4937-dec-000575_tools.json,run,.json,2144
run/prompts/decision_mock-83265-81ed4937-dec-000575_user.json,run,.json,12735
run/prompts/decision_mock-83265-81ed4937-dec-000576_parsed.json,run,.json,2057
run/prompts/decision_mock-83265-81ed4937-dec-000576_response.json,run,.json,14996
run/prompts/decision_mock-83265-81ed4937-dec-000576_system.txt,run,.txt,1912
run/prompts/decision_mock-83265-81ed4937-dec-000576_tools.json,run,.json,2747
run/prompts/decision_mock-83265-81ed4937-dec-000576_user.json,run,.json,11196
run/prompts/decision_mock-83265-81ed4937-dec-000577_parsed.json,run,.json,3195
run/prompts/decision_mock-83265-81ed4937-dec-000577_response.json,run,.json,2766
run/prompts/decision_mock-83265-81ed4937-dec-000577_system.txt,run,.txt,1912
run/prompts/decision_mock-83265-81ed4937-dec-000577_tools.json,run,.json,2144
run/prompts/decision_mock-83265-81ed4937-dec-000577_user.json,run,.json,12833
run/prompts/decision_mock-83265-81ed4937-dec-000578_parsed.json,run,.json,2571
run/prompts/decision_mock-83265-81ed4937-dec-000578_response.json,run,.json,17768
run/prompts/decision_mock-83265-81ed4937-dec-000578_system.txt,run,.txt,1912
run/prompts/decision_mock-83265-81ed4937-dec-000578_tools.json,run,.json,2747
run/prompts/decision_mock-83265-81ed4937-dec-000578_user.json,run,.json,11236
run/prompts/decision_mock-83265-81ed4937-dec-000579_parsed.json,run,.json,2045
run/prompts/decision_mock-83265-81ed4937-dec-000579_response.json,run,.json,17906
run/prompts/decision_mock-83265-81ed4937-dec-000579_system.txt,run,.txt,1912
run/prompts/decision_mock-83265-81ed4937-dec-000579_tools.json,run,.json,2747
run/prompts/decision_mock-83265-81ed4937-dec-000579_user.json,run,.json,11326
run/prompts/decision_mock-83265-81ed4937-dec-000580_parsed.json,run,.json,2899
run/prompts/decision_mock-83265-81ed4937-dec-000580_response.json,run,.json,2310
run/prompts/decision_mock-83265-81ed4937-dec-000580_system.txt,run,.txt,1912
run/prompts/decision_mock-83265-81ed4937-dec-000580_tools.json,run,.json,2144
run/prompts/decision_mock-83265-81ed4937-dec-000580_user.json,run,.json,13064
run/prompts/decision_mock-83265-81ed4937-dec-000581_parsed.json,run,.json,2321
run/prompts/decision_mock-83265-81ed4937-dec-000581_response.json,run,.json,11872
run/prompts/decision_mock-83265-81ed4937-dec-000581_system.txt,run,.txt,1912
run/prompts/decision_mock-83265-81ed4937-dec-000581_tools.json,run,.json,2747
run/prompts/decision_mock-83265-81ed4937-dec-000581_user.json,run,.json,11303
run/prompts/decision_mock-83265-81ed4937-dec-000582_parsed.json,run,.json,2571
run/prompts/decision_mock-83265-81ed4937-dec-000582_response.json,run,.json,7282
run/prompts/decision_mock-83265-81ed4937-dec-000582_system.txt,run,.txt,1912
run/prompts/decision_mock-83265-81ed4937-dec-000582_tools.json,run,.json,913
run/prompts/decision_mock-83265-81ed4937-dec-000582_user.json,run,.json,12968
run/replay_diff.json,run,.json,1347
run/replay_flags.jsonl,run,.jsonl,621258
run/replay_navigation.json,run,.json,87404
run/replay_report.json,run,.json,1621
run/replay_steps.jsonl,run,.jsonl,2414140
run/review_cost_aggregate.json,run,.json,1503963
run/review_cost_calls.jsonl,run,.jsonl,724420
run/review_queue.jsonl,run,.jsonl,135193
run/run_config.json,run,.json,2326
run/scorecard.json,run,.json,1006400
run/scorecard_decisions.jsonl,run,.jsonl,270889
run/scorecard_events.jsonl,run,.jsonl,726126
run/scorecard_players.json,run,.json,9678
run/seat_assignment.json,run,.json,993
run/state/turn_0000.json,run,.json,6650
run/state/turn_0000_decision_0001.json,run,.json,6658
run/state/turn_0000_decision_0002.json,run,.json,6670
run/state/turn_0001.json,run,.json,6664
run/state/turn_0001_decision_0001.json,run,.json,6671
run/state/turn_0001_decision_0002.json,run,.json,6684
run/state/turn_0002.json,run,.json,6684
run/state/turn_0002_decision_0001.json,run,.json,6691
run/state/turn_0003.json,run,.json,6684
run/state/turn_0003_decision_0001.json,run,.json,6692
run/state/turn_0004.json,run,.json,6671
run/state/turn_0004_decision_0001.json,run,.json,6679
run/state/turn_0005.json,run,.json,6678
run/state/turn_0005_decision_0001.json,run,.json,6685
run/state/turn_0005_decision_0002.json,run,.json,6697
run/state/turn_0006.json,run,.json,6691
run/state/turn_0006_decision_0001.json,run,.json,6699
run/state/turn_0006_decision_0002.json,run,.json,6712
run/state/turn_0007.json,run,.json,6712
run/state/turn_0007_decision_0001.json,run,.json,6718
run/state/turn_0008.json,run,.json,6711
run/state/turn_0008_decision_0001.json,run,.json,6719
run/state/turn_0008_decision_0002.json,run,.json,6739
run/state/turn_0009.json,run,.json,6718
run/state/turn_0009_decision_0001.json,run,.json,6725
run/state/turn_0010.json,run,.json,6725
run/state/turn_0010_decision_0001.json,run,.json,6732
run/state/turn_0010_decision_0002.json,run,.json,6743
run/state/turn_0011.json,run,.json,6737
run/state/turn_0011_decision_0001.json,run,.json,6744
run/state/turn_0011_decision_0002.json,run,.json,6757
run/state/turn_0012.json,run,.json,6757
run/state/turn_0012_decision_0001.json,run,.json,6763
run/state/turn_0012_decision_0002.json,run,.json,6783
run/state/turn_0013.json,run,.json,6762
run/state/turn_0013_decision_0001.json,run,.json,6769
run/state/turn_0013_decision_0002.json,run,.json,6775
run/state/turn_0014.json,run,.json,6774
run/state/turn_0014_decision_0001.json,run,.json,6781
run/state/turn_0014_decision_0002.json,run,.json,6793
run/state/turn_0015.json,run,.json,6786
run/state/turn_0015_decision_0001.json,run,.json,6793
run/state/turn_0016.json,run,.json,6787
run/state/turn_0016_decision_0001.json,run,.json,6794
run/state/turn_0016_decision_0002.json,run,.json,6806
run/state/turn_0017.json,run,.json,6806
run/state/turn_0017_decision_0001.json,run,.json,6814
run/state/turn_0018.json,run,.json,6793
run/state/turn_0018_decision_0001.json,run,.json,6800
run/state/turn_0018_decision_0002.json,run,.json,6806
run/state/turn_0019.json,run,.json,6805
run/state/turn_0019_decision_0001.json,run,.json,6811
run/state/turn_0019_decision_0002.json,run,.json,6823
run/state/turn_0020.json,run,.json,6817
run/state/turn_0020_decision_0001.json,run,.json,6824
run/state/turn_0020_decision_0002.json,run,.json,6837
run/state/turn_0021.json,run,.json,6837
run/state/turn_0021_decision_0001.json,run,.json,6844
run/state/turn_0022.json,run,.json,6837
run/state/turn_0022_decision_0001.json,run,.json,6844
run/state/turn_0023.json,run,.json,6837
run/state/turn_0023_decision_0001.json,run,.json,6844
run/state/turn_0023_decision_0002.json,run,.json,6864
run/state/turn_0024.json,run,.json,6843
run/state/turn_0024_decision_0001.json,run,.json,6849
run/state/turn_0025.json,run,.json,6848
run/state/turn_0025_decision_0001.json,run,.json,6856
run/state/turn_0025_decision_0002.json,run,.json,6868
run/state/turn_0025_decision_0003.json,run,.json,7193
run/state/turn_0025_decision_0004.json,run,.json,6868
run/state/turn_0025_decision_0005.json,run,.json,7193
run/state/turn_0025_decision_0006.json,run,.json,7577
run/state/turn_0025_decision_0007.json,run,.json,6868
run/state/turn_0025_decision_0008.json,run,.json,6867
run/state/turn_0025_decision_0009.json,run,.json,6867
run/state/turn_0025_decision_0010.json,run,.json,6866
run/state/turn_0025_decision_0011.json,run,.json,6866
run/state/turn_0025_decision_0012.json,run,.json,6865
run/state/turn_0025_decision_0013.json,run,.json,6865
run/state/turn_0025_decision_0014.json,run,.json,6863
run/state/turn_0025_decision_0015.json,run,.json,7173
run/state/turn_0025_decision_0016.json,run,.json,6863
run/state/turn_0025_decision_0017.json,run,.json,7180
run/state/turn_0025_decision_0018.json,run,.json,7534
run/state/turn_0025_decision_0019.json,run,.json,7906
run/state/turn_0025_decision_0020.json,run,.json,8084
run/state/turn_0025_decision_0021.json,run,.json,8270
run/state/turn_0025_decision_0022.json,run,.json,6873
run/state/turn_0025_decision_0023.json,run,.json,6872
run/state/turn_0025_decision_0024.json,run,.json,7173
run/state/turn_0025_decision_0025.json,run,.json,6872
run/state/turn_0025_decision_0026.json,run,.json,7176
run/state/turn_0025_decision_0027.json,run,.json,6872
run/state/turn_0025_decision_0028.json,run,.json,7183
run/state/turn_0025_decision_0029.json,run,.json,6872
run/state/turn_0025_decision_0030.json,run,.json,7190
run/state/turn_0025_decision_0031.json,run,.json,6880
run/state/turn_0025_decision_0032.json,run,.json,6879
run/state/turn_0025_decision_0033.json,run,.json,7194
run/state/turn_0025_decision_0034.json,run,.json,6887
run/state/turn_0026.json,run,.json,6880
run/state/turn_0026_decision_0001.json,run,.json,6887
run/state/turn_0027.json,run,.json,6881
run/state/turn_0027_decision_0001.json,run,.json,6888
run/state/turn_0028.json,run,.json,6881
run/state/turn_0028_decision_0001.json,run,.json,6888
run/state/turn_0029.json,run,.json,6888
run/state/turn_0029_decision_0001.json,run,.json,6895
run/state/turn_0029_decision_0002.json,run,.json,6895
run/state/turn_0029_decision_0003.json,run,.json,6896
run/state/turn_0030.json,run,.json,6875
run/state/turn_0030_decision_0001.json,run,.json,6882
run/state/turn_0031.json,run,.json,6881
run/state/turn_0031_decision_0001.json,run,.json,6888
run/state/turn_0031_decision_0002.json,run,.json,7188
run/state/turn_0031_decision_0003.json,run,.json,7288
run/state/turn_0031_decision_0004.json,run,.json,7349
run/state/turn_0031_decision_0005.json,run,.json,7405
run/state/turn_0031_decision_0006.json,run,.json,7451
run/state/turn_0031_decision_0007.json,run,.json,7532
run/state/turn_0031_decision_0008.json,run,.json,7606
run/state/turn_0031_decision_0009.json,run,.json,7687
run/state/turn_0031_decision_0010.json,run,.json,7761
run/state/turn_0031_decision_0011.json,run,.json,6908
run/state/turn_0032.json,run,.json,6901
run/state/turn_0032_decision_0001.json,run,.json,6908
run/state/turn_0032_decision_0002.json,run,.json,6907
run/state/turn_0033.json,run,.json,6901
run/state/turn_0033_decision_0001.json,run,.json,6908
run/state/turn_0033_decision_0002.json,run,.json,6920
run/state/turn_0033_decision_0003.json,run,.json,7242
run/state/turn_0033_decision_0004.json,run,.json,6920
run/state/turn_0034.json,run,.json,6920
run/state/turn_0034_decision_0001.json,run,.json,6927
run/state/turn_0035.json,run,.json,6920
run/state/turn_0035_decision_0001.json,run,.json,6928
run/state/turn_0035_decision_0002.json,run,.json,7250
run/state/turn_0035_decision_0003.json,run,.json,7628
run/state/turn_0035_decision_0004.json,run,.json,7994
run/state/turn_0035_decision_0005.json,run,.json,8184
run/state/turn_0035_decision_0006.json,run,.json,6921
run/state/turn_0036.json,run,.json,6900
run/state/turn_0036_decision_0001.json,run,.json,6908
run/state/turn_0036_decision_0002.json,run,.json,6914
run/state/turn_0037.json,run,.json,6913
run/state/turn_0037_decision_0001.json,run,.json,6921
run/state/turn_0037_decision_0002.json,run,.json,7227
run/state/turn_0037_decision_0003.json,run,.json,7329
run/state/turn_0037_decision_0004.json,run,.json,7389
run/state/turn_0037_decision_0005.json,run,.json,7454
run/state/turn_0037_decision_0006.json,run,.json,7500
run/state/turn_0037_decision_0007.json,run,.json,7595
run/state/turn_0037_decision_0008.json,run,.json,7611
run/state/turn_0037_decision_0009.json,run,.json,7685
run/state/turn_0037_decision_0010.json,run,.json,7752
run/state/turn_0037_decision_0011.json,run,.json,6934
run/state/turn_0038.json,run,.json,6928
run/state/turn_0038_decision_0001.json,run,.json,6935
run/state/turn_0038_decision_0002.json,run,.json,6934
run/state/turn_0039.json,run,.json,6934
run/state/turn_0039_decision_0001.json,run,.json,6941
run/state/turn_0039_decision_0002.json,run,.json,6940
run/state/turn_0040.json,run,.json,6919
run/state/turn_0040_decision_0001.json,run,.json,6926
run/state/turn_0040_decision_0002.json,run,.json,7225
run/state/turn_0040_decision_0003.json,run,.json,7309
run/state/turn_0040_decision_0004.json,run,.json,7367
run/state/turn_0040_decision_0005.json,run,.json,7383
run/state/turn_0040_decision_0006.json,run,.json,6938
run/state/turn_0041.json,run,.json,6937
run/state/turn_0041_decision_0001.json,run,.json,6944
run/state/turn_0041_decision_0002.json,run,.json,7249
run/state/turn_0041_decision_0003.json,run,.json,7306
run/state/turn_0041_decision_0004.json,run,.json,7322
run/state/turn_0041_decision_0005.json,run,.json,7407
run/state/turn_0041_decision_0006.json,run,.json,7473
run/state/turn_0041_decision_0007.json,run,.json,7547
run/state/turn_0041_decision_0008.json,run,.json,6949
run/state/turn_0041_decision_0009.json,run,.json,6949
run/state/turn_0041_decision_0010.json,run,.json,7255
run/state/turn_0041_decision_0011.json,run,.json,6949
run/state/turn_0041_decision_0012.json,run,.json,6947
run/state/turn_0041_decision_0013.json,run,.json,7246
run/state/turn_0041_decision_0014.json,run,.json,6947
run/state/turn_0041_decision_0015.json,run,.json,7260
run/state/turn_0041_decision_0016.json,run,.json,6947
run/state/turn_0041_decision_0017.json,run,.json,7246
run/state/turn_0041_decision_0018.json,run,.json,6947
run/state/turn_0042.json,run,.json,6941
run/state/turn_0042_decision_0001.json,run,.json,6949
run/state/turn_0042_decision_0002.json,run,.json,6949
run/state/turn_0043.json,run,.json,6949
run/state/turn_0043_decision_0001.json,run,.json,6956
run/state/turn_0044.json,run,.json,6935
run/state/turn_0044_decision_0001.json,run,.json,6942
run/state/turn_0045.json,run,.json,6935
run/state/turn_0045_decision_0001.json,run,.json,6942
run/state/turn_0045_decision_0002.json,run,.json,7250
run/state/turn_0045_decision_0003.json,run,.json,7334
run/state/turn_0045_decision_0004.json,run,.json,7392
run/state/turn_0045_decision_0005.json,run,.json,7451
run/state/turn_0045_decision_0006.json,run,.json,7507
run/state/turn_0045_decision_0007.json,run,.json,7586
run/state/turn_0045_decision_0008.json,run,.json,7657
run/state/turn_0045_decision_0009.json,run,.json,7736
run/state/turn_0045_decision_0010.json,run,.json,7807
run/state/turn_0045_decision_0011.json,run,.json,7886
run/state/turn_0045_decision_0012.json,run,.json,7961
run/state/turn_0045_decision_0013.json,run,.json,8042
run/state/turn_0045_decision_0014.json,run,.json,8115
run/state/turn_0045_decision_0015.json,run,.json,8196
run/state/turn_0045_decision_0016.json,run,.json,8269
run/state/turn_0045_decision_0017.json,run,.json,8350
run/state/turn_0045_decision_0018.json,run,.json,8423
run/state/turn_0045_decision_0019.json,run,.json,8504
run/state/turn_0045_decision_0020.json,run,.json,8577
run/state/turn_0045_decision_0021.json,run,.json,8658
run/state/turn_0045_decision_0022.json,run,.json,8731
run/state/turn_0045_decision_0023.json,run,.json,8812
run/state/turn_0045_decision_0024.json,run,.json,8885
run/state/turn_0045_decision_0025.json,run,.json,8966
run/state/turn_0045_decision_0026.json,run,.json,9039
run/state/turn_0045_decision_0027.json,run,.json,6962
run/state/turn_0046.json,run,.json,6961
run/state/turn_0046_decision_0001.json,run,.json,6968
run/state/turn_0046_decision_0002.json,run,.json,7267
run/state/turn_0046_decision_0003.json,run,.json,6968
run/state/turn_0046_decision_0004.json,run,.json,7281
run/state/turn_0046_decision_0005.json,run,.json,6968
run/state/turn_0047.json,run,.json,6962
run/state/turn_0047_decision_0001.json,run,.json,6969
run/state/turn_0047_decision_0002.json,run,.json,7287
run/state/turn_0047_decision_0003.json,run,.json,7359
run/state/turn_0047_decision_0004.json,run,.json,7415
run/state/turn_0047_decision_0005.json,run,.json,7481
run/state/turn_0047_decision_0006.json,run,.json,7539
run/state/turn_0047_decision_0007.json,run,.json,7611
run/state/turn_0047_decision_0008.json,run,.json,7691
run/state/turn_0047_decision_0009.json,run,.json,6981
run/state/turn_0048.json,run,.json,6981
run/state/turn_0048_decision_0001.json,run,.json,6988
run/state/turn_0048_decision_0002.json,run,.json,6988
run/state/turn_0049.json,run,.json,6967
run/state/turn_0049_decision_0001.json,run,.json,6975
run/state/turn_0050.json,run,.json,6974
run/state/turn_0050_decision_0001.json,run,.json,6981
run/state/turn_0050_decision_0002.json,run,.json,6981
run/state/turn_0050_decision_0003.json,run,.json,6979
run/state/turn_0050_decision_0004.json,run,.json,7279
run/state/turn_0050_decision_0005.json,run,.json,6979
run/state/turn_0050_decision_0006.json,run,.json,7265
run/state/turn_0050_decision_0007.json,run,.json,6979
run/state/turn_0050_decision_0008.json,run,.json,7279
run/state/turn_0050_decision_0009.json,run,.json,6979
run/state/turn_0050_decision_0010.json,run,.json,7278
run/state/turn_0050_decision_0011.json,run,.json,6979
run/state/turn_0050_decision_0012.json,run,.json,7272
run/state/turn_0050_decision_0013.json,run,.json,6979
run/state/turn_0051.json,run,.json,6973
run/state/turn_0051_decision_0001.json,run,.json,6979
run/state/turn_0051_decision_0002.json,run,.json,6979
run/state/turn_0052.json,run,.json,6979
run/state/turn_0052_decision_0001.json,run,.json,6985
run/state/turn_0052_decision_0002.json,run,.json,6985
run/state/turn_0053.json,run,.json,6978
run/state/turn_0053_decision_0001.json,run,.json,6986
run/state/turn_0053_decision_0002.json,run,.json,7283
run/state/turn_0053_decision_0003.json,run,.json,7369
run/state/turn_0053_decision_0004.json,run,.json,7415
run/state/turn_0053_decision_0005.json,run,.json,7473
run/state/turn_0053_decision_0006.json,run,.json,7540
run/state/turn_0053_decision_0007.json,run,.json,7621
run/state/turn_0053_decision_0008.json,run,.json,7688
run/state/turn_0053_decision_0009.json,run,.json,7769
run/state/turn_0053_decision_0010.json,run,.json,7836
run/state/turn_0053_decision_0011.json,run,.json,7917
run/state/turn_0053_decision_0012.json,run,.json,6991
run/state/turn_0054.json,run,.json,6970
run/state/turn_0054_decision_0001.json,run,.json,6978
run/state/turn_0054_decision_0002.json,run,.json,6978
run/state/turn_0055.json,run,.json,6977
run/state/turn_0055_decision_0001.json,run,.json,6984
run/state/turn_0055_decision_0002.json,run,.json,7290
run/state/turn_0055_decision_0003.json,run,.json,7347
run/state/turn_0055_decision_0004.json,run,.json,7420
run/state/turn_0055_decision_0005.json,run,.json,7484
run/state/turn_0055_decision_0006.json,run,.json,7580
run/state/turn_0055_decision_0007.json,run,.json,7596
run/state/turn_0055_decision_0008.json,run,.json,6995
run/state/turn_0055_decision_0009.json,run,.json,6993
run/state/turn_0055_decision_0010.json,run,.json,6994
run/state/turn_0055_decision_0011.json,run,.json,6995
run/state/turn_0056.json,run,.json,6989
run/state/turn_0056_decision_0001.json,run,.json,6996
run/state/turn_0056_decision_0002.json,run,.json,6996
run/state/turn_0056_decision_0003.json,run,.json,6996
run/state/turn_0056_decision_0004.json,run,.json,6995
run/state/turn_0057.json,run,.json,6995
run/state/turn_0057_decision_0001.json,run,.json,7002
run/state/turn_0058.json,run,.json,6981
run/state/turn_0058_decision_0001.json,run,.json,6988
run/state/turn_0059.json,run,.json,6987
run/state/turn_0059_decision_0001.json,run,.json,6995
run/state/turn_0059_decision_0002.json,run,.json,7301
run/state/turn_0059_decision_0003.json,run,.json,7401
run/state/turn_0059_decision_0004.json,run,.json,7460
run/state/turn_0059_decision_0005.json,run,.json,7516
run/state/turn_0059_decision_0006.json,run,.json,7582
run/state/turn_0059_decision_0007.json,run,.json,7640
run/state/turn_0059_decision_0008.json,run,.json,7712
run/state/turn_0059_decision_0009.json,run,.json,7794
run/state/turn_0059_decision_0010.json,run,.json,7007
run/state/turn_0060.json,run,.json,7001
run/state/turn_0060_decision_0001.json,run,.json,7008
run/state/turn_0061.json,run,.json,7008
run/state/turn_0061_decision_0001.json,run,.json,7014
run/state/turn_0062.json,run,.json,6993
run/state/turn_0062_decision_0001.json,run,.json,7001
run/state/turn_0063.json,run,.json,7000
run/state/turn_0063_decision_0001.json,run,.json,7007
run/state/turn_0064.json,run,.json,7001
run/state/turn_0064_decision_0001.json,run,.json,7009
run/state/turn_0064_decision_0002.json,run,.json,7009
run/state/turn_0064_decision_0003.json,run,.json,7008
run/state/turn_0064_decision_0004.json,run,.json,7007
run/state/turn_0064_decision_0005.json,run,.json,7006
run/state/turn_0064_decision_0006.json,run,.json,7005
run/state/turn_0064_decision_0007.json,run,.json,7004
run/state/turn_0065.json,run,.json,7004
run/state/turn_0065_decision_0001.json,run,.json,7010
run/state/turn_0066.json,run,.json,6989
run/state/turn_0066_decision_0001.json,run,.json,6996
run/state/turn_0067.json,run,.json,6995
run/state/turn_0068.json,run,.json,6995
run/state/turn_0068_decision_0001.json,run,.json,7002
run/state/turn_0069.json,run,.json,7002
run/state/turn_0069_decision_0001.json,run,.json,7009
run/state/turn_0070.json,run,.json,6988
run/state/turn_0070_decision_0001.json,run,.json,6994
run/state/turn_0071.json,run,.json,6993
run/state/turn_0071_decision_0001.json,run,.json,7000
run/state/turn_0072.json,run,.json,6994
run/state/turn_0073.json,run,.json,7000
run/state/turn_0073_decision_0001.json,run,.json,7007
run/state/turn_0074.json,run,.json,6986
run/state/turn_0074_decision_0001.json,run,.json,6994
run/state/turn_0075.json,run,.json,6993
run/state/turn_0075_decision_0001.json,run,.json,7000
run/state/turn_0076.json,run,.json,6994
run/state/turn_0076_decision_0001.json,run,.json,7001
run/state/turn_0077.json,run,.json,7001
run/state/turn_0077_decision_0001.json,run,.json,7009
run/state/turn_0077_decision_0002.json,run,.json,7009
run/state/turn_0077_decision_0003.json,run,.json,7009
run/state/turn_0077_decision_0004.json,run,.json,7008
run/state/turn_0077_decision_0005.json,run,.json,7006
run/state/turn_0078.json,run,.json,6985
run/state/turn_0078_decision_0001.json,run,.json,6993
run/state/turn_0079.json,run,.json,6992
run/state/turn_0079_decision_0001.json,run,.json,6999
run/state/turn_0079_decision_0002.json,run,.json,6999
run/state/turn_0079_decision_0003.json,run,.json,7000
run/state/turn_0079_decision_0004.json,run,.json,7318
run/state/turn_0079_decision_0005.json,run,.json,7674
run/state/turn_0079_decision_0006.json,run,.json,8048
run/state/turn_0079_decision_0007.json,run,.json,8227
run/state/turn_0079_decision_0008.json,run,.json,8414
run/state/turn_0079_decision_0009.json,run,.json,6993
run/state/turn_0079_decision_0010.json,run,.json,7296
run/state/turn_0079_decision_0011.json,run,.json,7650
run/state/turn_0079_decision_0012.json,run,.json,7994
run/state/turn_0079_decision_0013.json,run,.json,8172
run/state/turn_0079_decision_0014.json,run,.json,6999
run/state/turn_0079_decision_0015.json,run,.json,7311
run/state/turn_0079_decision_0016.json,run,.json,6999
run/state/turn_0079_decision_0017.json,run,.json,7311
run/state/turn_0079_decision_0018.json,run,.json,6999
run/state/turn_0079_decision_0019.json,run,.json,7000
run/state/turn_0079_decision_0020.json,run,.json,7312
run/state/turn_0079_decision_0021.json,run,.json,7000
run/state/turn_0079_decision_0022.json,run,.json,7001
run/state/turn_0079_decision_0023.json,run,.json,7330
run/state/turn_0079_decision_0024.json,run,.json,7001
run/state/turn_0079_decision_0025.json,run,.json,7326
run/state/turn_0079_decision_0026.json,run,.json,7001
run/state/turn_0079_decision_0027.json,run,.json,7311
run/state/turn_0079_decision_0028.json,run,.json,7665
run/state/turn_0079_decision_0029.json,run,.json,8023
run/state/turn_0079_decision_0030.json,run,.json,8201
run/state/turn_0079_decision_0031.json,run,.json,8380
run/state/turn_0079_decision_0032.json,run,.json,7001
run/state/turn_0079_decision_0033.json,run,.json,7002
run/state/turn_0079_decision_0034.json,run,.json,7374
run/state/turn_0079_decision_0035.json,run,.json,7002
run/state/turn_0079_decision_0036.json,run,.json,7330
run/state/turn_0079_decision_0037.json,run,.json,7002
run/state/turn_0079_decision_0038.json,run,.json,7374
run/state/turn_0079_decision_0039.json,run,.json,7002
run/state/turn_0079_decision_0040.json,run,.json,7375
run/state/turn_0079_decision_0041.json,run,.json,7841
run/state/turn_0079_decision_0042.json,run,.json,8325
run/state/turn_0079_decision_0043.json,run,.json,8559
run/state/turn_0079_decision_0044.json,run,.json,8801
run/state/turn_0079_decision_0045.json,run,.json,7001
run/state/turn_0079_decision_0046.json,run,.json,7379
run/state/turn_0079_decision_0047.json,run,.json,7001
run/state/turn_0079_decision_0048.json,run,.json,7327
run/state/turn_0079_decision_0049.json,run,.json,7001
run/state/turn_0079_decision_0050.json,run,.json,7368
run/state/turn_0079_decision_0051.json,run,.json,7001
run/state/turn_0080.json,run,.json,6995
run/state/turn_0080_decision_0001.json,run,.json,7002
run/state/turn_0081.json,run,.json,7002
run/state/turn_0081_decision_0001.json,run,.json,7009
run/state/turn_0081_decision_0002.json,run,.json,7010
run/state/turn_0081_decision_0003.json,run,.json,7011
run/state/turn_0081_decision_0004.json,run,.json,7012
run/state/turn_0082.json,run,.json,6991
run/state/turn_0082_decision_0001.json,run,.json,6998
run/state/turn_0083.json,run,.json,6997
run/state/turn_0083_decision_0001.json,run,.json,7004
run/state/turn_0084.json,run,.json,6997
run/state/turn_0084_decision_0001.json,run,.json,7004
run/state/turn_0084_decision_0002.json,run,.json,7388
run/state/turn_0084_decision_0003.json,run,.json,7004
run/state/turn_0085.json,run,.json,6998
run/state/turn_0085_decision_0001.json,run,.json,7005
run/state/turn_0085_decision_0002.json,run,.json,7005
run/state/turn_0085_decision_0003.json,run,.json,7006
run/state/turn_0085_decision_0004.json,run,.json,7006
run/state/turn_0085_decision_0005.json,run,.json,7005
run/state/turn_0086.json,run,.json,7005
run/state/turn_0086_decision_0001.json,run,.json,7012
run/state/turn_0087.json,run,.json,6991
run/state/turn_0087_decision_0001.json,run,.json,6998
run/state/turn_0088.json,run,.json,6997
run/state/turn_0088_decision_0001.json,run,.json,7003
run/state/turn_0088_decision_0002.json,run,.json,7315
run/state/turn_0088_decision_0003.json,run,.json,7003
run/state/turn_0088_decision_0004.json,run,.json,7358
run/state/turn_0088_decision_0005.json,run,.json,7772
run/state/turn_0088_decision_0006.json,run,.json,8188
run/state/turn_0088_decision_0007.json,run,.json,8372
run/state/turn_0088_decision_0008.json,run,.json,8580
run/state/turn_0088_decision_0009.json,run,.json,6987
run/state/turn_0088_decision_0010.json,run,.json,6987
run/state/turn_0088_decision_0011.json,run,.json,6983
run/state/turn_0088_decision_0012.json,run,.json,6984
run/state/turn_0088_decision_0013.json,run,.json,6983
run/state/turn_0088_decision_0014.json,run,.json,6982
run/state/turn_0088_decision_0015.json,run,.json,6981
run/state/turn_0088_decision_0016.json,run,.json,6980
run/state/turn_0088_decision_0017.json,run,.json,6979
run/state/turn_0088_decision_0018.json,run,.json,7340
run/state/turn_0088_decision_0019.json,run,.json,6979
run/state/turn_0089.json,run,.json,6972
run/state/turn_0089_decision_0001.json,run,.json,6980
run/state/turn_0089_decision_0002.json,run,.json,6979
run/state/turn_0090.json,run,.json,6973
run/state/turn_0090_decision_0001.json,run,.json,6980
run/state/turn_0091.json,run,.json,6980
run/state/turn_0091_decision_0001.json,run,.json,6987
run/state/turn_0091_decision_0002.json,run,.json,6986
run/state/turn_0091_decision_0003.json,run,.json,6985
run/state/turn_0091_decision_0004.json,run,.json,6984
run/state/turn_0092.json,run,.json,6963
run/state/turn_0092_decision_0001.json,run,.json,6969
run/state/turn_0093.json,run,.json,6968
run/state/turn_0093_decision_0001.json,run,.json,6976
run/state/turn_0094.json,run,.json,6970
run/state/turn_0094_decision_0001.json,run,.json,6977
run/state/turn_0095.json,run,.json,6970
run/state/turn_0095_decision_0001.json,run,.json,6977
run/state/turn_0096.json,run,.json,6977
run/state/turn_0096_decision_0001.json,run,.json,6984
run/state/turn_0097.json,run,.json,6963
run/state/turn_0097_decision_0001.json,run,.json,6970
run/state/turn_0098.json,run,.json,6963
run/state/turn_0098_decision_0001.json,run,.json,6971
run/state/turn_0098_decision_0002.json,run,.json,6970
run/state/turn_0098_decision_0003.json,run,.json,6969
run/state/turn_0099.json,run,.json,6968
run/state/turn_0099_decision_0001.json,run,.json,6975
run/state/turn_0099_decision_0002.json,run,.json,7303
run/state/turn_0099_decision_0003.json,run,.json,6975
run/state/turn_0099_decision_0004.json,run,.json,7296
run/state/turn_0099_decision_0005.json,run,.json,6975
run/state/turn_0099_decision_0006.json,run,.json,6976
run/state/turn_0099_decision_0007.json,run,.json,6977
run/state/turn_0099_decision_0008.json,run,.json,6978
run/state/turn_0099_decision_0009.json,run,.json,6979
run/state/turn_0099_decision_0010.json,run,.json,6979
run/state/turn_0100.json,run,.json,6974
run/state/turn_0100_decision_0001.json,run,.json,6980
run/state/turn_0101.json,run,.json,6973
run/state/turn_0101_decision_0001.json,run,.json,6981
run/state/turn_0102.json,run,.json,6981
run/state/turn_0102_decision_0001.json,run,.json,6989
run/state/turn_0103.json,run,.json,6982
run/state/turn_0103_decision_0001.json,run,.json,6990
run/state/turn_0103_decision_0002.json,run,.json,6990
run/state/turn_0103_decision_0003.json,run,.json,6990
run/state/turn_0103_decision_0004.json,run,.json,6989
run/state/turn_0103_decision_0005.json,run,.json,6988
run/state/turn_0104.json,run,.json,6967
run/state/turn_0104_decision_0001.json,run,.json,6974
run/state/turn_0105.json,run,.json,6973
run/state/turn_0105_decision_0001.json,run,.json,6980
run/state/turn_0105_decision_0002.json,run,.json,7292
run/state/turn_0105_decision_0003.json,run,.json,6980
run/state/turn_0105_decision_0004.json,run,.json,7301
run/state/turn_0105_decision_0005.json,run,.json,6980
run/state/turn_0105_decision_0006.json,run,.json,7305
run/state/turn_0105_decision_0007.json,run,.json,6980
run/state/turn_0105_decision_0008.json,run,.json,6981
run/state/turn_0105_decision_0009.json,run,.json,6982
run/state/turn_0105_decision_0010.json,run,.json,7305
run/state/turn_0105_decision_0011.json,run,.json,6982
run/state/turn_0106.json,run,.json,6975
run/state/turn_0106_decision_0001.json,run,.json,6982
run/state/turn_0106_decision_0002.json,run,.json,6994
run/state/turn_0106_decision_0003.json,run,.json,6993
run/state/turn_0106_decision_0004.json,run,.json,6990
run/state/turn_0106_decision_0005.json,run,.json,6991
run/state/turn_0106_decision_0006.json,run,.json,6990
run/state/turn_0106_decision_0007.json,run,.json,6989
run/state/turn_0106_decision_0008.json,run,.json,6989
run/state/turn_0106_decision_0009.json,run,.json,6988
run/state/turn_0106_decision_0010.json,run,.json,6987
run/state/turn_0107.json,run,.json,6981
run/state/turn_0107_decision_0001.json,run,.json,6988
run/state/turn_0108.json,run,.json,6988
run/state/turn_0108_decision_0001.json,run,.json,6995
run/state/turn_0108_decision_0002.json,run,.json,7321
run/state/turn_0108_decision_0003.json,run,.json,6995
run/state/turn_0109.json,run,.json,6974
run/state/turn_0109_decision_0001.json,run,.json,6981
run/state/turn_0110.json,run,.json,6980
run/state/turn_0110_decision_0001.json,run,.json,6987
run/state/turn_0110_decision_0002.json,run,.json,6985
run/state/turn_0111.json,run,.json,6979
run/state/turn_0112.json,run,.json,6985
run/state/turn_0112_decision_0001.json,run,.json,6992
run/state/turn_0113.json,run,.json,6971
run/state/turn_0113_decision_0001.json,run,.json,6978
run/state/turn_0113_decision_0002.json,run,.json,6978
run/state/turn_0114.json,run,.json,7011
run/state/turn_0114_decision_0001.json,run,.json,7018
run/state/turn_0114_decision_0002.json,run,.json,7017
run/state/turn_0115.json,run,.json,7010
run/state/turn_0115_decision_0001.json,run,.json,7018
run/state/turn_0116.json,run,.json,7011
run/state/turn_0116_decision_0001.json,run,.json,7018
run/state/turn_0116_decision_0002.json,run,.json,7318
run/state/turn_0116_decision_0003.json,run,.json,7018
run/state/turn_0116_decision_0004.json,run,.json,7022
run/state/turn_0116_decision_0005.json,run,.json,7322
run/state/turn_0116_decision_0006.json,run,.json,7022
run/state/turn_0116_decision_0007.json,run,.json,7315
run/state/turn_0116_decision_0008.json,run,.json,7022
run/state/turn_0116_decision_0009.json,run,.json,7021
run/state/turn_0117.json,run,.json,7015
run/state/turn_0117_decision_0001.json,run,.json,7022
run/state/turn_0117_decision_0002.json,run,.json,7023
run/state/turn_0118.json,run,.json,7023
run/state/turn_0118_decision_0001.json,run,.json,7030
run/state/turn_0119.json,run,.json,7015
run/state/turn_0119_decision_0001.json,run,.json,7022
run/state/turn_0119_decision_0002.json,run,.json,7023
run/state/turn_0119_decision_0003.json,run,.json,7348
run/state/turn_0119_decision_0004.json,run,.json,7023
run/state/turn_0119_decision_0005.json,run,.json,7390
run/state/turn_0119_decision_0006.json,run,.json,7023
run/state/turn_0119_decision_0007.json,run,.json,7376
run/state/turn_0119_decision_0008.json,run,.json,7023
run/state/turn_0120.json,run,.json,7017
run/state/turn_0120_decision_0001.json,run,.json,7024
run/state/turn_0121.json,run,.json,7017
run/state/turn_0121_decision_0001.json,run,.json,7024
run/state/turn_0122.json,run,.json,7024
run/state/turn_0122_decision_0001.json,run,.json,7030
run/state/turn_0122_decision_0002.json,run,.json,7356
run/state/turn_0122_decision_0003.json,run,.json,7030
run/state/turn_0123.json,run,.json,7015
run/state/turn_0123_decision_0001.json,run,.json,7022
run/state/turn_0123_decision_0002.json,run,.json,7402
run/state/turn_0123_decision_0003.json,run,.json,7022
run/state/turn_0123_decision_0004.json,run,.json,7322
run/state/turn_0123_decision_0005.json,run,.json,7022
run/state/turn_0123_decision_0006.json,run,.json,7387
run/state/turn_0123_decision_0007.json,run,.json,7022
run/state/turn_0124.json,run,.json,7015
run/state/turn_0124_decision_0001.json,run,.json,7020
run/state/turn_0124_decision_0002.json,run,.json,7320
run/state/turn_0124_decision_0003.json,run,.json,7020
run/state/turn_0124_decision_0004.json,run,.json,7313
run/state/turn_0124_decision_0005.json,run,.json,7020
run/state/turn_0125.json,run,.json,7014
run/state/turn_0125_decision_0001.json,run,.json,7021
run/state/turn_0126.json,run,.json,7021
run/state/turn_0126_decision_0001.json,run,.json,7029
run/state/turn_0127.json,run,.json,6993
run/state/turn_0127_decision_0001.json,run,.json,6999
run/state/turn_0128.json,run,.json,6993
run/state/turn_0128_decision_0001.json,run,.json,7000
run/state/turn_0129.json,run,.json,6993
run/state/turn_0129_decision_0001.json,run,.json,7000
run/state/turn_0130.json,run,.json,6992
run/state/turn_0130_decision_0001.json,run,.json,7000
run/state/turn_0130_decision_0002.json,run,.json,7001
run/state/turn_0130_decision_0003.json,run,.json,6998
run/state/turn_0131.json,run,.json,6992
run/state/turn_0131_decision_0001.json,run,.json,7000
run/state/turn_0132.json,run,.json,6992
run/state/turn_0132_decision_0001.json,run,.json,6999
run/state/turn_0132_decision_0002.json,run,.json,6998
run/state/turn_0132_decision_0003.json,run,.json,6998
run/state/turn_0133.json,run,.json,6991
run/state/turn_0133_decision_0001.json,run,.json,6998
run/state/turn_0134.json,run,.json,6992
run/state/turn_0134_decision_0001.json,run,.json,6999
run/state/turn_0135.json,run,.json,6991
run/state/turn_0135_decision_0001.json,run,.json,6998
run/state/turn_0136.json,run,.json,6991
run/state/turn_0136_decision_0001.json,run,.json,6997
run/state/turn_0136_decision_0002.json,run,.json,6997
run/state/turn_0137.json,run,.json,6991
run/state/turn_0137_decision_0001.json,run,.json,6998
run/state/turn_0137_decision_0002.json,run,.json,6995
run/state/turn_0138.json,run,.json,6987
run/state/turn_0138_decision_0001.json,run,.json,6993
run/state/turn_0138_decision_0002.json,run,.json,6993
run/state/turn_0138_decision_0003.json,run,.json,6992
run/state/turn_0139.json,run,.json,6986
run/state/turn_0139_decision_0001.json,run,.json,6993
run/state/turn_0140.json,run,.json,6985
run/state/turn_0140_decision_0001.json,run,.json,6993
run/state/turn_0141.json,run,.json,6987
run/state/turn_0141_decision_0001.json,run,.json,6993
run/state/turn_0142.json,run,.json,6985
run/state/turn_0142_decision_0001.json,run,.json,6992
run/state/turn_0142_decision_0002.json,run,.json,7285
run/state/turn_0142_decision_0003.json,run,.json,6992
run/state/turn_0142_decision_0004.json,run,.json,7285
run/state/turn_0142_decision_0005.json,run,.json,6992
run/state/turn_0143.json,run,.json,6986
run/state/turn_0143_decision_0001.json,run,.json,6994
run/state/turn_0144.json,run,.json,6986
run/state/turn_0144_decision_0001.json,run,.json,6993
run/state/turn_0144_decision_0002.json,run,.json,7304
run/state/turn_0144_decision_0003.json,run,.json,6993
run/state/turn_0145.json,run,.json,6986
run/state/turn_0145_decision_0001.json,run,.json,6994
run/state/turn_0146.json,run,.json,6987
run/state/turn_0147.json,run,.json,6987
run/state/turn_0147_decision_0001.json,run,.json,6994
run/state/turn_0148.json,run,.json,6986
run/state/turn_0148_decision_0001.json,run,.json,6993
run/state/turn_0149.json,run,.json,6987
run/state/turn_0149_decision_0001.json,run,.json,6994
run/state/turn_0150.json,run,.json,6986
run/state/turn_0150_decision_0001.json,run,.json,6993
run/state/turn_0151.json,run,.json,6987
run/state/turn_0151_decision_0001.json,run,.json,6994
run/state/turn_0152.json,run,.json,6986
run/state/turn_0152_decision_0001.json,run,.json,6993
run/state/turn_0152_decision_0002.json,run,.json,6993
run/state/turn_0152_decision_0003.json,run,.json,6994
run/state/turn_0152_decision_0004.json,run,.json,6992
run/state/turn_0153.json,run,.json,6985
run/state/turn_0153_decision_0001.json,run,.json,6992
run/state/turn_0154.json,run,.json,6986
run/state/turn_0154_decision_0001.json,run,.json,6992
run/state/turn_0155.json,run,.json,6984
run/state/turn_0155_decision_0001.json,run,.json,6991
run/state/turn_0156.json,run,.json,6985
run/state/turn_0156_decision_0001.json,run,.json,6992
run/state/turn_0157.json,run,.json,6984
run/state/turn_0157_decision_0001.json,run,.json,6991
run/state/turn_0157_decision_0002.json,run,.json,7285
run/state/turn_0157_decision_0003.json,run,.json,6991
run/state/turn_0157_decision_0004.json,run,.json,7284
run/state/turn_0157_decision_0005.json,run,.json,6991
run/state/turn_0158.json,run,.json,6985
run/state/turn_0158_decision_0001.json,run,.json,6993
run/state/turn_0159.json,run,.json,6986
run/state/turn_0160.json,run,.json,6984
run/state/turn_0160_decision_0001.json,run,.json,6991
run/state/turn_0160_decision_0002.json,run,.json,7301
run/state/turn_0160_decision_0003.json,run,.json,6991
run/state/turn_0161.json,run,.json,6985
run/state/turn_0161_decision_0001.json,run,.json,6992
run/state/turn_0162.json,run,.json,6984
run/state/turn_0162_decision_0001.json,run,.json,6991
run/state/turn_0163.json,run,.json,6984
run/state/turn_0163_decision_0001.json,run,.json,6991
run/state/turn_0163_decision_0002.json,run,.json,6995
run/state/turn_0164.json,run,.json,6989
run/state/turn_0164_decision_0001.json,run,.json,6996
run/state/turn_0164_decision_0002.json,run,.json,6997
run/state/turn_0165.json,run,.json,6989
run/state/turn_0165_decision_0001.json,run,.json,6997
run/state/turn_0165_decision_0002.json,run,.json,7315
run/state/turn_0165_decision_0003.json,run,.json,6997
run/state/turn_0166.json,run,.json,6991
run/state/turn_0166_decision_0001.json,run,.json,6998
run/state/turn_0167.json,run,.json,6990
run/state/turn_0167_decision_0001.json,run,.json,6997
run/state/turn_0167_decision_0002.json,run,.json,7332
run/state/turn_0167_decision_0003.json,run,.json,6997
run/state/turn_0167_decision_0004.json,run,.json,7508
run/state/turn_0167_decision_0005.json,run,.json,6997
run/state/turn_0168.json,run,.json,6991
run/state/turn_0169.json,run,.json,6989
run/state/turn_0169_decision_0001.json,run,.json,6996
run/state/turn_0169_decision_0002.json,run,.json,6998
run/state/turn_0169_decision_0003.json,run,.json,6997
run/state/turn_0169_decision_0004.json,run,.json,6996
run/state/turn_0169_decision_0005.json,run,.json,6995
run/state/turn_0170.json,run,.json,6988
run/state/turn_0170_decision_0001.json,run,.json,6995
run/state/turn_0171.json,run,.json,6989
run/state/turn_0171_decision_0001.json,run,.json,6996
run/state/turn_0172.json,run,.json,6988
run/state/turn_0172_decision_0001.json,run,.json,6995
run/state/turn_0172_decision_0002.json,run,.json,6994
run/state/turn_0172_decision_0003.json,run,.json,6995
run/state/turn_0172_decision_0004.json,run,.json,6994
run/state/turn_0172_decision_0005.json,run,.json,6993
run/state/turn_0172_decision_0006.json,run,.json,6992
run/state/turn_0173.json,run,.json,6986
run/state/turn_0173_decision_0001.json,run,.json,6993
run/state/turn_0173_decision_0002.json,run,.json,6994
run/state/turn_0174.json,run,.json,6986
run/state/turn_0174_decision_0001.json,run,.json,6994
run/state/turn_0174_decision_0002.json,run,.json,6992
run/state/turn_0175.json,run,.json,6986
run/state/turn_0175_decision_0001.json,run,.json,6993
run/state/turn_0176.json,run,.json,6985
run/state/turn_0176_decision_0001.json,run,.json,6992
run/state/turn_0177.json,run,.json,6986
run/state/turn_0177_decision_0001.json,run,.json,6993
run/state/turn_0178.json,run,.json,6985
run/state/turn_0178_decision_0001.json,run,.json,6992
run/state/turn_0178_decision_0002.json,run,.json,6993
run/state/turn_0178_decision_0003.json,run,.json,6993
run/state/turn_0178_decision_0004.json,run,.json,6993
run/state/turn_0179.json,run,.json,6987
run/state/turn_0179_decision_0001.json,run,.json,6994
run/state/turn_0180.json,run,.json,6986
run/state/turn_0180_decision_0001.json,run,.json,6993
run/state/turn_0180_decision_0002.json,run,.json,6993
run/state/turn_0180_decision_0003.json,run,.json,6993
run/state/turn_0181.json,run,.json,6987
run/state/turn_0181_decision_0001.json,run,.json,6993
run/state/turn_0182.json,run,.json,6985
run/state/turn_0182_decision_0001.json,run,.json,6992
run/state/turn_0183.json,run,.json,6985
run/state/turn_0183_decision_0001.json,run,.json,6991
run/state/turn_0184.json,run,.json,6985
run/state/turn_0184_decision_0001.json,run,.json,6993
run/state/turn_0185.json,run,.json,6985
run/state/turn_0185_decision_0001.json,run,.json,6993
run/state/turn_0186.json,run,.json,6987
run/state/turn_0186_decision_0001.json,run,.json,6994
run/state/turn_0187.json,run,.json,6986
run/state/turn_0187_decision_0001.json,run,.json,6993
run/state/turn_0187_decision_0002.json,run,.json,6993
run/state/turn_0188.json,run,.json,6987
run/state/turn_0188_decision_0001.json,run,.json,6994
run/state/turn_0189.json,run,.json,6986
run/state/turn_0189_decision_0001.json,run,.json,6993
run/state/turn_0190.json,run,.json,6987
run/state/turn_0190_decision_0001.json,run,.json,6994
run/state/turn_0191.json,run,.json,6987
run/summary.json,run,.json,5272
run/timeline.json,run,.json,953340
run/trace_findings.jsonl,run,.jsonl,517538
run/trace_summary.json,run,.json,1444
run/turn_index.json,run,.json,64943
run/usage.json,run,.json,3576
run/usage_attempts.jsonl,run,.jsonl,608452
run/usage_decisions.jsonl,run,.jsonl,449836
